YEAR,ST_CASE,STATENAME,NUM_PEDS,NUM_VEHC,PERSONS,MONTHNAME,DAYNAME,DAY_WEEKNAME,HOUR,ROAD_NAME,ROUTENAME,RUR_URBNAME,FUNC_SYSNAME,RD_OWNERNAME,MILE_MARKER,LATITUDE,LONGITUD,HARM_EVNAME,COLLISION_TYPE,TYP_INTNAME,REL_ROADNAME,WRK_ZONENAME,LGT_CONDNAME,WEATHERNAME,SCH_BUS,HIT_RUN,MOD_YEAR,DEATHS,DR_DRINK,COUNTYNAME,CITYNAME
2015,10260,Hawaii,0,2,2,August,3,Monday,22,SR-3400,State Highway,Urban,Minor Arterial,State Highway Agency,0.0,20.89223889,-156.4755306,Motor Vehicle In-Transport,Angle,T-Intersection,On Roadway,,Dark - Lighted,Clear,0,0,2006.0,1,0,NOT AVAILABLE,NOT AVAILABLE
2015,10261,Hawaii,0,2,2,June,16,Tuesday,20,SR-11,State Highway,Rural,Principal Arterial - Other,State Highway Agency,0.0,19.44024722,-155.2166556,Motor Vehicle In-Transport,Angle,T-Intersection,On Roadway,,Dark - Lighted,Rain,0,0,2004.0,1,1,NOT AVAILABLE,NOT AVAILABLE
2015,10262,Hawaii,0,3,5,June,19,Friday,9,SR-19,State Highway,Rural,Principal Arterial - Other,State Highway Agency,234.0,19.9608,-155.1990944,Motor Vehicle In-Transport,Sideswipe - Opposite Direction,Not an Intersection,On Roadway,,Daylight,Clear,0,0,2007.0,1,1,NOT AVAILABLE,NOT AVAILABLE
2015,10263,Hawaii,0,2,2,August,3,Monday,24,SR-198,State Highway,Urban,Principal Arterial - Other,State Highway Agency,0.0,19.72549722,-156.0247694,Motor Vehicle In-Transport,Front-to-Front,Not an Intersection,On Roadway,,Dark - Not Lighted,Clear,0,0,1998.0,0,0,NOT AVAILABLE,NOT AVAILABLE
2015,10263,Hawaii,0,2,2,August,3,Monday,24,SR-198,State Highway,Urban,Principal Arterial - Other,State Highway Agency,0.0,19.72549722,-156.0247694,Motor Vehicle In-Transport,Front-to-Front,Not an Intersection,On Roadway,,Dark - Not Lighted,Clear,0,0,2005.0,1,0,NOT AVAILABLE,NOT AVAILABLE
2015,10264,Hawaii,0,2,2,August,15,Saturday,4,SR-19,State Highway,Rural,Principal Arterial - Other,State Highway Agency,0.0,19.81736389,-155.1049056,Motor Vehicle In-Transport,Front-to-Front,Not an Intersection,On Roadway,,Dark - Not Lighted,Cloudy,0,0,2004.0,0,0,NOT AVAILABLE,NOT AVAILABLE
2015,10265,Hawaii,0,1,5,August,12,Wednesday,21,I-1,Interstate,Urban,Interstate,State Highway Agency,342.29392173189007,21.3233,-157.8621306,Guardrail Face,Not a Collision with Motor Vehicle In-Transport,Not an Intersection,On Roadside,,Dark - Lighted,Clear,0,0,1997.0,1,0,NOT AVAILABLE,NOT AVAILABLE
2015,10265,Hawaii,0,1,5,August,12,Wednesday,21,I-1,Interstate,Urban,Interstate,State Highway Agency,342.29392173189007,21.3233,-157.8621306,Guardrail Face,Not a Collision with Motor Vehicle In-Transport,Not an Intersection,On Roadside,,Dark - Lighted,Clear,0,0,1986.0,0,0,NOT AVAILABLE,NOT AVAILABLE
2015,10266,Hawaii,0,1,1,August,16,Sunday,1,CR-WAIHONA STREET,County Road,Urban,Minor Arterial,County Highway Agency,0.0,21.39901667,-157.9844278,Curb,Not a Collision with Motor Vehicle In-Transport,Not an Intersection,On Roadside,,Dark - Lighted,Clear,0,0,2006.0,1,0,NOT AVAILABLE,NOT AVAILABLE
2015,10266,Hawaii,0,1,1,August,16,Sunday,1,CR-WAIHONA STREET,County Road,Urban,Minor Arterial,County Highway Agency,0.0,21.39901667,-157.9844278,Curb,Not a Collision with Motor Vehicle In-Transport,Not an Intersection,On Roadside,,Dark - Lighted,Clear,0,0,1995.0,0,0,NOT AVAILABLE,NOT AVAILABLE
2015,10267,Hawaii,1,1,2,September,2,Wednesday,18,SR-83,State Highway,Urban,Principal Arterial - Other,State Highway Agency,342.29392173189007,21.61344167,-157.9123694,Pedestrian,Not a Collision with Motor Vehicle In-Transport,Not an Intersection,On Roadway,,Dark - Not Lighted,"Fog, Smog, Smoke",0,1,1991.0,0,0,NOT AVAILABLE,NOT AVAILABLE
2015,10267,Hawaii,1,1,2,September,2,Wednesday,18,SR-83,State Highway,Urban,Principal Arterial - Other,State Highway Agency,342.29392173189007,21.61344167,-157.9123694,Pedestrian,Not a Collision with Motor Vehicle In-Transport,Not an Intersection,On Roadway,,Dark - Not Lighted,"Fog, Smog, Smoke",0,0,2008.0,1,0,NOT AVAILABLE,NOT AVAILABLE
2015,10268,Hawaii,1,1,1,September,13,Sunday,20,SR-32,State Highway,Urban,Principal Arterial - Other,State Highway Agency,0.0,20.88978056,-156.4713306,Pedestrian,Not a Collision with Motor Vehicle In-Transport,Not an Intersection,On Roadway,,Dark - Lighted,Clear,0,0,2003.0,0,0,NOT AVAILABLE,NOT AVAILABLE
2015,10269,Hawaii,0,1,1,September,17,Thursday,22,SR-30,State Highway,Urban,Principal Arterial - Other,State Highway Agency,0.0,20.86623611,-156.6706528,Curb,Not a Collision with Motor Vehicle In-Transport,Not an Intersection,On Roadside,,Dark - Lighted,Clear,0,0,2006.0,0,0,NOT AVAILABLE,NOT AVAILABLE
2015,10269,Hawaii,0,1,1,September,17,Thursday,22,SR-30,State Highway,Urban,Principal Arterial - Other,State Highway Agency,0.0,20.86623611,-156.6706528,Curb,Not a Collision with Motor Vehicle In-Transport,Not an Intersection,On Roadside,,Dark - Lighted,Clear,0,0,1973.0,1,0,NOT AVAILABLE,NOT AVAILABLE
2015,10269,Hawaii,0,1,1,September,17,Thursday,22,SR-30,State Highway,Urban,Principal Arterial - Other,State Highway Agency,0.0,20.86623611,-156.6706528,Curb,Not a Collision with Motor Vehicle In-Transport,Not an Intersection,On Roadside,,Dark - Lighted,Clear,0,0,2004.0,0,0,NOT AVAILABLE,NOT AVAILABLE
2015,10270,Hawaii,1,1,2,September,19,Saturday,19,SR-36,State Highway,Urban,Principal Arterial - Other,State Highway Agency,0.0,20.88659167,-156.4544028,Pedestrian,Not a Collision with Motor Vehicle In-Transport,Not an Intersection,On Roadway,"Work Zone, Type Unknown",Dark - Lighted,Clear,0,1,2012.0,0,1,NOT AVAILABLE,NOT AVAILABLE
2015,10270,Hawaii,1,1,2,September,19,Saturday,19,SR-36,State Highway,Urban,Principal Arterial - Other,State Highway Agency,0.0,20.88659167,-156.4544028,Pedestrian,Not a Collision with Motor Vehicle In-Transport,Not an Intersection,On Roadway,"Work Zone, Type Unknown",Dark - Lighted,Clear,0,0,2005.0,1,0,NOT AVAILABLE,NOT AVAILABLE
2015,10270,Hawaii,1,1,2,September,19,Saturday,19,SR-36,State Highway,Urban,Principal Arterial - Other,State Highway Agency,0.0,20.88659167,-156.4544028,Pedestrian,Not a Collision with Motor Vehicle In-Transport,Not an Intersection,On Roadway,"Work Zone, Type Unknown",Dark - Lighted,Clear,0,0,2005.0,0,0,NOT AVAILABLE,NOT AVAILABLE
2015,10271,Hawaii,1,1,1,September,22,Tuesday,8,SR-93,State Highway,Urban,Principal Arterial - Other,State Highway Agency,342.29392173189007,21.39161944,-158.1563722,Pedestrian,Not a Collision with Motor Vehicle In-Transport,T-Intersection,On Roadway,,Daylight,Clear,0,0,2002.0,0,0,NOT AVAILABLE,NOT AVAILABLE
2015,10271,Hawaii,1,1,1,September,22,Tuesday,8,SR-93,State Highway,Urban,Principal Arterial - Other,State Highway Agency,342.29392173189007,21.39161944,-158.1563722,Pedestrian,Not a Collision with Motor Vehicle In-Transport,T-Intersection,On Roadway,,Daylight,Clear,0,0,2008.0,1,0,NOT AVAILABLE,NOT AVAILABLE
2015,10272,Hawaii,1,1,1,September,3,Thursday,5,CR-PALAMA STREET,County Road,Urban,Minor Arterial,County Highway Agency,0.0,21.32410556,-157.8639083,Pedestrian,Not a Collision with Motor Vehicle In-Transport,Not an Intersection,On Roadway,,Dark - Lighted,Clear,0,0,2003.0,0,1,NOT AVAILABLE,NOT AVAILABLE
2015,10272,Hawaii,1,1,1,September,3,Thursday,5,CR-PALAMA STREET,County Road,Urban,Minor Arterial,County Highway Agency,0.0,21.32410556,-157.8639083,Pedestrian,Not a Collision with Motor Vehicle In-Transport,Not an Intersection,On Roadway,,Dark - Lighted,Clear,0,0,2011.0,1,0,NOT AVAILABLE,NOT AVAILABLE
2015,10273,Hawaii,0,2,2,September,23,Wednesday,14,SR-8920 (KAPOLEI PARKWAY),State Highway,Urban,Principal Arterial - Other,State Highway Agency,0.0,21.33559167,-158.0544278,Motor Vehicle In-Transport,Sideswipe - Same Direction,T-Intersection,On Roadway,,Daylight,"Fog, Smog, Smoke",0,0,1978.0,1,0,NOT AVAILABLE,NOT AVAILABLE
2015,10274,Hawaii,0,2,5,October,3,Saturday,19,SR-190,State Highway,Rural,Principal Arterial - Other,State Highway Agency,30.0,19.97046944,-155.6786389,Motor Vehicle In-Transport,Angle,Not an Intersection,On Roadway,,Dark - Not Lighted,Rain,0,0,1986.0,1,0,NOT AVAILABLE,NOT AVAILABLE
2015,10275,Hawaii,0,1,2,September,21,Monday,19,CR-MANAWALEA STREET,County Road,Urban,Minor Arterial,County Highway Agency,0.0,19.67351944,-155.9886694,Fell/Jumped from Vehicle,Not a Collision with Motor Vehicle In-Transport,Not an Intersection,On Roadway,,Dark - Unknown Lighting,Clear,0,0,1987.0,1,1,NOT AVAILABLE,NOT AVAILABLE
2015,10276,Hawaii,0,1,1,October,17,Saturday,2,CR-KUPUOHI STREET,County Road,Urban,Minor Arterial,County Highway Agency,0.0,20.88405,-156.6757944,Curb,Not a Collision with Motor Vehicle In-Transport,Not an Intersection,On Roadside,,Dark - Lighted,Clear,0,0,2012.0,1,1,NOT AVAILABLE,NOT AVAILABLE
2015,10277,Hawaii,0,1,1,September,29,Tuesday,5,SR-93,State Highway,Urban,Principal Arterial - Other,State Highway Agency,342.29392173189007,21.35916389,-158.0585806,Curb,Not a Collision with Motor Vehicle In-Transport,T-Intersection,On Roadside,,Dawn,Clear,0,0,2007.0,1,0,NOT AVAILABLE,NOT AVAILABLE
2015,10277,Hawaii,0,1,1,September,29,Tuesday,5,SR-93,State Highway,Urban,Principal Arterial - Other,State Highway Agency,342.29392173189007,21.35916389,-158.0585806,Curb,Not a Collision with Motor Vehicle In-Transport,T-Intersection,On Roadside,,Dawn,Clear,0,0,2001.0,0,0,NOT AVAILABLE,NOT AVAILABLE
2015,10278,Hawaii,1,1,1,September,30,Wednesday,22,SR-92,State Highway,Urban,Principal Arterial - Other,State Highway Agency,342.29392173189007,21.31493333,-157.8673111,Pedestrian,Not a Collision with Motor Vehicle In-Transport,T-Intersection,On Roadway,,Dark - Lighted,Rain,0,0,2006.0,1,0,NOT AVAILABLE,NOT AVAILABLE
2015,10279,Hawaii,1,1,2,October,3,Saturday,2,SR-83,State Highway,Urban,Principal Arterial - Other,State Highway Agency,342.29392173189007,21.618425,-158.0854556,Pedestrian,Not a Collision with Motor Vehicle In-Transport,Not an Intersection,On Roadside,,Dark - Lighted,Clear,0,0,2001.0,1,0,NOT AVAILABLE,NOT AVAILABLE
2015,10279,Hawaii,1,1,2,October,3,Saturday,2,SR-83,State Highway,Urban,Principal Arterial - Other,State Highway Agency,342.29392173189007,21.618425,-158.0854556,Pedestrian,Not a Collision with Motor Vehicle In-Transport,Not an Intersection,On Roadside,,Dark - Lighted,Clear,0,0,1995.0,0,0,NOT AVAILABLE,NOT AVAILABLE
2015,10280,Hawaii,1,1,1,October,23,Friday,1,SR-92,State Highway,Urban,Principal Arterial - Other,State Highway Agency,342.29392173189007,21.33441111,-157.8965694,Pedestrian,Not a Collision with Motor Vehicle In-Transport,Not an Intersection,On Roadway,,Dark - Not Lighted,Clear,0,0,1999.0,1,1,NOT AVAILABLE,NOT AVAILABLE
2015,10280,Hawaii,1,1,1,October,23,Friday,1,SR-92,State Highway,Urban,Principal Arterial - Other,State Highway Agency,342.29392173189007,21.33441111,-157.8965694,Pedestrian,Not a Collision with Motor Vehicle In-Transport,Not an Intersection,On Roadway,,Dark - Not Lighted,Clear,0,0,2000.0,0,0,NOT AVAILABLE,NOT AVAILABLE
2015,10281,Hawaii,0,1,1,November,2,Monday,22,SR-30,State Highway,Rural,Principal Arterial - Other,State Highway Agency,340.0,21.01231111,-156.6397361,Embankment,Not a Collision with Motor Vehicle In-Transport,Not an Intersection,On Roadside,,Dark - Not Lighted,Clear,0,0,1993.0,1,0,NOT AVAILABLE,NOT AVAILABLE
2015,10282,Hawaii,0,1,1,November,7,Saturday,10,SR-11,State Highway,Rural,Principal Arterial - Other,State Highway Agency,940.0,19.27305,-155.8757917,Embankment,Not a Collision with Motor Vehicle In-Transport,Not an Intersection,On Roadside,,Daylight,Cloudy,0,1,2011.0,0,0,NOT AVAILABLE,NOT AVAILABLE
2015,10283,Hawaii,1,1,1,November,3,Tuesday,5,CR-WEST PAPA AVE,County Road,Urban,Minor Arterial,County Highway Agency,0.0,20.87452222,-156.4676194,Pedestrian,Not a Collision with Motor Vehicle In-Transport,Four-Way Intersection,On Roadway,,Dawn,Clear,0,1,2007.0,0,1,NOT AVAILABLE,NOT AVAILABLE
2015,10284,Hawaii,0,2,2,November,4,Wednesday,14,SR-72,State Highway,Urban,Principal Arterial - Other,State Highway Agency,0.0,21.27877222,-157.7494694,Motor Vehicle In-Transport,Angle,T-Intersection,On Roadway,,Daylight,Clear,0,0,1991.0,1,0,NOT AVAILABLE,NOT AVAILABLE
2015,10284,Hawaii,0,2,2,November,4,Wednesday,14,SR-72,State Highway,Urban,Principal Arterial - Other,State Highway Agency,0.0,21.27877222,-157.7494694,Motor Vehicle In-Transport,Angle,T-Intersection,On Roadway,,Daylight,Clear,0,0,2008.0,0,0,NOT AVAILABLE,NOT AVAILABLE
2015,10285,Hawaii,1,1,1,November,5,Thursday,6,CR-MILLER STREET,County Road,Urban,Minor Arterial,County Highway Agency,0.0,21.30870556,-157.8549944,Pedestrian,Not a Collision with Motor Vehicle In-Transport,T-Intersection,On Roadway,,Dawn,Rain,0,0,2000.0,0,0,NOT AVAILABLE,NOT AVAILABLE
2015,10285,Hawaii,1,1,1,November,5,Thursday,6,CR-MILLER STREET,County Road,Urban,Minor Arterial,County Highway Agency,0.0,21.30870556,-157.8549944,Pedestrian,Not a Collision with Motor Vehicle In-Transport,T-Intersection,On Roadway,,Dawn,Rain,0,0,1992.0,0,0,NOT AVAILABLE,NOT AVAILABLE
2015,10285,Hawaii,1,1,1,November,5,Thursday,6,CR-MILLER STREET,County Road,Urban,Minor Arterial,County Highway Agency,0.0,21.30870556,-157.8549944,Pedestrian,Not a Collision with Motor Vehicle In-Transport,T-Intersection,On Roadway,,Dawn,Rain,0,0,2005.0,1,0,NOT AVAILABLE,NOT AVAILABLE
2015,10286,Hawaii,1,1,1,November,29,Sunday,18,SR-92,State Highway,Urban,Principal Arterial - Other,State Highway Agency,342.29392173189007,21.31353611,-157.8650917,Pedestrian,Not a Collision with Motor Vehicle In-Transport,Not an Intersection,On Roadway,,Dark - Lighted,Clear,0,0,2011.0,0,0,NOT AVAILABLE,NOT AVAILABLE
2015,10286,Hawaii,1,1,1,November,29,Sunday,18,SR-92,State Highway,Urban,Principal Arterial - Other,State Highway Agency,342.29392173189007,21.31353611,-157.8650917,Pedestrian,Not a Collision with Motor Vehicle In-Transport,Not an Intersection,On Roadway,,Dark - Lighted,Clear,0,0,2000.0,0,0,NOT AVAILABLE,NOT AVAILABLE
2015,10286,Hawaii,1,1,1,November,29,Sunday,18,SR-92,State Highway,Urban,Principal Arterial - Other,State Highway Agency,342.29392173189007,21.31353611,-157.8650917,Pedestrian,Not a Collision with Motor Vehicle In-Transport,Not an Intersection,On Roadway,,Dark - Lighted,Clear,0,0,2004.0,0,0,NOT AVAILABLE,NOT AVAILABLE
2015,10286,Hawaii,1,1,1,November,29,Sunday,18,SR-92,State Highway,Urban,Principal Arterial - Other,State Highway Agency,342.29392173189007,21.31353611,-157.8650917,Pedestrian,Not a Collision with Motor Vehicle In-Transport,Not an Intersection,On Roadway,,Dark - Lighted,Clear,0,0,2015.0,1,0,NOT AVAILABLE,NOT AVAILABLE
2015,10286,Hawaii,1,1,1,November,29,Sunday,18,SR-92,State Highway,Urban,Principal Arterial - Other,State Highway Agency,342.29392173189007,21.31353611,-157.8650917,Pedestrian,Not a Collision with Motor Vehicle In-Transport,Not an Intersection,On Roadway,,Dark - Lighted,Clear,0,0,2004.0,0,0,NOT AVAILABLE,NOT AVAILABLE
2015,10287,Hawaii,0,2,2,December,4,Friday,22,CR-WAILUA BEACH ROAD,County Road,Urban,Minor Arterial,County Highway Agency,342.29392173189007,21.57608056,-158.1118667,Motor Vehicle In-Transport,Angle,T-Intersection,On Roadway,,Dark - Lighted,Clear,0,0,2000.0,1,0,NOT AVAILABLE,NOT AVAILABLE
2015,10287,Hawaii,0,2,2,December,4,Friday,22,CR-WAILUA BEACH ROAD,County Road,Urban,Minor Arterial,County Highway Agency,342.29392173189007,21.57608056,-158.1118667,Motor Vehicle In-Transport,Angle,T-Intersection,On Roadway,,Dark - Lighted,Clear,0,0,2000.0,0,0,NOT AVAILABLE,NOT AVAILABLE
2015,10288,Hawaii,0,2,4,December,6,Sunday,18,SR-750 (KUNIA ROAD),State Highway,Urban,Principal Arterial - Other,State Highway Agency,342.29392173189007,21.43045278,-158.0562333,Motor Vehicle In-Transport,Angle,Not an Intersection,On Roadway,,Dark - Not Lighted,Clear,0,0,2005.0,1,0,NOT AVAILABLE,NOT AVAILABLE
2015,10289,Hawaii,0,1,2,December,4,Friday,1,CR- LOWER MAIN STREET,County Road,Urban,Minor Arterial,County Highway Agency,342.29392173189007,20.90058611,-156.4882278,Curb,Not a Collision with Motor Vehicle In-Transport,Not an Intersection,On Roadside,,Dark - Lighted,Clear,0,0,2001.0,1,0,NOT AVAILABLE,NOT AVAILABLE
2015,10290,Hawaii,1,1,1,December,17,Thursday,19,CR- NIMITZ ACCESS ROAD,County Road,Urban,Minor Arterial,County Highway Agency,0.0,21.33612778,-157.9101028,Pedestrian,Not a Collision with Motor Vehicle In-Transport,Not an Intersection,On Roadway,,Dark - Lighted,Cloudy,0,0,2013.0,1,0,NOT AVAILABLE,NOT AVAILABLE
2015,10290,Hawaii,1,1,1,December,17,Thursday,19,CR- NIMITZ ACCESS ROAD,County Road,Urban,Minor Arterial,County Highway Agency,0.0,21.33612778,-157.9101028,Pedestrian,Not a Collision with Motor Vehicle In-Transport,Not an Intersection,On Roadway,,Dark - Lighted,Cloudy,0,0,2006.0,1,0,NOT AVAILABLE,NOT AVAILABLE
2015,10291,Hawaii,0,2,5,December,27,Sunday,24,CR-WAIANAE VALLEY ROAD,County Road,Urban,Minor Arterial,County Highway Agency,0.0,21.45115556,-158.1799306,Traffic Sign Support,Not a Collision with Motor Vehicle In-Transport,Not an Intersection,On Roadside,,Dark - Lighted,Clear,0,1,2004.0,0,0,NOT AVAILABLE,NOT AVAILABLE
2015,10292,Hawaii,0,2,3,August,7,Friday,17,SR-520,State Highway,Rural,Principal Arterial - Other,State Highway Agency,0.0,21.950125,-159.4658972,Motor Vehicle In-Transport,Front-to-Front,Not an Intersection,On Roadway,,Daylight,Clear,0,0,2010.0,0,0,NOT AVAILABLE,NOT AVAILABLE
2015,10293,Hawaii,0,1,1,October,29,Thursday,17,SR-50,State Highway,Rural,Principal Arterial - Other,State Highway Agency,290.0,21.98687222,-159.7457056,Utility Pole/Light Support,Not a Collision with Motor Vehicle In-Transport,Not an Intersection,On Roadside,,Daylight,Clear,0,0,2008.0,1,0,NOT AVAILABLE,NOT AVAILABLE
2015,10294,Hawaii,0,3,4,December,29,Tuesday,13,SR-130,State Highway,Urban,Principal Arterial - Other,State Highway Agency,11.0,19.59771111,-155.0204833,Motor Vehicle In-Transport,Front-to-Front,Not an Intersection,On Roadway,,Daylight,Clear,0,0,1992.0,1,0,NOT AVAILABLE,NOT AVAILABLE
2015,10295,Hawaii,0,1,1,November,26,Thursday,21,SR-11,State Highway,Rural,Principal Arterial - Other,National Park Service,302.0,19.73194444,-155.4630556,Tree (Standing Only),Not a Collision with Motor Vehicle In-Transport,Not an Intersection,On Roadside,,Dark - Not Lighted,Unknown,0,0,2009.0,1,0,NOT AVAILABLE,NOT AVAILABLE
2015,10296,Idaho,0,2,2,January,9,Friday,22,US-30,U.S. Highway,Rural,Principal Arterial - Other,State Highway Agency,369.0,42.49653056,-114.5747306,Motor Vehicle In-Transport,Front-to-Front,Not an Intersection,On Roadway,,Dark - Not Lighted,"Fog, Smog, Smoke",0,0,2001.0,1,1,NOT AVAILABLE,NOT AVAILABLE
2015,10297,Idaho,0,3,7,January,18,Sunday,11,FAIRWAY AVE,Local Street - Municipality,Urban,Principal Arterial - Other,Town or Township Highway Agency,708.0,43.61955833,-116.3774722,Motor Vehicle In-Transport,Angle,Not an Intersection,On Roadway,,Daylight,Rain,0,0,2005.0,1,0,NOT AVAILABLE,NOT AVAILABLE
2015,10297,Idaho,0,3,7,January,18,Sunday,11,FAIRWAY AVE,Local Street - Municipality,Urban,Principal Arterial - Other,Town or Township Highway Agency,708.0,43.61955833,-116.3774722,Motor Vehicle In-Transport,Angle,Not an Intersection,On Roadway,,Daylight,Rain,0,0,2014.0,1,0,NOT AVAILABLE,NOT AVAILABLE
2015,10298,Idaho,0,1,1,January,18,Sunday,6,I-15,Interstate,Rural,Interstate,State Highway Agency,1100.0,43.40792222,-112.1637889,Fence,Not a Collision with Motor Vehicle In-Transport,Not an Intersection,On Roadside,,Dark - Not Lighted,Cloudy,0,0,2008.0,0,0,NOT AVAILABLE,NOT AVAILABLE
2015,10299,Idaho,1,1,1,January,19,Monday,6,I-84,Interstate,Rural,Interstate,State Highway Agency,140.0,43.85438333,-116.7678917,Pedestrian,Not a Collision with Motor Vehicle In-Transport,Not an Intersection,On Median,,Dark - Not Lighted,"Fog, Smog, Smoke",0,0,2015.0,0,1,NOT AVAILABLE,NOT AVAILABLE
2015,10299,Idaho,1,1,1,January,19,Monday,6,I-84,Interstate,Rural,Interstate,State Highway Agency,140.0,43.85438333,-116.7678917,Pedestrian,Not a Collision with Motor Vehicle In-Transport,Not an Intersection,On Median,,Dark - Not Lighted,"Fog, Smog, Smoke",0,0,2014.0,1,0,NOT AVAILABLE,NOT AVAILABLE
2015,10300,Idaho,0,1,3,January,23,Friday,22,EMMETT RD,Local Street - Municipality,Urban,Major Collector,City or Municipal Highway Agency,1006.0,43.71555,-116.6528444,Curb,Not a Collision with Motor Vehicle In-Transport,Roundabout,On Roadside,,Dark - Lighted,Cloudy,0,0,2006.0,0,0,NOT AVAILABLE,NOT AVAILABLE
2015,10301,Idaho,0,2,2,January,26,Monday,12,SR-39,State Highway,Rural,Principal Arterial - Other,State Highway Agency,442.0,43.191225,-112.534175,Motor Vehicle In-Transport,Front-to-Rear,Not an Intersection,On Roadway,,Daylight,Clear,0,0,1999.0,1,1,NOT AVAILABLE,NOT AVAILABLE
2015,10302,Idaho,0,1,1,February,1,Sunday,21,SR-77 SPUR,State Highway,Rural,Major Collector,State Highway Agency,97.0,42.20214722,-113.5645611,Rollover/Overturn,Not a Collision with Motor Vehicle In-Transport,Not an Intersection,On Shoulder,,Dark - Not Lighted,Rain,0,0,1997.0,1,1,NOT AVAILABLE,NOT AVAILABLE
2015,10303,Idaho,0,2,1,February,5,Thursday,21,CAMAS ST,Local Street - Township,Urban,Local,Town or Township Highway Agency,0.0,43.59653611,-116.2757972,Live Animal,Not a Collision with Motor Vehicle In-Transport,Not an Intersection,On Roadway,,Dark - Not Lighted,Cloudy,0,0,2002.0,1,1,NOT AVAILABLE,NOT AVAILABLE
2015,10303,Idaho,0,2,1,February,5,Thursday,21,CAMAS ST,Local Street - Township,Urban,Local,Town or Township Highway Agency,0.0,43.59653611,-116.2757972,Live Animal,Not a Collision with Motor Vehicle In-Transport,Not an Intersection,On Roadway,,Dark - Not Lighted,Cloudy,0,1,2004.0,0,1,NOT AVAILABLE,NOT AVAILABLE
2015,10304,Idaho,0,1,2,February,2,Monday,22,CRESTVIEW RD,Other,Rural,Major Collector,County Highway Agency,1001.0,42.57783333,-113.9897333,Fence,Not a Collision with Motor Vehicle In-Transport,Not an Intersection,Outside Trafficway,,Dark - Not Lighted,Cloudy,0,0,2014.0,1,0,NOT AVAILABLE,NOT AVAILABLE
2015,10304,Idaho,0,1,2,February,2,Monday,22,CRESTVIEW RD,Other,Rural,Major Collector,County Highway Agency,1001.0,42.57783333,-113.9897333,Fence,Not a Collision with Motor Vehicle In-Transport,Not an Intersection,Outside Trafficway,,Dark - Not Lighted,Cloudy,0,0,2013.0,0,1,NOT AVAILABLE,NOT AVAILABLE
2015,10304,Idaho,0,1,2,February,2,Monday,22,CRESTVIEW RD,Other,Rural,Major Collector,County Highway Agency,1001.0,42.57783333,-113.9897333,Fence,Not a Collision with Motor Vehicle In-Transport,Not an Intersection,Outside Trafficway,,Dark - Not Lighted,Cloudy,0,0,2004.0,0,0,NOT AVAILABLE,NOT AVAILABLE
2015,10305,Idaho,0,1,1,February,5,Thursday,23,GARDEN CREEK RD,Other,Rural,Major Collector,County Highway Agency,1414.0,44.50217222,-114.2672889,Rollover/Overturn,Not a Collision with Motor Vehicle In-Transport,Not an Intersection,On Roadside,,Dark - Not Lighted,Clear,0,0,2012.0,0,0,NOT AVAILABLE,NOT AVAILABLE
2015,10306,Idaho,0,1,2,February,14,Saturday,12,ARROW ROCK RD,Other,Rural,Local,U.S. Forest Service,1167.0,43.62121111,-115.8222694,Immersion or Partial Immersion,Not a Collision with Motor Vehicle In-Transport,Not an Intersection,Off Roadway-Location Unknown,,Daylight,Clear,0,0,2010.0,1,0,NOT AVAILABLE,NOT AVAILABLE
2015,10306,Idaho,0,1,2,February,14,Saturday,12,ARROW ROCK RD,Other,Rural,Local,U.S. Forest Service,1167.0,43.62121111,-115.8222694,Immersion or Partial Immersion,Not a Collision with Motor Vehicle In-Transport,Not an Intersection,Off Roadway-Location Unknown,,Daylight,Clear,0,0,2006.0,0,0,NOT AVAILABLE,NOT AVAILABLE
2015,10307,Idaho,0,1,1,February,15,Sunday,24,5TH WEST RD,Other,Rural,Local,County Highway Agency,0.0,43.56025833,-112.0388472,Ditch,Not a Collision with Motor Vehicle In-Transport,Not an Intersection,On Roadside,,Dark - Not Lighted,Cloudy,0,0,2000.0,1,1,NOT AVAILABLE,NOT AVAILABLE
2015,10308,Idaho,0,2,3,February,17,Tuesday,6,SIMCO RD,Other,Rural,Major Collector,County Highway Agency,1101.0,43.24209444,-115.9570861,Motor Vehicle In-Transport,Angle,Not an Intersection,On Roadway,,Dark - Not Lighted,Clear,1,0,1999.0,2,0,NOT AVAILABLE,NOT AVAILABLE
2015,10308,Idaho,0,2,3,February,17,Tuesday,6,SIMCO RD,Other,Rural,Major Collector,County Highway Agency,1101.0,43.24209444,-115.9570861,Motor Vehicle In-Transport,Angle,Not an Intersection,On Roadway,,Dark - Not Lighted,Clear,1,0,1991.0,0,0,NOT AVAILABLE,NOT AVAILABLE
2015,10308,Idaho,0,2,3,February,17,Tuesday,6,SIMCO RD,Other,Rural,Major Collector,County Highway Agency,1101.0,43.24209444,-115.9570861,Motor Vehicle In-Transport,Angle,Not an Intersection,On Roadway,,Dark - Not Lighted,Clear,1,0,2005.0,0,0,NOT AVAILABLE,NOT AVAILABLE
2015,10309,Idaho,0,2,2,February,21,Saturday,19,CHERRY LN,Local Street - Municipality,Urban,Principal Arterial - Other,City or Municipal Highway Agency,37.0,43.61962222,-116.5393306,Motor Vehicle In-Transport,Sideswipe - Opposite Direction,Not an Intersection,On Roadway,,Dark - Not Lighted,Clear,0,0,2015.0,1,0,NOT AVAILABLE,NOT AVAILABLE