YEAR,ST_CASE,STATENAME,NUM_PEDS,NUM_VEHC,PERSONS,MONTHNAME,DAYNAME,DAY_WEEKNAME,HOUR,ROAD_NAME,ROUTENAME,RUR_URBNAME,FUNC_SYSNAME,RD_OWNERNAME,MILE_MARKER,LATITUDE,LONGITUD,HARM_EVNAME,COLLISION_TYPE,TYP_INTNAME,REL_ROADNAME,WRK_ZONENAME,LGT_CONDNAME,WEATHERNAME,SCH_BUS,HIT_RUN,MOD_YEAR,DEATHS,DR_DRINK,COUNTYNAME,CITYNAME
2015,10361,Idaho,0,1,1,June,12,Friday,18,SR-74 CONNECTOR,State Highway,Rural,Minor Arterial,County Highway Agency,0.0,42.51374722,-114.5740694,Rollover/Overturn,Not a Collision with Motor Vehicle In-Transport,Not an Intersection,On Roadside,,Daylight,Clear,0,0,2000.0,1,0,NOT AVAILABLE,NOT AVAILABLE
2015,10362,Idaho,0,1,1,July,4,Saturday,19,SR-21,State Highway,Rural,Minor Arterial,State Highway Agency,300.0,43.73551111,-115.9384389,Embankment,Not a Collision with Motor Vehicle In-Transport,Not an Intersection,Outside Trafficway,,Daylight,Clear,0,0,1992.0,1,1,NOT AVAILABLE,NOT AVAILABLE
2015,10363,Idaho,0,1,1,July,4,Saturday,23,NF-456 N FORT ST JOE RIVER RD,Other,Rural,Minor Collector,U.S. Forest Service,571.0,47.37691389,-115.7633778,Other Fixed Object,Not a Collision with Motor Vehicle In-Transport,Y-Intersection,On Roadside,,Dark - Not Lighted,Clear,0,0,2001.0,1,0,NOT AVAILABLE,NOT AVAILABLE
2015,10364,Idaho,0,1,3,June,13,Saturday,14,NOTUS RD,Other,Rural,Major Collector,County Highway Agency,26.0,43.70610833,-116.7978778,Embankment,Not a Collision with Motor Vehicle In-Transport,T-Intersection,On Roadside,,Daylight,Clear,0,0,2000.0,1,0,NOT AVAILABLE,NOT AVAILABLE
2015,10364,Idaho,0,1,3,June,13,Saturday,14,NOTUS RD,Other,Rural,Major Collector,County Highway Agency,26.0,43.70610833,-116.7978778,Embankment,Not a Collision with Motor Vehicle In-Transport,T-Intersection,On Roadside,,Daylight,Clear,0,0,2015.0,0,0,NOT AVAILABLE,NOT AVAILABLE
2015,10365,Idaho,0,1,1,June,15,Monday,22,SR-44,State Highway,Rural,Principal Arterial - Other,State Highway Agency,57.0,43.70391667,-116.5875083,Embankment,Not a Collision with Motor Vehicle In-Transport,Not an Intersection,On Roadside,,Dark - Not Lighted,Clear,0,0,2012.0,0,0,NOT AVAILABLE,NOT AVAILABLE
2015,10366,Idaho,0,2,2,June,18,Thursday,7,US-93,U.S. Highway,Rural,Principal Arterial - Other,State Highway Agency,715.0,42.90635556,-114.4179056,Motor Vehicle In-Transport,Front-to-Front,Not an Intersection,On Roadway,,Daylight,Clear,0,0,2000.0,1,0,NOT AVAILABLE,NOT AVAILABLE
2015,10367,Idaho,0,1,6,June,19,Friday,2,FSR 163,Other,Rural,Local,U.S. Forest Service,0.0,42.68960556,-112.417125,Tree (Standing Only),Not a Collision with Motor Vehicle In-Transport,Not an Intersection,On Roadside,,Dark - Not Lighted,Clear,0,0,1997.0,1,1,NOT AVAILABLE,NOT AVAILABLE
2015,10368,Idaho,0,1,2,June,19,Friday,2,I-84,Interstate,Rural,Interstate,State Highway Agency,2141.0,42.56891111,-113.6679167,Guardrail End,Not a Collision with Motor Vehicle In-Transport,Not an Intersection,On Median,,Dark - Not Lighted,Clear,0,0,2003.0,1,1,NOT AVAILABLE,NOT AVAILABLE
2015,10368,Idaho,0,1,2,June,19,Friday,2,I-84,Interstate,Rural,Interstate,State Highway Agency,2141.0,42.56891111,-113.6679167,Guardrail End,Not a Collision with Motor Vehicle In-Transport,Not an Intersection,On Median,,Dark - Not Lighted,Clear,0,0,2008.0,0,0,NOT AVAILABLE,NOT AVAILABLE
2015,10369,Idaho,0,1,1,June,21,Sunday,14,ARROWROCK RD,Other,Rural,Major Collector,U.S. Forest Service,1098.0,43.60235,-115.8872972,Embankment,Not a Collision with Motor Vehicle In-Transport,Not an Intersection,On Roadside,,Daylight,Clear,0,1,2004.0,0,0,NOT AVAILABLE,NOT AVAILABLE
2015,10370,Idaho,0,1,1,June,21,Sunday,16,CR-MAPLE GROVE HOT SPRINGS RD,County Road,Rural,Local,County Highway Agency,0.0,42.32465,-111.7134861,Other Fixed Object,Not a Collision with Motor Vehicle In-Transport,Not an Intersection,On Roadside,,Daylight,Clear,0,0,2011.0,0,0,NOT AVAILABLE,NOT AVAILABLE
2015,10370,Idaho,0,1,1,June,21,Sunday,16,CR-MAPLE GROVE HOT SPRINGS RD,County Road,Rural,Local,County Highway Agency,0.0,42.32465,-111.7134861,Other Fixed Object,Not a Collision with Motor Vehicle In-Transport,Not an Intersection,On Roadside,,Daylight,Clear,0,0,2001.0,1,0,NOT AVAILABLE,NOT AVAILABLE
2015,10371,Idaho,0,2,3,June,22,Monday,9,GOWEN RD,Local Street - Municipality,Urban,Principal Arterial - Other,City or Municipal Highway Agency,23.0,43.55338611,-116.2259972,Motor Vehicle In-Transport,Angle,Not an Intersection,On Roadway,,Daylight,Clear,0,0,2011.0,1,0,NOT AVAILABLE,NOT AVAILABLE
2015,10371,Idaho,0,2,3,June,22,Monday,9,GOWEN RD,Local Street - Municipality,Urban,Principal Arterial - Other,City or Municipal Highway Agency,23.0,43.55338611,-116.2259972,Motor Vehicle In-Transport,Angle,Not an Intersection,On Roadway,,Daylight,Clear,0,0,2001.0,0,0,NOT AVAILABLE,NOT AVAILABLE
2015,10372,Idaho,1,1,1,June,24,Wednesday,4,I-15,Interstate,Rural,Interstate,State Highway Agency,895.0,43.16035278,-112.3885278,Pedestrian,Not a Collision with Motor Vehicle In-Transport,Not an Intersection,On Roadway,,Dawn,Clear,0,0,2014.0,1,1,NOT AVAILABLE,NOT AVAILABLE
2015,10372,Idaho,1,1,1,June,24,Wednesday,4,I-15,Interstate,Rural,Interstate,State Highway Agency,895.0,43.16035278,-112.3885278,Pedestrian,Not a Collision with Motor Vehicle In-Transport,Not an Intersection,On Roadway,,Dawn,Clear,0,0,2013.0,0,1,NOT AVAILABLE,NOT AVAILABLE
2015,10373,Idaho,0,2,3,June,25,Thursday,16,US-95,U.S. Highway,Rural,Principal Arterial - Other,State Highway Agency,399.0,43.69064444,-116.9119722,Motor Vehicle In-Transport,Angle,Four-Way Intersection,On Roadway,,Daylight,Clear,0,0,2000.0,0,0,NOT AVAILABLE,NOT AVAILABLE
2015,10373,Idaho,0,2,3,June,25,Thursday,16,US-95,U.S. Highway,Rural,Principal Arterial - Other,State Highway Agency,399.0,43.69064444,-116.9119722,Motor Vehicle In-Transport,Angle,Four-Way Intersection,On Roadway,,Daylight,Clear,0,0,2003.0,1,0,NOT AVAILABLE,NOT AVAILABLE
2015,10374,Idaho,0,1,1,June,26,Friday,18,CLAGSTONE RD,Local Street - Township,Rural,Local,City or Municipal Highway Agency,0.0,48.00620278,-116.8068306,Rollover/Overturn,Not a Collision with Motor Vehicle In-Transport,Not an Intersection,On Roadside,,Daylight,Clear,0,0,2005.0,0,0,NOT AVAILABLE,NOT AVAILABLE
2015,10374,Idaho,0,1,1,June,26,Friday,18,CLAGSTONE RD,Local Street - Township,Rural,Local,City or Municipal Highway Agency,0.0,48.00620278,-116.8068306,Rollover/Overturn,Not a Collision with Motor Vehicle In-Transport,Not an Intersection,On Roadside,,Daylight,Clear,0,0,2004.0,1,0,NOT AVAILABLE,NOT AVAILABLE
2015,10375,Idaho,0,1,3,June,27,Saturday,10,I-84,Interstate,Rural,Interstate,State Highway Agency,145.0,43.84862222,-116.76575,Guardrail End,Not a Collision with Motor Vehicle In-Transport,Not an Intersection,On Roadside,,Daylight,Clear,0,0,1990.0,1,0,NOT AVAILABLE,NOT AVAILABLE
2015,10376,Idaho,0,1,1,June,27,Saturday,12,CR-115 EAST RD,County Road,Rural,Minor Arterial,Other Local Agency,1001.0,43.61224167,-111.804575,Embankment,Not a Collision with Motor Vehicle In-Transport,Not an Intersection,On Roadside,,Daylight,Clear,0,0,2006.0,1,0,NOT AVAILABLE,NOT AVAILABLE
2015,10377,Idaho,0,2,2,June,27,Saturday,23,US-26,U.S. Highway,Rural,Minor Arterial,State Highway Agency,1579.0,42.93035556,-114.5775944,Motor Vehicle In-Transport,Angle,Not an Intersection,On Roadway,,Dark - Not Lighted,Clear,0,0,2005.0,0,0,NOT AVAILABLE,NOT AVAILABLE
2015,10377,Idaho,0,2,2,June,27,Saturday,23,US-26,U.S. Highway,Rural,Minor Arterial,State Highway Agency,1579.0,42.93035556,-114.5775944,Motor Vehicle In-Transport,Angle,Not an Intersection,On Roadway,,Dark - Not Lighted,Clear,0,0,1997.0,1,0,NOT AVAILABLE,NOT AVAILABLE
2015,10378,Idaho,0,1,1,June,28,Sunday,3,CR-SCHRITTER RD,County Road,Rural,Local,Other Local Agency,0.0,42.90569444,-113.0275028,Rollover/Overturn,Not a Collision with Motor Vehicle In-Transport,Not an Intersection,On Roadside,,Dark - Not Lighted,Clear,0,0,1998.0,1,1,NOT AVAILABLE,NOT AVAILABLE
2015,10379,Idaho,0,1,1,June,30,Tuesday,16,I-84,Interstate,Rural,Interstate,State Highway Agency,799.0,43.28119444,-115.8848278,Rollover/Overturn,Not a Collision with Motor Vehicle In-Transport,Not an Intersection,On Median,,Daylight,Clear,0,0,1997.0,1,0,NOT AVAILABLE,NOT AVAILABLE
2015,10380,Idaho,0,1,1,July,5,Sunday,24,300 WEST RD,Local Street - Township,Rural,Local,Other Local Agency,0.0,42.61909444,-113.7247417,Guardrail Face,Not a Collision with Motor Vehicle In-Transport,T-Intersection,On Roadside,,Dark - Not Lighted,Clear,0,0,2011.0,1,0,NOT AVAILABLE,NOT AVAILABLE
2015,10381,Idaho,0,1,3,September,5,Saturday,2,FRANKLIN RD,Local Street - Municipality,Urban,Principal Arterial - Other,City or Municipal Highway Agency,43.0,43.60468333,-116.4303667,Utility Pole/Light Support,Not a Collision with Motor Vehicle In-Transport,Not an Intersection,On Roadside,,Dark - Lighted,Clear,0,0,2015.0,0,0,NOT AVAILABLE,NOT AVAILABLE
2015,10382,Idaho,0,1,2,September,2,Wednesday,8,LAKE HAZEL RD,Other,Urban,Principal Arterial - Other,City or Municipal Highway Agency,124.0,43.54455,-116.2853528,Rollover/Overturn,Not a Collision with Motor Vehicle In-Transport,Not an Intersection,On Roadside,,Daylight,Clear,0,0,1998.0,1,0,NOT AVAILABLE,NOT AVAILABLE
2015,10383,Idaho,0,2,2,August,4,Tuesday,21,SOUTHSIDE BLVD,Local Street - Municipality,Rural,Major Collector,Town or Township Highway Agency,0.0,43.48831389,-116.5332111,Motor Vehicle In-Transport,Angle,Four-Way Intersection,On Roadway,,Daylight,Clear,0,0,2008.0,1,1,NOT AVAILABLE,NOT AVAILABLE
2015,10384,Idaho,0,1,1,July,30,Thursday,4,I-15,Interstate,Rural,Interstate,State Highway Agency,983.0,43.26483333,-112.3065694,Rollover/Overturn,Not a Collision with Motor Vehicle In-Transport,Not an Intersection,On Median,,Dark - Not Lighted,Clear,0,0,2002.0,0,0,NOT AVAILABLE,NOT AVAILABLE
2015,10384,Idaho,0,1,1,July,30,Thursday,4,I-15,Interstate,Rural,Interstate,State Highway Agency,983.0,43.26483333,-112.3065694,Rollover/Overturn,Not a Collision with Motor Vehicle In-Transport,Not an Intersection,On Median,,Dark - Not Lighted,Clear,0,0,2008.0,1,0,NOT AVAILABLE,NOT AVAILABLE
2015,10384,Idaho,0,1,1,July,30,Thursday,4,I-15,Interstate,Rural,Interstate,State Highway Agency,983.0,43.26483333,-112.3065694,Rollover/Overturn,Not a Collision with Motor Vehicle In-Transport,Not an Intersection,On Median,,Dark - Not Lighted,Clear,0,0,2012.0,0,0,NOT AVAILABLE,NOT AVAILABLE
2015,10385,Idaho,0,1,4,August,8,Saturday,16,I-84,Interstate,Rural,Interstate,State Highway Agency,2531.0,42.23884722,-113.0874694,Rollover/Overturn,Not a Collision with Motor Vehicle In-Transport,Not an Intersection,On Median,,Daylight,Cloudy,0,0,2002.0,1,0,NOT AVAILABLE,NOT AVAILABLE
2015,10385,Idaho,0,1,4,August,8,Saturday,16,I-84,Interstate,Rural,Interstate,State Highway Agency,2531.0,42.23884722,-113.0874694,Rollover/Overturn,Not a Collision with Motor Vehicle In-Transport,Not an Intersection,On Median,,Daylight,Cloudy,0,0,2007.0,0,0,NOT AVAILABLE,NOT AVAILABLE
2015,10386,Idaho,0,1,1,August,10,Monday,19,SR-64,State Highway,Rural,Major Collector,County Highway Agency,252.0,46.23257778,-116.0799556,Rollover/Overturn,Not a Collision with Motor Vehicle In-Transport,Not an Intersection,Outside Trafficway,,Dark - Not Lighted,Cloudy,0,0,2007.0,1,0,NOT AVAILABLE,NOT AVAILABLE
2015,10386,Idaho,0,1,1,August,10,Monday,19,SR-64,State Highway,Rural,Major Collector,County Highway Agency,252.0,46.23257778,-116.0799556,Rollover/Overturn,Not a Collision with Motor Vehicle In-Transport,Not an Intersection,Outside Trafficway,,Dark - Not Lighted,Cloudy,0,0,2013.0,0,0,NOT AVAILABLE,NOT AVAILABLE
2015,10386,Idaho,0,1,1,August,10,Monday,19,SR-64,State Highway,Rural,Major Collector,County Highway Agency,252.0,46.23257778,-116.0799556,Rollover/Overturn,Not a Collision with Motor Vehicle In-Transport,Not an Intersection,Outside Trafficway,,Dark - Not Lighted,Cloudy,0,0,2005.0,0,0,NOT AVAILABLE,NOT AVAILABLE
2015,10387,Idaho,0,2,4,August,10,Monday,17,PLEASANT VIEW RD,Local Street - Municipality,Rural,Local,Town or Township Highway Agency,0.0,47.74506944,-117.0018972,Motor Vehicle In-Transport,Angle,Four-Way Intersection,On Roadway,,Daylight,Clear,0,0,2000.0,1,0,NOT AVAILABLE,NOT AVAILABLE
2015,10387,Idaho,0,2,4,August,10,Monday,17,PLEASANT VIEW RD,Local Street - Municipality,Rural,Local,Town or Township Highway Agency,0.0,47.74506944,-117.0018972,Motor Vehicle In-Transport,Angle,Four-Way Intersection,On Roadway,,Daylight,Clear,0,0,2007.0,0,0,NOT AVAILABLE,NOT AVAILABLE
2015,10388,Idaho,0,1,1,July,17,Friday,7,US-12,U.S. Highway,Rural,Principal Arterial - Other,City or Municipal Highway Agency,431.0,46.48616667,-116.2665083,Rollover/Overturn,Not a Collision with Motor Vehicle In-Transport,Not an Intersection,On Roadside,,Daylight,Clear,0,0,2001.0,1,0,NOT AVAILABLE,NOT AVAILABLE
2015,10389,Idaho,0,1,1,August,12,Wednesday,17,SR-14 N RED RIVER RD,State Highway,Rural,Major Collector,State Highway Agency,457.0,45.81503333,-115.4877139,Embankment,Not a Collision with Motor Vehicle In-Transport,Not an Intersection,On Roadside,,Daylight,Clear,0,1,2005.0,0,0,NOT AVAILABLE,NOT AVAILABLE
2015,10389,Idaho,0,1,1,August,12,Wednesday,17,SR-14 N RED RIVER RD,State Highway,Rural,Major Collector,State Highway Agency,457.0,45.81503333,-115.4877139,Embankment,Not a Collision with Motor Vehicle In-Transport,Not an Intersection,On Roadside,,Daylight,Clear,0,0,2004.0,1,0,NOT AVAILABLE,NOT AVAILABLE
2015,10390,Idaho,0,1,1,August,12,Wednesday,19,I-184,Interstate,Urban,Principal Arterial - Other,State Highway Agency,485.0,43.61836389,-116.2136889,Concrete Traffic Barrier,Not a Collision with Motor Vehicle In-Transport,Not an Intersection,On Roadside,,Daylight,Clear,0,0,2004.0,1,0,NOT AVAILABLE,NOT AVAILABLE
2015,10391,Idaho,0,1,1,July,5,Sunday,16,2900 S,Unknown,Rural,Local,Not Reported,342.29392173189007,42.78280556,-114.7321444,Rollover/Overturn,Not a Collision with Motor Vehicle In-Transport,L-Intersection,Off Roadway-Location Unknown,,Daylight,Clear,0,0,2015.0,1,0,NOT AVAILABLE,NOT AVAILABLE
2015,10391,Idaho,0,1,1,July,5,Sunday,16,2900 S,Unknown,Rural,Local,Not Reported,342.29392173189007,42.78280556,-114.7321444,Rollover/Overturn,Not a Collision with Motor Vehicle In-Transport,L-Intersection,Off Roadway-Location Unknown,,Daylight,Clear,0,0,2009.0,0,0,NOT AVAILABLE,NOT AVAILABLE
2015,10392,Idaho,0,1,1,July,8,Wednesday,6,I-84,Interstate,Rural,Interstate,State Highway Agency,608.0,43.49188889,-116.1260694,Rollover/Overturn,Not a Collision with Motor Vehicle In-Transport,Not an Intersection,On Roadside,,Daylight,Clear,0,0,2006.0,1,0,NOT AVAILABLE,NOT AVAILABLE
2015,10393,Idaho,0,1,5,August,14,Friday,23,KNUDSEN BLVD,Local Street - Municipality,Urban,Local,City or Municipal Highway Agency,0.0,42.916925,-112.4752194,Fell/Jumped from Vehicle,Not a Collision with Motor Vehicle In-Transport,Not an Intersection,On Roadway,,Dark - Not Lighted,Clear,0,0,2004.0,0,0,NOT AVAILABLE,NOT AVAILABLE
2015,10393,Idaho,0,1,5,August,14,Friday,23,KNUDSEN BLVD,Local Street - Municipality,Urban,Local,City or Municipal Highway Agency,0.0,42.916925,-112.4752194,Fell/Jumped from Vehicle,Not a Collision with Motor Vehicle In-Transport,Not an Intersection,On Roadway,,Dark - Not Lighted,Clear,0,0,2003.0,1,0,NOT AVAILABLE,NOT AVAILABLE
2015,10394,Idaho,0,2,3,August,19,Wednesday,5,ROBINSON BOULEVARD,Local Street - Municipality,Rural,Local,City or Municipal Highway Agency,0.0,43.53220278,-116.4935194,Motor Vehicle In-Transport,Angle,Four-Way Intersection,On Roadway,,Dark - Lighted,Clear,0,0,2014.0,1,1,NOT AVAILABLE,NOT AVAILABLE
2015,10395,Idaho,0,1,4,August,16,Sunday,19,US-26,U.S. Highway,Rural,Principal Arterial - Other,State Highway Agency,2915.0,43.32761389,-112.5867583,Rollover/Overturn,Not a Collision with Motor Vehicle In-Transport,Not an Intersection,On Roadway,,Daylight,Clear,0,0,2000.0,0,0,NOT AVAILABLE,NOT AVAILABLE
2015,10395,Idaho,0,1,4,August,16,Sunday,19,US-26,U.S. Highway,Rural,Principal Arterial - Other,State Highway Agency,2915.0,43.32761389,-112.5867583,Rollover/Overturn,Not a Collision with Motor Vehicle In-Transport,Not an Intersection,On Roadway,,Daylight,Clear,0,0,2000.0,1,0,NOT AVAILABLE,NOT AVAILABLE
2015,10396,Idaho,0,1,1,August,22,Saturday,7,I-90,Interstate,Rural,Interstate,State Highway Agency,537.0,47.53424444,-116.0978528,Rollover/Overturn,Not a Collision with Motor Vehicle In-Transport,Not an Intersection,On Median,,Daylight,Clear,0,0,2004.0,1,0,NOT AVAILABLE,NOT AVAILABLE
2015,10397,Idaho,0,2,5,August,23,Sunday,9,US-95,U.S. Highway,Rural,Principal Arterial - Other,State Highway Agency,1580.0,44.96084444,-116.2425111,Live Animal,Not a Collision with Motor Vehicle In-Transport,Not an Intersection,On Roadway,,Daylight,Clear,0,0,2015.0,1,0,NOT AVAILABLE,NOT AVAILABLE
2015,10397,Idaho,0,2,5,August,23,Sunday,9,US-95,U.S. Highway,Rural,Principal Arterial - Other,State Highway Agency,1580.0,44.96084444,-116.2425111,Live Animal,Not a Collision with Motor Vehicle In-Transport,Not an Intersection,On Roadway,,Daylight,Clear,0,0,1999.0,0,0,NOT AVAILABLE,NOT AVAILABLE
2015,10398,Idaho,0,1,1,July,9,Thursday,12,S HILLYARD CANYON RD,Other,Rural,Local,Not Reported,0.0,42.09898056,-111.6220611,Ground,Not a Collision with Motor Vehicle In-Transport,Not an Intersection,On Roadside,,Daylight,Clear,0,0,1998.0,1,1,NOT AVAILABLE,NOT AVAILABLE
2015,10399,Idaho,0,1,1,July,9,Thursday,22,I-84 ON-RAMP,Interstate,Urban,Interstate,State Highway Agency,270.0,43.67684167,-116.6868444,Rollover/Overturn,Not a Collision with Motor Vehicle In-Transport,Not an Intersection,Gore,,Dark - Lighted,Cloudy,0,0,2013.0,0,0,NOT AVAILABLE,NOT AVAILABLE
2015,10400,Idaho,0,2,2,July,11,Saturday,6,US-93,U.S. Highway,Rural,Principal Arterial - Other,State Highway Agency,704.0,42.89354167,-114.4257583,Motor Vehicle In-Transport,Front-to-Front,Not an Intersection,On Roadway,,Dawn,Clear,0,0,2015.0,1,0,NOT AVAILABLE,NOT AVAILABLE
2015,10400,Idaho,0,2,2,July,11,Saturday,6,US-93,U.S. Highway,Rural,Principal Arterial - Other,State Highway Agency,704.0,42.89354167,-114.4257583,Motor Vehicle In-Transport,Front-to-Front,Not an Intersection,On Roadway,,Dawn,Clear,0,0,1999.0,0,0,NOT AVAILABLE,NOT AVAILABLE
2015,10401,Idaho,0,1,1,July,21,Tuesday,19,W FORK MOON GULCH RD,Other,Rural,Local,Not Reported,0.0,47.56705278,-116.0401528,Ground,Not a Collision with Motor Vehicle In-Transport,Not an Intersection,On Roadway,,Daylight,Clear,0,0,1998.0,1,1,NOT AVAILABLE,NOT AVAILABLE
2015,10401,Idaho,0,1,1,July,21,Tuesday,19,W FORK MOON GULCH RD,Other,Rural,Local,Not Reported,0.0,47.56705278,-116.0401528,Ground,Not a Collision with Motor Vehicle In-Transport,Not an Intersection,On Roadway,,Daylight,Clear,0,0,2014.0,0,0,NOT AVAILABLE,NOT AVAILABLE
2015,10402,Idaho,0,2,4,July,12,Sunday,18,4000 NORTH RD,Other,Rural,Local,County Highway Agency,0.0,42.57843056,-114.6727556,Motor Vehicle In-Transport,Angle,Four-Way Intersection,On Roadway,,Daylight,Clear,0,0,2000.0,1,0,NOT AVAILABLE,NOT AVAILABLE
2015,10403,Idaho,1,1,1,August,16,Sunday,3,I-84,Interstate,Rural,Interstate,State Highway Agency,678.0,43.40802778,-116.0220889,Pedestrian,Not a Collision with Motor Vehicle In-Transport,Not an Intersection,On Roadway,,Dark - Not Lighted,Cloudy,0,0,2008.0,1,0,NOT AVAILABLE,NOT AVAILABLE
2015,10403,Idaho,1,1,1,August,16,Sunday,3,I-84,Interstate,Rural,Interstate,State Highway Agency,678.0,43.40802778,-116.0220889,Pedestrian,Not a Collision with Motor Vehicle In-Transport,Not an Intersection,On Roadway,,Dark - Not Lighted,Cloudy,0,0,2008.0,0,0,NOT AVAILABLE,NOT AVAILABLE
2015,10404,Idaho,0,1,1,August,14,Friday,15,US-93,U.S. Highway,Rural,Principal Arterial - Other,State Highway Agency,3242.0,45.37886667,-113.9580611,Rollover/Overturn,Not a Collision with Motor Vehicle In-Transport,Not an Intersection,On Roadside,,Daylight,Clear,0,0,2009.0,1,1,NOT AVAILABLE,NOT AVAILABLE
2015,10405,Idaho,0,1,2,September,3,Thursday,1,SR-75,State Highway,Rural,Minor Arterial,State Highway Agency,1865.0,44.17563611,-114.9238833,Rollover/Overturn,Not a Collision with Motor Vehicle In-Transport,Not an Intersection,On Shoulder,,Dark - Not Lighted,Clear,0,0,2005.0,1,0,NOT AVAILABLE,NOT AVAILABLE
2015,10405,Idaho,0,1,2,September,3,Thursday,1,SR-75,State Highway,Rural,Minor Arterial,State Highway Agency,1865.0,44.17563611,-114.9238833,Rollover/Overturn,Not a Collision with Motor Vehicle In-Transport,Not an Intersection,On Shoulder,,Dark - Not Lighted,Clear,0,0,2001.0,0,0,NOT AVAILABLE,NOT AVAILABLE
2015,10406,Idaho,0,2,2,July,14,Tuesday,15,S FEDERAL WAY,Local Street - Municipality,Urban,Principal Arterial - Other,City or Municipal Highway Agency,21.0,43.56317778,-116.1729139,Motor Vehicle In-Transport,Angle,Four-Way Intersection,On Roadway,,Daylight,Clear,0,0,2004.0,1,0,NOT AVAILABLE,NOT AVAILABLE
2015,10407,Idaho,0,1,6,September,7,Monday,20,SR-22,State Highway,Rural,Major Collector,County Highway Agency,268.0,43.83485278,-112.8239806,Rollover/Overturn,Not a Collision with Motor Vehicle In-Transport,Not an Intersection,On Roadway,,Dark - Not Lighted,Clear,0,0,2013.0,1,1,NOT AVAILABLE,NOT AVAILABLE
2015,10408,Idaho,0,1,4,September,8,Tuesday,6,SR-45,State Highway,Rural,Principal Arterial - Other,County Highway Agency,129.0,43.37503889,-116.5886222,Rollover/Overturn,Not a Collision with Motor Vehicle In-Transport,Not an Intersection,On Roadside,,Dark - Not Lighted,Clear,0,0,2004.0,1,0,NOT AVAILABLE,NOT AVAILABLE
2015,10409,Idaho,0,2,6,July,17,Friday,22,I-15,Interstate,Rural,Interstate,State Highway Agency,1389.0,43.77605278,-112.1652,Motor Vehicle In-Transport,Front-to-Rear,Not an Intersection,On Roadway,,Dark - Not Lighted,Clear,0,0,1999.0,1,0,NOT AVAILABLE,NOT AVAILABLE
2015,10409,Idaho,0,2,6,July,17,Friday,22,I-15,Interstate,Rural,Interstate,State Highway Agency,1389.0,43.77605278,-112.1652,Motor Vehicle In-Transport,Front-to-Rear,Not an Intersection,On Roadway,,Dark - Not Lighted,Clear,0,0,2014.0,0,0,NOT AVAILABLE,NOT AVAILABLE
2015,10410,Idaho,0,1,1,July,11,Saturday,21,I-84,Interstate,Rural,Interstate,State Highway Agency,342.29392173189007,43.05100556,-115.5813222,Rollover/Overturn,Not a Collision with Motor Vehicle In-Transport,Not an Intersection,On Median,,Daylight,Rain,0,0,2002.0,1,0,NOT AVAILABLE,NOT AVAILABLE
2015,10410,Idaho,0,1,1,July,11,Saturday,21,I-84,Interstate,Rural,Interstate,State Highway Agency,342.29392173189007,43.05100556,-115.5813222,Rollover/Overturn,Not a Collision with Motor Vehicle In-Transport,Not an Intersection,On Median,,Daylight,Rain,0,0,2003.0,0,0,NOT AVAILABLE,NOT AVAILABLE
2015,10411,Idaho,0,2,4,July,19,Sunday,19,BOB BARTON RD,Local Street - Township,Rural,Major Collector,Town or Township Highway Agency,109.0,42.69531944,-114.57745,Motor Vehicle In-Transport,Angle,Four-Way Intersection,On Roadway,,Daylight,Clear,0,0,2010.0,0,0,NOT AVAILABLE,NOT AVAILABLE
2015,10411,Idaho,0,2,4,July,19,Sunday,19,BOB BARTON RD,Local Street - Township,Rural,Major Collector,Town or Township Highway Agency,109.0,42.69531944,-114.57745,Motor Vehicle In-Transport,Angle,Four-Way Intersection,On Roadway,,Daylight,Clear,0,0,2008.0,1,0,NOT AVAILABLE,NOT AVAILABLE
2015,10412,Idaho,0,1,5,July,21,Tuesday,13,I-84 W,Interstate,Rural,Interstate,State Highway Agency,679.0,37.74210318405405,-99.4177755663116,Guardrail Face,Not a Collision with Motor Vehicle In-Transport,Not an Intersection,On Median,,Daylight,Clear,0,0,2007.0,1,1,NOT AVAILABLE,NOT AVAILABLE
2015,10413,Idaho,0,1,2,July,18,Saturday,15,I-84,Interstate,Rural,Interstate,State Highway Agency,691.0,43.40134444,-116.0136528,Embankment,Not a Collision with Motor Vehicle In-Transport,Not an Intersection,On Roadside,,Daylight,Clear,0,1,2004.0,0,0,NOT AVAILABLE,NOT AVAILABLE
2015,10414,Idaho,0,2,2,August,24,Monday,17,I-15,Interstate,Rural,Interstate,State Highway Agency,988.0,43.31855833,-112.255975,Motor Vehicle In-Transport,Front-to-Rear,Not an Intersection,On Roadway,,Daylight,Clear,0,0,2010.0,0,0,NOT AVAILABLE,NOT AVAILABLE
2015,10415,Idaho,0,1,1,August,25,Tuesday,17,ELMIRA RD,Local Street - Municipality,Rural,Local,Not Reported,0.0,48.48484722,-116.4601472,Railway Vehicle,Not a Collision with Motor Vehicle In-Transport,Not an Intersection,On Roadway,,Daylight,Clear,0,0,2000.0,1,0,NOT AVAILABLE,NOT AVAILABLE
2015,10416,Idaho,0,1,1,August,29,Saturday,20,RIVER RD,Local Street - Municipality,Rural,Local,Not Reported,0.0,42.68910556,-114.8310861,Rollover/Overturn,Not a Collision with Motor Vehicle In-Transport,Not an Intersection,On Roadway,,Dark - Not Lighted,Clear,0,0,2010.0,1,0,NOT AVAILABLE,NOT AVAILABLE
2015,10416,Idaho,0,1,1,August,29,Saturday,20,RIVER RD,Local Street - Municipality,Rural,Local,Not Reported,0.0,42.68910556,-114.8310861,Rollover/Overturn,Not a Collision with Motor Vehicle In-Transport,Not an Intersection,On Roadway,,Dark - Not Lighted,Clear,0,0,2011.0,0,0,NOT AVAILABLE,NOT AVAILABLE
2015,10417,Idaho,0,1,1,July,23,Thursday,14,SR-57,State Highway,Rural,Major Collector,State Highway Agency,357.0,48.62153333,-116.9557528,Embankment,Not a Collision with Motor Vehicle In-Transport,Not an Intersection,On Roadside,,Daylight,Clear,0,0,1996.0,1,1,NOT AVAILABLE,NOT AVAILABLE