YEAR,ST_CASE,STATENAME,NUM_PEDS,NUM_VEHC,PERSONS,MONTHNAME,DAYNAME,DAY_WEEKNAME,HOUR,ROAD_NAME,ROUTENAME,RUR_URBNAME,FUNC_SYSNAME,RD_OWNERNAME,MILE_MARKER,LATITUDE,LONGITUD,HARM_EVNAME,COLLISION_TYPE,TYP_INTNAME,REL_ROADNAME,WRK_ZONENAME,LGT_CONDNAME,WEATHERNAME,SCH_BUS,HIT_RUN,MOD_YEAR,DEATHS,DR_DRINK,COUNTYNAME,CITYNAME
2015,10534,Illinois,0,1,1,February,6,Friday,19,BRADLEY AVE,Local Street - Municipality,Urban,Minor Arterial,City or Municipal Highway Agency,0.0,40.12726667,-88.23598889,Railway Vehicle,Not a Collision with Motor Vehicle In-Transport,Not an Intersection,On Roadway,,Dark - Lighted,Clear,0,0,1995.0,0,0,NOT AVAILABLE,NOT AVAILABLE
2015,10535,Illinois,1,1,1,February,5,Thursday,6,WESTERN AVE,Local Street - Municipality,Urban,Principal Arterial - Other,City or Municipal Highway Agency,0.0,41.63000833,-87.67665833,Pedestrian,Not a Collision with Motor Vehicle In-Transport,T-Intersection,On Roadway,,Dark - Not Lighted,Clear,0,0,1992.0,1,0,NOT AVAILABLE,NOT AVAILABLE
2015,10535,Illinois,1,1,1,February,5,Thursday,6,WESTERN AVE,Local Street - Municipality,Urban,Principal Arterial - Other,City or Municipal Highway Agency,0.0,41.63000833,-87.67665833,Pedestrian,Not a Collision with Motor Vehicle In-Transport,T-Intersection,On Roadway,,Dark - Not Lighted,Clear,0,0,2006.0,0,0,NOT AVAILABLE,NOT AVAILABLE
2015,10536,Illinois,0,2,2,February,22,Sunday,11,ANDREWS ST  (CR-32),Local Street - Municipality,Urban,Major Collector,County Highway Agency,0.0,39.71280278,-88.99741389,Motor Vehicle In-Transport,Angle,Four-Way Intersection,On Roadway,,Daylight,Clear,0,0,2007.0,1,1,NOT AVAILABLE,NOT AVAILABLE
2015,10537,Illinois,0,1,3,February,21,Saturday,24,FOREST DR,Local Street - Municipality,Urban,Local,City or Municipal Highway Agency,0.0,42.06612222,-88.309,Tree (Standing Only),Not a Collision with Motor Vehicle In-Transport,Not an Intersection,On Roadside,,Dark - Not Lighted,Clear,0,0,1999.0,0,0,NOT AVAILABLE,NOT AVAILABLE
2015,10537,Illinois,0,1,3,February,21,Saturday,24,FOREST DR,Local Street - Municipality,Urban,Local,City or Municipal Highway Agency,0.0,42.06612222,-88.309,Tree (Standing Only),Not a Collision with Motor Vehicle In-Transport,Not an Intersection,On Roadside,,Dark - Not Lighted,Clear,0,0,2003.0,1,0,NOT AVAILABLE,NOT AVAILABLE
2015,10537,Illinois,0,1,3,February,21,Saturday,24,FOREST DR,Local Street - Municipality,Urban,Local,City or Municipal Highway Agency,0.0,42.06612222,-88.309,Tree (Standing Only),Not a Collision with Motor Vehicle In-Transport,Not an Intersection,On Roadside,,Dark - Not Lighted,Clear,0,0,1999.0,0,0,NOT AVAILABLE,NOT AVAILABLE
2015,10538,Illinois,0,2,2,February,16,Monday,4,CENNTENNIAL EXPRESSWAY,Local Street - Municipality,Urban,Principal Arterial - Other,City or Municipal Highway Agency,0.0,41.43733056,-90.62058889,Motor Vehicle In-Transport,Angle,Four-Way Intersection,On Roadway,,Dark - Lighted,Clear,0,0,2007.0,1,0,NOT AVAILABLE,NOT AVAILABLE
2015,10538,Illinois,0,2,2,February,16,Monday,4,CENNTENNIAL EXPRESSWAY,Local Street - Municipality,Urban,Principal Arterial - Other,City or Municipal Highway Agency,0.0,41.43733056,-90.62058889,Motor Vehicle In-Transport,Angle,Four-Way Intersection,On Roadway,,Dark - Lighted,Clear,0,1,2004.0,0,0,NOT AVAILABLE,NOT AVAILABLE
2015,10539,Illinois,0,1,1,February,15,Sunday,2,SOUTHEAST AVE,Local Street - Municipality,Urban,Local,City or Municipal Highway Agency,0.0,41.1172,-87.86595556,Fence,Not a Collision with Motor Vehicle In-Transport,T-Intersection,On Roadside,,Dark - Lighted,Clear,0,0,2007.0,1,0,NOT AVAILABLE,NOT AVAILABLE
2015,10539,Illinois,0,1,1,February,15,Sunday,2,SOUTHEAST AVE,Local Street - Municipality,Urban,Local,City or Municipal Highway Agency,0.0,41.1172,-87.86595556,Fence,Not a Collision with Motor Vehicle In-Transport,T-Intersection,On Roadside,,Dark - Lighted,Clear,0,0,2015.0,0,0,NOT AVAILABLE,NOT AVAILABLE
2015,10540,Illinois,0,1,1,February,16,Monday,3,SR-165,State Highway,Rural,Major Collector,State Highway Agency,158.0,40.57319444,-88.63159444,Tree (Standing Only),Not a Collision with Motor Vehicle In-Transport,Not an Intersection,On Roadside,,Dark - Not Lighted,Clear,0,0,2001.0,1,1,NOT AVAILABLE,NOT AVAILABLE
2015,10541,Illinois,0,1,2,February,9,Monday,1,SR-3 (GREAT RIVER RD) (HWY 3),State Highway,Rural,Principal Arterial - Freeways,State Highway Agency,0.0,37.77764444,-89.49969722,Culvert,Not a Collision with Motor Vehicle In-Transport,Not an Intersection,On Roadside,,Dark - Not Lighted,Clear,0,0,2003.0,2,0,NOT AVAILABLE,NOT AVAILABLE
2015,10542,Illinois,1,1,2,January,29,Thursday,19,SR-176,State Highway,Urban,Principal Arterial - Other,State Highway Agency,238.0,42.26404722,-88.17898056,Pedestrian,Not a Collision with Motor Vehicle In-Transport,Four-Way Intersection,On Roadway,,Dark - Not Lighted,Clear,0,0,2007.0,1,1,NOT AVAILABLE,NOT AVAILABLE
2015,10543,Illinois,0,1,1,January,31,Saturday,13,PECK RD  (CR-84),Local Street - Municipality,Urban,Major Collector,City or Municipal Highway Agency,0.0,41.88811111,-88.35976389,Tree (Standing Only),Not a Collision with Motor Vehicle In-Transport,Not an Intersection,On Roadside,,Daylight,Clear,0,1,2006.0,0,0,NOT AVAILABLE,NOT AVAILABLE
2015,10544,Illinois,0,2,2,February,17,Tuesday,14,I-74,Interstate,Rural,Interstate,State Highway Agency,0.0,40.77539444,-89.75257222,Parked Motor Vehicle,Not a Collision with Motor Vehicle In-Transport,Not an Intersection,On Shoulder,,Daylight,Clear,0,0,2015.0,0,0,NOT AVAILABLE,NOT AVAILABLE
2015,10544,Illinois,0,2,2,February,17,Tuesday,14,I-74,Interstate,Rural,Interstate,State Highway Agency,0.0,40.77539444,-89.75257222,Parked Motor Vehicle,Not a Collision with Motor Vehicle In-Transport,Not an Intersection,On Shoulder,,Daylight,Clear,0,0,2003.0,1,0,NOT AVAILABLE,NOT AVAILABLE
2015,10545,Illinois,0,1,1,January,1,Thursday,12,US-12 (RAND RD),U.S. Highway,Urban,Principal Arterial - Other,State Highway Agency,111.0,42.40116667,-88.18413889,Curb,Not a Collision with Motor Vehicle In-Transport,Not an Intersection,On Roadside,,Daylight,Clear,0,0,1995.0,1,0,NOT AVAILABLE,NOT AVAILABLE
2015,10545,Illinois,0,1,1,January,1,Thursday,12,US-12 (RAND RD),U.S. Highway,Urban,Principal Arterial - Other,State Highway Agency,111.0,42.40116667,-88.18413889,Curb,Not a Collision with Motor Vehicle In-Transport,Not an Intersection,On Roadside,,Daylight,Clear,0,0,1991.0,0,0,NOT AVAILABLE,NOT AVAILABLE
2015,10546,Illinois,1,1,1,January,2,Friday,19,26TH ST,Local Street - Municipality,Urban,Major Collector,City or Municipal Highway Agency,0.0,41.49153611,-87.66883889,Pedestrian,Not a Collision with Motor Vehicle In-Transport,Not an Intersection,On Roadway,,Dark - Not Lighted,Clear,0,0,2012.0,1,0,NOT AVAILABLE,NOT AVAILABLE
2015,10546,Illinois,1,1,1,January,2,Friday,19,26TH ST,Local Street - Municipality,Urban,Major Collector,City or Municipal Highway Agency,0.0,41.49153611,-87.66883889,Pedestrian,Not a Collision with Motor Vehicle In-Transport,Not an Intersection,On Roadway,,Dark - Not Lighted,Clear,0,0,2015.0,0,0,NOT AVAILABLE,NOT AVAILABLE
2015,10547,Illinois,0,3,3,January,14,Wednesday,11,SR-171  (1ST AVE),State Highway,Urban,Principal Arterial - Other,State Highway Agency,0.0,41.91129167,-87.83508056,Motor Vehicle In-Transport,Angle,T-Intersection,On Roadway,,Daylight,Clear,0,0,2005.0,0,0,NOT AVAILABLE,NOT AVAILABLE
2015,10548,Illinois,0,1,1,January,12,Monday,15,CURTIS RD,Local Street - Township,Rural,Major Collector,County Highway Agency,0.0,40.069125,-88.21026111,Utility Pole/Light Support,Not a Collision with Motor Vehicle In-Transport,Not an Intersection,On Roadside,,Daylight,Severe Crosswinds,0,0,1987.0,1,0,NOT AVAILABLE,NOT AVAILABLE
2015,10548,Illinois,0,1,1,January,12,Monday,15,CURTIS RD,Local Street - Township,Rural,Major Collector,County Highway Agency,0.0,40.069125,-88.21026111,Utility Pole/Light Support,Not a Collision with Motor Vehicle In-Transport,Not an Intersection,On Roadside,,Daylight,Severe Crosswinds,0,0,1997.0,0,0,NOT AVAILABLE,NOT AVAILABLE
2015,10549,Illinois,0,2,2,January,19,Monday,18,SR-26,State Highway,Rural,Major Collector,State Highway Agency,0.0,40.86678056,-89.44397778,Motor Vehicle In-Transport,Front-to-Front,Not an Intersection,On Roadway,,Dark - Not Lighted,Rain,0,0,1998.0,1,0,NOT AVAILABLE,NOT AVAILABLE
2015,10549,Illinois,0,2,2,January,19,Monday,18,SR-26,State Highway,Rural,Major Collector,State Highway Agency,0.0,40.86678056,-89.44397778,Motor Vehicle In-Transport,Front-to-Front,Not an Intersection,On Roadway,,Dark - Not Lighted,Rain,0,0,2002.0,0,0,NOT AVAILABLE,NOT AVAILABLE
2015,10549,Illinois,0,2,2,January,19,Monday,18,SR-26,State Highway,Rural,Major Collector,State Highway Agency,0.0,40.86678056,-89.44397778,Motor Vehicle In-Transport,Front-to-Front,Not an Intersection,On Roadway,,Dark - Not Lighted,Rain,0,0,2012.0,0,0,NOT AVAILABLE,NOT AVAILABLE
2015,10549,Illinois,0,2,2,January,19,Monday,18,SR-26,State Highway,Rural,Major Collector,State Highway Agency,0.0,40.86678056,-89.44397778,Motor Vehicle In-Transport,Front-to-Front,Not an Intersection,On Roadway,,Dark - Not Lighted,Rain,0,0,2007.0,0,0,NOT AVAILABLE,NOT AVAILABLE
2015,10550,Illinois,1,1,1,January,16,Friday,17,NORTH ST,Local Street - Municipality,Urban,Principal Arterial - Other,City or Municipal Highway Agency,0.0,41.42468333,-87.98705278,Non-Motorist on Personal Conveyance,Not a Collision with Motor Vehicle In-Transport,Not an Intersection,On Roadway,,Dark - Not Lighted,Clear,0,0,2014.0,0,0,NOT AVAILABLE,NOT AVAILABLE
2015,10551,Illinois,0,3,4,February,20,Friday,15,SR-72,State Highway,Rural,Principal Arterial - Other,State Highway Agency,777.0,42.09931389,-88.39682222,Motor Vehicle In-Transport,Front-to-Front,Not an Intersection,On Roadway,,Daylight,Cloudy,0,0,1996.0,1,0,NOT AVAILABLE,NOT AVAILABLE
2015,10552,Illinois,0,1,1,February,25,Wednesday,16,LILY POND RD,Local Street - Township,Rural,Local,Town or Township Highway Agency,0.0,42.28189722,-88.38833333,Railway Vehicle,Not a Collision with Motor Vehicle In-Transport,Not an Intersection,On Roadway,,Dusk,Snow,0,0,2008.0,0,0,NOT AVAILABLE,NOT AVAILABLE
2015,10553,Illinois,0,2,2,February,26,Thursday,4,SR-31,State Highway,Rural,Principal Arterial - Other,State Highway Agency,544.0,42.39844167,-88.29988333,Motor Vehicle In-Transport,Angle,Not an Intersection,On Shoulder,,Dark - Not Lighted,Snow,0,0,2008.0,0,1,NOT AVAILABLE,NOT AVAILABLE
2015,10553,Illinois,0,2,2,February,26,Thursday,4,SR-31,State Highway,Rural,Principal Arterial - Other,State Highway Agency,544.0,42.39844167,-88.29988333,Motor Vehicle In-Transport,Angle,Not an Intersection,On Shoulder,,Dark - Not Lighted,Snow,0,0,2005.0,1,0,NOT AVAILABLE,NOT AVAILABLE
2015,10554,Illinois,1,1,0,February,21,Saturday,15,CHERRY ST,Local Street - Municipality,Urban,Local,City or Municipal Highway Agency,0.0,41.24061111,-87.82240278,Pedestrian,Not a Collision with Motor Vehicle In-Transport,Not an Intersection,On Roadway,,Daylight,Clear,0,0,2003.0,1,0,NOT AVAILABLE,NOT AVAILABLE
2015,10554,Illinois,1,1,0,February,21,Saturday,15,CHERRY ST,Local Street - Municipality,Urban,Local,City or Municipal Highway Agency,0.0,41.24061111,-87.82240278,Pedestrian,Not a Collision with Motor Vehicle In-Transport,Not an Intersection,On Roadway,,Daylight,Clear,0,0,1997.0,0,0,NOT AVAILABLE,NOT AVAILABLE
2015,10555,Illinois,0,3,5,February,22,Sunday,2,PULASKI RD,Local Street - Municipality,Urban,Minor Arterial,City or Municipal Highway Agency,0.0,41.93235,-87.72698056,Motor Vehicle In-Transport,Sideswipe - Same Direction,Not an Intersection,On Roadway,,Dark - Lighted,Clear,0,0,2006.0,1,0,NOT AVAILABLE,NOT AVAILABLE
2015,10556,Illinois,0,1,1,March,7,Saturday,18,CR-12,County Road,Rural,Local,County Highway Agency,0.0,38.26879444,-89.66144444,Rollover/Overturn,Not a Collision with Motor Vehicle In-Transport,Not an Intersection,On Roadside,,Dusk,Clear,0,0,2015.0,1,0,NOT AVAILABLE,NOT AVAILABLE
2015,10557,Illinois,0,2,1,March,7,Saturday,23,9TH,Local Street - Municipality,Urban,Local,City or Municipal Highway Agency,0.0,39.93347778,-91.40167222,"Other Post, Other Pole or Other Supports",Not a Collision with Motor Vehicle In-Transport,Not an Intersection,Outside Trafficway,,Dark - Lighted,Clear,0,0,1992.0,1,1,NOT AVAILABLE,NOT AVAILABLE
2015,10558,Illinois,1,2,2,March,7,Saturday,1,I-55,Interstate,Rural,Interstate,State Highway Agency,2666.0,41.68051111,-88.07632778,Pedestrian,Not a Collision with Motor Vehicle In-Transport,Not an Intersection,On Roadway,,Dark - Lighted,Clear,0,0,1997.0,1,0,NOT AVAILABLE,NOT AVAILABLE
2015,10559,Illinois,0,1,5,March,7,Saturday,2,FARNSWORTH AVE,Local Street - Municipality,Urban,Principal Arterial - Other,City or Municipal Highway Agency,0.0,41.76320833,-88.28159444,Curb,Not a Collision with Motor Vehicle In-Transport,Not an Intersection,On Roadside,,Dark - Lighted,Clear,0,1,2004.0,0,0,NOT AVAILABLE,NOT AVAILABLE
2015,10560,Illinois,0,1,2,March,7,Saturday,6,DIVISION ST,Local Street - Municipality,Urban,Major Collector,City or Municipal Highway Agency,0.0,41.90351111,-87.65624444,Utility Pole/Light Support,Not a Collision with Motor Vehicle In-Transport,Not an Intersection,On Roadside,,Dawn,Clear,0,0,2012.0,1,0,NOT AVAILABLE,NOT AVAILABLE
2015,10560,Illinois,0,1,2,March,7,Saturday,6,DIVISION ST,Local Street - Municipality,Urban,Major Collector,City or Municipal Highway Agency,0.0,41.90351111,-87.65624444,Utility Pole/Light Support,Not a Collision with Motor Vehicle In-Transport,Not an Intersection,On Roadside,,Dawn,Clear,0,0,2006.0,0,0,NOT AVAILABLE,NOT AVAILABLE
2015,10561,Illinois,0,1,1,March,12,Thursday,14,SR-84 (WALLER RD)(GREAT RIVER),State Highway,Rural,Principal Arterial - Freeways,State Highway Agency,382.0,41.87474167,-90.14121667,Embankment,Not a Collision with Motor Vehicle In-Transport,Not an Intersection,On Roadside,,Daylight,Clear,0,0,2003.0,1,0,NOT AVAILABLE,NOT AVAILABLE
2015,10562,Illinois,1,1,1,February,27,Friday,24,WOOD ST,Local Street - Municipality,Urban,Minor Arterial,City or Municipal Highway Agency,0.0,41.60599722,-87.66076944,Pedestrian,Not a Collision with Motor Vehicle In-Transport,Not an Intersection,On Roadway,,Dark - Not Lighted,"Fog, Smog, Smoke",0,0,2009.0,1,0,NOT AVAILABLE,NOT AVAILABLE
2015,10562,Illinois,1,1,1,February,27,Friday,24,WOOD ST,Local Street - Municipality,Urban,Minor Arterial,City or Municipal Highway Agency,0.0,41.60599722,-87.66076944,Pedestrian,Not a Collision with Motor Vehicle In-Transport,Not an Intersection,On Roadway,,Dark - Not Lighted,"Fog, Smog, Smoke",0,0,2006.0,0,0,NOT AVAILABLE,NOT AVAILABLE
2015,10562,Illinois,1,1,1,February,27,Friday,24,WOOD ST,Local Street - Municipality,Urban,Minor Arterial,City or Municipal Highway Agency,0.0,41.60599722,-87.66076944,Pedestrian,Not a Collision with Motor Vehicle In-Transport,Not an Intersection,On Roadway,,Dark - Not Lighted,"Fog, Smog, Smoke",0,0,2011.0,0,0,NOT AVAILABLE,NOT AVAILABLE
2015,10563,Illinois,0,2,4,March,15,Sunday,5,I-294 (TRISTATE TOLL),Interstate,Urban,Interstate,State Highway Agency,91.0,42.03330278,-87.86673333,Vehicle Strikes Cargo from Other Vehicle,Other,Not an Intersection,On Roadway,,Dark - Lighted,Clear,0,0,1999.0,1,0,NOT AVAILABLE,NOT AVAILABLE
2015,10564,Illinois,0,1,1,March,13,Friday,7,US-51,U.S. Highway,Rural,Principal Arterial - Freeways,State Highway Agency,0.0,40.36257778,-88.98930556,Tree (Standing Only),Not a Collision with Motor Vehicle In-Transport,Not an Intersection,On Roadside,,Daylight,Clear,0,0,2015.0,0,0,NOT AVAILABLE,NOT AVAILABLE
2015,10565,Illinois,0,2,2,March,16,Monday,22,BUNN ST,Local Street - Municipality,Urban,Major Collector,City or Municipal Highway Agency,0.0,40.46676389,-88.98180278,Motor Vehicle In-Transport,Angle,Four-Way Intersection,On Roadway,,Dark - Lighted,Clear,0,0,2013.0,0,0,NOT AVAILABLE,NOT AVAILABLE
2015,10566,Illinois,0,2,2,January,16,Friday,9,SR-130,State Highway,Rural,Minor Arterial,State Highway Agency,0.0,38.78707778,-88.09447222,Motor Vehicle In-Transport,Front-to-Front,Not an Intersection,On Roadway,,Daylight,Clear,0,0,2002.0,1,0,NOT AVAILABLE,NOT AVAILABLE
2015,10567,Illinois,0,1,1,January,5,Monday,14,SANDUSKY RD,Local Street - Township,Rural,Minor Collector,Town or Township Highway Agency,0.0,37.20331944,-89.25714722,Immersion or Partial Immersion,Not a Collision with Motor Vehicle In-Transport,Not an Intersection,On Roadway,,Daylight,Clear,0,0,2003.0,0,0,NOT AVAILABLE,NOT AVAILABLE
2015,10567,Illinois,0,1,1,January,5,Monday,14,SANDUSKY RD,Local Street - Township,Rural,Minor Collector,Town or Township Highway Agency,0.0,37.20331944,-89.25714722,Immersion or Partial Immersion,Not a Collision with Motor Vehicle In-Transport,Not an Intersection,On Roadway,,Daylight,Clear,0,0,2012.0,1,0,NOT AVAILABLE,NOT AVAILABLE
2015,10568,Illinois,0,2,2,April,8,Wednesday,16,I-55,Interstate,Urban,Interstate,State Highway Agency,2593.0,41.60965278,-88.16316944,Motor Vehicle In-Transport,Front-to-Rear,Not an Intersection,On Roadway,,Daylight,Clear,0,0,2008.0,1,0,NOT AVAILABLE,NOT AVAILABLE
2015,10569,Illinois,0,1,3,April,7,Tuesday,3,BEARSDALE RD (CR-39),Local Street - Township,Urban,Local,County Highway Agency,0.0,39.87554167,-89.01143056,Embankment,Not a Collision with Motor Vehicle In-Transport,T-Intersection,On Roadside,,Dark - Not Lighted,Clear,0,1,2004.0,0,0,NOT AVAILABLE,NOT AVAILABLE
2015,10570,Illinois,0,1,1,March,22,Sunday,2,SR-9  (CR-1900),State Highway,Rural,Minor Arterial,State Highway Agency,0.0,40.59351111,-91.13763889,Tree (Standing Only),Not a Collision with Motor Vehicle In-Transport,T-Intersection,On Roadside,,Dark - Not Lighted,Clear,0,0,2006.0,1,1,NOT AVAILABLE,NOT AVAILABLE
2015,10570,Illinois,0,1,1,March,22,Sunday,2,SR-9  (CR-1900),State Highway,Rural,Minor Arterial,State Highway Agency,0.0,40.59351111,-91.13763889,Tree (Standing Only),Not a Collision with Motor Vehicle In-Transport,T-Intersection,On Roadside,,Dark - Not Lighted,Clear,0,0,2002.0,0,0,NOT AVAILABLE,NOT AVAILABLE
2015,10571,Illinois,0,1,2,April,9,Thursday,11,TOWNLINE RD,Local Street - Township,Rural,Major Collector,County Highway Agency,0.0,40.47914444,-89.72101111,Ditch,Not a Collision with Motor Vehicle In-Transport,Not an Intersection,On Roadside,,Daylight,Clear,0,0,2007.0,1,1,NOT AVAILABLE,NOT AVAILABLE
2015,10571,Illinois,0,1,2,April,9,Thursday,11,TOWNLINE RD,Local Street - Township,Rural,Major Collector,County Highway Agency,0.0,40.47914444,-89.72101111,Ditch,Not a Collision with Motor Vehicle In-Transport,Not an Intersection,On Roadside,,Daylight,Clear,0,0,2012.0,0,0,NOT AVAILABLE,NOT AVAILABLE
2015,10572,Illinois,0,2,2,March,16,Monday,10,SR-125,State Highway,Urban,Minor Arterial,State Highway Agency,223.0,39.89925833,-90.05062222,Motor Vehicle In-Transport,Angle,Four-Way Intersection,On Roadway,,Daylight,Clear,0,0,2004.0,1,0,NOT AVAILABLE,NOT AVAILABLE
2015,10573,Illinois,0,1,1,April,14,Tuesday,5,GORMAN RD,Local Street - Township,Rural,Local,County Highway Agency,0.0,41.21033333,-88.34081667,Ditch,Not a Collision with Motor Vehicle In-Transport,Not an Intersection,On Roadside,,Dark - Not Lighted,Clear,0,0,1996.0,1,1,NOT AVAILABLE,NOT AVAILABLE
2015,10574,Illinois,0,1,1,March,15,Sunday,8,CR-1  (KASKASKIA RD),County Road,Rural,Major Collector,County Highway Agency,0.0,38.28363889,-90.14123056,Culvert,Not a Collision with Motor Vehicle In-Transport,Not an Intersection,On Roadside,,Daylight,Clear,0,0,2011.0,1,1,NOT AVAILABLE,NOT AVAILABLE
2015,10575,Illinois,0,1,1,March,30,Monday,1,BASELINE,Local Street - Township,Rural,Local,Town or Township Highway Agency,0.0,42.06592222,-88.85382778,Utility Pole/Light Support,Not a Collision with Motor Vehicle In-Transport,Not an Intersection,On Roadside,,Dark - Lighted,Clear,0,0,2007.0,1,1,NOT AVAILABLE,NOT AVAILABLE
2015,10576,Illinois,0,1,1,March,26,Thursday,14,SR-143 (SCHNERT ST),State Highway,Rural,Minor Arterial,State Highway Agency,0.0,38.77967222,-89.59964167,Railway Vehicle,Not a Collision with Motor Vehicle In-Transport,Not an Intersection,On Roadway,,Daylight,Clear,0,0,1997.0,1,1,NOT AVAILABLE,NOT AVAILABLE
2015,10577,Illinois,0,1,1,March,19,Thursday,12,I-55 (STEVENSON EXPRESSWAY),Interstate,Urban,Interstate,State Highway Agency,2937.0,41.84795278,-87.61771111,Fire/Explosion,Not a Collision with Motor Vehicle In-Transport,Not an Intersection,On Roadway,,Daylight,Clear,0,0,2014.0,1,0,NOT AVAILABLE,NOT AVAILABLE
2015,10577,Illinois,0,1,1,March,19,Thursday,12,I-55 (STEVENSON EXPRESSWAY),Interstate,Urban,Interstate,State Highway Agency,2937.0,41.84795278,-87.61771111,Fire/Explosion,Not a Collision with Motor Vehicle In-Transport,Not an Intersection,On Roadway,,Daylight,Clear,0,0,1998.0,0,0,NOT AVAILABLE,NOT AVAILABLE
2015,10578,Illinois,0,1,1,February,26,Thursday,7,CR-005 (TOWN CREEK),County Road,Rural,Major Collector,County Highway Agency,0.0,37.74228056,-89.41458889,Guardrail Face,Not a Collision with Motor Vehicle In-Transport,Not an Intersection,On Roadside,,Unknown,Clear,0,0,2015.0,0,0,NOT AVAILABLE,NOT AVAILABLE
2015,10578,Illinois,0,1,1,February,26,Thursday,7,CR-005 (TOWN CREEK),County Road,Rural,Major Collector,County Highway Agency,0.0,37.74228056,-89.41458889,Guardrail Face,Not a Collision with Motor Vehicle In-Transport,Not an Intersection,On Roadside,,Unknown,Clear,0,0,1996.0,1,0,NOT AVAILABLE,NOT AVAILABLE
2015,10579,Illinois,0,1,1,March,30,Monday,19,US-30  (LINCOLN AVE),U.S. Highway,Urban,Minor Arterial,State Highway Agency,0.0,41.76944722,-88.62297222,Rollover/Overturn,Not a Collision with Motor Vehicle In-Transport,Not an Intersection,On Roadside,,Dark - Not Lighted,Clear,0,0,2005.0,1,0,NOT AVAILABLE,NOT AVAILABLE
2015,10580,Illinois,0,1,1,March,30,Monday,13,US-30  (LINCOLN ST),U.S. Highway,Urban,Minor Arterial,State Highway Agency,747.0,41.76938333,-88.786725,Embankment,Not a Collision with Motor Vehicle In-Transport,Not an Intersection,On Roadside,,Daylight,Clear,0,0,2000.0,0,0,NOT AVAILABLE,NOT AVAILABLE
2015,10580,Illinois,0,1,1,March,30,Monday,13,US-30  (LINCOLN ST),U.S. Highway,Urban,Minor Arterial,State Highway Agency,747.0,41.76938333,-88.786725,Embankment,Not a Collision with Motor Vehicle In-Transport,Not an Intersection,On Roadside,,Daylight,Clear,0,0,2008.0,1,0,NOT AVAILABLE,NOT AVAILABLE
2015,10581,Illinois,0,1,1,March,26,Thursday,8,MOLINE RD,Local Street - Municipality,Rural,Minor Collector,Town or Township Highway Agency,0.0,41.63299167,-90.13261944,"Other Post, Other Pole or Other Supports",Not a Collision with Motor Vehicle In-Transport,Four-Way Intersection,On Roadside,,Dark - Lighted,Clear,0,0,2003.0,1,0,NOT AVAILABLE,NOT AVAILABLE
2015,10582,Illinois,0,1,1,March,24,Tuesday,17,SR-23,State Highway,Rural,Minor Arterial,State Highway Agency,812.0,41.86938333,-88.75379167,Guardrail Face,Not a Collision with Motor Vehicle In-Transport,Not an Intersection,On Roadside,,Daylight,Clear,0,0,2014.0,0,0,NOT AVAILABLE,NOT AVAILABLE
2015,10583,Illinois,0,1,1,March,22,Sunday,16,KIRK RD,Local Street - Municipality,Urban,Local,City or Municipal Highway Agency,0.0,41.92394167,-88.27374167,Other Fixed Object,Not a Collision with Motor Vehicle In-Transport,Not an Intersection,Outside Trafficway,,Daylight,Cloudy,0,0,2004.0,1,0,NOT AVAILABLE,NOT AVAILABLE
2015,10583,Illinois,0,1,1,March,22,Sunday,16,KIRK RD,Local Street - Municipality,Urban,Local,City or Municipal Highway Agency,0.0,41.92394167,-88.27374167,Other Fixed Object,Not a Collision with Motor Vehicle In-Transport,Not an Intersection,Outside Trafficway,,Daylight,Cloudy,0,0,2006.0,0,0,NOT AVAILABLE,NOT AVAILABLE
2015,10584,Illinois,0,1,1,March,22,Sunday,2,I-74,Interstate,Urban,Interstate,State Highway Agency,1009.0,40.62101111,-89.48588889,Rollover/Overturn,Not a Collision with Motor Vehicle In-Transport,Not an Intersection,On Roadside,Construction,Dark - Lighted,Clear,0,1,2014.0,0,0,NOT AVAILABLE,NOT AVAILABLE
2015,10584,Illinois,0,1,1,March,22,Sunday,2,I-74,Interstate,Urban,Interstate,State Highway Agency,1009.0,40.62101111,-89.48588889,Rollover/Overturn,Not a Collision with Motor Vehicle In-Transport,Not an Intersection,On Roadside,Construction,Dark - Lighted,Clear,0,0,2001.0,1,0,NOT AVAILABLE,NOT AVAILABLE
2015,10585,Illinois,0,1,3,April,9,Thursday,2,I-155,Interstate,Rural,Interstate,State Highway Agency,70.0,40.26267222,-89.46126389,Guardrail Face,Not a Collision with Motor Vehicle In-Transport,Not an Intersection,On Roadside,,Dark - Not Lighted,Rain,0,0,2014.0,0,0,NOT AVAILABLE,NOT AVAILABLE
2015,10586,Illinois,0,1,1,April,7,Tuesday,12,CR-16 (KENTVILLE RD)(750 AVE),County Road,Rural,Major Collector,County Highway Agency,0.0,41.255975,-89.76083333,Ditch,Not a Collision with Motor Vehicle In-Transport,Not an Intersection,On Roadside,,Daylight,Clear,0,0,1992.0,1,0,NOT AVAILABLE,NOT AVAILABLE