YEAR,ST_CASE,STATENAME,NUM_PEDS,NUM_VEHC,PERSONS,MONTHNAME,DAYNAME,DAY_WEEKNAME,HOUR,ROAD_NAME,ROUTENAME,RUR_URBNAME,FUNC_SYSNAME,RD_OWNERNAME,MILE_MARKER,LATITUDE,LONGITUD,HARM_EVNAME,COLLISION_TYPE,TYP_INTNAME,REL_ROADNAME,WRK_ZONENAME,LGT_CONDNAME,WEATHERNAME,SCH_BUS,HIT_RUN,MOD_YEAR,DEATHS,DR_DRINK,COUNTYNAME,CITYNAME
2015,10758,Illinois,0,1,1,June,11,Thursday,9,BASELINE RD,Local Street - Township,Rural,Local,Town or Township Highway Agency,0.0,42.06543056,-88.90185556,Rollover/Overturn,Not a Collision with Motor Vehicle In-Transport,Not an Intersection,On Roadway,,Daylight,Clear,0,0,1997.0,0,0,NOT AVAILABLE,NOT AVAILABLE
2015,10758,Illinois,0,1,1,June,11,Thursday,9,BASELINE RD,Local Street - Township,Rural,Local,Town or Township Highway Agency,0.0,42.06543056,-88.90185556,Rollover/Overturn,Not a Collision with Motor Vehicle In-Transport,Not an Intersection,On Roadway,,Daylight,Clear,0,0,1998.0,0,0,NOT AVAILABLE,NOT AVAILABLE
2015,10759,Illinois,1,1,3,February,4,Wednesday,1,79TH ST,Local Street - Municipality,Urban,Minor Arterial,City or Municipal Highway Agency,0.0,41.75188333,-87.55598056,Pedestrian,Not a Collision with Motor Vehicle In-Transport,Not an Intersection,On Roadway,,Dark - Not Lighted,Cloudy,0,0,2011.0,1,1,NOT AVAILABLE,NOT AVAILABLE
2015,10760,Illinois,1,1,1,January,1,Thursday,2,DIVISION ST,Local Street - Municipality,Urban,Major Collector,City or Municipal Highway Agency,0.0,41.90241944,-87.74514167,Pedalcyclist,Not a Collision with Motor Vehicle In-Transport,Not an Intersection,On Roadway,,Dark - Lighted,Clear,0,0,2012.0,0,0,NOT AVAILABLE,NOT AVAILABLE
2015,10760,Illinois,1,1,1,January,1,Thursday,2,DIVISION ST,Local Street - Municipality,Urban,Major Collector,City or Municipal Highway Agency,0.0,41.90241944,-87.74514167,Pedalcyclist,Not a Collision with Motor Vehicle In-Transport,Not an Intersection,On Roadway,,Dark - Lighted,Clear,0,0,2008.0,2,0,NOT AVAILABLE,NOT AVAILABLE
2015,10761,Illinois,1,1,1,January,2,Friday,13,CLARK ST,Local Street - Municipality,Urban,Minor Arterial,City or Municipal Highway Agency,0.0,42.01874722,-87.67604167,Pedestrian,Not a Collision with Motor Vehicle In-Transport,Not an Intersection,On Roadway,,Daylight,Clear,0,0,2013.0,1,0,NOT AVAILABLE,NOT AVAILABLE
2015,10761,Illinois,1,1,1,January,2,Friday,13,CLARK ST,Local Street - Municipality,Urban,Minor Arterial,City or Municipal Highway Agency,0.0,42.01874722,-87.67604167,Pedestrian,Not a Collision with Motor Vehicle In-Transport,Not an Intersection,On Roadway,,Daylight,Clear,0,0,2014.0,0,0,NOT AVAILABLE,NOT AVAILABLE
2015,10762,Illinois,1,1,1,January,16,Friday,6,ADDISON ST,Local Street - Municipality,Urban,Major Collector,State Highway Agency,0.0,41.9465,-87.7178,Pedestrian,Not a Collision with Motor Vehicle In-Transport,Four-Way Intersection,On Roadway,,Dark - Not Lighted,Clear,0,0,2003.0,1,1,NOT AVAILABLE,NOT AVAILABLE
2015,10762,Illinois,1,1,1,January,16,Friday,6,ADDISON ST,Local Street - Municipality,Urban,Major Collector,State Highway Agency,0.0,41.9465,-87.7178,Pedestrian,Not a Collision with Motor Vehicle In-Transport,Four-Way Intersection,On Roadway,,Dark - Not Lighted,Clear,0,0,2004.0,1,0,NOT AVAILABLE,NOT AVAILABLE
2015,10763,Illinois,0,1,1,January,20,Tuesday,10,CENTRAL PARK AVE,Local Street - Municipality,Urban,Major Collector,City or Municipal Highway Agency,0.0,41.85912222,-87.71519444,Tree (Standing Only),Not a Collision with Motor Vehicle In-Transport,Not an Intersection,On Roadside,,Daylight,Clear,0,0,2003.0,1,0,NOT AVAILABLE,NOT AVAILABLE
2015,10763,Illinois,0,1,1,January,20,Tuesday,10,CENTRAL PARK AVE,Local Street - Municipality,Urban,Major Collector,City or Municipal Highway Agency,0.0,41.85912222,-87.71519444,Tree (Standing Only),Not a Collision with Motor Vehicle In-Transport,Not an Intersection,On Roadside,,Daylight,Clear,0,0,2007.0,0,0,NOT AVAILABLE,NOT AVAILABLE
2015,10764,Illinois,0,1,1,January,31,Saturday,24,111TH ST,Local Street - Municipality,Urban,Minor Arterial,State Highway Agency,0.0,41.69226111,-87.64984444,Utility Pole/Light Support,Not a Collision with Motor Vehicle In-Transport,Not an Intersection,On Roadside,,Dark - Lighted,Clear,0,0,2001.0,1,0,NOT AVAILABLE,NOT AVAILABLE
2015,10765,Illinois,0,2,3,January,25,Sunday,22,ASHLAND AVE,Local Street - Municipality,Urban,Local,City or Municipal Highway Agency,0.0,41.75583611,-87.66357222,Motor Vehicle In-Transport,Angle,Four-Way Intersection,On Roadway,,Dark - Lighted,Other,0,0,1998.0,1,0,NOT AVAILABLE,NOT AVAILABLE
2015,10766,Illinois,1,1,1,April,5,Sunday,13,74TH ST,Local Street - Municipality,Urban,Major Collector,City or Municipal Highway Agency,0.0,41.75960278,-87.65443611,Pedalcyclist,Not a Collision with Motor Vehicle In-Transport,Not an Intersection,On Roadway,,Daylight,Clear,0,1,2008.0,0,0,NOT AVAILABLE,NOT AVAILABLE
2015,10767,Illinois,0,1,2,April,4,Saturday,3,115TH ST,Local Street - Municipality,Urban,Major Collector,City or Municipal Highway Agency,0.0,41.68545556,-87.61106389,Traffic Signal Support,Not a Collision with Motor Vehicle In-Transport,T-Intersection,On Roadside,,Dark - Lighted,Clear,0,0,1995.0,1,0,NOT AVAILABLE,NOT AVAILABLE
2015,10767,Illinois,0,1,2,April,4,Saturday,3,115TH ST,Local Street - Municipality,Urban,Major Collector,City or Municipal Highway Agency,0.0,41.68545556,-87.61106389,Traffic Signal Support,Not a Collision with Motor Vehicle In-Transport,T-Intersection,On Roadside,,Dark - Lighted,Clear,0,0,2001.0,0,0,NOT AVAILABLE,NOT AVAILABLE
2015,10768,Illinois,1,1,1,June,2,Tuesday,21,ASHLAND AVE,Local Street - Municipality,Urban,Minor Arterial,City or Municipal Highway Agency,0.0,41.77751667,-87.66417778,Pedestrian,Not a Collision with Motor Vehicle In-Transport,Not an Intersection,On Roadway,,Dark - Lighted,Clear,0,0,1995.0,1,1,NOT AVAILABLE,NOT AVAILABLE
2015,10769,Illinois,0,2,3,April,13,Monday,20,W 16TH ST,Local Street - Municipality,Urban,Local,City or Municipal Highway Agency,0.0,41.85985,-87.65092778,Motor Vehicle In-Transport,Angle,T-Intersection,On Roadway,,Dark - Not Lighted,Clear,0,0,2015.0,0,0,NOT AVAILABLE,NOT AVAILABLE
2015,10770,Illinois,0,2,6,April,12,Sunday,14,ASHLAND AVE,Local Street - Municipality,Urban,Minor Arterial,City or Municipal Highway Agency,0.0,41.80906667,-87.66498056,Motor Vehicle In-Transport,Angle,Not an Intersection,On Roadway,,Daylight,Clear,0,0,2007.0,0,0,NOT AVAILABLE,NOT AVAILABLE
2015,10770,Illinois,0,2,6,April,12,Sunday,14,ASHLAND AVE,Local Street - Municipality,Urban,Minor Arterial,City or Municipal Highway Agency,0.0,41.80906667,-87.66498056,Motor Vehicle In-Transport,Angle,Not an Intersection,On Roadway,,Daylight,Clear,0,0,2015.0,1,0,NOT AVAILABLE,NOT AVAILABLE
2015,10770,Illinois,0,2,6,April,12,Sunday,14,ASHLAND AVE,Local Street - Municipality,Urban,Minor Arterial,City or Municipal Highway Agency,0.0,41.80906667,-87.66498056,Motor Vehicle In-Transport,Angle,Not an Intersection,On Roadway,,Daylight,Clear,0,0,2009.0,0,0,NOT AVAILABLE,NOT AVAILABLE
2015,10770,Illinois,0,2,6,April,12,Sunday,14,ASHLAND AVE,Local Street - Municipality,Urban,Minor Arterial,City or Municipal Highway Agency,0.0,41.80906667,-87.66498056,Motor Vehicle In-Transport,Angle,Not an Intersection,On Roadway,,Daylight,Clear,0,0,2013.0,0,0,NOT AVAILABLE,NOT AVAILABLE
2015,10771,Illinois,0,1,2,April,15,Wednesday,1,MCCLELLAN RD,Local Street - Township,Rural,Local,Town or Township Highway Agency,0.0,40.80735278,-89.94694444,Ditch,Not a Collision with Motor Vehicle In-Transport,Not an Intersection,On Roadside,,Dark - Not Lighted,Unknown,0,0,1997.0,1,0,NOT AVAILABLE,NOT AVAILABLE
2015,10772,Illinois,0,1,1,May,24,Sunday,22,PITTSBURG AVE,Local Street - Township,Rural,Minor Collector,Town or Township Highway Agency,0.0,38.86617778,-89.26349167,Tree (Standing Only),Not a Collision with Motor Vehicle In-Transport,Not an Intersection,On Roadside,,Dark - Not Lighted,Clear,0,0,2002.0,1,0,NOT AVAILABLE,NOT AVAILABLE
2015,10773,Illinois,1,3,1,April,27,Monday,24,SCHUBERT AVE,Local Street - Municipality,Urban,Local,City or Municipal Highway Agency,0.0,41.92956111,-87.74300556,Pedestrian,Not a Collision with Motor Vehicle In-Transport,Not an Intersection,On Roadway,,Dark - Lighted,Clear,0,0,1995.0,1,0,NOT AVAILABLE,NOT AVAILABLE
2015,10773,Illinois,1,3,1,April,27,Monday,24,SCHUBERT AVE,Local Street - Municipality,Urban,Local,City or Municipal Highway Agency,0.0,41.92956111,-87.74300556,Pedestrian,Not a Collision with Motor Vehicle In-Transport,Not an Intersection,On Roadway,,Dark - Lighted,Clear,0,0,2002.0,0,0,NOT AVAILABLE,NOT AVAILABLE
2015,10774,Illinois,2,4,3,January,17,Saturday,22,SR-64  (NORTH AVE),State Highway,Urban,Principal Arterial - Other,State Highway Agency,1328.0,41.90979167,-87.73385833,Pedestrian,Not a Collision with Motor Vehicle In-Transport,T-Intersection,On Roadway,,Dark - Lighted,Clear,0,0,1996.0,1,1,NOT AVAILABLE,NOT AVAILABLE
2015,10775,Illinois,0,2,2,April,18,Saturday,15,HOLLAND RD,Local Street - Municipality,Urban,Local,City or Municipal Highway Agency,0.0,41.735875,-87.63259167,Wall,Not a Collision with Motor Vehicle In-Transport,Not an Intersection,On Roadside,,Daylight,Clear,0,0,2007.0,1,0,NOT AVAILABLE,NOT AVAILABLE
2015,10776,Illinois,0,1,1,June,20,Saturday,2,I-90 (JANE ADDAMS MEM)(NWTOLL),Interstate,Urban,Interstate,State Toll Road,708.0,42.04131111,-87.98501389,Concrete Traffic Barrier,Not a Collision with Motor Vehicle In-Transport,Not an Intersection,On Roadside,Construction,Dark - Lighted,Clear,0,0,1996.0,1,0,NOT AVAILABLE,NOT AVAILABLE
2015,10776,Illinois,0,1,1,June,20,Saturday,2,I-90 (JANE ADDAMS MEM)(NWTOLL),Interstate,Urban,Interstate,State Toll Road,708.0,42.04131111,-87.98501389,Concrete Traffic Barrier,Not a Collision with Motor Vehicle In-Transport,Not an Intersection,On Roadside,Construction,Dark - Lighted,Clear,0,0,2005.0,0,0,NOT AVAILABLE,NOT AVAILABLE
2015,10777,Illinois,0,3,4,June,18,Thursday,20,SR-83  (TORRENCE AVE),State Highway,Urban,Minor Arterial,State Highway Agency,51.0,41.57195278,-87.558825,Motor Vehicle In-Transport,Other,Four-Way Intersection,On Roadway,,Dark - Lighted,Clear,0,1,1986.0,0,0,NOT AVAILABLE,NOT AVAILABLE
2015,10777,Illinois,0,3,4,June,18,Thursday,20,SR-83  (TORRENCE AVE),State Highway,Urban,Minor Arterial,State Highway Agency,51.0,41.57195278,-87.558825,Motor Vehicle In-Transport,Other,Four-Way Intersection,On Roadway,,Dark - Lighted,Clear,0,1,1986.0,0,0,NOT AVAILABLE,NOT AVAILABLE
2015,10778,Illinois,0,1,1,June,11,Thursday,2,I-355 (RONALD REAGAN MEM),Interstate,Urban,Interstate,State Toll Road,205.0,41.81033611,-88.04234167,Guardrail Face,Not a Collision with Motor Vehicle In-Transport,Not an Intersection,On Roadside,,Dark - Lighted,Clear,0,0,2001.0,1,0,NOT AVAILABLE,NOT AVAILABLE
2015,10778,Illinois,0,1,1,June,11,Thursday,2,I-355 (RONALD REAGAN MEM),Interstate,Urban,Interstate,State Toll Road,205.0,41.81033611,-88.04234167,Guardrail Face,Not a Collision with Motor Vehicle In-Transport,Not an Intersection,On Roadside,,Dark - Lighted,Clear,0,0,2011.0,0,0,NOT AVAILABLE,NOT AVAILABLE
2015,10779,Illinois,0,1,1,June,20,Saturday,19,SR-176,State Highway,Urban,Principal Arterial - Other,State Highway Agency,207.0,42.27936944,-88.22743056,Rollover/Overturn,Not a Collision with Motor Vehicle In-Transport,Not an Intersection,On Roadside,,Daylight,Rain,0,0,2011.0,0,0,NOT AVAILABLE,NOT AVAILABLE
2015,10779,Illinois,0,1,1,June,20,Saturday,19,SR-176,State Highway,Urban,Principal Arterial - Other,State Highway Agency,207.0,42.27936944,-88.22743056,Rollover/Overturn,Not a Collision with Motor Vehicle In-Transport,Not an Intersection,On Roadside,,Daylight,Rain,0,0,1999.0,1,0,NOT AVAILABLE,NOT AVAILABLE
2015,10780,Illinois,0,1,1,June,17,Wednesday,12,NORTH FRONTAGE,Local Street - Frontage Road,Urban,Principal Arterial - Other,State Highway Agency,0.0,41.73055278,-87.97953611,"Other Post, Other Pole or Other Supports",Not a Collision with Motor Vehicle In-Transport,Not an Intersection,On Roadside,,Daylight,Clear,0,0,1995.0,1,1,NOT AVAILABLE,NOT AVAILABLE
2015,10781,Illinois,1,1,1,January,1,Thursday,20,SR-59,State Highway,Urban,Principal Arterial - Other,State Highway Agency,221.0,41.82706667,-88.20188056,Pedestrian,Not a Collision with Motor Vehicle In-Transport,Not an Intersection,On Roadway,,Dark - Lighted,Clear,0,0,2008.0,1,1,NOT AVAILABLE,NOT AVAILABLE
2015,10782,Illinois,1,1,1,February,6,Friday,6,WATER ST,Local Street - Municipality,Urban,Major Collector,City or Municipal Highway Agency,0.0,38.56628056,-90.191675,Pedestrian,Not a Collision with Motor Vehicle In-Transport,Not an Intersection,On Roadway,,Dark - Not Lighted,Clear,0,0,1993.0,1,0,NOT AVAILABLE,NOT AVAILABLE
2015,10783,Illinois,0,2,3,March,7,Saturday,2,CR-20 (PETERSON RD),County Road,Urban,Principal Arterial - Other,County Highway Agency,0.0,42.30607778,-88.01413056,Motor Vehicle In-Transport,Angle,Four-Way Intersection,On Roadway,Construction,Dark - Lighted,Clear,0,0,2008.0,0,0,NOT AVAILABLE,NOT AVAILABLE
2015,10784,Illinois,0,2,2,January,8,Thursday,7,175TH ST,Local Street - Municipality,Urban,Major Collector,County Highway Agency,0.0,41.57161944,-87.746675,Motor Vehicle In-Transport,Other,Not an Intersection,On Roadway,,Dawn,Clear,0,0,2005.0,3,1,NOT AVAILABLE,NOT AVAILABLE
2015,10785,Illinois,1,1,3,March,22,Sunday,24,US-20 (LAKE ST),U.S. Highway,Urban,Minor Arterial,State Highway Agency,1659.0,41.9046,-87.911975,Pedestrian,Not a Collision with Motor Vehicle In-Transport,Not an Intersection,On Roadway,,Dark - Lighted,Clear,0,0,2008.0,1,1,NOT AVAILABLE,NOT AVAILABLE
2015,20001,New York,0,1,1,July,23,Thursday,6,MILLICENT AVE,Local Street - Municipality,Urban,Local,City or Municipal Highway Agency,0.0,37.74210318405405,-99.4177755663116,Tree (Standing Only),Not a Collision with Motor Vehicle In-Transport,Not an Intersection,On Roadside,,Daylight,Clear,0,0,1997.0,1,1,NOT AVAILABLE,NOT AVAILABLE
2015,20002,New York,1,1,2,March,19,Thursday,20,CR-3 BOG HOLLOW RD,County Road,Rural,Local,Town or Township Highway Agency,0.0,41.76567778,-73.51764722,Pedestrian,Not a Collision with Motor Vehicle In-Transport,Not an Intersection,On Roadway,,Dark - Not Lighted,Clear,0,0,1994.0,0,0,NOT AVAILABLE,NOT AVAILABLE
2015,20003,New York,0,3,3,September,1,Tuesday,15,I-87,Interstate,Rural,Interstate,State Highway Agency,0.0,37.74210318405405,-99.4177755663116,Motor Vehicle In-Transport,Front-to-Rear,Not an Intersection,On Roadway,,Daylight,Clear,0,9,2000.0,1,0,NOT AVAILABLE,NOT AVAILABLE
2015,20004,New York,0,1,1,September,1,Tuesday,6,US-9W,U.S. Highway,Rural,Principal Arterial - Other,State Highway Agency,0.0,41.78149167,-73.95990278,Ditch,Not a Collision with Motor Vehicle In-Transport,Not an Intersection,On Roadside,,Dark - Not Lighted,Clear,0,0,2005.0,1,1,NOT AVAILABLE,NOT AVAILABLE
2015,20005,New York,1,1,1,June,22,Monday,22,SR-5 SENECA TPK,State Highway,Urban,Principal Arterial - Other,State Highway Agency,0.0,43.08274722,-75.36056667,Pedestrian,Not a Collision with Motor Vehicle In-Transport,Not an Intersection,On Roadway,,Dark - Not Lighted,Cloudy,0,0,1997.0,0,0,NOT AVAILABLE,NOT AVAILABLE
2015,20006,New York,0,2,2,September,2,Wednesday,14,HUDSON AVE,Local Street - Municipality,Urban,Local,City or Municipal Highway Agency,0.0,43.17632778,-77.59888889,Motor Vehicle In-Transport,Angle,Four-Way Intersection,On Roadway,,Daylight,Clear,0,0,2008.0,0,0,NOT AVAILABLE,NOT AVAILABLE
2015,20006,New York,0,2,2,September,2,Wednesday,14,HUDSON AVE,Local Street - Municipality,Urban,Local,City or Municipal Highway Agency,0.0,43.17632778,-77.59888889,Motor Vehicle In-Transport,Angle,Four-Way Intersection,On Roadway,,Daylight,Clear,0,0,2014.0,1,0,NOT AVAILABLE,NOT AVAILABLE
2015,20006,New York,0,2,2,September,2,Wednesday,14,HUDSON AVE,Local Street - Municipality,Urban,Local,City or Municipal Highway Agency,0.0,43.17632778,-77.59888889,Motor Vehicle In-Transport,Angle,Four-Way Intersection,On Roadway,,Daylight,Clear,0,0,2013.0,0,0,NOT AVAILABLE,NOT AVAILABLE
2015,20007,New York,1,1,1,September,2,Wednesday,19,HEWITT AVE,Local Street - Municipality,Urban,Local,City or Municipal Highway Agency,0.0,42.94235,-78.81942222,Pedalcyclist,Not a Collision with Motor Vehicle In-Transport,Not an Intersection,On Roadway,,Daylight,Clear,0,0,2002.0,1,1,NOT AVAILABLE,NOT AVAILABLE
2015,20008,New York,0,1,1,September,6,Sunday,1,US-11,U.S. Highway,Rural,Principal Arterial - Other,Town or Township Highway Agency,0.0,42.17434722,-75.90396389,Guardrail Face,Not a Collision with Motor Vehicle In-Transport,Not an Intersection,On Roadside,,Dark - Not Lighted,Clear,0,1,1998.0,0,0,NOT AVAILABLE,NOT AVAILABLE
2015,20009,New York,0,1,11,August,30,Sunday,14,STURDEVENT RD,Local Street - Township,Rural,Minor Collector,Town or Township Highway Agency,0.0,42.56265,-77.09001944,Ditch,Not a Collision with Motor Vehicle In-Transport,Not an Intersection,On Roadside,,Daylight,Clear,0,0,2011.0,1,0,NOT AVAILABLE,NOT AVAILABLE
2015,20009,New York,0,1,11,August,30,Sunday,14,STURDEVENT RD,Local Street - Township,Rural,Minor Collector,Town or Township Highway Agency,0.0,42.56265,-77.09001944,Ditch,Not a Collision with Motor Vehicle In-Transport,Not an Intersection,On Roadside,,Daylight,Clear,0,0,2003.0,0,0,NOT AVAILABLE,NOT AVAILABLE
2015,20009,New York,0,1,11,August,30,Sunday,14,STURDEVENT RD,Local Street - Township,Rural,Minor Collector,Town or Township Highway Agency,0.0,42.56265,-77.09001944,Ditch,Not a Collision with Motor Vehicle In-Transport,Not an Intersection,On Roadside,,Daylight,Clear,0,0,2013.0,1,0,NOT AVAILABLE,NOT AVAILABLE
2015,20010,New York,0,2,7,July,12,Sunday,1,SR-908M SOUTHERN STATE PKWY,State Highway,Urban,Principal Arterial - Freeways,State Highway Agency,0.0,40.73698333,-73.28608611,Motor Vehicle In-Transport,Front-to-Rear,Not an Intersection,On Roadway,,Dark - Not Lighted,Clear,0,0,2000.0,1,1,NOT AVAILABLE,NOT AVAILABLE
2015,20011,New York,0,3,3,September,3,Thursday,13,SR-77,State Highway,Rural,Minor Arterial,State Highway Agency,0.0,43.04555833,-78.39236667,Motor Vehicle In-Transport,Angle,Four-Way Intersection,On Roadway,,Daylight,Clear,0,0,2001.0,1,0,NOT AVAILABLE,NOT AVAILABLE
2015,20012,New York,1,1,1,September,6,Sunday,24,9TH AVE,Local Street - Municipality,Urban,Local,City or Municipal Highway Agency,0.0,40.644125,-73.99694167,Pedestrian,Not a Collision with Motor Vehicle In-Transport,Not an Intersection,On Roadway,,Dark - Lighted,Clear,0,0,1989.0,1,1,NOT AVAILABLE,NOT AVAILABLE
2015,20013,New York,1,1,1,September,6,Sunday,21,SR-104,State Highway,Rural,Principal Arterial - Other,State Highway Agency,0.0,43.21340556,-76.78980833,Pedestrian,Not a Collision with Motor Vehicle In-Transport,Not an Intersection,On Shoulder,,Dark - Not Lighted,Clear,0,0,2002.0,1,1,NOT AVAILABLE,NOT AVAILABLE
2015,20014,New York,0,1,1,September,5,Saturday,2,987 MILE AQUARE RD,Local Street - Township,Rural,Minor Collector,Town or Township Highway Agency,0.0,43.010925,-77.49425833,Culvert,Not a Collision with Motor Vehicle In-Transport,Not an Intersection,On Roadside,,Dark - Not Lighted,Clear,0,0,1983.0,1,1,NOT AVAILABLE,NOT AVAILABLE
2015,20015,New York,0,2,4,August,20,Thursday,16,MASTEN AVE,Local Street - Municipality,Urban,Local,City or Municipal Highway Agency,0.0,42.90751111,-78.85968889,Motor Vehicle In-Transport,Angle,Four-Way Intersection,On Roadway,,Daylight,Clear,0,0,2009.0,0,0,NOT AVAILABLE,NOT AVAILABLE
2015,20015,New York,0,2,4,August,20,Thursday,16,MASTEN AVE,Local Street - Municipality,Urban,Local,City or Municipal Highway Agency,0.0,42.90751111,-78.85968889,Motor Vehicle In-Transport,Angle,Four-Way Intersection,On Roadway,,Daylight,Clear,0,0,2012.0,1,0,NOT AVAILABLE,NOT AVAILABLE
2015,20016,New York,1,1,1,June,20,Saturday,21,CR-16,County Road,Urban,Minor Collector,County Highway Agency,0.0,40.83014444,-73.02180278,Pedestrian,Not a Collision with Motor Vehicle In-Transport,Not an Intersection,On Roadway,,Dark - Lighted,Cloudy,0,0,2002.0,1,0,NOT AVAILABLE,NOT AVAILABLE
2015,20016,New York,1,1,1,June,20,Saturday,21,CR-16,County Road,Urban,Minor Collector,County Highway Agency,0.0,40.83014444,-73.02180278,Pedestrian,Not a Collision with Motor Vehicle In-Transport,Not an Intersection,On Roadway,,Dark - Lighted,Cloudy,0,0,1996.0,0,0,NOT AVAILABLE,NOT AVAILABLE
2015,20017,New York,1,1,1,June,24,Wednesday,7,EXPRESS DR S,Local Street - Township,Urban,Local,Town or Township Highway Agency,0.0,40.80509722,-73.24861667,Pedalcyclist,Not a Collision with Motor Vehicle In-Transport,Four-Way Intersection,On Roadway,,Daylight,Clear,0,0,1997.0,1,1,NOT AVAILABLE,NOT AVAILABLE
2015,20018,New York,0,2,3,June,21,Sunday,18,SR-27A MAIN ST,State Highway,Urban,Minor Arterial,State Highway Agency,0.0,40.71981389,-73.25049167,Motor Vehicle In-Transport,Front-to-Rear,T-Intersection,On Roadway,,Daylight,Cloudy,0,0,2008.0,1,1,NOT AVAILABLE,NOT AVAILABLE
2015,20019,New York,0,1,2,September,7,Monday,1,SR-907K,State Highway,Urban,Principal Arterial - Other,State Highway Agency,0.0,40.93247778,-73.86112222,Bridge Pier or Support,Not a Collision with Motor Vehicle In-Transport,Not an Intersection,On Roadside,,Dark - Lighted,Cloudy,0,0,2003.0,1,1,NOT AVAILABLE,NOT AVAILABLE
2015,20019,New York,0,1,2,September,7,Monday,1,SR-907K,State Highway,Urban,Principal Arterial - Other,State Highway Agency,0.0,40.93247778,-73.86112222,Bridge Pier or Support,Not a Collision with Motor Vehicle In-Transport,Not an Intersection,On Roadside,,Dark - Lighted,Cloudy,0,0,2012.0,0,0,NOT AVAILABLE,NOT AVAILABLE
2015,20020,New York,2,1,1,May,17,Sunday,23,MORRIS AVE,Local Street - Municipality,Urban,Minor Arterial,City or Municipal Highway Agency,0.0,40.83781944,-73.91141389,Pedestrian,Not a Collision with Motor Vehicle In-Transport,Four-Way Intersection,On Roadway,,Dark - Lighted,Clear,0,0,2009.0,1,1,NOT AVAILABLE,NOT AVAILABLE
2015,20021,New York,0,2,3,September,7,Monday,9,SR-438,State Highway,Rural,Principal Arterial - Other,Town or Township Highway Agency,0.0,42.54409444,-79.01987222,Motor Vehicle In-Transport,Front-to-Front,Not an Intersection,On Roadway,,Daylight,Clear,0,0,2006.0,1,0,NOT AVAILABLE,NOT AVAILABLE
2015,20022,New York,0,3,6,September,7,Monday,22,SR-907D BELT PARKWAY,State Highway,Urban,Principal Arterial - Freeways,State Highway Agency,0.0,40.66576389,-73.83266111,Fell/Jumped from Vehicle,Not a Collision with Motor Vehicle In-Transport,Not an Intersection,On Roadway,,Dark - Lighted,Clear,0,0,2002.0,1,0,NOT AVAILABLE,NOT AVAILABLE
2015,20023,New York,0,1,1,August,1,Saturday,2,I-81,Interstate,Urban,Interstate,State Highway Agency,0.0,43.06891944,-76.167675,Guardrail Face,Not a Collision with Motor Vehicle In-Transport,Not an Intersection,On Roadside,,Dark - Not Lighted,Cloudy,0,0,1995.0,1,1,NOT AVAILABLE,NOT AVAILABLE
2015,20024,New York,0,2,3,September,9,Wednesday,11,FRENCH RD,Local Street - Township,Urban,Local,Town or Township Highway Agency,0.0,42.91866111,-78.703275,Motor Vehicle In-Transport,Front-to-Front,Not an Intersection,On Roadway,,Daylight,Rain,0,0,2004.0,1,1,NOT AVAILABLE,NOT AVAILABLE
2015,20025,New York,1,1,1,February,18,Wednesday,11,CANAL ST,Local Street - Municipality,Urban,Local,City or Municipal Highway Agency,0.0,40.71686944,-73.99795556,Pedestrian,Not a Collision with Motor Vehicle In-Transport,Not an Intersection,On Roadway,,Daylight,Clear,0,0,2014.0,1,0,NOT AVAILABLE,NOT AVAILABLE
2015,20026,New York,0,1,1,July,11,Saturday,13,SR-44,State Highway,Rural,Principal Arterial - Other,State Highway Agency,0.0,41.83739444,-73.57710556,Embankment,Not a Collision with Motor Vehicle In-Transport,Not an Intersection,On Roadside,,Daylight,Clear,0,0,1998.0,1,0,NOT AVAILABLE,NOT AVAILABLE
2015,20027,New York,0,1,5,June,3,Wednesday,12,I-95 RAMP,Interstate,Urban,Interstate,State Highway Agency,0.0,40.97645278,-73.69861111,Curb,Not a Collision with Motor Vehicle In-Transport,Not an Intersection,On Roadside,,Daylight,Clear,0,0,2002.0,1,1,NOT AVAILABLE,NOT AVAILABLE
2015,20027,New York,0,1,5,June,3,Wednesday,12,I-95 RAMP,Interstate,Urban,Interstate,State Highway Agency,0.0,40.97645278,-73.69861111,Curb,Not a Collision with Motor Vehicle In-Transport,Not an Intersection,On Roadside,,Daylight,Clear,0,0,2009.0,0,0,NOT AVAILABLE,NOT AVAILABLE
2015,20027,New York,0,1,5,June,3,Wednesday,12,I-95 RAMP,Interstate,Urban,Interstate,State Highway Agency,0.0,40.97645278,-73.69861111,Curb,Not a Collision with Motor Vehicle In-Transport,Not an Intersection,On Roadside,,Daylight,Clear,0,0,2013.0,0,0,NOT AVAILABLE,NOT AVAILABLE
2015,20028,New York,1,1,1,May,27,Wednesday,11,PALMER AVE,Local Street - Municipality,Urban,Local,City or Municipal Highway Agency,0.0,40.63221944,-74.13448333,Pedestrian,Not a Collision with Motor Vehicle In-Transport,Four-Way Intersection,On Roadway,,Daylight,Clear,0,0,2005.0,1,1,NOT AVAILABLE,NOT AVAILABLE