YEAR,ST_CASE,STATENAME,NUM_PEDS,NUM_VEHC,PERSONS,MONTHNAME,DAYNAME,DAY_WEEKNAME,HOUR,ROAD_NAME,ROUTENAME,RUR_URBNAME,FUNC_SYSNAME,RD_OWNERNAME,MILE_MARKER,LATITUDE,LONGITUD,HARM_EVNAME,COLLISION_TYPE,TYP_INTNAME,REL_ROADNAME,WRK_ZONENAME,LGT_CONDNAME,WEATHERNAME,SCH_BUS,HIT_RUN,MOD_YEAR,DEATHS,DR_DRINK,COUNTYNAME,CITYNAME
2015,20028,New York,1,1,1,May,27,Wednesday,11,PALMER AVE,Local Street - Municipality,Urban,Local,City or Municipal Highway Agency,0.0,40.63221944,-74.13448333,Pedestrian,Not a Collision with Motor Vehicle In-Transport,Four-Way Intersection,On Roadway,,Daylight,Clear,0,0,2010.0,0,0,NOT AVAILABLE,NOT AVAILABLE
2015,20028,New York,1,1,1,May,27,Wednesday,11,PALMER AVE,Local Street - Municipality,Urban,Local,City or Municipal Highway Agency,0.0,40.63221944,-74.13448333,Pedestrian,Not a Collision with Motor Vehicle In-Transport,Four-Way Intersection,On Roadway,,Daylight,Clear,0,0,2012.0,0,0,NOT AVAILABLE,NOT AVAILABLE
2015,20029,New York,0,2,4,August,30,Sunday,3,SR-987G,State Highway,Rural,Principal Arterial - Freeways,State Highway Agency,252.0,41.39816389,-73.79245,Motor Vehicle In-Transport,Front-to-Front,Not an Intersection,On Roadway,,Dark - Lighted,Clear,0,0,2007.0,1,0,NOT AVAILABLE,NOT AVAILABLE
2015,20030,New York,0,2,2,July,22,Wednesday,17,PARK LN S,Local Street - Municipality,Urban,Local,City or Municipal Highway Agency,0.0,40.71003611,-73.834025,Motor Vehicle In-Transport,Angle,Four-Way Intersection,On Roadway,,Daylight,Clear,0,0,1993.0,1,0,NOT AVAILABLE,NOT AVAILABLE
2015,20030,New York,0,2,2,July,22,Wednesday,17,PARK LN S,Local Street - Municipality,Urban,Local,City or Municipal Highway Agency,0.0,40.71003611,-73.834025,Motor Vehicle In-Transport,Angle,Four-Way Intersection,On Roadway,,Daylight,Clear,0,0,1996.0,0,0,NOT AVAILABLE,NOT AVAILABLE
2015,20031,New York,1,1,1,August,17,Monday,4,EBBITTS ST,Local Street - Municipality,Urban,Local,City or Municipal Highway Agency,0.0,40.565225,-74.11167222,Pedestrian,Not a Collision with Motor Vehicle In-Transport,Not an Intersection,On Roadway,,Dark - Lighted,Not Reported,0,0,2001.0,0,0,NOT AVAILABLE,NOT AVAILABLE
2015,20031,New York,1,1,1,August,17,Monday,4,EBBITTS ST,Local Street - Municipality,Urban,Local,City or Municipal Highway Agency,0.0,40.565225,-74.11167222,Pedestrian,Not a Collision with Motor Vehicle In-Transport,Not an Intersection,On Roadway,,Dark - Lighted,Not Reported,0,0,2006.0,1,0,NOT AVAILABLE,NOT AVAILABLE
2015,20031,New York,1,1,1,August,17,Monday,4,EBBITTS ST,Local Street - Municipality,Urban,Local,City or Municipal Highway Agency,0.0,40.565225,-74.11167222,Pedestrian,Not a Collision with Motor Vehicle In-Transport,Not an Intersection,On Roadway,,Dark - Lighted,Not Reported,0,0,2007.0,1,0,NOT AVAILABLE,NOT AVAILABLE
2015,20032,New York,1,1,1,April,18,Saturday,13,FOREST AVE,Local Street - Municipality,Urban,Local,City or Municipal Highway Agency,0.0,40.62467778,-74.14168889,Non-Motorist on Personal Conveyance,Not a Collision with Motor Vehicle In-Transport,Four-Way Intersection,On Roadway,,Daylight,Clear,0,0,1991.0,0,0,NOT AVAILABLE,NOT AVAILABLE
2015,20033,New York,1,1,1,August,19,Wednesday,13,AVE J,Local Street - Municipality,Urban,Local,State Highway Agency,0.0,40.62488889,-73.96420556,Pedestrian,Not a Collision with Motor Vehicle In-Transport,Four-Way Intersection,On Roadway,,Daylight,Clear,0,1,2004.0,0,0,NOT AVAILABLE,NOT AVAILABLE
2015,20034,New York,1,1,1,August,25,Tuesday,15,NOSTRAND AVE,Local Street - Municipality,Urban,Local,City or Municipal Highway Agency,0.0,40.58958333,-73.93977778,Non-Motorist on Personal Conveyance,Not a Collision with Motor Vehicle In-Transport,Four-Way Intersection,On Roadway,,Daylight,Clear,0,0,2000.0,0,0,NOT AVAILABLE,NOT AVAILABLE
2015,20034,New York,1,1,1,August,25,Tuesday,15,NOSTRAND AVE,Local Street - Municipality,Urban,Local,City or Municipal Highway Agency,0.0,40.58958333,-73.93977778,Non-Motorist on Personal Conveyance,Not a Collision with Motor Vehicle In-Transport,Four-Way Intersection,On Roadway,,Daylight,Clear,0,0,2008.0,1,0,NOT AVAILABLE,NOT AVAILABLE
2015,20035,New York,0,1,1,September,9,Wednesday,8,SR-17,State Highway,Urban,Principal Arterial - Other,State Highway Agency,0.0,41.19942778,-74.18361111,Other Fixed Object,Not a Collision with Motor Vehicle In-Transport,Not an Intersection,Outside Trafficway,,Daylight,Clear,0,0,2001.0,0,0,NOT AVAILABLE,NOT AVAILABLE
2015,20035,New York,0,1,1,September,9,Wednesday,8,SR-17,State Highway,Urban,Principal Arterial - Other,State Highway Agency,0.0,41.19942778,-74.18361111,Other Fixed Object,Not a Collision with Motor Vehicle In-Transport,Not an Intersection,Outside Trafficway,,Daylight,Clear,0,0,2011.0,0,0,NOT AVAILABLE,NOT AVAILABLE
2015,20035,New York,0,1,1,September,9,Wednesday,8,SR-17,State Highway,Urban,Principal Arterial - Other,State Highway Agency,0.0,41.19942778,-74.18361111,Other Fixed Object,Not a Collision with Motor Vehicle In-Transport,Not an Intersection,Outside Trafficway,,Daylight,Clear,0,0,2009.0,0,0,NOT AVAILABLE,NOT AVAILABLE
2015,20035,New York,0,1,1,September,9,Wednesday,8,SR-17,State Highway,Urban,Principal Arterial - Other,State Highway Agency,0.0,41.19942778,-74.18361111,Other Fixed Object,Not a Collision with Motor Vehicle In-Transport,Not an Intersection,Outside Trafficway,,Daylight,Clear,0,0,2011.0,1,0,NOT AVAILABLE,NOT AVAILABLE
2015,20035,New York,0,1,1,September,9,Wednesday,8,SR-17,State Highway,Urban,Principal Arterial - Other,State Highway Agency,0.0,41.19942778,-74.18361111,Other Fixed Object,Not a Collision with Motor Vehicle In-Transport,Not an Intersection,Outside Trafficway,,Daylight,Clear,0,0,2015.0,0,0,NOT AVAILABLE,NOT AVAILABLE
2015,20035,New York,0,1,1,September,9,Wednesday,8,SR-17,State Highway,Urban,Principal Arterial - Other,State Highway Agency,0.0,41.19942778,-74.18361111,Other Fixed Object,Not a Collision with Motor Vehicle In-Transport,Not an Intersection,Outside Trafficway,,Daylight,Clear,0,0,1997.0,0,0,NOT AVAILABLE,NOT AVAILABLE
2015,20036,New York,0,1,6,September,7,Monday,16,SR-17,State Highway,Rural,Principal Arterial - Other,State Highway Agency,0.0,41.59053889,-74.52417778,Rollover/Overturn,Not a Collision with Motor Vehicle In-Transport,Not an Intersection,On Roadside,,Daylight,Clear,0,0,2011.0,2,0,NOT AVAILABLE,NOT AVAILABLE
2015,20036,New York,0,1,6,September,7,Monday,16,SR-17,State Highway,Rural,Principal Arterial - Other,State Highway Agency,0.0,41.59053889,-74.52417778,Rollover/Overturn,Not a Collision with Motor Vehicle In-Transport,Not an Intersection,On Roadside,,Daylight,Clear,0,0,2003.0,0,0,NOT AVAILABLE,NOT AVAILABLE
2015,20037,New York,1,1,1,September,11,Friday,23,SR-12,State Highway,Urban,Minor Arterial,State Highway Agency,0.0,42.61666111,-75.52533611,Pedestrian,Not a Collision with Motor Vehicle In-Transport,Not an Intersection,On Roadway,,Dark - Not Lighted,Clear,0,0,2002.0,1,0,NOT AVAILABLE,NOT AVAILABLE
2015,20038,New York,0,1,2,September,12,Saturday,1,COMMERCE AVE,Local Street - Municipality,Urban,Major Collector,City or Municipal Highway Agency,0.0,40.83485556,-73.83995,Fence,Not a Collision with Motor Vehicle In-Transport,T-Intersection,On Roadside,,Dark - Not Lighted,Clear,0,0,2002.0,1,0,NOT AVAILABLE,NOT AVAILABLE
2015,20039,New York,1,1,1,September,11,Friday,23,CROSS ISLAND RD,Local Street - Municipality,Urban,Local,City or Municipal Highway Agency,0.0,40.85691389,-73.795175,Pedalcyclist,Not a Collision with Motor Vehicle In-Transport,Not an Intersection,On Roadway,,Dark - Lighted,Clear,0,0,2004.0,1,1,NOT AVAILABLE,NOT AVAILABLE
2015,20040,New York,0,4,2,September,12,Saturday,1,PARKSIDE AVE,Local Street - Municipality,Urban,Principal Arterial - Other,City or Municipal Highway Agency,0.0,40.65154167,-73.970425,Motor Vehicle In-Transport,Sideswipe - Same Direction,Not an Intersection,On Roadway,,Dark - Lighted,Clear,0,0,2008.0,1,0,NOT AVAILABLE,NOT AVAILABLE
2015,20040,New York,0,4,2,September,12,Saturday,1,PARKSIDE AVE,Local Street - Municipality,Urban,Principal Arterial - Other,City or Municipal Highway Agency,0.0,40.65154167,-73.970425,Motor Vehicle In-Transport,Sideswipe - Same Direction,Not an Intersection,On Roadway,,Dark - Lighted,Clear,0,0,2006.0,0,0,NOT AVAILABLE,NOT AVAILABLE
2015,20041,New York,0,1,1,September,6,Sunday,14,SR-244,State Highway,Rural,Principal Arterial - Other,State Highway Agency,0.0,37.74210318405405,-99.4177755663116,Rollover/Overturn,Not a Collision with Motor Vehicle In-Transport,T-Intersection,On Roadway,,Daylight,Cloudy,0,0,2008.0,1,1,NOT AVAILABLE,NOT AVAILABLE
2015,20042,New York,0,1,1,September,12,Saturday,7,75 AGNES DR,Local Street - Township,Urban,Minor Collector,Town or Township Highway Agency,0.0,42.32139444,-74.050075,Other Object (not fixed),Not a Collision with Motor Vehicle In-Transport,Not an Intersection,On Roadside,,Dawn,Clear,0,0,2009.0,0,0,NOT AVAILABLE,NOT AVAILABLE
2015,20043,New York,1,1,2,September,13,Sunday,20,SR-27,State Highway,Urban,Principal Arterial - Other,State Highway Agency,0.0,40.68431944,-73.42824722,Pedestrian,Not a Collision with Motor Vehicle In-Transport,Not an Intersection,On Roadway,,Dark - Lighted,Cloudy,0,1,2004.0,0,0,NOT AVAILABLE,NOT AVAILABLE
2015,20044,New York,0,2,2,September,13,Sunday,3,US-9,U.S. Highway,Rural,Principal Arterial - Freeways,State Highway Agency,0.0,41.96428333,-73.88551944,Motor Vehicle In-Transport,Front-to-Front,Not an Intersection,On Roadway,,Dark - Lighted,Rain,0,0,2002.0,0,0,NOT AVAILABLE,NOT AVAILABLE
2015,20044,New York,0,2,2,September,13,Sunday,3,US-9,U.S. Highway,Rural,Principal Arterial - Freeways,State Highway Agency,0.0,41.96428333,-73.88551944,Motor Vehicle In-Transport,Front-to-Front,Not an Intersection,On Roadway,,Dark - Lighted,Rain,0,0,2004.0,1,0,NOT AVAILABLE,NOT AVAILABLE
2015,20045,New York,1,1,1,September,12,Saturday,24,CLINTON ST,Local Street - Township,Urban,Local,Town or Township Highway Agency,0.0,40.71900278,-73.62071389,Pedestrian,Not a Collision with Motor Vehicle In-Transport,Four-Way Intersection,On Roadway,,Dark - Lighted,Clear,0,0,1997.0,1,1,NOT AVAILABLE,NOT AVAILABLE
2015,20046,New York,2,1,5,September,14,Monday,17,HYLAN BLVD,Local Street - Municipality,Urban,Major Collector,City or Municipal Highway Agency,0.0,40.55126944,-74.13444722,Pedalcyclist,Not a Collision with Motor Vehicle In-Transport,Not an Intersection,On Roadway,,Daylight,Clear,0,0,2009.0,1,1,NOT AVAILABLE,NOT AVAILABLE
2015,20047,New York,0,2,2,September,13,Sunday,12,SR-417,State Highway,Rural,Principal Arterial - Other,State Highway Agency,0.0,42.14346944,-77.64450833,Motor Vehicle In-Transport,Angle,Four-Way Intersection,On Roadway,,Daylight,Cloudy,0,0,2011.0,1,0,NOT AVAILABLE,NOT AVAILABLE
2015,20048,New York,0,1,1,September,14,Monday,7,SR-907W HUTCHINSON RIVER PKWY,State Highway,Rural,Principal Arterial - Freeways,State Highway Agency,0.0,40.97687222,-73.75835278,Tree (Standing Only),Not a Collision with Motor Vehicle In-Transport,Not an Intersection,On Roadside,,Daylight,Cloudy,0,0,1996.0,1,1,NOT AVAILABLE,NOT AVAILABLE
2015,20049,New York,0,2,4,September,14,Monday,21,SR-37,State Highway,Urban,Principal Arterial - Other,State Highway Agency,0.0,44.68999444,-75.4751,Motor Vehicle In-Transport,Angle,Four-Way Intersection,On Roadway,,Dark - Lighted,Cloudy,0,0,2004.0,1,1,NOT AVAILABLE,NOT AVAILABLE
2015,20050,New York,0,2,2,August,8,Saturday,21,I-81,Interstate,Urban,Interstate,State Highway Agency,0.0,43.06681667,-76.164725,Motor Vehicle In-Transport,Front-to-Front,Not an Intersection,On Roadway,,Dark - Lighted,Clear,0,0,2004.0,0,0,NOT AVAILABLE,NOT AVAILABLE
2015,20050,New York,0,2,2,August,8,Saturday,21,I-81,Interstate,Urban,Interstate,State Highway Agency,0.0,43.06681667,-76.164725,Motor Vehicle In-Transport,Front-to-Front,Not an Intersection,On Roadway,,Dark - Lighted,Clear,0,0,2016.0,1,0,NOT AVAILABLE,NOT AVAILABLE
2015,20051,New York,1,1,1,September,14,Monday,9,E TREMONT AVE,Local Street - Municipality,Urban,Principal Arterial - Other,City or Municipal Highway Agency,0.0,40.82558056,-73.82094167,Pedestrian,Not a Collision with Motor Vehicle In-Transport,T-Intersection,On Roadway,,Daylight,Clear,0,0,2006.0,0,0,NOT AVAILABLE,NOT AVAILABLE
2015,20052,New York,0,2,5,September,13,Sunday,14,US-9,U.S. Highway,Rural,Principal Arterial - Other,State Highway Agency,0.0,42.38532778,-73.71859722,Motor Vehicle In-Transport,Front-to-Front,Not an Intersection,On Roadway,,Daylight,Cloudy,0,0,2004.0,0,0,NOT AVAILABLE,NOT AVAILABLE
2015,20052,New York,0,2,5,September,13,Sunday,14,US-9,U.S. Highway,Rural,Principal Arterial - Other,State Highway Agency,0.0,42.38532778,-73.71859722,Motor Vehicle In-Transport,Front-to-Front,Not an Intersection,On Roadway,,Daylight,Cloudy,0,0,2000.0,1,0,NOT AVAILABLE,NOT AVAILABLE
2015,20053,New York,0,2,2,September,15,Tuesday,10,SR-79,State Highway,Rural,Minor Collector,State Highway Agency,0.0,42.44961944,-76.67068611,Motor Vehicle In-Transport,Angle,Four-Way Intersection,On Roadway,,Daylight,Clear,0,0,2000.0,1,1,NOT AVAILABLE,NOT AVAILABLE
2015,20054,New York,0,1,1,September,16,Wednesday,19,S MARBLETOWN RD,Local Street - Township,Rural,Local,Town or Township Highway Agency,0.0,42.99656111,-77.05609722,Embankment,Not a Collision with Motor Vehicle In-Transport,Not an Intersection,On Roadside,,Dusk,Cloudy,0,0,2005.0,1,0,NOT AVAILABLE,NOT AVAILABLE
2015,20054,New York,0,1,1,September,16,Wednesday,19,S MARBLETOWN RD,Local Street - Township,Rural,Local,Town or Township Highway Agency,0.0,42.99656111,-77.05609722,Embankment,Not a Collision with Motor Vehicle In-Transport,Not an Intersection,On Roadside,,Dusk,Cloudy,0,0,2004.0,0,0,NOT AVAILABLE,NOT AVAILABLE
2015,20055,New York,0,1,3,May,22,Friday,19,I-81,Interstate,Rural,Interstate,State Highway Agency,640.0,37.74210318405405,-99.4177755663116,Ditch,Not a Collision with Motor Vehicle In-Transport,Not an Intersection,On Median,,Daylight,Clear,0,0,1996.0,1,0,NOT AVAILABLE,NOT AVAILABLE
2015,20055,New York,0,1,3,May,22,Friday,19,I-81,Interstate,Rural,Interstate,State Highway Agency,640.0,37.74210318405405,-99.4177755663116,Ditch,Not a Collision with Motor Vehicle In-Transport,Not an Intersection,On Median,,Daylight,Clear,0,0,1995.0,2,0,NOT AVAILABLE,NOT AVAILABLE
2015,20056,New York,0,1,1,September,16,Wednesday,18,CLEVELAND ST,Local Street - Municipality,Urban,Local,City or Municipal Highway Agency,0.0,43.17076667,-77.59893889,Tree (Standing Only),Not a Collision with Motor Vehicle In-Transport,T-Intersection,On Roadside,,Daylight,Clear,0,0,2004.0,0,1,NOT AVAILABLE,NOT AVAILABLE
2015,20057,New York,0,2,3,September,18,Friday,16,SR-342,State Highway,Urban,Minor Arterial,State Highway Agency,0.0,44.03457778,-75.9162,Motor Vehicle In-Transport,Angle,Four-Way Intersection,On Roadway,,Daylight,Clear,0,0,2013.0,0,0,NOT AVAILABLE,NOT AVAILABLE
2015,20058,New York,0,2,5,September,16,Wednesday,14,SR-5,State Highway,Urban,Principal Arterial - Other,State Highway Agency,0.0,42.95993333,-76.7471,Motor Vehicle In-Transport,Front-to-Front,Not an Intersection,On Roadway,,Daylight,Clear,0,0,2005.0,0,0,NOT AVAILABLE,NOT AVAILABLE
2015,20059,New York,0,2,2,September,7,Monday,15,SR-13,State Highway,Rural,Principal Arterial - Other,State Highway Agency,0.0,42.48219444,-76.46726944,Motor Vehicle In-Transport,Angle,Four-Way Intersection,On Roadway,,Daylight,Clear,0,0,1996.0,0,0,NOT AVAILABLE,NOT AVAILABLE
2015,20060,New York,0,2,2,September,18,Friday,15,SR-32,State Highway,Urban,Principal Arterial - Other,State Highway Agency,0.0,41.453775,-74.05733889,Motor Vehicle In-Transport,Angle,Not an Intersection,On Roadway,,Daylight,Clear,0,0,1997.0,1,1,NOT AVAILABLE,NOT AVAILABLE
2015,20060,New York,0,2,2,September,18,Friday,15,SR-32,State Highway,Urban,Principal Arterial - Other,State Highway Agency,0.0,41.453775,-74.05733889,Motor Vehicle In-Transport,Angle,Not an Intersection,On Roadway,,Daylight,Clear,0,0,1998.0,0,0,NOT AVAILABLE,NOT AVAILABLE
2016,10001,Georgia,0,1,1,February,7,Sunday,5,SR-3,State Highway,Rural,Principal Arterial - Other,State Highway Agency,71.0,30.93175278,-84.02336667,Tree (Standing Only),Not a Collision with Motor Vehicle In-Transport,Not an Intersection,On Roadside,,Dark - Not Lighted,Clear,0,0,2002.0,1,1,THOMAS (275),NOT APPLICABLE
2016,10002,Georgia,1,1,1,February,8,Monday,24,SR-314 / W FAYETTEVILLE RD,State Highway,Urban,Minor Arterial,State Highway Agency,35.0,33.60226111,-84.44626389,Pedestrian,Not a Collision with Motor Vehicle In-Transport,Not an Intersection,On Roadway,,Dark - Not Lighted,Clear,0,0,2008.0,1,1,CLAYTON (63),NOT APPLICABLE
2016,10003,Georgia,0,1,1,February,8,Monday,7,SR-61,State Highway,Urban,Minor Arterial,State Highway Agency,100.0,33.90613056,-84.8257,Traffic Sign Support,Not a Collision with Motor Vehicle In-Transport,T-Intersection,On Roadside,,Dark - Not Lighted,Clear,0,0,2008.0,1,0,PAULDING (223),NOT APPLICABLE
2016,10004,Georgia,0,2,9,February,10,Wednesday,12,CASCADE RD,Local Street - Municipality,Urban,Minor Arterial,City or Municipal Highway Agency,13.0,33.71971111,-84.47414167,Motor Vehicle In-Transport,Front-to-Front,Not an Intersection,On Roadway,,Daylight,Clear,0,0,2000.0,1,1,FULTON (121),ATLANTA
2016,10005,Georgia,0,2,5,February,10,Wednesday,21,CR-41 / MCKENDREE CH RD,County Road,Urban,Local,County Highway Agency,9.0,33.97961111,-84.03550833,Motor Vehicle In-Transport,Front-to-Front,Not an Intersection,On Roadway,,Dark - Lighted,Clear,0,0,1995.0,1,0,GWINNETT (135),LAWRENCEVILLE
2016,10006,Georgia,0,1,1,February,11,Thursday,23,CR-76 / CHEVIS RD,County Road,Urban,Major Collector,County Highway Agency,3.0,31.99085556,-81.25654722,Ditch,Not a Collision with Motor Vehicle In-Transport,Not an Intersection,On Roadside,,Dark - Not Lighted,Clear,0,0,2009.0,1,0,CHATHAM (51),SAVANNAH
2016,10007,Georgia,0,3,6,February,11,Thursday,19,US-278 / COVINGTON HWY,U.S. Highway,Urban,Minor Arterial,State Highway Agency,73.0,33.72065278,-84.15745278,Motor Vehicle In-Transport,Front-to-Front,T-Intersection,Continuous Left - Turn Lane,,Dark - Lighted,Clear,0,0,2010.0,1,0,DEKALB (89),NOT APPLICABLE
2016,10008,Georgia,1,1,1,February,11,Thursday,19,MONROE DR,Local Street - Municipality,Urban,Minor Arterial,City or Municipal Highway Agency,47.0,33.78176667,-84.36868333,Pedalcyclist,Not a Collision with Motor Vehicle In-Transport,T-Intersection,On Roadway,,Dark - Lighted,Clear,0,0,2005.0,1,1,FULTON (121),ATLANTA
2016,10009,Georgia,0,1,2,February,12,Friday,8,CR-342 / MILLER AGAN RD,County Road,Urban,Local,County Highway Agency,2.0,33.76146944,-84.98566944,Ditch,Not a Collision with Motor Vehicle In-Transport,Not an Intersection,On Roadside,,Daylight,Clear,0,0,2015.0,0,0,CARROLL (45),NOT APPLICABLE
2016,10009,Georgia,0,1,2,February,12,Friday,8,CR-342 / MILLER AGAN RD,County Road,Urban,Local,County Highway Agency,2.0,33.76146944,-84.98566944,Ditch,Not a Collision with Motor Vehicle In-Transport,Not an Intersection,On Roadside,,Daylight,Clear,0,0,2015.0,2,0,CARROLL (45),NOT APPLICABLE
2016,10010,Georgia,0,3,4,February,12,Friday,15,I-285,Interstate,Urban,Interstate,State Highway Agency,15.0,33.63166667,-84.38813056,Motor Vehicle In-Transport,Front-to-Rear,Not an Intersection,On Roadway,,Daylight,Clear,0,0,2006.0,2,1,CLAYTON (63),NOT APPLICABLE
2016,10011,Georgia,0,2,2,February,12,Friday,10,US-76 / SR-282,U.S. Highway,Rural,Principal Arterial - Other,State Highway Agency,124.0,34.68590833,-84.48312778,Motor Vehicle In-Transport,Angle,T-Intersection,On Roadway,,Daylight,Clear,0,0,2015.0,0,0,GILMER (123),ELLIJAY
2016,10011,Georgia,0,2,2,February,12,Friday,10,US-76 / SR-282,U.S. Highway,Rural,Principal Arterial - Other,State Highway Agency,124.0,34.68590833,-84.48312778,Motor Vehicle In-Transport,Angle,T-Intersection,On Roadway,,Daylight,Clear,0,0,1998.0,1,0,GILMER (123),ELLIJAY
2016,10012,Georgia,0,3,6,February,12,Friday,22,US-17 / SR-25,U.S. Highway,Urban,Principal Arterial - Other,State Highway Agency,105.0,31.12579167,-81.48059444,Motor Vehicle In-Transport,Angle,T-Intersection,On Roadway,Construction,Dark - Not Lighted,Clear,0,0,1986.0,1,0,GLYNN (127),NOT APPLICABLE
2016,10013,Georgia,1,1,1,February,13,Saturday,14,SR-119,State Highway,Rural,Minor Arterial,State Highway Agency,13.0,32.30424444,-81.42877222,Pedestrian,Not a Collision with Motor Vehicle In-Transport,Not an Intersection,On Shoulder,,Daylight,Clear,0,0,2004.0,0,0,EFFINGHAM (103),NOT APPLICABLE
2016,10014,Georgia,0,1,1,February,13,Saturday,6,CR-372 / MOUNTAIN LAKE DR,County Road,Rural,Local,County Highway Agency,0.0,34.40466667,-84.48055,Tree (Standing Only),Not a Collision with Motor Vehicle In-Transport,Not an Intersection,On Roadside,,Dark - Not Lighted,Cloudy,0,0,2009.0,1,1,PICKENS (227),NOT APPLICABLE
2016,10014,Georgia,0,1,1,February,13,Saturday,6,CR-372 / MOUNTAIN LAKE DR,County Road,Rural,Local,County Highway Agency,0.0,34.40466667,-84.48055,Tree (Standing Only),Not a Collision with Motor Vehicle In-Transport,Not an Intersection,On Roadside,,Dark - Not Lighted,Cloudy,0,0,2004.0,0,0,PICKENS (227),NOT APPLICABLE
2016,10015,Georgia,0,1,1,February,14,Sunday,11,US-84 BYP,U.S. Highway,Urban,Principal Arterial - Other,State Highway Agency,100.0,30.86863889,-83.99888889,Rollover/Overturn,Not a Collision with Motor Vehicle In-Transport,Not an Intersection,On Roadway,,Daylight,Clear,0,0,2004.0,1,1,THOMAS (275),NOT APPLICABLE
2016,10015,Georgia,0,1,1,February,14,Sunday,11,US-84 BYP,U.S. Highway,Urban,Principal Arterial - Other,State Highway Agency,100.0,30.86863889,-83.99888889,Rollover/Overturn,Not a Collision with Motor Vehicle In-Transport,Not an Intersection,On Roadway,,Daylight,Clear,0,0,2014.0,0,0,THOMAS (275),NOT APPLICABLE
2016,10016,Georgia,0,3,5,February,15,Monday,7,US-41 / SR-3,U.S. Highway,Urban,Minor Arterial,State Highway Agency,239.0,34.34565278,-84.91109444,Motor Vehicle In-Transport,Angle,Four-Way Intersection,On Roadway,,Daylight,Cloudy,1,0,1990.0,1,1,BARTOW (15),NOT APPLICABLE
2016,10017,Georgia,0,3,7,February,15,Monday,15,US-319 / SR-107,U.S. Highway,Urban,Major Collector,State Highway Agency,94.0,31.71319167,-83.20495,Motor Vehicle In-Transport,Angle,Four-Way Intersection,On Roadway,,Daylight,Cloudy,0,0,2002.0,1,1,BEN HILL (17),NOT APPLICABLE
2016,10018,Georgia,0,2,2,February,15,Monday,10,SR-98,State Highway,Rural,Minor Arterial,State Highway Agency,111.0,34.1874,-83.39965833,Motor Vehicle In-Transport,Angle,Four-Way Intersection,On Roadway,,Daylight,Cloudy,0,0,2015.0,1,0,JACKSON (157),NOT APPLICABLE
2016,10019,Georgia,0,1,1,February,15,Monday,15,US-84 / SR-38,U.S. Highway,Rural,Principal Arterial - Other,State Highway Agency,98.0,31.33579167,-82.20056111,Culvert,Not a Collision with Motor Vehicle In-Transport,Not an Intersection,On Roadside,,Daylight,Clear,0,0,2002.0,1,0,PIERCE (229),NOT APPLICABLE
2016,10020,Georgia,0,1,1,February,16,Tuesday,7,I-575,Interstate,Urban,Interstate,State Highway Agency,87.0,34.1692,-84.51295278,Tree (Standing Only),Not a Collision with Motor Vehicle In-Transport,Not an Intersection,On Roadside,,Daylight,Cloudy,0,0,2015.0,0,1,CHEROKEE (57),HOLLY SPRINGS
2016,10020,Georgia,0,1,1,February,16,Tuesday,7,I-575,Interstate,Urban,Interstate,State Highway Agency,87.0,34.1692,-84.51295278,Tree (Standing Only),Not a Collision with Motor Vehicle In-Transport,Not an Intersection,On Roadside,,Daylight,Cloudy,0,0,1997.0,4,1,CHEROKEE (57),HOLLY SPRINGS
2016,10021,Georgia,0,5,1,February,16,Tuesday,23,SR-20 / CUMMING HWY,State Highway,Rural,Principal Arterial - Other,State Highway Agency,238.0,34.23907778,-84.29137778,Other Fixed Object,Not a Collision with Motor Vehicle In-Transport,Not an Intersection,Outside Trafficway,,Dark - Lighted,Cloudy,0,0,1999.0,1,0,CHEROKEE (57),NOT APPLICABLE
2016,10021,Georgia,0,5,1,February,16,Tuesday,23,SR-20 / CUMMING HWY,State Highway,Rural,Principal Arterial - Other,State Highway Agency,238.0,34.23907778,-84.29137778,Other Fixed Object,Not a Collision with Motor Vehicle In-Transport,Not an Intersection,Outside Trafficway,,Dark - Lighted,Cloudy,0,0,1994.0,0,0,CHEROKEE (57),NOT APPLICABLE
2016,10022,Georgia,2,1,1,February,16,Tuesday,19,US-25 / SR-73,U.S. Highway,Rural,Minor Arterial,State Highway Agency,79.0,32.17125,-81.90015,Pedestrian,Not a Collision with Motor Vehicle In-Transport,Not an Intersection,On Roadway,,Dark - Lighted,Clear,0,0,1999.0,1,0,EVANS (109),CLAXTON
2016,10022,Georgia,2,1,1,February,16,Tuesday,19,US-25 / SR-73,U.S. Highway,Rural,Minor Arterial,State Highway Agency,79.0,32.17125,-81.90015,Pedestrian,Not a Collision with Motor Vehicle In-Transport,Not an Intersection,On Roadway,,Dark - Lighted,Clear,0,0,2007.0,0,0,EVANS (109),CLAXTON
2016,10023,Georgia,0,2,4,February,17,Wednesday,8,CR-1221 / PARK DR,County Road,Urban,Local,County Highway Agency,2.0,33.93648333,-84.149325,Motor Vehicle In-Transport,Angle,T-Intersection,On Roadway,,Daylight,Clear,0,0,2008.0,2,0,GWINNETT (135),NOT APPLICABLE