YEAR,ST_CASE,STATENAME,NUM_PEDS,NUM_VEHC,PERSONS,MONTHNAME,DAYNAME,DAY_WEEKNAME,HOUR,ROAD_NAME,ROUTENAME,RUR_URBNAME,FUNC_SYSNAME,RD_OWNERNAME,MILE_MARKER,LATITUDE,LONGITUD,HARM_EVNAME,COLLISION_TYPE,TYP_INTNAME,REL_ROADNAME,WRK_ZONENAME,LGT_CONDNAME,WEATHERNAME,SCH_BUS,HIT_RUN,MOD_YEAR,DEATHS,DR_DRINK,COUNTYNAME,CITYNAME
2016,10136,Georgia,0,2,2,March,14,Monday,22,SR-9,State Highway,Urban,Minor Arterial,State Highway Agency,294.0,34.12600278,-84.26636667,Motor Vehicle In-Transport,Front-to-Front,T-Intersection,On Roadway,,Dark - Not Lighted,Cloudy,0,0,2007.0,1,1,FULTON (121),Other
2016,10137,Georgia,0,1,1,March,14,Monday,19,US-27 / SR-1,U.S. Highway,Rural,Minor Arterial,State Highway Agency,50.0,32.66743889,-84.85868889,Utility Pole/Light Support,Not a Collision with Motor Vehicle In-Transport,Not an Intersection,On Roadside,,Daylight,Clear,0,0,2006.0,1,0,HARRIS (145),NOT APPLICABLE
2016,10138,Georgia,1,1,0,March,15,Tuesday,18,CR-MARY CORNISH RD,County Road,Rural,Local,County Highway Agency,0.0,31.84376111,-82.694125,Pedestrian,Not a Collision with Motor Vehicle In-Transport,T-Intersection,On Roadway,,Dark - Not Lighted,Clear,0,0,2007.0,1,0,JEFF DAVIS (161),NOT APPLICABLE
2016,10138,Georgia,1,1,0,March,15,Tuesday,18,CR-MARY CORNISH RD,County Road,Rural,Local,County Highway Agency,0.0,31.84376111,-82.694125,Pedestrian,Not a Collision with Motor Vehicle In-Transport,T-Intersection,On Roadway,,Dark - Not Lighted,Clear,0,0,2005.0,0,0,JEFF DAVIS (161),NOT APPLICABLE
2016,10139,Georgia,0,1,1,March,16,Wednesday,19,DANIELSVILLE RD,Local Street - Municipality,Urban,Minor Arterial,City or Municipal Highway Agency,29.0,33.995775,-83.35395556,Tree (Standing Only),Not a Collision with Motor Vehicle In-Transport,Not an Intersection,On Roadside,,Daylight,Clear,0,0,2010.0,1,0,CLARKE (59),ATHENS
2016,10140,Georgia,0,3,4,March,16,Wednesday,1,I-285,Interstate,Urban,Interstate,State Highway Agency,543.0,33.65208056,-84.36721111,Motor Vehicle In-Transport,Front-to-Rear,Not an Intersection,On Roadway,,Dark - Not Lighted,Clear,0,0,2004.0,1,1,FULTON (121),ATLANTA
2016,10141,Georgia,0,1,1,March,16,Wednesday,17,SR-100,State Highway,Rural,Major Collector,State Highway Agency,27.0,33.69687778,-85.26393333,Ditch,Not a Collision with Motor Vehicle In-Transport,Not an Intersection,On Roadside,,Daylight,Clear,0,0,1999.0,1,1,HARALSON (143),NOT APPLICABLE
2016,10142,Georgia,0,2,2,February,11,Thursday,14,CR-BREEZY LANE,County Road,Urban,Local,County Highway Agency,2.0,33.81655833,-84.32598333,Motor Vehicle In-Transport,Angle,Not an Intersection,On Roadway,,Daylight,Clear,0,0,2003.0,1,1,DEKALB (89),NOT APPLICABLE
2016,10143,Georgia,0,2,2,February,12,Friday,15,SR-3,State Highway,Urban,Principal Arterial - Other,State Highway Agency,57.0,33.50517778,-84.35259444,Motor Vehicle In-Transport,Front-to-Rear,Four-Way Intersection,On Roadway,,Daylight,Clear,0,0,2002.0,0,0,CLAYTON (63),NOT APPLICABLE
2016,10143,Georgia,0,2,2,February,12,Friday,15,SR-3,State Highway,Urban,Principal Arterial - Other,State Highway Agency,57.0,33.50517778,-84.35259444,Motor Vehicle In-Transport,Front-to-Rear,Four-Way Intersection,On Roadway,,Daylight,Clear,0,0,2010.0,1,0,CLAYTON (63),NOT APPLICABLE
2016,10144,Georgia,0,2,3,February,19,Friday,16,SR-520,State Highway,Urban,Principal Arterial - Other,City or Municipal Highway Agency,10.0,32.45085556,-84.97994444,Motor Vehicle In-Transport,Front-to-Front,Y-Intersection,On Roadway,,Daylight,Clear,0,0,2004.0,1,0,MUSCOGEE (215),COLUMBUS
2016,10144,Georgia,0,2,3,February,19,Friday,16,SR-520,State Highway,Urban,Principal Arterial - Other,City or Municipal Highway Agency,10.0,32.45085556,-84.97994444,Motor Vehicle In-Transport,Front-to-Front,Y-Intersection,On Roadway,,Daylight,Clear,0,0,2010.0,0,0,MUSCOGEE (215),COLUMBUS
2016,10145,Georgia,0,2,4,February,19,Friday,18,SR-57,State Highway,Rural,Principal Arterial - Other,State Highway Agency,5.0,32.850925,-83.48477222,Motor Vehicle In-Transport,Angle,Four-Way Intersection,On Roadway,,Daylight,Clear,0,0,2014.0,0,0,TWIGGS (289),NOT APPLICABLE
2016,10145,Georgia,0,2,4,February,19,Friday,18,SR-57,State Highway,Rural,Principal Arterial - Other,State Highway Agency,5.0,32.850925,-83.48477222,Motor Vehicle In-Transport,Angle,Four-Way Intersection,On Roadway,,Daylight,Clear,0,0,2006.0,1,1,TWIGGS (289),NOT APPLICABLE
2016,10146,Georgia,0,1,2,March,16,Wednesday,20,SR-212,State Highway,Rural,Major Collector,State Highway Agency,196.0,33.26323611,-83.57673056,Embankment,Not a Collision with Motor Vehicle In-Transport,Not an Intersection,On Roadside,,Dark - Not Lighted,Clear,0,1,2005.0,0,0,JASPER (159),MONTICELLO
2016,10147,Georgia,0,2,2,March,17,Thursday,16,SR-49,State Highway,Urban,Principal Arterial - Other,State Highway Agency,89.0,33.07033056,-83.26040556,Motor Vehicle In-Transport,Angle,T-Intersection,On Roadway,,Daylight,Cloudy,0,0,1999.0,0,0,BALDWIN (9),MILLEDGEVILLE
2016,10148,Georgia,0,2,2,March,17,Thursday,16,SR-113,State Highway,Urban,Minor Arterial,State Highway Agency,66.0,34.11679167,-84.86826389,Motor Vehicle In-Transport,Angle,T-Intersection,On Roadway,,Daylight,Cloudy,0,0,2004.0,0,0,BARTOW (15),CARTERSVILLE
2016,10148,Georgia,0,2,2,March,17,Thursday,16,SR-113,State Highway,Urban,Minor Arterial,State Highway Agency,66.0,34.11679167,-84.86826389,Motor Vehicle In-Transport,Angle,T-Intersection,On Roadway,,Daylight,Cloudy,0,0,2012.0,0,0,BARTOW (15),CARTERSVILLE
2016,10149,Georgia,3,1,1,March,17,Thursday,16,SR-9,State Highway,Urban,Principal Arterial - Other,State Highway Agency,196.0,34.02924167,-84.35636667,Pedestrian,Not a Collision with Motor Vehicle In-Transport,Not an Intersection,On Roadside,,Daylight,Clear,0,0,2000.0,1,0,FULTON (121),ROSWELL
2016,10150,Georgia,0,1,1,March,17,Thursday,15,I-985,Interstate,Urban,Interstate,State Highway Agency,37.0,34.07433611,-84.00279444,Tree (Standing Only),Not a Collision with Motor Vehicle In-Transport,Not an Intersection,On Roadside,,Daylight,Clear,0,0,2015.0,1,0,GWINNETT (135),BUFORD
2016,10150,Georgia,0,1,1,March,17,Thursday,15,I-985,Interstate,Urban,Interstate,State Highway Agency,37.0,34.07433611,-84.00279444,Tree (Standing Only),Not a Collision with Motor Vehicle In-Transport,Not an Intersection,On Roadside,,Daylight,Clear,0,0,1999.0,0,0,GWINNETT (135),BUFORD
2016,10151,Georgia,0,2,3,March,17,Thursday,12,SR-3,State Highway,Rural,Principal Arterial - Other,State Highway Agency,236.0,31.37044444,-84.16414722,Motor Vehicle In-Transport,Angle,Four-Way Intersection,On Roadway,,Daylight,Cloudy,0,0,2005.0,0,0,MITCHELL (205),BACONTON
2016,10151,Georgia,0,2,3,March,17,Thursday,12,SR-3,State Highway,Rural,Principal Arterial - Other,State Highway Agency,236.0,31.37044444,-84.16414722,Motor Vehicle In-Transport,Angle,Four-Way Intersection,On Roadway,,Daylight,Cloudy,0,0,1994.0,1,0,MITCHELL (205),BACONTON
2016,10152,Georgia,0,1,1,March,17,Thursday,12,TENNILE OCONEE ROAD,Local Street - Municipality,Urban,Minor Arterial,City or Municipal Highway Agency,81.0,32.92870556,-82.836625,Rollover/Overturn,Not a Collision with Motor Vehicle In-Transport,Not an Intersection,On Roadway,,Daylight,Clear,0,0,2010.0,1,0,WASHINGTON (303),TENNILLE
2016,10152,Georgia,0,1,1,March,17,Thursday,12,TENNILE OCONEE ROAD,Local Street - Municipality,Urban,Minor Arterial,City or Municipal Highway Agency,81.0,32.92870556,-82.836625,Rollover/Overturn,Not a Collision with Motor Vehicle In-Transport,Not an Intersection,On Roadway,,Daylight,Clear,0,0,2003.0,0,0,WASHINGTON (303),TENNILLE
2016,10153,Georgia,0,2,2,March,18,Friday,3,CR-NORTH OLD ATLANTA ROAD,County Road,Urban,Local,County Highway Agency,10.0,34.18833333,-84.15227222,Rollover/Overturn,Not a Collision with Motor Vehicle In-Transport,Not an Intersection,On Roadside,,Dark - Not Lighted,Clear,0,0,2013.0,0,0,FORSYTH (117),NOT APPLICABLE
2016,10154,Georgia,0,2,3,March,18,Friday,10,MCDANIEL STREET,Local Street - Municipality,Urban,Minor Collector,City or Municipal Highway Agency,8.0,33.74358333,-84.40398889,Motor Vehicle In-Transport,Angle,Four-Way Intersection,On Roadway,,Daylight,Clear,0,0,2004.0,1,0,FULTON (121),ATLANTA
2016,10155,Georgia,0,1,1,March,18,Friday,23,SR-11,State Highway,Urban,Minor Arterial,State Highway Agency,156.0,33.85446111,-83.72213889,Rollover/Overturn,Not a Collision with Motor Vehicle In-Transport,Not an Intersection,On Roadside,,Dark - Not Lighted,Cloudy,0,0,1999.0,0,0,WALTON (297),CAMPTON
2016,10155,Georgia,0,1,1,March,18,Friday,23,SR-11,State Highway,Urban,Minor Arterial,State Highway Agency,156.0,33.85446111,-83.72213889,Rollover/Overturn,Not a Collision with Motor Vehicle In-Transport,Not an Intersection,On Roadside,,Dark - Not Lighted,Cloudy,0,0,2011.0,1,0,WALTON (297),CAMPTON
2016,10156,Georgia,0,2,4,March,19,Saturday,4,CR-UNIVERSITY PARKWAY,County Road,Urban,Principal Arterial - Other,County Highway Agency,21.0,33.96201667,-83.79623333,Motor Vehicle In-Transport,Angle,Four-Way Intersection,On Roadway,,Dark - Not Lighted,Clear,0,0,1999.0,1,1,BARROW (13),NOT APPLICABLE
2016,10157,Georgia,0,4,5,March,19,Saturday,2,I-285,Interstate,Urban,Interstate,State Highway Agency,45.0,33.60966667,-84.43626111,Motor Vehicle In-Transport,Front-to-Rear,Not an Intersection,On Roadway,,Dark - Not Lighted,Cloudy,0,0,2007.0,1,0,CLAYTON (63),COLLEGE PARK
2016,10158,Georgia,0,1,2,March,19,Saturday,11,FRYER ROAD,Local Street - Municipality,Rural,Local,City or Municipal Highway Agency,32.0,31.30428889,-84.94939167,Rollover/Overturn,Not a Collision with Motor Vehicle In-Transport,Not an Intersection,On Roadway,,Daylight,Cloudy,0,0,2004.0,1,1,EARLY (99),BLAKELY
2016,10159,Georgia,0,1,1,March,19,Saturday,23,YELLOW CREEK ROAD,Local Street - Municipality,Rural,Minor Collector,City or Municipal Highway Agency,12.0,34.43300278,-83.931625,Mail Box,Not a Collision with Motor Vehicle In-Transport,Not an Intersection,On Roadside,,Dark - Not Lighted,Cloudy,0,0,2006.0,0,0,HALL (139),GAINESVILLE
2016,10159,Georgia,0,1,1,March,19,Saturday,23,YELLOW CREEK ROAD,Local Street - Municipality,Rural,Minor Collector,City or Municipal Highway Agency,12.0,34.43300278,-83.931625,Mail Box,Not a Collision with Motor Vehicle In-Transport,Not an Intersection,On Roadside,,Dark - Not Lighted,Cloudy,0,0,1996.0,4,1,HALL (139),GAINESVILLE
2016,10160,Georgia,0,1,2,March,19,Saturday,4,SR-109,State Highway,Urban,Principal Arterial - Other,City or Municipal Highway Agency,144.0,33.04197778,-84.98329167,Traffic Sign Support,Not a Collision with Motor Vehicle In-Transport,Not an Intersection,On Roadside,,Dark - Lighted,Cloudy,0,0,2012.0,1,0,TROUP (285),LA GRANGE
2016,10161,Georgia,0,2,3,March,20,Sunday,14,CR-FREY ROAD,County Road,Urban,Minor Collector,County Highway Agency,7.0,34.04032778,-84.58025278,Motor Vehicle In-Transport,Front-to-Front,T-Intersection,On Roadway,,Daylight,Clear,0,0,2001.0,0,0,COBB (67),NOT APPLICABLE
2016,10162,Georgia,0,1,2,March,20,Sunday,24,SR-3,State Highway,Urban,Minor Arterial,State Highway Agency,12.0,34.60775278,-84.950675,Traffic Sign Support,Not a Collision with Motor Vehicle In-Transport,Not an Intersection,On Roadside,,Dark - Not Lighted,Clear,0,0,2003.0,1,0,GORDON (129),CALHOUN
2016,10163,Georgia,0,1,3,March,21,Monday,22,CR-ANTIOCH ROAD,County Road,Urban,Minor Collector,County Highway Agency,33.0,33.95756944,-85.22213056,Ditch,Not a Collision with Motor Vehicle In-Transport,Not an Intersection,On Roadside,,Dark - Not Lighted,Clear,0,0,2001.0,1,0,POLK (233),NOT APPLICABLE
2016,10164,Georgia,1,1,2,March,21,Monday,20,SR-2,State Highway,Urban,Minor Arterial,State Highway Agency,24.0,34.94866944,-85.29246111,Pedestrian,Not a Collision with Motor Vehicle In-Transport,Four-Way Intersection,On Roadway,,Dark - Not Lighted,Cloudy,0,0,2008.0,2,0,WALKER (295),NOT APPLICABLE
2016,10164,Georgia,1,1,2,March,21,Monday,20,SR-2,State Highway,Urban,Minor Arterial,State Highway Agency,24.0,34.94866944,-85.29246111,Pedestrian,Not a Collision with Motor Vehicle In-Transport,Four-Way Intersection,On Roadway,,Dark - Not Lighted,Cloudy,0,0,1998.0,0,0,WALKER (295),NOT APPLICABLE
2016,10165,Georgia,1,1,1,March,23,Wednesday,2,I-20,Interstate,Urban,Interstate,State Highway Agency,71.0,33.71538611,-84.247725,Pedestrian,Not a Collision with Motor Vehicle In-Transport,Not an Intersection,On Roadway,,Dark - Not Lighted,Clear,0,0,1998.0,1,0,DEKALB (89),NOT APPLICABLE
2016,10166,Georgia,0,2,2,March,23,Wednesday,13,LANIER ISLAND PARKWAY,Local Street - Municipality,Urban,Minor Arterial,City or Municipal Highway Agency,24.0,34.14933056,-83.97300278,Motor Vehicle In-Transport,Front-to-Front,Four-Way Intersection,On Roadway,,Daylight,Clear,0,0,2006.0,1,0,HALL (139),FLOWERY BRANCH
2016,10167,Georgia,0,2,3,March,24,Thursday,20,CR-GLADE ROAD,County Road,Urban,Minor Arterial,County Highway Agency,16.0,34.10019444,-84.68336944,Motor Vehicle In-Transport,Front-to-Front,Not an Intersection,On Roadway,,Dark - Not Lighted,Cloudy,0,0,2004.0,0,0,BARTOW (15),NOT APPLICABLE
2016,10167,Georgia,0,2,3,March,24,Thursday,20,CR-GLADE ROAD,County Road,Urban,Minor Arterial,County Highway Agency,16.0,34.10019444,-84.68336944,Motor Vehicle In-Transport,Front-to-Front,Not an Intersection,On Roadway,,Dark - Not Lighted,Cloudy,0,0,1980.0,1,0,BARTOW (15),NOT APPLICABLE
2016,10168,Georgia,1,1,2,March,24,Thursday,1,I-75,Interstate,Urban,Interstate,State Highway Agency,57.0,33.94471111,-84.51061667,Pedestrian,Not a Collision with Motor Vehicle In-Transport,Not an Intersection,On Roadway,Construction,Dark - Not Lighted,Clear,0,0,2005.0,2,0,COBB (67),MARIETTA
2016,10168,Georgia,1,1,2,March,24,Thursday,1,I-75,Interstate,Urban,Interstate,State Highway Agency,57.0,33.94471111,-84.51061667,Pedestrian,Not a Collision with Motor Vehicle In-Transport,Not an Intersection,On Roadway,Construction,Dark - Not Lighted,Clear,0,0,2006.0,0,0,COBB (67),MARIETTA
2016,10169,Georgia,0,1,1,March,24,Thursday,17,SHEPPARD ROAD,Local Street - Municipality,Urban,Local,City or Municipal Highway Agency,3.0,33.79388611,-84.18470278,Tree (Standing Only),Not a Collision with Motor Vehicle In-Transport,T-Intersection,On Roadside,,Dusk,Rain,0,0,2003.0,1,1,DEKALB (89),NOT APPLICABLE
2016,10170,Georgia,0,2,2,March,24,Thursday,15,SR-120,State Highway,Urban,Minor Arterial,State Highway Agency,55.0,33.978325,-84.10244444,Motor Vehicle In-Transport,Angle,Four-Way Intersection,On Roadway,,Daylight,Cloudy,0,0,2014.0,1,1,GWINNETT (135),DULUTH
2016,10171,Georgia,0,2,3,March,24,Thursday,5,SR-15,State Highway,Rural,Principal Arterial - Other,State Highway Agency,92.0,33.27628889,-82.97052778,Traffic Sign Support,Not a Collision with Motor Vehicle In-Transport,Four-Way Intersection,On Roadside,,Daylight,Cloudy,0,0,2014.0,0,0,HANCOCK (141),SPARTA
2016,10171,Georgia,0,2,3,March,24,Thursday,5,SR-15,State Highway,Rural,Principal Arterial - Other,State Highway Agency,92.0,33.27628889,-82.97052778,Traffic Sign Support,Not a Collision with Motor Vehicle In-Transport,Four-Way Intersection,On Roadside,,Daylight,Cloudy,0,0,2000.0,0,0,HANCOCK (141),SPARTA
2016,10172,Georgia,0,2,2,March,24,Thursday,20,SR-332,State Highway,Rural,Major Collector,State Highway Agency,69.0,34.14078889,-83.67876111,Motor Vehicle In-Transport,Angle,Not an Intersection,On Roadway,,Dark - Not Lighted,Cloudy,0,0,2001.0,1,0,JACKSON (157),HOSCHTON
2016,10172,Georgia,0,2,2,March,24,Thursday,20,SR-332,State Highway,Rural,Major Collector,State Highway Agency,69.0,34.14078889,-83.67876111,Motor Vehicle In-Transport,Angle,Not an Intersection,On Roadway,,Dark - Not Lighted,Cloudy,0,0,2003.0,0,0,JACKSON (157),HOSCHTON
2016,10173,Georgia,0,2,2,March,25,Friday,16,SR-138,State Highway,Urban,Principal Arterial - Other,State Highway Agency,23.0,33.55029444,-84.41829444,Motor Vehicle In-Transport,Angle,T-Intersection,On Roadway,,Daylight,Clear,0,0,1998.0,1,1,CLAYTON (63),RIVERDALE
2016,10174,Georgia,0,1,1,March,25,Friday,14,CR-WALT SANDERS ROAD,County Road,Urban,Local,County Highway Agency,0.0,33.44150556,-84.73764722,Railway Vehicle,Not a Collision with Motor Vehicle In-Transport,Not an Intersection,On Roadway,,Daylight,Clear,0,0,2007.0,2,0,COWETA (77),NOT APPLICABLE
2016,10174,Georgia,0,1,1,March,25,Friday,14,CR-WALT SANDERS ROAD,County Road,Urban,Local,County Highway Agency,0.0,33.44150556,-84.73764722,Railway Vehicle,Not a Collision with Motor Vehicle In-Transport,Not an Intersection,On Roadway,,Daylight,Clear,0,0,2002.0,3,1,COWETA (77),NOT APPLICABLE
2016,10175,Georgia,0,3,4,March,25,Friday,14,SR-12,State Highway,Urban,Minor Arterial,State Highway Agency,70.0,33.72188889,-84.16172222,Motor Vehicle In-Transport,Angle,T-Intersection,On Roadway,,Daylight,Clear,0,0,2006.0,1,0,DEKALB (89),NOT APPLICABLE
2016,10176,Georgia,0,2,6,March,26,Saturday,12,SR-8,State Highway,Urban,Principal Arterial - Other,State Highway Agency,75.0,33.954925,-83.38826111,Motor Vehicle In-Transport,Angle,Not an Intersection,On Roadway,,Daylight,Clear,0,0,2004.0,1,1,CLARKE (59),ATHENS
2016,10177,Georgia,0,1,1,March,26,Saturday,2,I-75,Interstate,Urban,Interstate,State Highway Agency,121.0,34.00531944,-84.56483611,Guardrail Face,Not a Collision with Motor Vehicle In-Transport,Not an Intersection,On Median,,Dark - Not Lighted,Clear,0,0,2000.0,1,1,COBB (67),NOT APPLICABLE
2016,10178,Georgia,0,1,1,March,26,Saturday,22,SR-91,State Highway,Rural,Minor Arterial,State Highway Agency,9.0,31.44807222,-84.26345833,Fence,Not a Collision with Motor Vehicle In-Transport,Not an Intersection,On Roadside,,Dark - Not Lighted,Cloudy,0,0,1997.0,1,0,DOUGHERTY (95),NOT APPLICABLE
2016,10179,Georgia,0,1,1,March,26,Saturday,11,CR-COUNTY LINE ROAD,County Road,Urban,Local,County Highway Agency,30.0,33.78496944,-84.66836111,Embankment,Not a Collision with Motor Vehicle In-Transport,Not an Intersection,On Roadside,,Daylight,Cloudy,0,0,2006.0,1,0,DOUGLAS (97),NOT APPLICABLE
2016,10180,Georgia,0,2,2,March,26,Saturday,9,CR-BOHANNON ROAD,County Road,Urban,Local,County Highway Agency,20.0,33.52614444,-84.58574722,Motor Vehicle In-Transport,Front-to-Front,Not an Intersection,On Roadway,,Daylight,Rain,0,0,2002.0,1,1,FULTON (121),NOT APPLICABLE
2016,10181,Georgia,0,2,3,March,26,Saturday,15,SR-120,State Highway,Urban,Minor Arterial,State Highway Agency,98.0,33.97353056,-84.03204167,Motor Vehicle In-Transport,Angle,Four-Way Intersection,On Roadway,,Daylight,Cloudy,0,0,2000.0,1,1,GWINNETT (135),LAWRENCEVILLE
2016,10182,Georgia,0,1,1,March,27,Sunday,18,SR-121,State Highway,Rural,Minor Arterial,State Highway Agency,17.0,32.593975,-82.02293889,Ditch,Not a Collision with Motor Vehicle In-Transport,Not an Intersection,On Roadside,,Daylight,Rain,0,0,1986.0,1,0,EMANUEL (107),TWIN CITY
2016,10183,Georgia,0,2,4,March,27,Sunday,15,SR-53,State Highway,Urban,Minor Arterial,State Highway Agency,183.0,34.16066944,-83.82483889,Motor Vehicle In-Transport,Angle,T-Intersection,On Roadway,,Daylight,Cloudy,0,0,1998.0,1,0,HALL (139),Other
2016,10184,Georgia,0,1,2,March,27,Sunday,17,SR-34,State Highway,Rural,Minor Arterial,State Highway Agency,29.0,33.22905278,-85.21584167,Culvert,Not a Collision with Motor Vehicle In-Transport,Not an Intersection,On Roadside,,Daylight,Cloudy,0,0,2009.0,0,0,HEARD (149),NOT APPLICABLE
2016,10185,Georgia,0,2,5,March,28,Monday,13,CR-LAFAYETTE ROAD,County Road,Urban,Minor Arterial,County Highway Agency,4.0,34.94865833,-85.258925,Motor Vehicle In-Transport,Angle,Four-Way Intersection,On Roadway,,Daylight,Clear,0,0,2007.0,1,0,CATOOSA (47),NOT APPLICABLE
2016,10185,Georgia,0,2,5,March,28,Monday,13,CR-LAFAYETTE ROAD,County Road,Urban,Minor Arterial,County Highway Agency,4.0,34.94865833,-85.258925,Motor Vehicle In-Transport,Angle,Four-Way Intersection,On Roadway,,Daylight,Clear,0,0,2016.0,0,0,CATOOSA (47),NOT APPLICABLE
2016,10186,Georgia,0,4,6,March,28,Monday,20,SR-139,State Highway,Urban,Minor Arterial,State Highway Agency,1.0,33.78076944,-84.53626667,Motor Vehicle In-Transport,Angle,Four-Way Intersection,On Roadway,,Dark - Not Lighted,Cloudy,0,0,1999.0,1,0,COBB (67),NOT APPLICABLE
2016,10186,Georgia,0,4,6,March,28,Monday,20,SR-139,State Highway,Urban,Minor Arterial,State Highway Agency,1.0,33.78076944,-84.53626667,Motor Vehicle In-Transport,Angle,Four-Way Intersection,On Roadway,,Dark - Not Lighted,Cloudy,0,0,2003.0,0,0,COBB (67),NOT APPLICABLE
2016,10187,Georgia,0,2,2,March,28,Monday,8,SR-303,State Highway,Urban,Minor Arterial,State Highway Agency,19.0,31.16398333,-81.55762222,Motor Vehicle In-Transport,Front-to-Front,Not an Intersection,On Roadway,,Daylight,Clear,0,0,1994.0,1,1,GLYNN (127),THALMANN
2016,10188,Georgia,1,1,1,March,29,Tuesday,5,JONESBORO ROAD,Local Street - Municipality,Urban,Minor Arterial,City or Municipal Highway Agency,123.0,33.63386389,-84.35823889,Pedestrian,Not a Collision with Motor Vehicle In-Transport,Not an Intersection,On Roadway,,Dark - Lighted,Clear,0,0,2003.0,0,1,CLAYTON (63),FOREST PARK
2016,10188,Georgia,1,1,1,March,29,Tuesday,5,JONESBORO ROAD,Local Street - Municipality,Urban,Minor Arterial,City or Municipal Highway Agency,123.0,33.63386389,-84.35823889,Pedestrian,Not a Collision with Motor Vehicle In-Transport,Not an Intersection,On Roadway,,Dark - Lighted,Clear,0,0,2000.0,1,0,CLAYTON (63),FOREST PARK
2016,10189,Georgia,0,2,3,March,29,Tuesday,13,SR-32,State Highway,Rural,Principal Arterial - Other,State Highway Agency,169.0,31.72660556,-84.047075,Motor Vehicle In-Transport,Angle,Four-Way Intersection,On Roadway,,Daylight,Clear,0,0,2003.0,1,1,LEE (177),NOT APPLICABLE
2016,10190,Georgia,0,2,2,March,29,Tuesday,10,4TH STREET,Local Street - Municipality,Urban,Principal Arterial - Other,City or Municipal Highway Agency,2.0,32.45335278,-84.99048056,Motor Vehicle In-Transport,Sideswipe - Same Direction,Not an Intersection,On Roadway,,Daylight,Clear,0,0,2005.0,2,0,MUSCOGEE (215),COLUMBUS
2016,10190,Georgia,0,2,2,March,29,Tuesday,10,4TH STREET,Local Street - Municipality,Urban,Principal Arterial - Other,City or Municipal Highway Agency,2.0,32.45335278,-84.99048056,Motor Vehicle In-Transport,Sideswipe - Same Direction,Not an Intersection,On Roadway,,Daylight,Clear,0,0,2001.0,0,0,MUSCOGEE (215),COLUMBUS
2016,10191,Georgia,0,2,2,March,29,Tuesday,15,SR-6,State Highway,Urban,Principal Arterial - Other,State Highway Agency,113.0,33.90306389,-84.81003056,Motor Vehicle In-Transport,Angle,Four-Way Intersection,On Roadway,,Daylight,Clear,0,0,1992.0,1,0,PAULDING (223),DALLAS
2016,10191,Georgia,0,2,2,March,29,Tuesday,15,SR-6,State Highway,Urban,Principal Arterial - Other,State Highway Agency,113.0,33.90306389,-84.81003056,Motor Vehicle In-Transport,Angle,Four-Way Intersection,On Roadway,,Daylight,Clear,0,0,2005.0,0,0,PAULDING (223),DALLAS
2016,10192,Georgia,0,2,2,March,30,Wednesday,20,SR-44,State Highway,Rural,Minor Arterial,State Highway Agency,71.0,33.08949722,-83.48452222,Motor Vehicle In-Transport,Front-to-Front,Not an Intersection,On Roadway,,Dark - Not Lighted,Clear,0,0,2001.0,1,0,JONES (169),NOT APPLICABLE
2016,10192,Georgia,0,2,2,March,30,Wednesday,20,SR-44,State Highway,Rural,Minor Arterial,State Highway Agency,71.0,33.08949722,-83.48452222,Motor Vehicle In-Transport,Front-to-Front,Not an Intersection,On Roadway,,Dark - Not Lighted,Clear,0,0,2015.0,0,0,JONES (169),NOT APPLICABLE
2016,10193,Georgia,0,3,4,March,30,Wednesday,19,SR-49,State Highway,Urban,Local,State Highway Agency,53.0,32.117175,-84.16574444,Motor Vehicle In-Transport,Angle,T-Intersection,On Roadway,,Daylight,Clear,0,0,2011.0,1,0,SUMTER (261),NOT APPLICABLE
2016,10193,Georgia,0,3,4,March,30,Wednesday,19,SR-49,State Highway,Urban,Local,State Highway Agency,53.0,32.117175,-84.16574444,Motor Vehicle In-Transport,Angle,T-Intersection,On Roadway,,Daylight,Clear,0,0,2013.0,0,0,SUMTER (261),NOT APPLICABLE
2016,10194,Georgia,0,4,5,March,31,Thursday,13,SR-25,State Highway,Urban,Principal Arterial - Other,State Highway Agency,68.0,31.94985,-81.31233889,Motor Vehicle In-Transport,Front-to-Rear,Four-Way Intersection,On Roadway,,Daylight,Clear,0,0,2004.0,1,0,BRYAN (29),RICHMOND HILL
2016,10195,Georgia,0,1,1,March,31,Thursday,15,CR-DOUGLAS ROAD,County Road,Rural,Local,County Highway Agency,2.0,33.44588611,-82.27781667,Tree (Standing Only),Not a Collision with Motor Vehicle In-Transport,Not an Intersection,On Roadside,,Daylight,Clear,0,0,2015.0,1,0,COLUMBIA (73),NOT APPLICABLE
2016,10195,Georgia,0,1,1,March,31,Thursday,15,CR-DOUGLAS ROAD,County Road,Rural,Local,County Highway Agency,2.0,33.44588611,-82.27781667,Tree (Standing Only),Not a Collision with Motor Vehicle In-Transport,Not an Intersection,On Roadside,,Daylight,Clear,0,0,2006.0,0,0,COLUMBIA (73),NOT APPLICABLE
2016,10196,Georgia,0,1,1,March,31,Thursday,22,SR-99,State Highway,Rural,Major Collector,State Highway Agency,172.0,31.50710833,-81.39527778,Rollover/Overturn,Not a Collision with Motor Vehicle In-Transport,Not an Intersection,On Roadside,,Dark - Not Lighted,Clear,0,0,2013.0,1,0,MCINTOSH (191),NOT APPLICABLE
2016,10197,Georgia,1,1,1,March,31,Thursday,15,SOUTH HILL STREET,Local Street - Municipality,Urban,Minor Arterial,City or Municipal Highway Agency,25.0,33.22748056,-84.26792222,Pedalcyclist,Not a Collision with Motor Vehicle In-Transport,T-Intersection,On Roadway,,Daylight,Cloudy,0,0,2003.0,1,0,SPALDING (255),GRIFFIN