YEAR,ST_CASE,STATENAME,NUM_PEDS,NUM_VEHC,PERSONS,MONTHNAME,DAYNAME,DAY_WEEKNAME,HOUR,ROAD_NAME,ROUTENAME,RUR_URBNAME,FUNC_SYSNAME,RD_OWNERNAME,MILE_MARKER,LATITUDE,LONGITUD,HARM_EVNAME,COLLISION_TYPE,TYP_INTNAME,REL_ROADNAME,WRK_ZONENAME,LGT_CONDNAME,WEATHERNAME,SCH_BUS,HIT_RUN,MOD_YEAR,DEATHS,DR_DRINK,COUNTYNAME,CITYNAME
2016,10198,Georgia,0,2,2,April,1,Friday,23,SR-138,State Highway,Urban,Principal Arterial - Other,State Highway Agency,81.0,33.53575,-84.33218056,Motor Vehicle In-Transport,Angle,Not an Intersection,On Roadway,,Dark - Not Lighted,Rain,0,0,2004.0,1,0,CLAYTON (63),JONESBORO
2016,10199,Georgia,0,1,7,April,1,Friday,20,I-85,Interstate,Urban,Interstate,State Highway Agency,221.0,33.49781389,-84.640625,Rollover/Overturn,Not a Collision with Motor Vehicle In-Transport,Not an Intersection,On Roadway,,Dusk,Rain,0,0,2002.0,1,1,COWETA (77),NOT APPLICABLE
2016,10199,Georgia,0,1,7,April,1,Friday,20,I-85,Interstate,Urban,Interstate,State Highway Agency,221.0,33.49781389,-84.640625,Rollover/Overturn,Not a Collision with Motor Vehicle In-Transport,Not an Intersection,On Roadway,,Dusk,Rain,0,0,2011.0,0,0,COWETA (77),NOT APPLICABLE
2016,10200,Georgia,0,2,2,April,1,Friday,5,CR-5148 / ROCKBRIDGE RD,County Road,Urban,Minor Arterial,County Highway Agency,43.0,33.78591667,-84.22319722,Motor Vehicle In-Transport,Front-to-Front,Not an Intersection,On Roadway,,Dark - Not Lighted,Rain,0,0,1996.0,1,0,DEKALB (89),NOT APPLICABLE
2016,10201,Georgia,0,1,1,April,1,Friday,1,CR-141 / BOMAR RD,County Road,Urban,Local,County Highway Agency,2.0,33.71604167,-84.69980278,Other Fixed Object,Not a Collision with Motor Vehicle In-Transport,Not an Intersection,On Roadside,,Dark - Not Lighted,Rain,0,0,2009.0,0,0,DOUGLAS (97),NOT APPLICABLE
2016,10201,Georgia,0,1,1,April,1,Friday,1,CR-141 / BOMAR RD,County Road,Urban,Local,County Highway Agency,2.0,33.71604167,-84.69980278,Other Fixed Object,Not a Collision with Motor Vehicle In-Transport,Not an Intersection,On Roadside,,Dark - Not Lighted,Rain,0,0,1998.0,1,1,DOUGLAS (97),NOT APPLICABLE
2016,10202,Georgia,0,2,3,April,1,Friday,12,US-27 BU,U.S. Highway,Urban,Major Collector,State Highway Agency,11.0,33.71551389,-85.1426,Motor Vehicle In-Transport,Angle,Not an Intersection,On Roadway,,Daylight,Cloudy,0,0,2000.0,1,0,HARALSON (143),BREMEN
2016,10203,Georgia,0,1,1,April,2,Saturday,22,CR-195 / DRY LAKE RD,County Road,Rural,Minor Collector,County Highway Agency,48.0,30.83545278,-83.68056389,Mail Box,Not a Collision with Motor Vehicle In-Transport,Not an Intersection,On Roadside,,Dark - Not Lighted,Clear,0,1,2003.0,0,1,BROOKS (27),NOT APPLICABLE
2016,10203,Georgia,0,1,1,April,2,Saturday,22,CR-195 / DRY LAKE RD,County Road,Rural,Minor Collector,County Highway Agency,48.0,30.83545278,-83.68056389,Mail Box,Not a Collision with Motor Vehicle In-Transport,Not an Intersection,On Roadside,,Dark - Not Lighted,Clear,0,0,2016.0,1,0,BROOKS (27),NOT APPLICABLE
2016,10204,Georgia,0,2,3,April,2,Saturday,15,SR-36,State Highway,Rural,Minor Arterial,State Highway Agency,137.0,33.35288056,-83.94568889,Motor Vehicle In-Transport,Front-to-Front,Not an Intersection,On Roadway,,Daylight,Clear,0,0,1997.0,1,0,BUTTS (35),NOT APPLICABLE
2016,10205,Georgia,0,2,5,April,2,Saturday,14,US-41 / SR-7,U.S. Highway,Urban,Minor Arterial,State Highway Agency,14.0,31.04546944,-83.39248333,Motor Vehicle In-Transport,Angle,Four-Way Intersection,On Roadway,,Daylight,Clear,0,0,2002.0,1,0,COOK (75),CECIL
2016,10205,Georgia,0,2,5,April,2,Saturday,14,US-41 / SR-7,U.S. Highway,Urban,Minor Arterial,State Highway Agency,14.0,31.04546944,-83.39248333,Motor Vehicle In-Transport,Angle,Four-Way Intersection,On Roadway,,Daylight,Clear,0,0,2011.0,0,0,COOK (75),CECIL
2016,10206,Georgia,0,1,1,April,2,Saturday,6,CR-599 / EVANS MILL RD,County Road,Urban,Minor Arterial,County Highway Agency,20.0,33.6793,-84.14108333,Tree (Standing Only),Not a Collision with Motor Vehicle In-Transport,Not an Intersection,On Roadside,,Dark - Not Lighted,Rain,0,0,2005.0,0,0,DEKALB (89),LITHONIA
2016,10206,Georgia,0,1,1,April,2,Saturday,6,CR-599 / EVANS MILL RD,County Road,Urban,Minor Arterial,County Highway Agency,20.0,33.6793,-84.14108333,Tree (Standing Only),Not a Collision with Motor Vehicle In-Transport,Not an Intersection,On Roadside,,Dark - Not Lighted,Rain,0,0,2003.0,1,0,DEKALB (89),LITHONIA
2016,10207,Georgia,0,2,2,April,2,Saturday,11,SR-141 / PEACHTREE PKWY,State Highway,Urban,Principal Arterial - Other,State Highway Agency,24.0,33.95349444,-84.23391944,Motor Vehicle In-Transport,Angle,Four-Way Intersection,On Roadway,,Daylight,Clear,0,0,1998.0,1,0,GWINNETT (135),NOT APPLICABLE
2016,10208,Georgia,1,1,1,April,2,Saturday,15,SAHALE FALLS DR,Local Street - Municipality,Urban,Local,City or Municipal Highway Agency,76.36406779661017,34.11830833,-83.82423333,Pedestrian,Not a Collision with Motor Vehicle In-Transport,Not an Intersection,On Roadway,,Daylight,Clear,0,0,2005.0,1,0,GWINNETT (135),Other
2016,10209,Georgia,0,1,4,April,2,Saturday,19,SR-91,State Highway,Rural,Minor Arterial,State Highway Agency,186.0,31.18549167,-84.60737222,Rollover/Overturn,Not a Collision with Motor Vehicle In-Transport,Not an Intersection,On Roadside,,Daylight,Cloudy,0,0,2002.0,0,1,MILLER (201),NOT APPLICABLE
2016,10209,Georgia,0,1,4,April,2,Saturday,19,SR-91,State Highway,Rural,Minor Arterial,State Highway Agency,186.0,31.18549167,-84.60737222,Rollover/Overturn,Not a Collision with Motor Vehicle In-Transport,Not an Intersection,On Roadside,,Daylight,Cloudy,0,0,2002.0,1,0,MILLER (201),NOT APPLICABLE
2016,10210,Georgia,0,2,2,April,2,Saturday,18,CR-91 / DENT RD,County Road,Rural,Local,County Highway Agency,14.0,31.71862778,-81.98631667,Motor Vehicle In-Transport,Angle,Four-Way Intersection,On Roadway,,Daylight,Clear,0,0,2006.0,1,0,WAYNE (305),NOT APPLICABLE
2016,10210,Georgia,0,2,2,April,2,Saturday,18,CR-91 / DENT RD,County Road,Rural,Local,County Highway Agency,14.0,31.71862778,-81.98631667,Motor Vehicle In-Transport,Angle,Four-Way Intersection,On Roadway,,Daylight,Clear,0,0,2000.0,0,0,WAYNE (305),NOT APPLICABLE
2016,10211,Georgia,0,1,1,April,3,Sunday,24,CR-1339 / WALT STEPHENS RD,County Road,Urban,Minor Arterial,County Highway Agency,11.0,33.52038333,-84.32031111,Guardrail End,Not a Collision with Motor Vehicle In-Transport,Not an Intersection,On Roadside,,Dark - Not Lighted,Clear,0,0,2015.0,1,0,CLAYTON (63),JONESBORO
2016,10211,Georgia,0,1,1,April,3,Sunday,24,CR-1339 / WALT STEPHENS RD,County Road,Urban,Minor Arterial,County Highway Agency,11.0,33.52038333,-84.32031111,Guardrail End,Not a Collision with Motor Vehicle In-Transport,Not an Intersection,On Roadside,,Dark - Not Lighted,Clear,0,0,2004.0,0,0,CLAYTON (63),JONESBORO
2016,10212,Georgia,0,1,1,April,3,Sunday,3,I-75,Interstate,Urban,Interstate,State Highway Agency,77.0,33.75254722,-84.37948333,Concrete Traffic Barrier,Not a Collision with Motor Vehicle In-Transport,Not an Intersection,On Median,,Dark - Lighted,Clear,0,0,2003.0,1,0,FULTON (121),ATLANTA
2016,10212,Georgia,0,1,1,April,3,Sunday,3,I-75,Interstate,Urban,Interstate,State Highway Agency,77.0,33.75254722,-84.37948333,Concrete Traffic Barrier,Not a Collision with Motor Vehicle In-Transport,Not an Intersection,On Median,,Dark - Lighted,Clear,0,0,2010.0,0,0,FULTON (121),ATLANTA
2016,10213,Georgia,0,1,2,April,3,Sunday,16,CR-16 / PITTS CHAPEL RD,County Road,Rural,Local,County Highway Agency,31.0,33.46416944,-83.6696,Ditch,Not a Collision with Motor Vehicle In-Transport,Not an Intersection,On Roadside,,Daylight,Clear,0,0,1998.0,1,0,JASPER (159),NOT APPLICABLE
2016,10214,Georgia,0,1,1,April,4,Monday,8,US-221 / SR-135,U.S. Highway,Rural,Minor Arterial,State Highway Agency,40.0,32.0156,-82.50880833,Tree (Standing Only),Not a Collision with Motor Vehicle In-Transport,Not an Intersection,On Roadside,,Daylight,Clear,0,0,2006.0,1,1,MONTGOMERY (209),NOT APPLICABLE
2016,10215,Georgia,0,2,4,April,4,Monday,19,SR-135,State Highway,Rural,Minor Arterial,State Highway Agency,177.0,32.19899722,-82.46216667,Motor Vehicle In-Transport,Angle,Four-Way Intersection,On Roadway,,Daylight,Clear,0,0,2005.0,0,0,MONTGOMERY (209),NOT APPLICABLE
2016,10215,Georgia,0,2,4,April,4,Monday,19,SR-135,State Highway,Rural,Minor Arterial,State Highway Agency,177.0,32.19899722,-82.46216667,Motor Vehicle In-Transport,Angle,Four-Way Intersection,On Roadway,,Daylight,Clear,0,0,2005.0,1,0,MONTGOMERY (209),NOT APPLICABLE
2016,10216,Georgia,0,1,2,April,5,Tuesday,16,I-95,Interstate,Rural,Interstate,State Highway Agency,199.0,31.02458889,-81.65650278,Fence,Not a Collision with Motor Vehicle In-Transport,Not an Intersection,Outside Trafficway,,Daylight,Clear,0,0,1988.0,1,0,CAMDEN (39),NOT APPLICABLE
2016,10216,Georgia,0,1,2,April,5,Tuesday,16,I-95,Interstate,Rural,Interstate,State Highway Agency,199.0,31.02458889,-81.65650278,Fence,Not a Collision with Motor Vehicle In-Transport,Not an Intersection,Outside Trafficway,,Daylight,Clear,0,0,2005.0,0,0,CAMDEN (39),NOT APPLICABLE
2016,10217,Georgia,0,2,3,April,5,Tuesday,18,SR-72,State Highway,Rural,Principal Arterial - Other,State Highway Agency,162.0,34.04337778,-83.0337,Motor Vehicle In-Transport,Sideswipe - Opposite Direction,Not an Intersection,On Roadway,,Daylight,Clear,0,0,2015.0,1,0,MADISON (195),CARLTON
2016,10217,Georgia,0,2,3,April,5,Tuesday,18,SR-72,State Highway,Rural,Principal Arterial - Other,State Highway Agency,162.0,34.04337778,-83.0337,Motor Vehicle In-Transport,Sideswipe - Opposite Direction,Not an Intersection,On Roadway,,Daylight,Clear,0,0,2006.0,0,0,MADISON (195),CARLTON
2016,10218,Georgia,0,1,2,April,5,Tuesday,14,SR-225,State Highway,Urban,Minor Arterial,State Highway Agency,84.0,34.71995,-84.81658056,Rollover/Overturn,Not a Collision with Motor Vehicle In-Transport,Not an Intersection,On Roadway,,Daylight,Clear,0,0,2008.0,1,1,MURRAY (213),NOT APPLICABLE
2016,10219,Georgia,0,2,2,April,5,Tuesday,15,SR-138,State Highway,Urban,Principal Arterial - Other,State Highway Agency,159.0,33.7047,-83.93785,Motor Vehicle In-Transport,Front-to-Front,Not an Intersection,On Roadway,,Daylight,Clear,0,0,2012.0,1,0,ROCKDALE (247),CONYERS
2016,10220,Georgia,1,1,1,April,5,Tuesday,6,SR-91 ALT / N WILEY AVE,State Highway,Rural,Major Collector,State Highway Agency,18.0,31.05521667,-84.879175,Pedestrian,Not a Collision with Motor Vehicle In-Transport,Not an Intersection,On Roadway,,Dawn,Clear,0,0,2002.0,1,0,SEMINOLE (253),DONALSONVILLE
2016,10221,Georgia,0,1,1,April,5,Tuesday,16,CR-73 / WESLEYAN DR,County Road,Urban,Major Collector,County Highway Agency,21.0,32.909725,-83.71681389,Culvert,Not a Collision with Motor Vehicle In-Transport,Not an Intersection,On Roadside,,Daylight,Clear,0,0,2005.0,1,0,BIBB (21),MACON
2016,10221,Georgia,0,1,1,April,5,Tuesday,16,CR-73 / WESLEYAN DR,County Road,Urban,Major Collector,County Highway Agency,21.0,32.909725,-83.71681389,Culvert,Not a Collision with Motor Vehicle In-Transport,Not an Intersection,On Roadside,,Daylight,Clear,0,0,2004.0,0,0,BIBB (21),MACON
2016,10222,Georgia,1,1,1,April,6,Wednesday,24,US-19 /41 / TARA BLVD,U.S. Highway,Urban,Principal Arterial - Other,State Highway Agency,81.0,33.54205278,-84.367125,Pedestrian,Not a Collision with Motor Vehicle In-Transport,Not an Intersection,On Roadway,,Dark - Lighted,Clear,0,0,2006.0,1,0,CLAYTON (63),JONESBORO
2016,10223,Georgia,1,1,1,April,6,Wednesday,17,SHIRLEY ST,Local Street - Municipality,Urban,Local,City or Municipal Highway Agency,2.0,33.73330278,-84.45060833,Pedestrian,Not a Collision with Motor Vehicle In-Transport,Not an Intersection,On Roadway,,Daylight,Clear,0,0,1999.0,1,0,FULTON (121),ATLANTA
2016,10223,Georgia,1,1,1,April,6,Wednesday,17,SHIRLEY ST,Local Street - Municipality,Urban,Local,City or Municipal Highway Agency,2.0,33.73330278,-84.45060833,Pedestrian,Not a Collision with Motor Vehicle In-Transport,Not an Intersection,On Roadway,,Daylight,Clear,0,0,2006.0,1,0,FULTON (121),ATLANTA
2016,10224,Georgia,1,1,1,April,6,Wednesday,18,CR-652 / LOWER WOOLSEY RD,County Road,Urban,Minor Arterial,County Highway Agency,35.0,33.38185556,-84.30659444,Pedalcyclist,Not a Collision with Motor Vehicle In-Transport,Not an Intersection,On Roadway,,Dusk,Cloudy,0,0,2006.0,1,0,HENRY (151),NOT APPLICABLE
2016,10224,Georgia,1,1,1,April,6,Wednesday,18,CR-652 / LOWER WOOLSEY RD,County Road,Urban,Minor Arterial,County Highway Agency,35.0,33.38185556,-84.30659444,Pedalcyclist,Not a Collision with Motor Vehicle In-Transport,Not an Intersection,On Roadway,,Dusk,Cloudy,0,0,2006.0,0,0,HENRY (151),NOT APPLICABLE
2016,10225,Georgia,0,1,1,April,6,Wednesday,3,SR-196,State Highway,Urban,Major Collector,State Highway Agency,47.0,31.82991944,-81.68186944,Mail Box,Not a Collision with Motor Vehicle In-Transport,Not an Intersection,On Roadside,,Dark - Not Lighted,Clear,0,0,2003.0,1,0,LIBERTY (179),NOT APPLICABLE
2016,10225,Georgia,0,1,1,April,6,Wednesday,3,SR-196,State Highway,Urban,Major Collector,State Highway Agency,47.0,31.82991944,-81.68186944,Mail Box,Not a Collision with Motor Vehicle In-Transport,Not an Intersection,On Roadside,,Dark - Not Lighted,Clear,0,0,2003.0,0,0,LIBERTY (179),NOT APPLICABLE
2016,10225,Georgia,0,1,1,April,6,Wednesday,3,SR-196,State Highway,Urban,Major Collector,State Highway Agency,47.0,31.82991944,-81.68186944,Mail Box,Not a Collision with Motor Vehicle In-Transport,Not an Intersection,On Roadside,,Dark - Not Lighted,Clear,0,0,1997.0,0,0,LIBERTY (179),NOT APPLICABLE
2016,10226,Georgia,0,2,2,April,6,Wednesday,6,US-278 / SR-12,U.S. Highway,Rural,Minor Arterial,State Highway Agency,3.0,33.62136111,-83.6871,Motor Vehicle In-Transport,Front-to-Front,Not an Intersection,On Roadway,,Dark - Not Lighted,Clear,0,0,2007.0,0,0,WALTON (297),NOT APPLICABLE
2016,10226,Georgia,0,2,2,April,6,Wednesday,6,US-278 / SR-12,U.S. Highway,Rural,Minor Arterial,State Highway Agency,3.0,33.62136111,-83.6871,Motor Vehicle In-Transport,Front-to-Front,Not an Intersection,On Roadway,,Dark - Not Lighted,Clear,0,0,2007.0,2,0,WALTON (297),NOT APPLICABLE
2016,10227,Georgia,0,2,4,April,7,Thursday,20,DOUGLAS BLVD,Local Street - Municipality,Urban,Minor Arterial,City or Municipal Highway Agency,8.0,33.72478611,-84.761475,Motor Vehicle In-Transport,Angle,Not an Intersection,On Roadway,,Dark - Lighted,Clear,0,0,2011.0,0,0,DOUGLAS (97),DOUGLASVILLE
2016,10227,Georgia,0,2,4,April,7,Thursday,20,DOUGLAS BLVD,Local Street - Municipality,Urban,Minor Arterial,City or Municipal Highway Agency,8.0,33.72478611,-84.761475,Motor Vehicle In-Transport,Angle,Not an Intersection,On Roadway,,Dark - Lighted,Clear,0,0,2012.0,1,0,DOUGLAS (97),DOUGLASVILLE
2016,10227,Georgia,0,2,4,April,7,Thursday,20,DOUGLAS BLVD,Local Street - Municipality,Urban,Minor Arterial,City or Municipal Highway Agency,8.0,33.72478611,-84.761475,Motor Vehicle In-Transport,Angle,Not an Intersection,On Roadway,,Dark - Lighted,Clear,0,0,2008.0,0,0,DOUGLAS (97),DOUGLASVILLE
2016,10228,Georgia,0,1,1,April,8,Friday,19,SR-140,State Highway,Urban,Minor Arterial,State Highway Agency,32.0,34.37586667,-84.95338889,Tree (Standing Only),Not a Collision with Motor Vehicle In-Transport,Not an Intersection,On Roadside,,Dusk,Cloudy,0,0,2014.0,1,0,BARTOW (15),NOT APPLICABLE
2016,10229,Georgia,0,1,2,April,8,Friday,17,CR-39 / BAKERS FERRY RD,County Road,Rural,Minor Collector,County Highway Agency,37.0,34.06120833,-82.79404722,Rollover/Overturn,Not a Collision with Motor Vehicle In-Transport,Not an Intersection,On Roadway,,Daylight,Clear,0,0,1999.0,0,0,ELBERT (105),NOT APPLICABLE
2016,10230,Georgia,1,1,1,April,8,Friday,21,E CHURCH ST,Local Street - Municipality,Urban,Local,City or Municipal Highway Agency,2.0,32.98136667,-82.80838333,Pedalcyclist,Not a Collision with Motor Vehicle In-Transport,Four-Way Intersection,On Roadway,,Dark - Lighted,Clear,0,0,1996.0,0,0,WASHINGTON (303),SANDERSVILLE
2016,10231,Georgia,0,1,1,April,9,Saturday,3,SR-120,State Highway,Urban,Principal Arterial - Other,State Highway Agency,177.0,33.97935278,-84.46252778,Curb,Not a Collision with Motor Vehicle In-Transport,Not an Intersection,On Median,,Dark - Not Lighted,Clear,0,0,2011.0,1,1,COBB (67),NOT APPLICABLE
2016,10232,Georgia,0,1,2,April,9,Saturday,20,NICKS WAY,Local Street - Municipality,Rural,Local,City or Municipal Highway Agency,1.0,33.307,-83.42111667,Mail Box,Not a Collision with Motor Vehicle In-Transport,Not an Intersection,On Roadside,,Dark - Not Lighted,Clear,0,0,1997.0,1,1,PUTNAM (237),EATONTON
2016,10232,Georgia,0,1,2,April,9,Saturday,20,NICKS WAY,Local Street - Municipality,Rural,Local,City or Municipal Highway Agency,1.0,33.307,-83.42111667,Mail Box,Not a Collision with Motor Vehicle In-Transport,Not an Intersection,On Roadside,,Dark - Not Lighted,Clear,0,0,2004.0,0,0,PUTNAM (237),EATONTON
2016,10233,Georgia,0,1,1,April,9,Saturday,3,EXPERIMENT ST,Local Street - Municipality,Urban,Minor Arterial,City or Municipal Highway Agency,7.0,33.25833889,-84.27835833,Curb,Not a Collision with Motor Vehicle In-Transport,Not an Intersection,On Roadside,,Dark - Not Lighted,Clear,0,0,2007.0,1,1,SPALDING (255),GRIFFIN
2016,10234,Georgia,0,1,1,April,9,Saturday,12,SR-23,State Highway,Rural,Minor Arterial,State Highway Agency,117.0,31.99059722,-82.00046944,Culvert,Not a Collision with Motor Vehicle In-Transport,Not an Intersection,On Roadside,,Daylight,Clear,0,0,2004.0,0,0,TATTNALL (267),NOT APPLICABLE
2016,10235,Georgia,0,2,7,April,17,Sunday,15,SR-113,State Highway,Urban,Minor Arterial,State Highway Agency,80.0,34.13085,-84.84991944,Rollover/Overturn,Not a Collision with Motor Vehicle In-Transport,Not an Intersection,On Roadway,,Daylight,Clear,0,0,2006.0,1,0,BARTOW (15),NOT APPLICABLE
2016,10236,Georgia,0,2,2,April,10,Sunday,16,I-16,Interstate,Urban,Interstate,State Highway Agency,24.0,32.00264722,-81.2846,Motor Vehicle In-Transport,Sideswipe - Same Direction,Not an Intersection,On Roadway,,Daylight,Clear,0,0,2000.0,1,0,CHATHAM (51),SAVANNAH
2016,10237,Georgia,0,2,2,April,10,Sunday,24,I-85,Interstate,Urban,Interstate,State Highway Agency,71.0,33.32099444,-84.77986667,Motor Vehicle In-Transport,Front-to-Front,Not an Intersection,On Roadway,,Dark - Not Lighted,Clear,0,0,2000.0,1,1,COWETA (77),NOT APPLICABLE
2016,10238,Georgia,0,1,2,April,10,Sunday,13,CR-6512 / SUGARLOAF PKWY,County Road,Urban,Principal Arterial - Other,State Highway Agency,111.0,33.94838889,-84.04699444,Curb,Not a Collision with Motor Vehicle In-Transport,Not an Intersection,On Roadside,,Daylight,Cloudy,0,0,1994.0,1,0,GWINNETT (135),NOT APPLICABLE
2016,10239,Georgia,0,1,5,April,10,Sunday,17,I-75,Interstate,Rural,Interstate,State Highway Agency,43.0,31.65360833,-83.59790833,Rollover/Overturn,Not a Collision with Motor Vehicle In-Transport,Not an Intersection,On Roadside,,Daylight,Clear,0,0,2009.0,2,0,TURNER (287),NOT APPLICABLE
2016,10240,Georgia,0,2,2,April,11,Monday,12,US-411 / SR-61,U.S. Highway,Urban,Minor Arterial,State Highway Agency,157.0,34.26969167,-84.75226667,Motor Vehicle In-Transport,Angle,T-Intersection,On Roadway,,Daylight,Cloudy,0,0,2005.0,1,1,BARTOW (15),NOT APPLICABLE
2016,10241,Georgia,0,1,1,April,11,Monday,15,US-27 / SR-1,U.S. Highway,Rural,Principal Arterial - Other,State Highway Agency,256.0,30.97526111,-84.61223056,Ditch,Not a Collision with Motor Vehicle In-Transport,Not an Intersection,On Roadside,,Daylight,Clear,0,0,1999.0,0,0,DECATUR (87),NOT APPLICABLE
2016,10242,Georgia,1,1,1,April,11,Monday,3,WINDSOR ST,Local Street - Municipality,Urban,Minor Arterial,City or Municipal Highway Agency,1.0,33.74739722,-84.39785,Pedestrian,Not a Collision with Motor Vehicle In-Transport,Not an Intersection,On Roadway,,Dark - Not Lighted,Clear,0,0,2001.0,1,0,FULTON (121),ATLANTA
2016,10243,Georgia,0,1,2,April,11,Monday,15,I-75,Interstate,Urban,Interstate,State Highway Agency,11.0,33.3141,-84.11733333,Guardrail Face,Not a Collision with Motor Vehicle In-Transport,Not an Intersection,On Roadside,,Daylight,Cloudy,0,0,2003.0,1,1,HENRY (151),NOT APPLICABLE
2016,10243,Georgia,0,1,2,April,11,Monday,15,I-75,Interstate,Urban,Interstate,State Highway Agency,11.0,33.3141,-84.11733333,Guardrail Face,Not a Collision with Motor Vehicle In-Transport,Not an Intersection,On Roadside,,Daylight,Cloudy,0,0,2007.0,0,0,HENRY (151),NOT APPLICABLE
2016,10244,Georgia,1,1,1,April,11,Monday,7,SR-292,State Highway,Urban,Minor Arterial,State Highway Agency,53.0,32.20679722,-82.35586111,Pedalcyclist,Not a Collision with Motor Vehicle In-Transport,Not an Intersection,On Roadway,,Daylight,Clear,0,0,2003.0,1,0,TOOMBS (279),VIDALIA
2016,10245,Georgia,0,2,2,April,12,Tuesday,11,US-82 / SR-520,U.S. Highway,Rural,Principal Arterial - Other,State Highway Agency,33.0,31.34341944,-83.05528333,Motor Vehicle In-Transport,Angle,T-Intersection,On Roadway,,Daylight,Clear,0,0,2005.0,1,0,ATKINSON (3),NOT APPLICABLE
2016,10246,Georgia,1,1,1,April,12,Tuesday,22,US-23 / MORELAND AVE,U.S. Highway,Urban,Principal Arterial - Other,State Highway Agency,2.0,33.69193611,-84.34931389,Pedestrian,Not a Collision with Motor Vehicle In-Transport,Not an Intersection,On Roadway,,Dark - Lighted,Clear,0,0,2011.0,1,0,FULTON (121),ATLANTA
2016,10246,Georgia,1,1,1,April,12,Tuesday,22,US-23 / MORELAND AVE,U.S. Highway,Urban,Principal Arterial - Other,State Highway Agency,2.0,33.69193611,-84.34931389,Pedestrian,Not a Collision with Motor Vehicle In-Transport,Not an Intersection,On Roadway,,Dark - Lighted,Clear,0,0,2015.0,0,0,FULTON (121),ATLANTA
2016,10247,Georgia,0,4,6,April,12,Tuesday,10,US-19 / LIBERTY EXPY,U.S. Highway,Urban,Principal Arterial - Freeways,State Highway Agency,59.0,31.59806667,-84.14198333,Motor Vehicle In-Transport,Front-to-Rear,Not an Intersection,On Roadway,,Daylight,Cloudy,0,0,2004.0,1,0,DOUGHERTY (95),NOT APPLICABLE
2016,10247,Georgia,0,4,6,April,12,Tuesday,10,US-19 / LIBERTY EXPY,U.S. Highway,Urban,Principal Arterial - Freeways,State Highway Agency,59.0,31.59806667,-84.14198333,Motor Vehicle In-Transport,Front-to-Rear,Not an Intersection,On Roadway,,Daylight,Cloudy,0,0,2006.0,0,0,DOUGHERTY (95),NOT APPLICABLE
2016,10248,Georgia,0,2,2,April,12,Tuesday,13,US-27 / SR-1,U.S. Highway,Urban,Principal Arterial - Other,State Highway Agency,107.0,34.02671389,-85.22022778,Motor Vehicle In-Transport,Angle,Four-Way Intersection,On Roadway,,Daylight,Cloudy,0,0,2010.0,1,0,POLK (233),CEDARTOWN
2016,10249,Georgia,0,2,2,April,13,Wednesday,6,JONES BRIDGE RD,Local Street - Municipality,Urban,Minor Arterial,City or Municipal Highway Agency,14.0,34.07005556,-84.20529722,Rollover/Overturn,Not a Collision with Motor Vehicle In-Transport,Four-Way Intersection,On Roadway,,Dark - Lighted,Cloudy,0,0,2002.0,1,0,FULTON (121),Other
2016,10250,Georgia,0,1,1,April,13,Wednesday,19,CR-1150 / WILL WALLACE RD,County Road,Urban,Local,County Highway Agency,3.0,34.37553611,-83.92116944,Mail Box,Not a Collision with Motor Vehicle In-Transport,Not an Intersection,On Roadside,,Daylight,Cloudy,0,0,2004.0,0,1,HALL (139),NOT APPLICABLE
2016,10250,Georgia,0,1,1,April,13,Wednesday,19,CR-1150 / WILL WALLACE RD,County Road,Urban,Local,County Highway Agency,3.0,34.37553611,-83.92116944,Mail Box,Not a Collision with Motor Vehicle In-Transport,Not an Intersection,On Roadside,,Daylight,Cloudy,0,0,2002.0,3,1,HALL (139),NOT APPLICABLE
2016,10251,Georgia,0,1,1,April,13,Wednesday,7,SR-83,State Highway,Rural,Minor Arterial,State Highway Agency,58.0,33.21425,-83.75329444,Ditch,Not a Collision with Motor Vehicle In-Transport,Not an Intersection,On Roadside,,Daylight,Clear,0,0,2009.0,1,0,JASPER (159),NOT APPLICABLE
2016,10252,Georgia,1,1,1,April,14,Thursday,24,PONCE DE LEON AVENUE,Local Street - Municipality,Urban,Principal Arterial - Other,City or Municipal Highway Agency,91.0,33.77358889,-84.36373889,Utility Pole/Light Support,Not a Collision with Motor Vehicle In-Transport,Four-Way Intersection,On Roadside,,Dark - Lighted,Cloudy,0,0,1995.0,1,0,FULTON (121),ATLANTA
2016,10253,Georgia,0,3,3,April,14,Thursday,12,JONES BRIDGE ROAD,Local Street - Municipality,Urban,Minor Arterial,City or Municipal Highway Agency,7.0,34.08426389,-84.19233889,Motor Vehicle In-Transport,Front-to-Front,Not an Intersection,On Roadway,,Daylight,Clear,0,0,2012.0,0,0,FULTON (121),Other
2016,10253,Georgia,0,3,3,April,14,Thursday,12,JONES BRIDGE ROAD,Local Street - Municipality,Urban,Minor Arterial,City or Municipal Highway Agency,7.0,34.08426389,-84.19233889,Motor Vehicle In-Transport,Front-to-Front,Not an Intersection,On Roadway,,Daylight,Clear,0,0,1994.0,1,0,FULTON (121),Other
2016,10254,Georgia,0,1,1,April,15,Friday,4,EAST MAIN STREET,Local Street - Municipality,Urban,Principal Arterial - Other,City or Municipal Highway Agency,105.0,34.23564167,-84.47426389,Tree (Standing Only),Not a Collision with Motor Vehicle In-Transport,Not an Intersection,On Roadside,,Dark - Lighted,Clear,0,0,2005.0,2,0,CHEROKEE (57),CANTON