YEAR,ST_CASE,STATENAME,NUM_PEDS,NUM_VEHC,PERSONS,MONTHNAME,DAYNAME,DAY_WEEKNAME,HOUR,ROAD_NAME,ROUTENAME,RUR_URBNAME,FUNC_SYSNAME,RD_OWNERNAME,MILE_MARKER,LATITUDE,LONGITUD,HARM_EVNAME,COLLISION_TYPE,TYP_INTNAME,REL_ROADNAME,WRK_ZONENAME,LGT_CONDNAME,WEATHERNAME,SCH_BUS,HIT_RUN,MOD_YEAR,DEATHS,DR_DRINK,COUNTYNAME,CITYNAME
2016,10254,Georgia,0,1,1,April,15,Friday,4,EAST MAIN STREET,Local Street - Municipality,Urban,Principal Arterial - Other,City or Municipal Highway Agency,105.0,34.23564167,-84.47426389,Tree (Standing Only),Not a Collision with Motor Vehicle In-Transport,Not an Intersection,On Roadside,,Dark - Lighted,Clear,0,0,2005.0,0,0,CHEROKEE (57),CANTON
2016,10255,Georgia,3,3,4,April,15,Friday,18,JOSEPH E. BOONE BLVD.,Local Street - Municipality,Urban,Minor Collector,City or Municipal Highway Agency,54.0,33.76353889,-84.42924167,Motor Vehicle In-Transport,Sideswipe - Opposite Direction,T-Intersection,On Roadway,,Dusk,Clear,0,0,2005.0,0,0,FULTON (121),ATLANTA
2016,10255,Georgia,3,3,4,April,15,Friday,18,JOSEPH E. BOONE BLVD.,Local Street - Municipality,Urban,Minor Collector,City or Municipal Highway Agency,54.0,33.76353889,-84.42924167,Motor Vehicle In-Transport,Sideswipe - Opposite Direction,T-Intersection,On Roadway,,Dusk,Clear,0,0,2002.0,2,0,FULTON (121),ATLANTA
2016,10256,Georgia,1,1,1,April,15,Friday,22,SR-81,State Highway,Urban,Minor Arterial,State Highway Agency,88.0,33.82446111,-83.87816389,Pedestrian,Not a Collision with Motor Vehicle In-Transport,Not an Intersection,On Roadway,,Dark - Lighted,Clear,0,0,2008.0,1,1,WALTON (297),LOGANVILLE
2016,10257,Georgia,1,2,3,April,16,Saturday,18,MORELAND AVENUE,Local Street - Municipality,Urban,Principal Arterial - Other,City or Municipal Highway Agency,14.0,33.70926389,-84.34958889,Motor Vehicle In-Transport,Sideswipe - Same Direction,Not an Intersection,On Roadway,,Dusk,Clear,0,0,1995.0,1,1,FULTON (121),ATLANTA
2016,10258,Georgia,0,1,1,April,16,Saturday,13,MIDDLEGROUND ROAD,Local Street - Municipality,Rural,Major Collector,City or Municipal Highway Agency,38.0,33.01083889,-82.39739444,Rollover/Overturn,Not a Collision with Motor Vehicle In-Transport,Not an Intersection,On Roadside,,Daylight,Clear,0,0,2013.0,1,0,JEFFERSON (163),LOUISVILLE
2016,10258,Georgia,0,1,1,April,16,Saturday,13,MIDDLEGROUND ROAD,Local Street - Municipality,Rural,Major Collector,City or Municipal Highway Agency,38.0,33.01083889,-82.39739444,Rollover/Overturn,Not a Collision with Motor Vehicle In-Transport,Not an Intersection,On Roadside,,Daylight,Clear,0,0,2007.0,0,0,JEFFERSON (163),LOUISVILLE
2016,10259,Georgia,0,2,2,April,16,Saturday,22,MIKE PADGETT HIGHWAY,Local Street - Municipality,Urban,Minor Arterial,City or Municipal Highway Agency,95.0,33.34571111,-81.97575556,Motor Vehicle In-Transport,Front-to-Front,Not an Intersection,On Roadway,,Dark - Not Lighted,Clear,0,0,2000.0,1,0,RICHMOND (245),AUGUSTA
2016,10260,Georgia,0,1,1,April,17,Sunday,5,EUHARLEE ROAD,Local Street - Municipality,Urban,Minor Arterial,City or Municipal Highway Agency,25.0,34.14782222,-84.85765,Utility Pole/Light Support,Not a Collision with Motor Vehicle In-Transport,Not an Intersection,On Roadside,,Dark - Not Lighted,Clear,0,0,2002.0,1,0,BARTOW (15),CARTERSVILLE
2016,10261,Georgia,0,2,4,April,17,Sunday,16,CR-BAKER PLACE ROAD,County Road,Urban,Local,County Highway Agency,11.0,33.48929167,-82.24492222,Motor Vehicle In-Transport,Front-to-Front,Not an Intersection,On Roadway,,Daylight,Clear,0,0,2001.0,1,1,COLUMBIA (73),NOT APPLICABLE
2016,10262,Georgia,0,2,2,April,17,Sunday,17,CR-OLD UNION,County Road,Rural,Local,County Highway Agency,37.0,31.28320833,-83.48393333,Motor Vehicle In-Transport,Front-to-Front,Y-Intersection,On Roadway,,Daylight,Clear,0,0,2008.0,0,0,COOK (75),NOT APPLICABLE
2016,10263,Georgia,1,1,1,April,17,Sunday,13,CR-MCMURRY ROAD,County Road,Urban,Local,County Highway Agency,7.0,33.49315278,-84.22825278,Pedestrian,Not a Collision with Motor Vehicle In-Transport,Not an Intersection,On Roadway,,Daylight,Clear,0,0,2004.0,0,0,HENRY (151),NOT APPLICABLE
2016,10264,Georgia,0,6,10,April,17,Sunday,21,I-75(SR-401),Interstate,Urban,Interstate,State Highway Agency,86.0,32.64262222,-83.74358889,Motor Vehicle In-Transport,Front-to-Rear,Not an Intersection,On Roadway,Construction,Dark - Lighted,Clear,0,0,2010.0,0,0,PEACH (225),BYRON
2016,10264,Georgia,0,6,10,April,17,Sunday,21,I-75(SR-401),Interstate,Urban,Interstate,State Highway Agency,86.0,32.64262222,-83.74358889,Motor Vehicle In-Transport,Front-to-Rear,Not an Intersection,On Roadway,Construction,Dark - Lighted,Clear,0,0,2007.0,2,0,PEACH (225),BYRON
2016,10264,Georgia,0,6,10,April,17,Sunday,21,I-75(SR-401),Interstate,Urban,Interstate,State Highway Agency,86.0,32.64262222,-83.74358889,Motor Vehicle In-Transport,Front-to-Rear,Not an Intersection,On Roadway,Construction,Dark - Lighted,Clear,0,0,1997.0,0,0,PEACH (225),BYRON
2016,10264,Georgia,0,6,10,April,17,Sunday,21,I-75(SR-401),Interstate,Urban,Interstate,State Highway Agency,86.0,32.64262222,-83.74358889,Motor Vehicle In-Transport,Front-to-Rear,Not an Intersection,On Roadway,Construction,Dark - Lighted,Clear,0,0,2001.0,0,0,PEACH (225),BYRON
2016,10264,Georgia,0,6,10,April,17,Sunday,21,I-75(SR-401),Interstate,Urban,Interstate,State Highway Agency,86.0,32.64262222,-83.74358889,Motor Vehicle In-Transport,Front-to-Rear,Not an Intersection,On Roadway,Construction,Dark - Lighted,Clear,0,0,2012.0,0,0,PEACH (225),BYRON
2016,10265,Georgia,0,2,3,April,17,Sunday,19,DAWNVILLE ROAD,Local Street - Municipality,Rural,Major Collector,City or Municipal Highway Agency,23.0,34.80765,-84.90595278,Motor Vehicle In-Transport,Front-to-Front,Not an Intersection,On Roadway,,Daylight,Clear,0,0,2008.0,0,1,WHITFIELD (313),DALTON
2016,10265,Georgia,0,2,3,April,17,Sunday,19,DAWNVILLE ROAD,Local Street - Municipality,Rural,Major Collector,City or Municipal Highway Agency,23.0,34.80765,-84.90595278,Motor Vehicle In-Transport,Front-to-Front,Not an Intersection,On Roadway,,Daylight,Clear,0,0,1994.0,1,0,WHITFIELD (313),DALTON
2016,10266,Georgia,0,1,1,April,18,Monday,7,I-75,Interstate,Urban,Interstate,State Highway Agency,114.0,34.97037778,-85.19348611,Guardrail Face,Not a Collision with Motor Vehicle In-Transport,Not an Intersection,On Roadside,,Daylight,Clear,0,0,2000.0,0,0,CATOOSA (47),RINGGOLD
2016,10266,Georgia,0,1,1,April,18,Monday,7,I-75,Interstate,Urban,Interstate,State Highway Agency,114.0,34.97037778,-85.19348611,Guardrail Face,Not a Collision with Motor Vehicle In-Transport,Not an Intersection,On Roadside,,Daylight,Clear,0,0,2015.0,1,0,CATOOSA (47),RINGGOLD
2016,10267,Georgia,0,2,3,April,18,Monday,15,KELLY BRIDGE ROAD,Local Street - Municipality,Rural,Minor Collector,City or Municipal Highway Agency,11.0,34.33512222,-84.14661944,Motor Vehicle In-Transport,Front-to-Front,Not an Intersection,On Roadway,,Daylight,Clear,0,0,2008.0,1,1,DAWSON (85),JUNO
2016,10268,Georgia,1,2,2,April,18,Monday,4,I-75/85,Interstate,Urban,Interstate,State Highway Agency,55.0,33.71952778,-84.39649444,Pedestrian,Not a Collision with Motor Vehicle In-Transport,Not an Intersection,On Roadway,,Dark - Lighted,Clear,0,0,2006.0,0,0,FULTON (121),ATLANTA
2016,10269,Georgia,0,2,2,April,18,Monday,16,SR-247,State Highway,Urban,Minor Arterial,State Highway Agency,75.0,32.4664,-83.61627222,Motor Vehicle In-Transport,Angle,T-Intersection,On Roadway,,Daylight,Clear,0,0,2004.0,0,0,HOUSTON (153),PERRY
2016,10269,Georgia,0,2,2,April,18,Monday,16,SR-247,State Highway,Urban,Minor Arterial,State Highway Agency,75.0,32.4664,-83.61627222,Motor Vehicle In-Transport,Angle,T-Intersection,On Roadway,,Daylight,Clear,0,0,2005.0,1,0,HOUSTON (153),PERRY
2016,10271,Georgia,0,1,1,April,19,Tuesday,2,ORKIN DRIVE,Local Street - Municipality,Urban,Local,City or Municipal Highway Agency,6.0,33.94156944,-83.51132222,Curb,Not a Collision with Motor Vehicle In-Transport,Not an Intersection,On Roadside,,Dark - Lighted,Clear,0,0,2011.0,1,0,CLARKE (59),ATHENS
2016,10271,Georgia,0,1,1,April,19,Tuesday,2,ORKIN DRIVE,Local Street - Municipality,Urban,Local,City or Municipal Highway Agency,6.0,33.94156944,-83.51132222,Curb,Not a Collision with Motor Vehicle In-Transport,Not an Intersection,On Roadside,,Dark - Lighted,Clear,0,0,2012.0,0,0,CLARKE (59),ATHENS
2016,10272,Georgia,0,1,1,April,20,Wednesday,9,I-85,Interstate,Urban,Interstate,State Highway Agency,89.0,33.58925833,-84.50613333,Ditch,Not a Collision with Motor Vehicle In-Transport,Not an Intersection,On Roadside,,Daylight,Clear,0,0,2002.0,1,0,FULTON (121),UNION CITY
2016,10272,Georgia,0,1,1,April,20,Wednesday,9,I-85,Interstate,Urban,Interstate,State Highway Agency,89.0,33.58925833,-84.50613333,Ditch,Not a Collision with Motor Vehicle In-Transport,Not an Intersection,On Roadside,,Daylight,Clear,0,0,2014.0,0,0,FULTON (121),UNION CITY
2016,10273,Georgia,0,2,2,April,20,Wednesday,15,SR-136,State Highway,Rural,Major Collector,State Highway Agency,165.0,34.60426944,-84.82074444,Motor Vehicle In-Transport,Angle,Four-Way Intersection,On Roadway,,Daylight,Clear,0,0,2005.0,0,0,GORDON (129),RESACA
2016,10273,Georgia,0,2,2,April,20,Wednesday,15,SR-136,State Highway,Rural,Major Collector,State Highway Agency,165.0,34.60426944,-84.82074444,Motor Vehicle In-Transport,Angle,Four-Way Intersection,On Roadway,,Daylight,Clear,0,0,2010.0,1,0,GORDON (129),RESACA
2016,10274,Georgia,0,2,4,April,20,Wednesday,23,I-75,Interstate,Urban,Interstate,State Highway Agency,27.0,34.44329722,-84.92009722,Motor Vehicle In-Transport,Front-to-Rear,Not an Intersection,On Roadway,,Dark - Not Lighted,Clear,0,0,1991.0,0,0,GORDON (129),NOT APPLICABLE
2016,10275,Georgia,0,3,3,April,20,Wednesday,1,I-75,Interstate,Urban,Interstate,State Highway Agency,91.0,32.66789444,-83.74436389,Motor Vehicle In-Transport,Front-to-Rear,Not an Intersection,On Roadway,,Dark - Not Lighted,Clear,0,1,2005.0,0,0,PEACH (225),BYRON
2016,10276,Georgia,0,5,8,April,20,Wednesday,3,I-75,Interstate,Rural,Interstate,State Highway Agency,93.0,31.71491944,-83.63835,Motor Vehicle In-Transport,Front-to-Rear,Not an Intersection,On Roadway,,Dark - Not Lighted,Clear,0,0,2007.0,1,1,TURNER (287),ASHBURN
2016,10277,Georgia,0,1,1,April,21,Thursday,16,I-20,Interstate,Urban,Interstate,State Highway Agency,158.0,33.76843333,-84.65236944,Ditch,Not a Collision with Motor Vehicle In-Transport,Not an Intersection,On Roadside,,Daylight,Clear,0,0,2014.0,0,0,DOUGLAS (97),LITHIA SPRINGS
2016,10278,Georgia,0,2,2,April,21,Thursday,12,OLD DIXIE HIGHWAY SOUTH,Local Street - Municipality,Rural,Minor Collector,City or Municipal Highway Agency,22.0,32.40860556,-81.31801389,Motor Vehicle In-Transport,Front-to-Rear,Not an Intersection,On Roadway,,Daylight,Clear,0,0,1994.0,1,0,EFFINGHAM (103),GUYTON
2016,10279,Georgia,0,2,2,April,21,Thursday,12,DRY POND DRIVE,Local Street - Municipality,Rural,Local,City or Municipal Highway Agency,29.0,34.50846944,-84.64905278,Motor Vehicle In-Transport,Front-to-Front,Not an Intersection,On Roadway,,Daylight,Clear,0,0,2014.0,1,0,PICKENS (227),Other
2016,10280,Georgia,0,1,2,April,21,Thursday,13,WEST MOORES CROSSING ROAD,Local Street - Municipality,Urban,Minor Arterial,City or Municipal Highway Agency,20.0,32.92590278,-84.31594722,Fell/Jumped from Vehicle,Not a Collision with Motor Vehicle In-Transport,Not an Intersection,On Roadway,,Daylight,Clear,0,0,2005.0,0,0,UPSON (293),THOMASTON
2016,10281,Georgia,0,2,2,April,22,Friday,16,HAMILTON AVENUE,Local Street - Municipality,Urban,Principal Arterial - Other,City or Municipal Highway Agency,165.0,34.26344444,-85.18928056,Motor Vehicle In-Transport,Sideswipe - Opposite Direction,Not an Intersection,On Roadway,,Daylight,Clear,0,0,1992.0,1,1,FLOYD (115),ROME
2016,10281,Georgia,0,2,2,April,22,Friday,16,HAMILTON AVENUE,Local Street - Municipality,Urban,Principal Arterial - Other,City or Municipal Highway Agency,165.0,34.26344444,-85.18928056,Motor Vehicle In-Transport,Sideswipe - Opposite Direction,Not an Intersection,On Roadway,,Daylight,Clear,0,0,1997.0,0,0,FLOYD (115),ROME
2016,10282,Georgia,1,1,2,April,22,Friday,23,CR-THREE NOTCH ROAD,County Road,Rural,Local,County Highway Agency,31.0,31.03189167,-84.83390278,Pedestrian,Not a Collision with Motor Vehicle In-Transport,Not an Intersection,On Roadway,,Dark - Not Lighted,Clear,0,0,2005.0,1,0,SEMINOLE (253),NOT APPLICABLE
2016,10282,Georgia,1,1,2,April,22,Friday,23,CR-THREE NOTCH ROAD,County Road,Rural,Local,County Highway Agency,31.0,31.03189167,-84.83390278,Pedestrian,Not a Collision with Motor Vehicle In-Transport,Not an Intersection,On Roadway,,Dark - Not Lighted,Clear,0,0,2000.0,0,0,SEMINOLE (253),NOT APPLICABLE
2016,10283,Georgia,1,1,3,April,23,Saturday,2,SR-3,State Highway,Urban,Principal Arterial - Other,State Highway Agency,72.0,33.74441111,-84.40840556,Pedestrian,Not a Collision with Motor Vehicle In-Transport,Four-Way Intersection,On Roadway,,Dark - Not Lighted,Clear,0,0,2005.0,0,0,FULTON (121),ATLANTA
2016,10283,Georgia,1,1,3,April,23,Saturday,2,SR-3,State Highway,Urban,Principal Arterial - Other,State Highway Agency,72.0,33.74441111,-84.40840556,Pedestrian,Not a Collision with Motor Vehicle In-Transport,Four-Way Intersection,On Roadway,,Dark - Not Lighted,Clear,0,0,2003.0,0,0,FULTON (121),ATLANTA
2016,10284,Georgia,2,3,2,April,23,Saturday,4,I-85,Interstate,Urban,Interstate,State Highway Agency,79.0,33.95363611,-84.12665833,Motor Vehicle In-Transport,Sideswipe - Same Direction,Not an Intersection,On Roadway,,Dark - Lighted,Clear,0,0,2009.0,0,0,GWINNETT (135),NOT APPLICABLE
2016,10285,Georgia,0,1,1,April,24,Sunday,12,CONESTOGA TRAIL,Local Street - Municipality,Urban,Local,City or Municipal Highway Agency,0.0,32.85756667,-83.77367778,Ditch,Not a Collision with Motor Vehicle In-Transport,T-Intersection,On Roadside,,Daylight,Clear,0,0,2010.0,1,0,BIBB (21),MACON
2016,10286,Georgia,0,2,4,April,25,Monday,10,SR-172,State Highway,Rural,Major Collector,State Highway Agency,70.0,34.22631667,-83.00785278,Motor Vehicle In-Transport,Angle,Four-Way Intersection,On Roadway,,Daylight,Clear,0,0,1999.0,1,0,ELBERT (105),NOT APPLICABLE
2016,10287,Georgia,0,1,2,April,25,Monday,1,MINK LIVSEY ROAD,Local Street - Municipality,Urban,Local,City or Municipal Highway Agency,21.0,33.76411111,-84.00949167,Rollover/Overturn,Not a Collision with Motor Vehicle In-Transport,Not an Intersection,On Roadside,,Dark - Not Lighted,Clear,0,0,2002.0,0,0,GWINNETT (135),SNELLVILLE
2016,10287,Georgia,0,1,2,April,25,Monday,1,MINK LIVSEY ROAD,Local Street - Municipality,Urban,Local,City or Municipal Highway Agency,21.0,33.76411111,-84.00949167,Rollover/Overturn,Not a Collision with Motor Vehicle In-Transport,Not an Intersection,On Roadside,,Dark - Not Lighted,Clear,0,0,2003.0,1,0,GWINNETT (135),SNELLVILLE
2016,10287,Georgia,0,1,2,April,25,Monday,1,MINK LIVSEY ROAD,Local Street - Municipality,Urban,Local,City or Municipal Highway Agency,21.0,33.76411111,-84.00949167,Rollover/Overturn,Not a Collision with Motor Vehicle In-Transport,Not an Intersection,On Roadside,,Dark - Not Lighted,Clear,0,0,2003.0,0,0,GWINNETT (135),SNELLVILLE
2016,10288,Georgia,0,3,4,April,26,Tuesday,15,CR-BRIARCLIFF ROAD,County Road,Urban,Minor Arterial,County Highway Agency,12.0,33.83750833,-84.31189167,Motor Vehicle In-Transport,Angle,Four-Way Intersection,On Roadway,,Daylight,Clear,0,0,1999.0,1,0,DEKALB (89),NOT APPLICABLE
2016,10289,Georgia,0,3,2,April,26,Tuesday,5,SR-8,State Highway,Urban,Minor Arterial,State Highway Agency,57.0,33.90816111,-84.10706944,Motor Vehicle In-Transport,Angle,T-Intersection,On Roadway,,Dark - Not Lighted,Clear,0,0,2008.0,1,0,GWINNETT (135),LILBURN
2016,10289,Georgia,0,3,2,April,26,Tuesday,5,SR-8,State Highway,Urban,Minor Arterial,State Highway Agency,57.0,33.90816111,-84.10706944,Motor Vehicle In-Transport,Angle,T-Intersection,On Roadway,,Dark - Not Lighted,Clear,0,0,2012.0,0,0,GWINNETT (135),LILBURN
2016,10290,Georgia,1,1,1,April,26,Tuesday,10,SR-20,State Highway,Urban,Principal Arterial - Other,State Highway Agency,125.0,33.41257222,-84.199325,Pedestrian,Not a Collision with Motor Vehicle In-Transport,Four-Way Intersection,On Roadway,,Daylight,Clear,0,0,2000.0,0,0,HENRY (151),NOT APPLICABLE
2016,10291,Georgia,0,1,2,April,27,Wednesday,12,SR-16,State Highway,Rural,Minor Collector,State Highway Agency,68.0,33.61740278,-85.17383889,Tree (Standing Only),Not a Collision with Motor Vehicle In-Transport,Not an Intersection,On Roadside,,Daylight,Clear,0,0,2012.0,1,0,CARROLL (45),MOUNT ZION
2016,10291,Georgia,0,1,2,April,27,Wednesday,12,SR-16,State Highway,Rural,Minor Collector,State Highway Agency,68.0,33.61740278,-85.17383889,Tree (Standing Only),Not a Collision with Motor Vehicle In-Transport,Not an Intersection,On Roadside,,Daylight,Clear,0,0,2014.0,0,0,CARROLL (45),MOUNT ZION
2016,10292,Georgia,0,2,2,April,27,Wednesday,10,CASH ROAD,Local Street - Municipality,Urban,Minor Collector,City or Municipal Highway Agency,19.0,34.17168889,-83.88751667,Motor Vehicle In-Transport,Front-to-Front,Not an Intersection,On Roadway,,Daylight,Clear,0,0,1999.0,0,0,HALL (139),GAINESVILLE
2016,10293,Georgia,0,1,3,April,27,Wednesday,13,OLD CCC CAMP ROAD,Local Street - Municipality,Rural,Major Collector,County Highway Agency,16.0,34.81666944,-84.736625,Culvert,Not a Collision with Motor Vehicle In-Transport,Not an Intersection,On Roadside,,Daylight,Clear,0,0,2004.0,1,0,MURRAY (213),CHATSWORTH
2016,10294,Georgia,0,2,6,April,27,Wednesday,20,SR-15,State Highway,Rural,Major Collector,State Highway Agency,58.0,33.80286111,-83.340975,Motor Vehicle In-Transport,Angle,Not an Intersection,On Roadway,,Dark - Not Lighted,Clear,0,0,2006.0,1,1,OCONEE (219),WATKINSVILLE
2016,10295,Georgia,0,1,3,April,28,Thursday,16,WHISKEY ROAD,Local Street - Municipality,Urban,Local,City or Municipal Highway Agency,3.0,33.46133611,-82.20331111,Ditch,Not a Collision with Motor Vehicle In-Transport,T-Intersection,On Roadside,,Daylight,Clear,0,0,1999.0,1,0,COLUMBIA (73),GROVETOWN
2016,10296,Georgia,0,2,2,April,28,Thursday,15,CR-BROCKETT ROAD,County Road,Urban,Minor Collector,County Highway Agency,10.0,33.83754722,-84.22324444,Motor Vehicle In-Transport,Front-to-Front,Not an Intersection,On Roadway,,Daylight,Clear,0,0,1993.0,0,1,DEKALB (89),NOT APPLICABLE
2016,10296,Georgia,0,2,2,April,28,Thursday,15,CR-BROCKETT ROAD,County Road,Urban,Minor Collector,County Highway Agency,10.0,33.83754722,-84.22324444,Motor Vehicle In-Transport,Front-to-Front,Not an Intersection,On Roadway,,Daylight,Clear,0,0,2002.0,1,0,DEKALB (89),NOT APPLICABLE
2016,10297,Georgia,0,1,2,April,28,Thursday,7,SR-129,State Highway,Rural,Major Collector,State Highway Agency,89.0,32.18008333,-81.93426944,Culvert,Not a Collision with Motor Vehicle In-Transport,Not an Intersection,On Roadside,,Daylight,Cloudy,0,0,1991.0,1,1,EVANS (109),Other
2016,10298,Georgia,0,2,3,April,28,Thursday,7,SR-26,State Highway,Rural,Minor Arterial,State Highway Agency,220.0,32.32451389,-83.88022222,Motor Vehicle In-Transport,Front-to-Front,Not an Intersection,On Roadway,,Daylight,"Fog, Smog, Smoke",0,0,2000.0,1,1,MACON (193),NOT APPLICABLE
2016,10299,Georgia,0,2,3,April,28,Thursday,10,SR-26,State Highway,Rural,Minor Arterial,State Highway Agency,150.0,32.26884167,-84.43120833,Motor Vehicle In-Transport,Front-to-Front,Not an Intersection,On Roadway,,Daylight,Clear,0,0,1999.0,1,1,MARION (197),NOT APPLICABLE
2016,10300,Georgia,0,2,3,April,28,Thursday,21,I-20,Interstate,Rural,Interstate,State Highway Agency,28.0,33.58989722,-83.6209,Motor Vehicle In-Transport,Front-to-Front,Not an Intersection,On Roadway,,Dark - Not Lighted,Clear,0,0,2000.0,1,0,MORGAN (211),RUTLEDGE
2016,10301,Georgia,1,1,1,April,29,Friday,15,EISENHOWER PARKWAY,Local Street - Municipality,Urban,Principal Arterial - Other,City or Municipal Highway Agency,131.0,32.81398889,-83.64708056,Pedestrian,Not a Collision with Motor Vehicle In-Transport,Not an Intersection,On Roadway,,Daylight,Clear,0,0,2003.0,0,0,BIBB (21),MACON
2016,10302,Georgia,0,1,1,April,29,Friday,7,SR-119,State Highway,Rural,Major Collector,State Highway Agency,42.0,32.31040556,-81.49793056,Ditch,Not a Collision with Motor Vehicle In-Transport,Not an Intersection,On Roadside,,Dark - Not Lighted,Clear,0,0,1998.0,1,0,BULLOCH (31),STILSON
2016,10303,Georgia,0,1,1,April,29,Friday,16,BREWER BLVD.,Local Street - Municipality,Urban,Local,City or Municipal Highway Agency,7.0,33.7056,-84.41310556,Tree (Standing Only),Not a Collision with Motor Vehicle In-Transport,Not an Intersection,On Roadside,,Daylight,Clear,0,0,2013.0,1,0,FULTON (121),ATLANTA
2016,10304,Georgia,1,1,1,April,30,Saturday,21,CR-HARMONY ROAD,County Road,Rural,Major Collector,County Highway Agency,61.0,33.42918333,-83.27470556,Pedestrian,Not a Collision with Motor Vehicle In-Transport,Not an Intersection,On Roadway,,Dark - Not Lighted,Cloudy,0,0,1985.0,1,1,PUTNAM (237),NOT APPLICABLE
2016,10305,Georgia,0,2,2,May,3,Tuesday,23,I-20,Interstate,Rural,Interstate,State Highway Agency,60.0,33.68899444,-85.2202,Motor Vehicle In-Transport,Angle,Not an Intersection,On Roadway,,Dark - Not Lighted,Cloudy,0,0,1998.0,1,1,HARALSON (143),NOT APPLICABLE
2016,10306,Georgia,0,3,5,March,19,Saturday,13,I-285 RAMP,Interstate,Urban,Interstate,State Highway Agency,250.0,33.91183611,-84.37395278,Motor Vehicle In-Transport,Front-to-Rear,Not an Intersection,On Roadway,,Daylight,Cloudy,0,0,2014.0,0,0,FULTON (121),SANDY SPRINGS
2016,10307,Georgia,0,1,1,April,28,Thursday,13,SR-268,State Highway,Rural,Major Collector,State Highway Agency,29.0,31.70254722,-82.80573889,Culvert,Not a Collision with Motor Vehicle In-Transport,Not an Intersection,On Roadside,,Daylight,Cloudy,0,0,2004.0,0,0,JEFF DAVIS (161),NOT APPLICABLE
2016,10307,Georgia,0,1,1,April,28,Thursday,13,SR-268,State Highway,Rural,Major Collector,State Highway Agency,29.0,31.70254722,-82.80573889,Culvert,Not a Collision with Motor Vehicle In-Transport,Not an Intersection,On Roadside,,Daylight,Cloudy,0,0,2002.0,1,0,JEFF DAVIS (161),NOT APPLICABLE
2016,10308,Georgia,0,3,4,May,1,Sunday,16,SR-40,State Highway,Urban,Principal Arterial - Other,State Highway Agency,161.0,30.78677778,-81.64647778,Motor Vehicle In-Transport,Angle,Four-Way Intersection,On Roadway,Construction,Daylight,Clear,0,0,1999.0,1,0,CAMDEN (39),KINGSLAND
2016,10309,Georgia,1,1,1,May,1,Sunday,4,US-19/41 / TARA BLVD,U.S. Highway,Urban,Principal Arterial - Other,State Highway Agency,78.0,33.53226944,-84.36376944,Pedestrian,Not a Collision with Motor Vehicle In-Transport,Four-Way Intersection,On Roadway,,Dark - Not Lighted,Cloudy,0,0,2005.0,1,0,CLAYTON (63),NOT APPLICABLE
2016,10310,Georgia,1,1,1,May,1,Sunday,21,US-278 / SR-10,U.S. Highway,Rural,Minor Arterial,State Highway Agency,44.0,33.40275556,-82.26195556,Pedestrian,Not a Collision with Motor Vehicle In-Transport,Not an Intersection,On Roadway,,Dark - Not Lighted,Clear,0,0,2006.0,0,0,COLUMBIA (73),NOT APPLICABLE
2016,10310,Georgia,1,1,1,May,1,Sunday,21,US-278 / SR-10,U.S. Highway,Rural,Minor Arterial,State Highway Agency,44.0,33.40275556,-82.26195556,Pedestrian,Not a Collision with Motor Vehicle In-Transport,Not an Intersection,On Roadway,,Dark - Not Lighted,Clear,0,0,2003.0,1,0,COLUMBIA (73),NOT APPLICABLE
2016,10311,Georgia,0,1,1,May,1,Sunday,16,CR-31 / OLD COFFEE RD,County Road,Rural,Minor Collector,County Highway Agency,6.0,31.05833056,-83.37873889,Utility Pole/Light Support,Not a Collision with Motor Vehicle In-Transport,Not an Intersection,On Roadside,,Daylight,Clear,0,0,2006.0,0,0,COOK (75),NOT APPLICABLE
2016,10312,Georgia,0,2,2,May,1,Sunday,13,SR-16,State Highway,Urban,Minor Arterial,State Highway Agency,264.0,33.293575,-84.57300278,Motor Vehicle In-Transport,Angle,Four-Way Intersection,On Roadway,,Daylight,Clear,0,0,2005.0,1,0,COWETA (77),SENOIA
2016,10313,Georgia,0,2,2,May,1,Sunday,17,SR-140,State Highway,Urban,Minor Arterial,State Highway Agency,78.0,34.36637222,-85.045675,Motor Vehicle In-Transport,Front-to-Front,Not an Intersection,On Roadside,,Daylight,Cloudy,0,0,1998.0,1,1,FLOYD (115),NOT APPLICABLE
2016,10314,Georgia,0,1,1,May,1,Sunday,1,PIEDMONT RD,Local Street - Municipality,Urban,Minor Arterial,City or Municipal Highway Agency,1.0,33.80602778,-84.36700833,Utility Pole/Light Support,Not a Collision with Motor Vehicle In-Transport,Not an Intersection,On Roadside,,Dark - Lighted,Cloudy,0,0,2010.0,0,0,FULTON (121),ATLANTA
2016,10315,Georgia,1,1,1,May,2,Monday,11,SR-6 / CAMP CREEK PKWY,State Highway,Urban,Principal Arterial - Other,State Highway Agency,96.0,33.652475,-84.48731944,Pedestrian,Not a Collision with Motor Vehicle In-Transport,Not an Intersection,On Shoulder,,Daylight,Cloudy,0,0,2012.0,2,0,FULTON (121),EAST POINT
2016,10315,Georgia,1,1,1,May,2,Monday,11,SR-6 / CAMP CREEK PKWY,State Highway,Urban,Principal Arterial - Other,State Highway Agency,96.0,33.652475,-84.48731944,Pedestrian,Not a Collision with Motor Vehicle In-Transport,Not an Intersection,On Shoulder,,Daylight,Cloudy,0,0,2014.0,0,0,FULTON (121),EAST POINT