YEAR,ST_CASE,STATENAME,NUM_PEDS,NUM_VEHC,PERSONS,MONTHNAME,DAYNAME,DAY_WEEKNAME,HOUR,ROAD_NAME,ROUTENAME,RUR_URBNAME,FUNC_SYSNAME,RD_OWNERNAME,MILE_MARKER,LATITUDE,LONGITUD,HARM_EVNAME,COLLISION_TYPE,TYP_INTNAME,REL_ROADNAME,WRK_ZONENAME,LGT_CONDNAME,WEATHERNAME,SCH_BUS,HIT_RUN,MOD_YEAR,DEATHS,DR_DRINK,COUNTYNAME,CITYNAME
2016,10490,Georgia,0,2,2,March,30,Wednesday,18,CR-SEA ISLAND ROAD,County Road,Urban,Minor Arterial,County Highway Agency,16.0,31.18413889,-81.37996667,Motor Vehicle In-Transport,Angle,Not an Intersection,On Roadway,,Daylight,Clear,0,0,2002.0,1,1,GLYNN (127),NOT APPLICABLE
2016,10490,Georgia,0,2,2,March,30,Wednesday,18,CR-SEA ISLAND ROAD,County Road,Urban,Minor Arterial,County Highway Agency,16.0,31.18413889,-81.37996667,Motor Vehicle In-Transport,Angle,Not an Intersection,On Roadway,,Daylight,Clear,0,0,2003.0,0,0,GLYNN (127),NOT APPLICABLE
2016,10491,Georgia,0,1,1,April,3,Sunday,24,CR-HOUSTON MILL ROAD,County Road,Urban,Local,County Highway Agency,12.0,33.79744167,-84.32490833,Curb,Not a Collision with Motor Vehicle In-Transport,Not an Intersection,On Roadside,,Dark - Lighted,Clear,0,0,2003.0,0,0,DEKALB (89),NOT APPLICABLE
2016,10491,Georgia,0,1,1,April,3,Sunday,24,CR-HOUSTON MILL ROAD,County Road,Urban,Local,County Highway Agency,12.0,33.79744167,-84.32490833,Curb,Not a Collision with Motor Vehicle In-Transport,Not an Intersection,On Roadside,,Dark - Lighted,Clear,0,0,2002.0,1,0,DEKALB (89),NOT APPLICABLE
2016,10492,Georgia,0,1,1,April,11,Monday,16,HABERSHAM MILLS ROAD,Local Street - Municipality,Rural,Major Collector,City or Municipal Highway Agency,27.0,34.58871389,-83.55455833,Ditch,Not a Collision with Motor Vehicle In-Transport,Not an Intersection,On Roadside,,Daylight,Cloudy,0,0,1998.0,1,0,HABERSHAM (137),CLARKESVILLE
2016,10492,Georgia,0,1,1,April,11,Monday,16,HABERSHAM MILLS ROAD,Local Street - Municipality,Rural,Major Collector,City or Municipal Highway Agency,27.0,34.58871389,-83.55455833,Ditch,Not a Collision with Motor Vehicle In-Transport,Not an Intersection,On Roadside,,Daylight,Cloudy,0,0,2001.0,0,0,HABERSHAM (137),CLARKESVILLE
2016,10493,Georgia,0,2,2,April,16,Saturday,14,SR-24,State Highway,Urban,Principal Arterial - Other,City or Municipal Highway Agency,170.0,33.11020278,-83.25583056,Motor Vehicle In-Transport,Angle,Not an Intersection,On Roadway,,Daylight,Clear,0,0,2005.0,1,1,BALDWIN (9),MILLEDGEVILLE
2016,10494,Georgia,1,1,1,April,22,Friday,7,MAPLE ROAD,Local Street - Municipality,Urban,Minor Arterial,City or Municipal Highway Agency,49.0,34.22226667,-85.16741389,Pedestrian,Not a Collision with Motor Vehicle In-Transport,Not an Intersection,On Roadway,,Daylight,Unknown,0,0,2003.0,1,0,FLOYD (115),ROME
2016,10495,Georgia,1,1,1,April,23,Saturday,18,RICE MILL ROAD,Local Street - Municipality,Urban,Local,City or Municipal Highway Agency,13.0,32.79161111,-83.67071667,Pedestrian,Not a Collision with Motor Vehicle In-Transport,Not an Intersection,On Roadway,,Daylight,Clear,0,0,1996.0,1,1,BIBB (21),MACON
2016,10496,Georgia,0,1,1,June,12,Sunday,20,STOKES STORE ROAD,Local Street - Municipality,Rural,Minor Collector,City or Municipal Highway Agency,63.0,33.14967778,-83.86893056,Culvert,Not a Collision with Motor Vehicle In-Transport,Not an Intersection,On Roadside,,Not Reported,Not Reported,0,0,1998.0,0,0,MONROE (207),FORSYTH
2016,10497,Georgia,0,1,3,June,17,Friday,7,I-85,Interstate,Urban,Interstate,State Highway Agency,47.0,34.12732778,-83.726825,Rollover/Overturn,Not a Collision with Motor Vehicle In-Transport,Not an Intersection,On Median,,Daylight,Clear,0,0,1997.0,1,1,JACKSON (157),NOT APPLICABLE
2016,10498,Georgia,0,1,6,June,17,Friday,14,I-95,Interstate,Rural,Interstate,State Highway Agency,184.0,31.59716111,-81.42286389,Guardrail Face,Not a Collision with Motor Vehicle In-Transport,Not an Intersection,On Median,,Daylight,Clear,0,0,1992.0,1,0,MCINTOSH (191),NOT APPLICABLE
2016,10499,Georgia,1,1,1,June,18,Saturday,22,SR-26,State Highway,Urban,Principal Arterial - Other,State Highway Agency,85.0,32.09214444,-81.19454167,Pedalcyclist,Not a Collision with Motor Vehicle In-Transport,Not an Intersection,On Roadway,,Dark - Not Lighted,Clear,0,0,2011.0,2,1,CHATHAM (51),GARDEN CITY
2016,10499,Georgia,1,1,1,June,18,Saturday,22,SR-26,State Highway,Urban,Principal Arterial - Other,State Highway Agency,85.0,32.09214444,-81.19454167,Pedalcyclist,Not a Collision with Motor Vehicle In-Transport,Not an Intersection,On Roadway,,Dark - Not Lighted,Clear,0,0,2015.0,0,0,CHATHAM (51),GARDEN CITY
2016,10500,Georgia,0,1,2,June,18,Saturday,24,CR-BRIDGEHAMPTON ROAD,County Road,Urban,Local,County Highway Agency,1.0,33.88811944,-84.61865556,Fell/Jumped from Vehicle,Not a Collision with Motor Vehicle In-Transport,Not an Intersection,On Roadway,,Dark - Not Lighted,Clear,0,0,2016.0,0,0,COBB (67),NOT APPLICABLE
2016,10501,Georgia,0,2,3,June,18,Saturday,9,SR-223,State Highway,Urban,Minor Arterial,State Highway Agency,99.0,33.47025833,-82.23930278,Motor Vehicle In-Transport,Front-to-Front,Not an Intersection,On Roadway,,Daylight,Cloudy,0,0,2003.0,1,0,COLUMBIA (73),NOT APPLICABLE
2016,10502,Georgia,0,1,4,June,18,Saturday,21,CR-MCAFEE ROAD,County Road,Urban,Minor Collector,County Highway Agency,25.0,33.73199722,-84.29670278,Tree (Standing Only),Not a Collision with Motor Vehicle In-Transport,Not an Intersection,On Roadside,,Dark - Lighted,Clear,0,0,2007.0,1,1,DEKALB (89),NOT APPLICABLE
2016,10503,Georgia,1,1,1,June,18,Saturday,22,CR-PLEASANTDALE ROD,County Road,Urban,Minor Arterial,County Highway Agency,40.0,33.90157222,-84.24426389,Pedestrian,Not a Collision with Motor Vehicle In-Transport,Not an Intersection,On Roadway,,Dark - Lighted,Clear,0,0,2005.0,1,1,DEKALB (89),NOT APPLICABLE
2016,10504,Georgia,0,1,1,June,18,Saturday,8,CR-GREENOUGH ROAD,County Road,Rural,Major Collector,County Highway Agency,44.0,31.31643333,-84.07478889,Rollover/Overturn,Not a Collision with Motor Vehicle In-Transport,Not an Intersection,On Roadside,,Dark - Not Lighted,Rain,0,1,2009.0,0,0,MITCHELL (205),NOT APPLICABLE
2016,10505,Georgia,0,2,3,June,19,Sunday,2,CR-TARA BLVD.,County Road,Urban,Principal Arterial - Other,County Highway Agency,35.0,33.47557222,-84.33750556,Motor Vehicle In-Transport,Angle,T-Intersection,On Roadway,,Dark - Not Lighted,Clear,0,0,2005.0,1,1,CLAYTON (63),NOT APPLICABLE
2016,10506,Georgia,0,1,6,June,20,Monday,3,CR-CLAY ROAD,County Road,Urban,Local,County Highway Agency,28.0,33.83334444,-84.62167222,Tree (Standing Only),Not a Collision with Motor Vehicle In-Transport,Not an Intersection,On Roadside,,Dark - Lighted,Clear,0,0,2001.0,1,0,COBB (67),NOT APPLICABLE
2016,10507,Georgia,0,2,3,June,20,Monday,18,SR-54,State Highway,Urban,Major Collector,State Highway Agency,30.0,33.26086944,-84.72198056,Motor Vehicle In-Transport,Angle,T-Intersection,On Roadway,,Daylight,Clear,0,0,2004.0,1,1,COWETA (77),NOT APPLICABLE
2016,10508,Georgia,0,1,4,June,20,Monday,12,I-95,Interstate,Rural,Interstate,State Highway Agency,35.0,31.6937,-81.391825,Tree (Standing Only),Not a Collision with Motor Vehicle In-Transport,Not an Intersection,On Median,,Daylight,Clear,0,0,1999.0,1,0,LIBERTY (179),NOT APPLICABLE
2016,10509,Georgia,0,3,3,June,20,Monday,17,US-SR30,U.S. Highway,Rural,Principal Arterial - Other,State Highway Agency,348.0,31.96243889,-83.94773889,Motor Vehicle In-Transport,Sideswipe - Same Direction,Four-Way Intersection,On Roadway,,Daylight,Clear,0,0,2005.0,1,0,SUMTER (261),NOT APPLICABLE
2016,10510,Georgia,0,1,2,June,21,Tuesday,13,I-75,Interstate,Urban,Interstate,State Highway Agency,7.0,34.08000556,-84.67106944,Guardrail End,Not a Collision with Motor Vehicle In-Transport,Not an Intersection,On Median,,Daylight,Cloudy,0,0,2009.0,1,0,BARTOW (15),CARTERSVILLE
2016,10510,Georgia,0,1,2,June,21,Tuesday,13,I-75,Interstate,Urban,Interstate,State Highway Agency,7.0,34.08000556,-84.67106944,Guardrail End,Not a Collision with Motor Vehicle In-Transport,Not an Intersection,On Median,,Daylight,Cloudy,0,0,2013.0,0,0,BARTOW (15),CARTERSVILLE
2016,10511,Georgia,1,1,1,June,21,Tuesday,21,SR-280,State Highway,Urban,Minor Arterial,State Highway Agency,74.0,33.9056,-84.54281389,Pedestrian,Not a Collision with Motor Vehicle In-Transport,Not an Intersection,On Roadway,,Dark - Not Lighted,Clear,0,0,2004.0,1,0,COBB (67),NOT APPLICABLE
2016,10512,Georgia,0,1,1,June,21,Tuesday,10,SR-5,State Highway,Rural,Major Collector,State Highway Agency,6.0,34.55896389,-84.53900278,Embankment,Not a Collision with Motor Vehicle In-Transport,Not an Intersection,On Roadside,,Daylight,Clear,0,0,2003.0,0,0,GILMER (123),Other
2016,10513,Georgia,0,2,5,June,22,Wednesday,5,I-16,Interstate,Urban,Interstate,State Highway Agency,51.0,32.08386667,-81.27899444,Motor Vehicle In-Transport,Front-to-Front,Not an Intersection,On Roadway,,Dawn,Clear,0,0,2016.0,1,0,CHATHAM (51),POOLER
2016,10514,Georgia,0,2,2,June,22,Wednesday,18,SR-21,State Highway,Rural,Principal Arterial - Other,State Highway Agency,182.0,32.43690556,-81.37998611,Motor Vehicle In-Transport,Front-to-Front,Not an Intersection,On Roadway,,Daylight,Clear,0,0,2008.0,1,0,EFFINGHAM (103),NOT APPLICABLE
2016,10515,Georgia,0,2,2,June,22,Wednesday,3,I-75,Interstate,Urban,Interstate,State Highway Agency,121.0,33.80184167,-84.40358889,Motor Vehicle In-Transport,Front-to-Rear,Not an Intersection,On Roadway,,Dark - Lighted,Clear,0,0,2007.0,1,0,FULTON (121),ATLANTA
2016,10515,Georgia,0,2,2,June,22,Wednesday,3,I-75,Interstate,Urban,Interstate,State Highway Agency,121.0,33.80184167,-84.40358889,Motor Vehicle In-Transport,Front-to-Rear,Not an Intersection,On Roadway,,Dark - Lighted,Clear,0,0,2003.0,1,1,FULTON (121),ATLANTA
2016,10516,Georgia,0,2,5,June,22,Wednesday,23,SR-124,State Highway,Urban,Minor Arterial,State Highway Agency,263.0,34.07397778,-83.89024167,Motor Vehicle In-Transport,Front-to-Front,Not an Intersection,On Roadway,,Dark - Not Lighted,Clear,0,0,2010.0,1,1,GWINNETT (135),Other
2016,10517,Georgia,0,1,1,June,22,Wednesday,6,SR-109,State Highway,Rural,Major Collector,State Highway Agency,98.0,33.02739444,-84.38908611,Tree (Standing Only),Not a Collision with Motor Vehicle In-Transport,Not an Intersection,On Roadside,,Dawn,Clear,0,0,1996.0,1,0,PIKE (231),NOT APPLICABLE
2016,10518,Georgia,1,1,1,June,23,Thursday,3,SR-3,State Highway,Urban,Principal Arterial - Other,State Highway Agency,68.0,33.518875,-84.36375278,Pedestrian,Not a Collision with Motor Vehicle In-Transport,Not an Intersection,On Roadway,,Dark - Lighted,Clear,0,0,2008.0,1,0,CLAYTON (63),NOT APPLICABLE
2016,10519,Georgia,0,1,1,June,23,Thursday,15,STEINHAUER ROAD,Local Street - Municipality,Urban,Local,City or Municipal Highway Agency,0.0,34.06304167,-84.48367778,Tree (Standing Only),Not a Collision with Motor Vehicle In-Transport,Not an Intersection,On Roadside,,Unknown,Unknown,0,0,2003.0,0,1,COBB (67),MARIETTA
2016,10519,Georgia,0,1,1,June,23,Thursday,15,STEINHAUER ROAD,Local Street - Municipality,Urban,Local,City or Municipal Highway Agency,0.0,34.06304167,-84.48367778,Tree (Standing Only),Not a Collision with Motor Vehicle In-Transport,Not an Intersection,On Roadside,,Unknown,Unknown,0,0,1996.0,1,0,COBB (67),MARIETTA
2016,10520,Georgia,1,1,1,June,23,Thursday,11,MCAFEE ROAD,Local Street - Municipality,Urban,Minor Collector,City or Municipal Highway Agency,14.0,33.73174167,-84.27700833,Pedestrian,Not a Collision with Motor Vehicle In-Transport,T-Intersection,On Roadway,,Daylight,Clear,0,0,2005.0,1,1,DEKALB (89),DECATUR
2016,10521,Georgia,1,1,2,June,23,Thursday,9,SR-264,State Highway,Urban,Minor Arterial,State Highway Agency,13.0,33.82072222,-84.06514444,Curb,Not a Collision with Motor Vehicle In-Transport,Not an Intersection,On Roadside,,Daylight,Clear,0,0,2010.0,0,0,GWINNETT (135),SNELLVILLE
2016,10522,Georgia,0,2,2,June,23,Thursday,10,OLD PEACHTREE ROAD,Local Street - Municipality,Urban,Minor Collector,City or Municipal Highway Agency,3.0,34.01720556,-84.05418611,Motor Vehicle In-Transport,Sideswipe - Same Direction,T-Intersection,On Roadway,,Daylight,Clear,0,0,2003.0,1,0,GWINNETT (135),SUWANEE
2016,10523,Georgia,0,1,2,June,23,Thursday,8,SR-38,State Highway,Rural,Principal Arterial - Other,State Highway Agency,100.0,31.574525,-81.96055556,Ditch,Not a Collision with Motor Vehicle In-Transport,Not an Intersection,On Roadside,,Daylight,Clear,0,0,1986.0,1,0,WAYNE (305),NOT APPLICABLE
2016,10523,Georgia,0,1,2,June,23,Thursday,8,SR-38,State Highway,Rural,Principal Arterial - Other,State Highway Agency,100.0,31.574525,-81.96055556,Ditch,Not a Collision with Motor Vehicle In-Transport,Not an Intersection,On Roadside,,Daylight,Clear,0,0,2008.0,0,0,WAYNE (305),NOT APPLICABLE
2016,10524,Georgia,0,1,2,June,23,Thursday,22,JOE BLACK ROAD,Local Street - Municipality,Rural,Local,City or Municipal Highway Agency,15.0,34.65657778,-83.74115833,Ditch,Not a Collision with Motor Vehicle In-Transport,Not an Intersection,On Roadside,,Dark - Not Lighted,Clear,0,1,2005.0,0,0,WHITE (311),CLEVELAND
2016,10525,Georgia,0,2,3,June,24,Friday,14,I-75,Interstate,Rural,Interstate,State Highway Agency,79.0,32.14770556,-83.75682778,Motor Vehicle In-Transport,Sideswipe - Same Direction,Not an Intersection,On Roadway,,Daylight,Clear,0,0,2008.0,0,0,DOOLY (93),NOT APPLICABLE
2016,10525,Georgia,0,2,3,June,24,Friday,14,I-75,Interstate,Rural,Interstate,State Highway Agency,79.0,32.14770556,-83.75682778,Motor Vehicle In-Transport,Sideswipe - Same Direction,Not an Intersection,On Roadway,,Daylight,Clear,0,0,1997.0,1,0,DOOLY (93),NOT APPLICABLE
2016,10526,Georgia,0,1,6,June,24,Friday,14,I-75,Interstate,Rural,Interstate,State Highway Agency,46.0,32.107325,-83.76278611,Rollover/Overturn,Not a Collision with Motor Vehicle In-Transport,Not an Intersection,On Median,,Daylight,Clear,0,0,1997.0,1,0,DOOLY (93),NOT APPLICABLE
2016,10527,Georgia,0,1,1,June,24,Friday,22,US-SR26,U.S. Highway,Rural,Minor Arterial,State Highway Agency,20.0,32.54631944,-82.57655,Tree (Standing Only),Not a Collision with Motor Vehicle In-Transport,Not an Intersection,On Roadside,,Dark - Not Lighted,Clear,0,0,2008.0,1,0,EMANUEL (107),NOT APPLICABLE
2016,10527,Georgia,0,1,1,June,24,Friday,22,US-SR26,U.S. Highway,Rural,Minor Arterial,State Highway Agency,20.0,32.54631944,-82.57655,Tree (Standing Only),Not a Collision with Motor Vehicle In-Transport,Not an Intersection,On Roadside,,Dark - Not Lighted,Clear,0,0,1997.0,0,0,EMANUEL (107),NOT APPLICABLE
2016,10528,Georgia,0,2,3,June,24,Friday,20,SR-20,State Highway,Urban,Principal Arterial - Other,State Highway Agency,112.0,34.26655,-85.27875833,Motor Vehicle In-Transport,Front-to-Front,Not an Intersection,On Roadway,,Daylight,Clear,0,0,2005.0,0,0,FLOYD (115),NOT APPLICABLE
2016,10529,Georgia,0,2,2,June,25,Saturday,16,SR-23,State Highway,Rural,Major Collector,State Highway Agency,245.0,33.16462222,-81.90926667,Motor Vehicle In-Transport,Front-to-Rear,Not an Intersection,On Roadway,,Daylight,Clear,0,0,2006.0,1,0,BURKE (33),NOT APPLICABLE
2016,10529,Georgia,0,2,2,June,25,Saturday,16,SR-23,State Highway,Rural,Major Collector,State Highway Agency,245.0,33.16462222,-81.90926667,Motor Vehicle In-Transport,Front-to-Rear,Not an Intersection,On Roadway,,Daylight,Clear,0,0,2003.0,0,0,BURKE (33),NOT APPLICABLE
2016,10530,Georgia,0,1,1,June,25,Saturday,19,CR-CANADAY ROAD,County Road,Rural,Local,County Highway Agency,16.0,30.46502778,-82.19529167,Ditch,Not a Collision with Motor Vehicle In-Transport,Not an Intersection,On Roadside,,Dusk,Clear,0,0,2007.0,1,0,CHARLTON (49),NOT APPLICABLE
2016,10531,Georgia,0,2,2,June,25,Saturday,6,CR-WADE GREEN ROAD,County Road,Urban,Minor Arterial,County Highway Agency,2.0,34.08112778,-84.58873611,Motor Vehicle In-Transport,Front-to-Front,Not an Intersection,On Roadway,,Dark - Not Lighted,Clear,0,0,2007.0,1,1,CHEROKEE (57),NOT APPLICABLE
2016,10532,Georgia,0,2,2,June,25,Saturday,23,N. DAVIS ROAD,Local Street - Municipality,Urban,Minor Arterial,City or Municipal Highway Agency,2.0,32.62181389,-83.61304167,Motor Vehicle In-Transport,Angle,Not an Intersection,On Roadway,,Dark - Lighted,Cloudy,0,0,2004.0,0,0,HOUSTON (153),WARNER ROBINS
2016,10532,Georgia,0,2,2,June,25,Saturday,23,N. DAVIS ROAD,Local Street - Municipality,Urban,Minor Arterial,City or Municipal Highway Agency,2.0,32.62181389,-83.61304167,Motor Vehicle In-Transport,Angle,Not an Intersection,On Roadway,,Dark - Lighted,Cloudy,0,0,2007.0,1,0,HOUSTON (153),WARNER ROBINS
2016,10533,Georgia,0,1,2,June,25,Saturday,8,SR-196,State Highway,Rural,Major Collector,State Highway Agency,33.0,31.87128611,-81.42453333,Ditch,Not a Collision with Motor Vehicle In-Transport,Not an Intersection,On Roadside,,Daylight,Clear,0,0,2000.0,2,0,LIBERTY (179),NOT APPLICABLE
2016,10533,Georgia,0,1,2,June,25,Saturday,8,SR-196,State Highway,Rural,Major Collector,State Highway Agency,33.0,31.87128611,-81.42453333,Ditch,Not a Collision with Motor Vehicle In-Transport,Not an Intersection,On Roadside,,Daylight,Clear,0,0,2008.0,1,0,LIBERTY (179),NOT APPLICABLE
2016,10534,Georgia,0,1,4,June,25,Saturday,16,GOLDEN BEAR PASS,Local Street - Municipality,Rural,Local,City or Municipal Highway Agency,54.0,34.50659722,-83.96258333,Rollover/Overturn,Not a Collision with Motor Vehicle In-Transport,Not an Intersection,On Roadside,,Daylight,Clear,0,0,2001.0,1,0,LUMPKIN (187),DAHLONEGA
2016,10535,Georgia,0,1,1,June,25,Saturday,10,SR-195,State Highway,Rural,Major Collector,State Highway Agency,140.0,32.08933056,-84.07095,Rollover/Overturn,Not a Collision with Motor Vehicle In-Transport,Not an Intersection,On Roadside,,Daylight,Clear,0,0,2014.0,1,0,SUMTER (261),NOT APPLICABLE
2016,10536,Georgia,0,3,4,June,25,Saturday,17,I-75,Interstate,Urban,Interstate,State Highway Agency,151.0,34.83260556,-85.01806389,Motor Vehicle In-Transport,Angle,Not an Intersection,On Roadway,Construction,Daylight,Clear,0,0,2001.0,1,0,WHITFIELD (313),NOT APPLICABLE
2016,10537,Georgia,0,3,4,June,26,Sunday,13,SR-12,State Highway,Urban,Minor Arterial,State Highway Agency,88.0,33.71738333,-84.14471667,Motor Vehicle In-Transport,Front-to-Front,Not an Intersection,On Roadway,,Daylight,Clear,0,0,2006.0,1,0,DEKALB (89),NOT APPLICABLE
2016,10538,Georgia,0,2,3,June,26,Sunday,1,CR-SLAUGHTER ROAD,County Road,Urban,Local,County Highway Agency,2.0,33.34540278,-84.28158056,Motor Vehicle In-Transport,Sideswipe - Opposite Direction,Not an Intersection,On Roadway,,Dark - Not Lighted,Clear,0,0,2005.0,1,1,SPALDING (255),NOT APPLICABLE
2016,10539,Georgia,1,1,1,June,27,Monday,5,SR-27,State Highway,Rural,Principal Arterial - Other,State Highway Agency,77.0,31.79673333,-82.40191389,Pedestrian,Not a Collision with Motor Vehicle In-Transport,Not an Intersection,On Roadway,,Dark - Not Lighted,Clear,0,0,2007.0,1,1,APPLING (1),NOT APPLICABLE
2016,10539,Georgia,1,1,1,June,27,Monday,5,SR-27,State Highway,Rural,Principal Arterial - Other,State Highway Agency,77.0,31.79673333,-82.40191389,Pedestrian,Not a Collision with Motor Vehicle In-Transport,Not an Intersection,On Roadway,,Dark - Not Lighted,Clear,0,0,1992.0,0,0,APPLING (1),NOT APPLICABLE
2016,10539,Georgia,1,1,1,June,27,Monday,5,SR-27,State Highway,Rural,Principal Arterial - Other,State Highway Agency,77.0,31.79673333,-82.40191389,Pedestrian,Not a Collision with Motor Vehicle In-Transport,Not an Intersection,On Roadway,,Dark - Not Lighted,Clear,0,0,2000.0,1,0,APPLING (1),NOT APPLICABLE
2016,10539,Georgia,1,1,1,June,27,Monday,5,SR-27,State Highway,Rural,Principal Arterial - Other,State Highway Agency,77.0,31.79673333,-82.40191389,Pedestrian,Not a Collision with Motor Vehicle In-Transport,Not an Intersection,On Roadway,,Dark - Not Lighted,Clear,0,0,2006.0,0,0,APPLING (1),NOT APPLICABLE
2016,10540,Georgia,0,3,8,June,27,Monday,14,SR-70,State Highway,Urban,Minor Arterial,State Highway Agency,265.0,33.72498056,-84.58270556,Motor Vehicle In-Transport,Front-to-Rear,Four-Way Intersection,On Roadway,,Daylight,Clear,0,0,2013.0,1,0,FULTON (121),NOT APPLICABLE
2016,10540,Georgia,0,3,8,June,27,Monday,14,SR-70,State Highway,Urban,Minor Arterial,State Highway Agency,265.0,33.72498056,-84.58270556,Motor Vehicle In-Transport,Front-to-Rear,Four-Way Intersection,On Roadway,,Daylight,Clear,0,0,2008.0,0,0,FULTON (121),NOT APPLICABLE
2016,10541,Georgia,0,2,2,June,27,Monday,21,CR-OLD CCC CAMP ROAD,County Road,Rural,Major Collector,County Highway Agency,31.0,34.81938611,-84.70765833,Motor Vehicle In-Transport,Front-to-Front,Not an Intersection,On Roadway,,Dark - Not Lighted,Cloudy,0,0,1983.0,1,0,MURRAY (213),NOT APPLICABLE
2016,10541,Georgia,0,2,2,June,27,Monday,21,CR-OLD CCC CAMP ROAD,County Road,Rural,Major Collector,County Highway Agency,31.0,34.81938611,-84.70765833,Motor Vehicle In-Transport,Front-to-Front,Not an Intersection,On Roadway,,Dark - Not Lighted,Cloudy,0,0,2016.0,0,0,MURRAY (213),NOT APPLICABLE
2016,10542,Georgia,1,1,1,June,27,Monday,5,BARTOW DUBLIN ROAD,Local Street - Municipality,Rural,Local,City or Municipal Highway Agency,67.0,32.80176111,-82.63137778,Pedestrian,Not a Collision with Motor Vehicle In-Transport,Not an Intersection,On Roadway,,Dark - Not Lighted,Clear,0,0,2004.0,0,0,WASHINGTON (303),HARRISON
2016,10543,Georgia,1,1,1,June,28,Tuesday,21,SR-22,State Highway,Urban,Principal Arterial - Other,City or Municipal Highway Agency,102.0,32.81632222,-83.70849722,Pedestrian,Not a Collision with Motor Vehicle In-Transport,Four-Way Intersection,On Roadway,,Dark - Not Lighted,Rain,0,0,1997.0,1,0,BIBB (21),MACON
2016,10544,Georgia,0,2,2,June,28,Tuesday,14,CR-OLD RIVER ROAD,County Road,Rural,Major Collector,County Highway Agency,18.0,32.12944722,-81.38550833,Motor Vehicle In-Transport,Front-to-Front,Not an Intersection,On Roadway,,Daylight,Clear,0,0,2005.0,1,1,EFFINGHAM (103),NOT APPLICABLE
2016,10545,Georgia,1,1,1,June,30,Thursday,21,SAM LEWIS ROAD,Local Street - Municipality,Rural,Local,City or Municipal Highway Agency,2.0,34.959175,-85.04065556,Pedestrian,Not a Collision with Motor Vehicle In-Transport,Not an Intersection,On Roadway,,Dark - Not Lighted,Clear,0,0,2007.0,1,0,CATOOSA (47),Other
2016,10545,Georgia,1,1,1,June,30,Thursday,21,SAM LEWIS ROAD,Local Street - Municipality,Rural,Local,City or Municipal Highway Agency,2.0,34.959175,-85.04065556,Pedestrian,Not a Collision with Motor Vehicle In-Transport,Not an Intersection,On Roadway,,Dark - Not Lighted,Clear,0,0,2014.0,0,0,CATOOSA (47),Other
2016,10546,Georgia,1,1,1,June,30,Thursday,23,I-75,Interstate,Urban,Interstate,State Highway Agency,104.0,33.78669722,-84.39111111,Pedestrian,Not a Collision with Motor Vehicle In-Transport,Not an Intersection,On Roadway,,Dark - Lighted,Clear,0,0,2012.0,1,0,FULTON (121),ATLANTA
2016,10547,Georgia,0,2,6,June,30,Thursday,14,I-85,Interstate,Urban,Interstate,State Highway Agency,88.0,33.96256111,-84.10551667,Motor Vehicle In-Transport,Angle,Not an Intersection,On Roadway,,Daylight,Clear,0,0,2002.0,1,1,GWINNETT (135),SUWANEE
2016,10548,Georgia,0,2,2,June,30,Thursday,12,SR-74,State Highway,Rural,Minor Arterial,State Highway Agency,80.0,33.09541111,-84.57569167,Motor Vehicle In-Transport,Angle,Not an Intersection,On Roadway,,Daylight,Clear,0,0,2011.0,1,0,MERIWETHER (199),NOT APPLICABLE
2016,10548,Georgia,0,2,2,June,30,Thursday,12,SR-74,State Highway,Rural,Minor Arterial,State Highway Agency,80.0,33.09541111,-84.57569167,Motor Vehicle In-Transport,Angle,Not an Intersection,On Roadway,,Daylight,Clear,0,0,2014.0,0,0,MERIWETHER (199),NOT APPLICABLE
2016,10550,Georgia,0,2,6,July,1,Friday,18,US-25 / PEACH ORCHARD RD,U.S. Highway,Urban,Principal Arterial - Other,State Highway Agency,138.0,33.42510556,-82.01840278,Motor Vehicle In-Transport,Angle,Not an Intersection,On Roadway,,Daylight,Clear,0,0,2014.0,0,0,RICHMOND (245),AUGUSTA
2016,10550,Georgia,0,2,6,July,1,Friday,18,US-25 / PEACH ORCHARD RD,U.S. Highway,Urban,Principal Arterial - Other,State Highway Agency,138.0,33.42510556,-82.01840278,Motor Vehicle In-Transport,Angle,Not an Intersection,On Roadway,,Daylight,Clear,0,0,2013.0,1,0,RICHMOND (245),AUGUSTA
2016,10551,Georgia,0,2,4,July,1,Friday,13,US-76 / SR-515,U.S. Highway,Rural,Principal Arterial - Other,State Highway Agency,59.0,34.86107222,-84.01308889,Motor Vehicle In-Transport,Angle,Four-Way Intersection,On Roadway,,Daylight,Clear,0,0,2011.0,0,0,UNION (291),NOT APPLICABLE
2016,10551,Georgia,0,2,4,July,1,Friday,13,US-76 / SR-515,U.S. Highway,Rural,Principal Arterial - Other,State Highway Agency,59.0,34.86107222,-84.01308889,Motor Vehicle In-Transport,Angle,Four-Way Intersection,On Roadway,,Daylight,Clear,0,0,2004.0,1,0,UNION (291),NOT APPLICABLE
2016,10552,Georgia,0,2,1,July,1,Friday,5,I-20,Interstate,Rural,Interstate,State Highway Agency,120.0,33.49455278,-82.62353889,Parked Motor Vehicle,Not a Collision with Motor Vehicle In-Transport,Not an Intersection,On Roadside,,Dark - Not Lighted,Clear,0,0,2001.0,1,0,WARREN (301),NOT APPLICABLE