YEAR,ST_CASE,STATENAME,NUM_PEDS,NUM_VEHC,PERSONS,MONTHNAME,DAYNAME,DAY_WEEKNAME,HOUR,ROAD_NAME,ROUTENAME,RUR_URBNAME,FUNC_SYSNAME,RD_OWNERNAME,MILE_MARKER,LATITUDE,LONGITUD,HARM_EVNAME,COLLISION_TYPE,TYP_INTNAME,REL_ROADNAME,WRK_ZONENAME,LGT_CONDNAME,WEATHERNAME,SCH_BUS,HIT_RUN,MOD_YEAR,DEATHS,DR_DRINK,COUNTYNAME,CITYNAME
2016,10553,Georgia,0,2,4,July,2,Saturday,17,US-27 / SR-1,U.S. Highway,Rural,Principal Arterial - Other,State Highway Agency,117.0,31.38054722,-84.92149167,Motor Vehicle In-Transport,Angle,Four-Way Intersection,On Roadway,,Daylight,Clear,0,0,1994.0,1,0,EARLY (99),BLAKELY
2016,10554,Georgia,0,1,1,July,2,Saturday,18,CR-542 / J WARREN RD,County Road,Urban,Local,County Highway Agency,18.0,34.51631111,-83.56398611,Rollover/Overturn,Not a Collision with Motor Vehicle In-Transport,Not an Intersection,On Roadside,,Daylight,Clear,0,0,2008.0,0,0,HABERSHAM (137),NOT APPLICABLE
2016,10555,Georgia,1,1,1,July,3,Sunday,21,CR-1348 / MORROW RD,County Road,Urban,Minor Arterial,County Highway Agency,8.0,33.59084167,-84.37312222,Pedestrian,Not a Collision with Motor Vehicle In-Transport,Not an Intersection,On Roadway,,Dark - Not Lighted,Cloudy,0,0,2001.0,1,0,CLAYTON (63),NOT APPLICABLE
2016,10556,Georgia,0,5,10,July,3,Sunday,14,CR-5190 / S HAIRSTON RD,County Road,Urban,Principal Arterial - Other,County Highway Agency,51.0,33.71938889,-84.20811111,Motor Vehicle In-Transport,Sideswipe - Same Direction,Not an Intersection,On Roadway,,Daylight,Clear,0,0,1992.0,2,0,DEKALB (89),NOT APPLICABLE
2016,10557,Georgia,0,3,3,July,3,Sunday,23,US-278 / SR-6,U.S. Highway,Urban,Principal Arterial - Other,State Highway Agency,234.0,33.96573056,-84.99413333,Motor Vehicle In-Transport,Angle,T-Intersection,On Roadway,,Dark - Not Lighted,Clear,0,0,2002.0,1,0,POLK (233),NOT APPLICABLE
2016,10557,Georgia,0,3,3,July,3,Sunday,23,US-278 / SR-6,U.S. Highway,Urban,Principal Arterial - Other,State Highway Agency,234.0,33.96573056,-84.99413333,Motor Vehicle In-Transport,Angle,T-Intersection,On Roadway,,Dark - Not Lighted,Clear,0,0,2014.0,0,0,POLK (233),NOT APPLICABLE
2016,10558,Georgia,0,3,5,July,4,Monday,12,CR-633 / RED TOP MTN RD,County Road,Urban,Minor Collector,County Highway Agency,54.0,34.144225,-84.69995278,Rollover/Overturn,Not a Collision with Motor Vehicle In-Transport,Y-Intersection,On Roadway,,Daylight,Clear,0,0,2003.0,1,1,BARTOW (15),NOT APPLICABLE
2016,10559,Georgia,0,1,1,July,4,Monday,23,CR-515 / OLD CASS WHITE RD,County Road,Urban,Minor Collector,County Highway Agency,13.0,34.264,-84.82170833,Rollover/Overturn,Not a Collision with Motor Vehicle In-Transport,Not an Intersection,On Roadway,,Dark - Not Lighted,Clear,0,0,2007.0,0,0,BARTOW (15),NOT APPLICABLE
2016,10559,Georgia,0,1,1,July,4,Monday,23,CR-515 / OLD CASS WHITE RD,County Road,Urban,Minor Collector,County Highway Agency,13.0,34.264,-84.82170833,Rollover/Overturn,Not a Collision with Motor Vehicle In-Transport,Not an Intersection,On Roadway,,Dark - Not Lighted,Clear,0,0,2007.0,1,1,BARTOW (15),NOT APPLICABLE
2016,10559,Georgia,0,1,1,July,4,Monday,23,CR-515 / OLD CASS WHITE RD,County Road,Urban,Minor Collector,County Highway Agency,13.0,34.264,-84.82170833,Rollover/Overturn,Not a Collision with Motor Vehicle In-Transport,Not an Intersection,On Roadway,,Dark - Not Lighted,Clear,0,0,2006.0,0,0,BARTOW (15),NOT APPLICABLE
2016,10560,Georgia,0,1,1,July,4,Monday,5,US-411 / SR-61,U.S. Highway,Rural,Principal Arterial - Other,State Highway Agency,33.0,34.45913056,-84.69829167,Ditch,Not a Collision with Motor Vehicle In-Transport,Not an Intersection,On Roadside,,Dark - Not Lighted,Clear,0,0,2012.0,1,0,GORDON (129),NOT APPLICABLE
2016,10560,Georgia,0,1,1,July,4,Monday,5,US-411 / SR-61,U.S. Highway,Rural,Principal Arterial - Other,State Highway Agency,33.0,34.45913056,-84.69829167,Ditch,Not a Collision with Motor Vehicle In-Transport,Not an Intersection,On Roadside,,Dark - Not Lighted,Clear,0,0,2009.0,0,0,GORDON (129),NOT APPLICABLE
2016,10561,Georgia,0,4,1,July,4,Monday,19,CR-459 / PADEN DR,County Road,Urban,Local,County Highway Agency,9.0,33.93271944,-84.06923056,Mail Box,Not a Collision with Motor Vehicle In-Transport,Not an Intersection,On Roadside,,Daylight,Clear,0,0,2007.0,1,0,GWINNETT (135),NOT APPLICABLE
2016,10562,Georgia,0,2,3,July,5,Tuesday,13,US-341 / SR-27,U.S. Highway,Rural,Principal Arterial - Other,State Highway Agency,159.0,31.75093333,-82.26956389,Working Motor Vehicle,Not a Collision with Motor Vehicle In-Transport,Not an Intersection,On Roadway,Maintenance,Daylight,Clear,0,0,1992.0,2,0,APPLING (1),NOT APPLICABLE
2016,10562,Georgia,0,2,3,July,5,Tuesday,13,US-341 / SR-27,U.S. Highway,Rural,Principal Arterial - Other,State Highway Agency,159.0,31.75093333,-82.26956389,Working Motor Vehicle,Not a Collision with Motor Vehicle In-Transport,Not an Intersection,On Roadway,Maintenance,Daylight,Clear,0,0,2007.0,0,1,APPLING (1),NOT APPLICABLE
2016,10563,Georgia,0,2,1,July,5,Tuesday,9,CR-429 / BURKHALTER RD,County Road,Rural,Minor Collector,County Highway Agency,61.0,32.47266667,-81.63648056,Ditch,Not a Collision with Motor Vehicle In-Transport,Not an Intersection,On Roadside,,Daylight,Clear,0,0,2008.0,0,1,BULLOCH (31),NOT APPLICABLE
2016,10563,Georgia,0,2,1,July,5,Tuesday,9,CR-429 / BURKHALTER RD,County Road,Rural,Minor Collector,County Highway Agency,61.0,32.47266667,-81.63648056,Ditch,Not a Collision with Motor Vehicle In-Transport,Not an Intersection,On Roadside,,Daylight,Clear,0,0,2014.0,1,0,BULLOCH (31),NOT APPLICABLE
2016,10564,Georgia,0,1,1,July,5,Tuesday,14,US-27 / SR-1,U.S. Highway,Rural,Principal Arterial - Other,State Highway Agency,74.0,34.47691667,-85.29656111,Rollover/Overturn,Not a Collision with Motor Vehicle In-Transport,Not an Intersection,On Roadside,,Daylight,Cloudy,0,0,2003.0,1,0,CHATTOOGA (55),NOT APPLICABLE
2016,10565,Georgia,0,5,18,July,5,Tuesday,14,I-75,Interstate,Urban,Interstate,State Highway Agency,22.0,33.32898611,-84.121775,Motor Vehicle In-Transport,Front-to-Rear,Not an Intersection,On Roadway,,Daylight,Rain,0,0,1993.0,1,0,HENRY (151),NOT APPLICABLE
2016,10565,Georgia,0,5,18,July,5,Tuesday,14,I-75,Interstate,Urban,Interstate,State Highway Agency,22.0,33.32898611,-84.121775,Motor Vehicle In-Transport,Front-to-Rear,Not an Intersection,On Roadway,,Daylight,Rain,0,0,2005.0,0,0,HENRY (151),NOT APPLICABLE
2016,10566,Georgia,0,2,3,July,5,Tuesday,4,I-185,Interstate,Urban,Interstate,State Highway Agency,133.0,32.58863889,-84.95913056,Parked Motor Vehicle,Not a Collision with Motor Vehicle In-Transport,Not an Intersection,On Shoulder,,Dark - Not Lighted,Clear,0,0,2003.0,1,0,MUSCOGEE (215),COLUMBUS
2016,10567,Georgia,0,1,1,July,6,Wednesday,14,US-27 ALT / SR-85,U.S. Highway,Rural,Minor Arterial,State Highway Agency,70.0,32.66545556,-84.76167222,Tree (Standing Only),Not a Collision with Motor Vehicle In-Transport,Not an Intersection,On Roadside,,Daylight,Rain,0,0,2008.0,1,1,HARRIS (145),NOT APPLICABLE
2016,10567,Georgia,0,1,1,July,6,Wednesday,14,US-27 ALT / SR-85,U.S. Highway,Rural,Minor Arterial,State Highway Agency,70.0,32.66545556,-84.76167222,Tree (Standing Only),Not a Collision with Motor Vehicle In-Transport,Not an Intersection,On Roadside,,Daylight,Rain,0,1,2007.0,0,0,HARRIS (145),NOT APPLICABLE
2016,10568,Georgia,0,1,1,July,6,Wednesday,20,SR-53,State Highway,Urban,Minor Arterial,State Highway Agency,3.0,34.13949444,-83.79366667,Rollover/Overturn,Not a Collision with Motor Vehicle In-Transport,Not an Intersection,On Roadside,,Daylight,Cloudy,0,0,1996.0,1,1,JACKSON (157),NOT APPLICABLE
2016,10568,Georgia,0,1,1,July,6,Wednesday,20,SR-53,State Highway,Urban,Minor Arterial,State Highway Agency,3.0,34.13949444,-83.79366667,Rollover/Overturn,Not a Collision with Motor Vehicle In-Transport,Not an Intersection,On Roadside,,Daylight,Cloudy,0,0,2013.0,0,0,JACKSON (157),NOT APPLICABLE
2016,10569,Georgia,0,1,1,July,7,Thursday,23,OLD MILL RD,Local Street - Municipality,Urban,Minor Arterial,City or Municipal Highway Agency,0.0,34.14860833,-84.82870278,"Road Ruts, Potholes, or Grates",Not a Collision with Motor Vehicle In-Transport,Not an Intersection,On Roadway,Construction,Dark - Not Lighted,Clear,0,0,2006.0,0,0,BARTOW (15),CARTERSVILLE
2016,10569,Georgia,0,1,1,July,7,Thursday,23,OLD MILL RD,Local Street - Municipality,Urban,Minor Arterial,City or Municipal Highway Agency,0.0,34.14860833,-84.82870278,"Road Ruts, Potholes, or Grates",Not a Collision with Motor Vehicle In-Transport,Not an Intersection,On Roadway,Construction,Dark - Not Lighted,Clear,0,0,2007.0,1,0,BARTOW (15),CARTERSVILLE
2016,10570,Georgia,0,1,1,July,7,Thursday,1,I-16,Interstate,Rural,Interstate,State Highway Agency,200.0,32.58630278,-83.2896,Traffic Sign Support,Not a Collision with Motor Vehicle In-Transport,Not an Intersection,On Roadside,,Dark - Not Lighted,Cloudy,0,0,2011.0,0,0,TWIGGS (289),NOT APPLICABLE
2016,10570,Georgia,0,1,1,July,7,Thursday,1,I-16,Interstate,Rural,Interstate,State Highway Agency,200.0,32.58630278,-83.2896,Traffic Sign Support,Not a Collision with Motor Vehicle In-Transport,Not an Intersection,On Roadside,,Dark - Not Lighted,Cloudy,0,0,2016.0,1,0,TWIGGS (289),NOT APPLICABLE
2016,10570,Georgia,0,1,1,July,7,Thursday,1,I-16,Interstate,Rural,Interstate,State Highway Agency,200.0,32.58630278,-83.2896,Traffic Sign Support,Not a Collision with Motor Vehicle In-Transport,Not an Intersection,On Roadside,,Dark - Not Lighted,Cloudy,0,0,2013.0,0,0,TWIGGS (289),NOT APPLICABLE
2016,10571,Georgia,0,2,3,July,7,Thursday,20,SR-151,State Highway,Rural,Minor Arterial,State Highway Agency,112.0,34.72369444,-85.18408333,Motor Vehicle In-Transport,Front-to-Front,Not an Intersection,On Roadway,,Daylight,Clear,0,0,2002.0,1,0,WALKER (295),NOT APPLICABLE
2016,10571,Georgia,0,2,3,July,7,Thursday,20,SR-151,State Highway,Rural,Minor Arterial,State Highway Agency,112.0,34.72369444,-85.18408333,Motor Vehicle In-Transport,Front-to-Front,Not an Intersection,On Roadway,,Daylight,Clear,0,0,2008.0,0,0,WALKER (295),NOT APPLICABLE
2016,10572,Georgia,0,1,1,July,8,Friday,13,US-25 / SR-121,U.S. Highway,Rural,Principal Arterial - Other,State Highway Agency,189.0,33.18433611,-82.04050833,Other Fixed Object,Not a Collision with Motor Vehicle In-Transport,Not an Intersection,On Roadside,,Daylight,Cloudy,0,0,2003.0,0,1,BURKE (33),NOT APPLICABLE
2016,10572,Georgia,0,1,1,July,8,Friday,13,US-25 / SR-121,U.S. Highway,Rural,Principal Arterial - Other,State Highway Agency,189.0,33.18433611,-82.04050833,Other Fixed Object,Not a Collision with Motor Vehicle In-Transport,Not an Intersection,On Roadside,,Daylight,Cloudy,0,0,2015.0,2,0,BURKE (33),NOT APPLICABLE
2016,10572,Georgia,0,1,1,July,8,Friday,13,US-25 / SR-121,U.S. Highway,Rural,Principal Arterial - Other,State Highway Agency,189.0,33.18433611,-82.04050833,Other Fixed Object,Not a Collision with Motor Vehicle In-Transport,Not an Intersection,On Roadside,,Daylight,Cloudy,0,0,2002.0,0,0,BURKE (33),NOT APPLICABLE
2016,10573,Georgia,0,2,3,July,8,Friday,13,CR-169 / WALTON RD,County Road,Rural,Minor Collector,County Highway Agency,4.0,32.611025,-83.89491944,Motor Vehicle In-Transport,Angle,Four-Way Intersection,On Roadway,,Daylight,Clear,0,0,2014.0,1,1,CRAWFORD (79),NOT APPLICABLE
2016,10574,Georgia,0,1,1,July,8,Friday,2,I-75,Interstate,Urban,Interstate,State Highway Agency,134.0,31.99245278,-83.75679167,Ditch,Not a Collision with Motor Vehicle In-Transport,Not an Intersection,On Roadside,,Dark - Not Lighted,Clear,0,0,1991.0,1,0,CRISP (81),NOT APPLICABLE
2016,10575,Georgia,0,2,3,July,8,Friday,13,US-27 /SR-1/  CEDARTOWN HWY,U.S. Highway,Urban,Principal Arterial - Other,State Highway Agency,69.0,34.19411111,-85.20083333,Motor Vehicle In-Transport,Front-to-Front,Not an Intersection,On Roadway,,Daylight,Clear,0,0,1998.0,1,1,FLOYD (115),ROME
2016,10576,Georgia,0,3,4,July,8,Friday,9,US-76 / SR-2,U.S. Highway,Rural,Principal Arterial - Other,State Highway Agency,74.0,34.96328056,-83.78979167,Motor Vehicle In-Transport,Angle,Not an Intersection,On Roadway,,Daylight,Cloudy,0,0,2012.0,1,1,TOWNS (281),NOT APPLICABLE
2016,10577,Georgia,0,2,2,July,9,Saturday,3,I-75,Interstate,Urban,Interstate,State Highway Agency,13.0,33.89222778,-84.46248056,Motor Vehicle In-Transport,Sideswipe - Same Direction,Not an Intersection,On Roadway,,Dark - Not Lighted,Clear,0,0,2001.0,1,0,COBB (67),NOT APPLICABLE
2016,10578,Georgia,1,1,2,July,9,Saturday,10,SR-60,State Highway,Rural,Major Collector,State Highway Agency,160.0,34.63714444,-83.95645833,Pedalcyclist,Not a Collision with Motor Vehicle In-Transport,Not an Intersection,On Roadway,,Daylight,Clear,0,0,2006.0,1,0,LUMPKIN (187),NOT APPLICABLE
2016,10579,Georgia,0,1,1,July,9,Saturday,4,SR-72,State Highway,Rural,Principal Arterial - Other,State Highway Agency,119.0,34.05850278,-83.10597222,Tree (Standing Only),Not a Collision with Motor Vehicle In-Transport,Not an Intersection,Outside Trafficway,,Dark - Not Lighted,Clear,0,0,1996.0,1,0,MADISON (195),NOT APPLICABLE
2016,10580,Georgia,0,2,6,July,10,Sunday,14,SR-225,State Highway,Rural,Minor Arterial,State Highway Agency,9.0,34.62911111,-84.86822778,Motor Vehicle In-Transport,Front-to-Rear,T-Intersection,On Roadway,,Daylight,Clear,0,0,1996.0,0,0,MURRAY (213),NOT APPLICABLE
2016,10580,Georgia,0,2,6,July,10,Sunday,14,SR-225,State Highway,Rural,Minor Arterial,State Highway Agency,9.0,34.62911111,-84.86822778,Motor Vehicle In-Transport,Front-to-Rear,T-Intersection,On Roadway,,Daylight,Clear,0,0,2002.0,1,1,MURRAY (213),NOT APPLICABLE
2016,10581,Georgia,0,4,8,July,11,Monday,24,I-20,Interstate,Urban,Interstate,State Highway Agency,77.0,33.71153056,-84.2174,Motor Vehicle In-Transport,Front-to-Rear,Not an Intersection,On Roadway,,Dark - Lighted,Clear,0,0,2008.0,1,0,DEKALB (89),NOT APPLICABLE
2016,10581,Georgia,0,4,8,July,11,Monday,24,I-20,Interstate,Urban,Interstate,State Highway Agency,77.0,33.71153056,-84.2174,Motor Vehicle In-Transport,Front-to-Rear,Not an Intersection,On Roadway,,Dark - Lighted,Clear,0,0,2015.0,0,0,DEKALB (89),NOT APPLICABLE
2016,10582,Georgia,1,2,2,July,11,Monday,13,I-75,Interstate,Urban,Interstate,State Highway Agency,114.0,32.45277222,-83.75361389,Parked Motor Vehicle,Not a Collision with Motor Vehicle In-Transport,Not an Intersection,On Roadside,,Daylight,Clear,0,0,2005.0,0,0,HOUSTON (153),PERRY
2016,10583,Georgia,1,1,1,July,11,Monday,21,SR-251,State Highway,Urban,Major Collector,State Highway Agency,111.0,31.41083889,-81.45793056,Pedalcyclist,Not a Collision with Motor Vehicle In-Transport,Not an Intersection,On Roadway,,Dark - Not Lighted,Cloudy,0,0,2005.0,2,0,MCINTOSH (191),DARIEN
2016,10583,Georgia,1,1,1,July,11,Monday,21,SR-251,State Highway,Urban,Major Collector,State Highway Agency,111.0,31.41083889,-81.45793056,Pedalcyclist,Not a Collision with Motor Vehicle In-Transport,Not an Intersection,On Roadway,,Dark - Not Lighted,Cloudy,0,0,1995.0,0,0,MCINTOSH (191),DARIEN
2016,10584,Georgia,0,1,2,July,11,Monday,13,US-80 / SR-22 RAMP,U.S. Highway,Urban,Principal Arterial - Freeways,State Highway Agency,20.0,32.52795,-84.97673611,Tree (Standing Only),Not a Collision with Motor Vehicle In-Transport,Not an Intersection,On Roadside,,Daylight,Clear,0,0,2003.0,2,0,MUSCOGEE (215),COLUMBUS
2016,10584,Georgia,0,1,2,July,11,Monday,13,US-80 / SR-22 RAMP,U.S. Highway,Urban,Principal Arterial - Freeways,State Highway Agency,20.0,32.52795,-84.97673611,Tree (Standing Only),Not a Collision with Motor Vehicle In-Transport,Not an Intersection,On Roadside,,Daylight,Clear,0,0,2002.0,0,0,MUSCOGEE (215),COLUMBUS
2016,10584,Georgia,0,1,2,July,11,Monday,13,US-80 / SR-22 RAMP,U.S. Highway,Urban,Principal Arterial - Freeways,State Highway Agency,20.0,32.52795,-84.97673611,Tree (Standing Only),Not a Collision with Motor Vehicle In-Transport,Not an Intersection,On Roadside,,Daylight,Clear,0,0,1994.0,0,0,MUSCOGEE (215),COLUMBUS
2016,10585,Georgia,0,1,1,July,11,Monday,2,CR-668 / HAIG MILL RD,County Road,Urban,Minor Arterial,County Highway Agency,9.0,34.82712778,-84.96110278,Embankment,Not a Collision with Motor Vehicle In-Transport,Not an Intersection,On Roadside,,Dark - Not Lighted,Cloudy,0,0,2009.0,1,0,WHITFIELD (313),NOT APPLICABLE
2016,10586,Georgia,0,2,2,July,12,Tuesday,16,SR-211,State Highway,Urban,Minor Arterial,State Highway Agency,205.0,34.06990833,-83.78633611,Motor Vehicle In-Transport,Angle,Four-Way Intersection,On Roadway,,Daylight,Clear,0,0,2014.0,1,1,BARROW (13),NOT APPLICABLE
2016,10586,Georgia,0,2,2,July,12,Tuesday,16,SR-211,State Highway,Urban,Minor Arterial,State Highway Agency,205.0,34.06990833,-83.78633611,Motor Vehicle In-Transport,Angle,Four-Way Intersection,On Roadway,,Daylight,Clear,0,0,2009.0,0,0,BARROW (13),NOT APPLICABLE
2016,10587,Georgia,0,3,2,July,12,Tuesday,13,SR-56 / MIKE PADGETT HWY,State Highway,Urban,Minor Arterial,State Highway Agency,33.0,33.28728333,-81.95868889,Motor Vehicle In-Transport,Front-to-Rear,Not an Intersection,Continuous Left - Turn Lane,,Daylight,Clear,0,0,2011.0,0,0,RICHMOND (245),AUGUSTA
2016,10588,Georgia,1,2,1,July,13,Wednesday,5,I-285 RAMP,Interstate,Urban,Interstate,State Highway Agency,59.0,33.87972222,-84.24949444,Pedestrian,Not a Collision with Motor Vehicle In-Transport,Not an Intersection,On Roadside,,Dark - Not Lighted,Clear,0,0,2005.0,1,1,DEKALB (89),NOT APPLICABLE
2016,10589,Georgia,0,1,3,July,14,Thursday,17,I-59,Interstate,Rural,Interstate,State Highway Agency,173.0,34.97167222,-85.44576389,Guardrail Face,Not a Collision with Motor Vehicle In-Transport,Not an Intersection,On Roadside,,Daylight,Rain,0,0,2003.0,1,0,DADE (83),NOT APPLICABLE
2016,10590,Georgia,0,2,2,July,14,Thursday,13,I-85,Interstate,Rural,Interstate,State Highway Agency,135.0,34.42484167,-83.16039444,Cable Barrier,Not a Collision with Motor Vehicle In-Transport,Not an Intersection,On Median,,Daylight,Clear,0,0,2010.0,1,1,FRANKLIN (119),NOT APPLICABLE
2016,10591,Georgia,0,1,1,July,14,Thursday,11,SR-15,State Highway,Rural,Major Collector,State Highway Agency,252.0,33.707325,-83.29011111,Rollover/Overturn,Not a Collision with Motor Vehicle In-Transport,Not an Intersection,On Roadway,,Daylight,Clear,0,0,2003.0,1,0,GREENE (133),NOT APPLICABLE
2016,10591,Georgia,0,1,1,July,14,Thursday,11,SR-15,State Highway,Rural,Major Collector,State Highway Agency,252.0,33.707325,-83.29011111,Rollover/Overturn,Not a Collision with Motor Vehicle In-Transport,Not an Intersection,On Roadway,,Daylight,Clear,0,0,2000.0,0,0,GREENE (133),NOT APPLICABLE
2016,10591,Georgia,0,1,1,July,14,Thursday,11,SR-15,State Highway,Rural,Major Collector,State Highway Agency,252.0,33.707325,-83.29011111,Rollover/Overturn,Not a Collision with Motor Vehicle In-Transport,Not an Intersection,On Roadway,,Daylight,Clear,0,0,2013.0,0,0,GREENE (133),NOT APPLICABLE
2016,10591,Georgia,0,1,1,July,14,Thursday,11,SR-15,State Highway,Rural,Major Collector,State Highway Agency,252.0,33.707325,-83.29011111,Rollover/Overturn,Not a Collision with Motor Vehicle In-Transport,Not an Intersection,On Roadway,,Daylight,Clear,0,0,2013.0,0,0,GREENE (133),NOT APPLICABLE
2016,10592,Georgia,0,2,2,July,14,Thursday,20,SR-49,State Highway,Urban,Minor Arterial,State Highway Agency,2.0,32.87425833,-83.55540556,Motor Vehicle In-Transport,Angle,Not an Intersection,On Roadway,,Daylight,Clear,0,0,2009.0,1,1,JONES (169),NOT APPLICABLE
2016,10592,Georgia,0,2,2,July,14,Thursday,20,SR-49,State Highway,Urban,Minor Arterial,State Highway Agency,2.0,32.87425833,-83.55540556,Motor Vehicle In-Transport,Angle,Not an Intersection,On Roadway,,Daylight,Clear,0,0,2010.0,0,0,JONES (169),NOT APPLICABLE
2016,10592,Georgia,0,2,2,July,14,Thursday,20,SR-49,State Highway,Urban,Minor Arterial,State Highway Agency,2.0,32.87425833,-83.55540556,Motor Vehicle In-Transport,Angle,Not an Intersection,On Roadway,,Daylight,Clear,0,0,2013.0,0,0,JONES (169),NOT APPLICABLE
2016,10592,Georgia,0,2,2,July,14,Thursday,20,SR-49,State Highway,Urban,Minor Arterial,State Highway Agency,2.0,32.87425833,-83.55540556,Motor Vehicle In-Transport,Angle,Not an Intersection,On Roadway,,Daylight,Clear,0,0,2013.0,0,0,JONES (169),NOT APPLICABLE
2016,10593,Georgia,0,2,2,July,15,Friday,2,SR-314,State Highway,Urban,Minor Arterial,State Highway Agency,40.0,33.60705,-84.44653333,Motor Vehicle In-Transport,Front-to-Front,Not an Intersection,On Roadway,,Dark - Not Lighted,Clear,0,0,2012.0,0,0,CLAYTON (63),NOT APPLICABLE
2016,10593,Georgia,0,2,2,July,15,Friday,2,SR-314,State Highway,Urban,Minor Arterial,State Highway Agency,40.0,33.60705,-84.44653333,Motor Vehicle In-Transport,Front-to-Front,Not an Intersection,On Roadway,,Dark - Not Lighted,Clear,0,0,2002.0,0,0,CLAYTON (63),NOT APPLICABLE
2016,10594,Georgia,0,2,4,July,15,Friday,15,MARKET PLACE BLVD,Local Street - Municipality,Urban,Local,City or Municipal Highway Agency,76.36406779661017,34.19384722,-84.12728889,Motor Vehicle In-Transport,Angle,Four-Way Intersection,On Roadway,,Daylight,Clear,0,0,2012.0,1,0,FORSYTH (117),CUMMING
2016,10595,Georgia,0,1,1,July,15,Friday,19,CR-1099 / KIMBERLY MILL RD,County Road,Urban,Local,County Highway Agency,9.0,33.57621667,-84.48903056,Curb,Not a Collision with Motor Vehicle In-Transport,Not an Intersection,On Roadside,Construction,Daylight,Clear,0,0,2001.0,0,0,FULTON (121),NOT APPLICABLE
2016,10595,Georgia,0,1,1,July,15,Friday,19,CR-1099 / KIMBERLY MILL RD,County Road,Urban,Local,County Highway Agency,9.0,33.57621667,-84.48903056,Curb,Not a Collision with Motor Vehicle In-Transport,Not an Intersection,On Roadside,Construction,Daylight,Clear,0,0,2007.0,1,0,FULTON (121),NOT APPLICABLE
2016,10596,Georgia,0,2,2,July,15,Friday,22,CR-216 / WELCOME RD,County Road,Rural,Minor Collector,County Highway Agency,27.0,33.39975278,-85.15365278,Mail Box,Not a Collision with Motor Vehicle In-Transport,Not an Intersection,On Roadside,,Dark - Not Lighted,Clear,0,0,2006.0,1,0,HEARD (149),NOT APPLICABLE
2016,10596,Georgia,0,2,2,July,15,Friday,22,CR-216 / WELCOME RD,County Road,Rural,Minor Collector,County Highway Agency,27.0,33.39975278,-85.15365278,Mail Box,Not a Collision with Motor Vehicle In-Transport,Not an Intersection,On Roadside,,Dark - Not Lighted,Clear,0,0,2015.0,0,0,HEARD (149),NOT APPLICABLE
2016,10597,Georgia,0,5,8,July,16,Saturday,22,CR-415 / ATLANTA HWY,County Road,Urban,Minor Arterial,County Highway Agency,11.0,33.97531944,-83.66931667,Motor Vehicle In-Transport,Front-to-Front,Four-Way Intersection,On Roadway,,Dark - Not Lighted,Cloudy,0,0,2006.0,0,0,BARROW (13),NOT APPLICABLE
2016,10597,Georgia,0,5,8,July,16,Saturday,22,CR-415 / ATLANTA HWY,County Road,Urban,Minor Arterial,County Highway Agency,11.0,33.97531944,-83.66931667,Motor Vehicle In-Transport,Front-to-Front,Four-Way Intersection,On Roadway,,Dark - Not Lighted,Cloudy,0,0,2005.0,1,0,BARROW (13),NOT APPLICABLE
2016,10598,Georgia,0,1,1,July,16,Saturday,23,CR-429 / BURKHALTER RD,County Road,Urban,Minor Collector,County Highway Agency,5.0,32.42137778,-81.70458333,Tree (Standing Only),Not a Collision with Motor Vehicle In-Transport,Not an Intersection,On Roadside,,Dark - Not Lighted,Cloudy,0,0,2001.0,1,0,BULLOCH (31),NOT APPLICABLE
2016,10599,Georgia,0,1,1,July,16,Saturday,5,SR-234,State Highway,Rural,Major Collector,State Highway Agency,89.0,31.57550278,-84.30627222,Fence,Not a Collision with Motor Vehicle In-Transport,Not an Intersection,Outside Trafficway,,Dark - Not Lighted,Clear,0,0,2007.0,1,0,DOUGHERTY (95),ALBANY
2016,10600,Georgia,0,1,1,July,16,Saturday,21,CR-140 / GRIMSLEY MILL RD,County Road,Rural,Local,County Highway Agency,32.0,31.43970556,-85.02446944,Rollover/Overturn,Not a Collision with Motor Vehicle In-Transport,Not an Intersection,On Roadway,,Dark - Unknown Lighting,Clear,0,0,2006.0,1,0,EARLY (99),NOT APPLICABLE
2016,10600,Georgia,0,1,1,July,16,Saturday,21,CR-140 / GRIMSLEY MILL RD,County Road,Rural,Local,County Highway Agency,32.0,31.43970556,-85.02446944,Rollover/Overturn,Not a Collision with Motor Vehicle In-Transport,Not an Intersection,On Roadway,,Dark - Unknown Lighting,Clear,0,0,2007.0,0,0,EARLY (99),NOT APPLICABLE
2016,10600,Georgia,0,1,1,July,16,Saturday,21,CR-140 / GRIMSLEY MILL RD,County Road,Rural,Local,County Highway Agency,32.0,31.43970556,-85.02446944,Rollover/Overturn,Not a Collision with Motor Vehicle In-Transport,Not an Intersection,On Roadway,,Dark - Unknown Lighting,Clear,0,0,2011.0,0,0,EARLY (99),NOT APPLICABLE
2016,10600,Georgia,0,1,1,July,16,Saturday,21,CR-140 / GRIMSLEY MILL RD,County Road,Rural,Local,County Highway Agency,32.0,31.43970556,-85.02446944,Rollover/Overturn,Not a Collision with Motor Vehicle In-Transport,Not an Intersection,On Roadway,,Dark - Unknown Lighting,Clear,0,0,2008.0,0,0,EARLY (99),NOT APPLICABLE
2016,10601,Georgia,0,1,1,July,16,Saturday,16,I-75,Interstate,Urban,Interstate,State Highway Agency,183.0,33.53205,-84.25957778,Rollover/Overturn,Not a Collision with Motor Vehicle In-Transport,Not an Intersection,On Roadway,Construction,Daylight,Cloudy,0,0,2013.0,0,0,HENRY (151),NOT APPLICABLE