YEAR,ST_CASE,STATENAME,NUM_PEDS,NUM_VEHC,PERSONS,MONTHNAME,DAYNAME,DAY_WEEKNAME,HOUR,ROAD_NAME,ROUTENAME,RUR_URBNAME,FUNC_SYSNAME,RD_OWNERNAME,MILE_MARKER,LATITUDE,LONGITUD,HARM_EVNAME,COLLISION_TYPE,TYP_INTNAME,REL_ROADNAME,WRK_ZONENAME,LGT_CONDNAME,WEATHERNAME,SCH_BUS,HIT_RUN,MOD_YEAR,DEATHS,DR_DRINK,COUNTYNAME,CITYNAME
2016,10601,Georgia,0,1,1,July,16,Saturday,16,I-75,Interstate,Urban,Interstate,State Highway Agency,183.0,33.53205,-84.25957778,Rollover/Overturn,Not a Collision with Motor Vehicle In-Transport,Not an Intersection,On Roadway,Construction,Daylight,Cloudy,0,0,2016.0,1,0,HENRY (151),NOT APPLICABLE
2016,10602,Georgia,0,2,3,July,30,Saturday,12,30TH ST,Local Street - Municipality,Urban,Local,City or Municipal Highway Agency,3.0,32.49156944,-84.97668889,Motor Vehicle In-Transport,Front-to-Front,Not an Intersection,On Roadway,,Daylight,Rain,0,0,1999.0,1,0,MUSCOGEE (215),COLUMBUS
2016,10602,Georgia,0,2,3,July,30,Saturday,12,30TH ST,Local Street - Municipality,Urban,Local,City or Municipal Highway Agency,3.0,32.49156944,-84.97668889,Motor Vehicle In-Transport,Front-to-Front,Not an Intersection,On Roadway,,Daylight,Rain,0,0,2003.0,0,0,MUSCOGEE (215),COLUMBUS
2016,10603,Georgia,0,1,3,July,27,Wednesday,13,SR-21,State Highway,Rural,Principal Arterial - Other,State Highway Agency,176.0,32.426475,-81.37097222,Culvert,Not a Collision with Motor Vehicle In-Transport,Four-Way Intersection,On Roadside,,Daylight,Clear,0,0,2000.0,1,0,EFFINGHAM (103),NOT APPLICABLE
2016,10604,Georgia,0,1,1,August,20,Saturday,3,CR-2989 / LITHONIA IND BLVD,County Road,Urban,Minor Collector,County Highway Agency,48.0,33.74567222,-84.083925,Curb,Not a Collision with Motor Vehicle In-Transport,T-Intersection,On Roadside,,Dark - Not Lighted,Clear,0,0,1997.0,1,0,DEKALB (89),NOT APPLICABLE
2016,10605,Georgia,0,3,4,April,27,Wednesday,13,POOLER PARKWAY,Local Street - Municipality,Urban,Minor Arterial,City or Municipal Highway Agency,70.0,32.13698611,-81.25366667,Motor Vehicle In-Transport,Front-to-Rear,T-Intersection,On Roadway,,Daylight,Clear,0,0,2014.0,1,0,CHATHAM (51),POOLER
2016,10606,Georgia,0,1,4,July,16,Saturday,20,CR-GREEN FORK CHURCH ROAD,County Road,Rural,Minor Collector,County Highway Agency,10.0,32.89201667,-81.88398056,Fence,Not a Collision with Motor Vehicle In-Transport,Not an Intersection,On Roadside,,Daylight,Rain,0,0,2007.0,1,0,JENKINS (165),NOT APPLICABLE
2016,10607,Georgia,0,1,1,July,16,Saturday,21,SR-355,State Highway,Rural,Major Collector,State Highway Agency,141.0,32.48091944,-84.63151667,Rollover/Overturn,Not a Collision with Motor Vehicle In-Transport,Not an Intersection,On Roadside,,Dark - Not Lighted,Clear,0,0,1997.0,1,1,MARION (197),NOT APPLICABLE
2016,10608,Georgia,1,2,2,July,16,Saturday,5,SR-6,State Highway,Urban,Principal Arterial - Other,State Highway Agency,156.0,33.88759444,-84.742425,Pedestrian,Not a Collision with Motor Vehicle In-Transport,Not an Intersection,On Roadway,,Dark - Not Lighted,Clear,0,0,2003.0,0,0,PAULDING (223),HIRAM
2016,10609,Georgia,0,2,5,July,16,Saturday,22,SR-212,State Highway,Rural,Major Collector,State Highway Agency,80.0,33.19770833,-83.42154444,Motor Vehicle In-Transport,Angle,Not an Intersection,On Roadway,,Dark - Not Lighted,Clear,0,0,2000.0,1,0,PUTNAM (237),NOT APPLICABLE
2016,10609,Georgia,0,2,5,July,16,Saturday,22,SR-212,State Highway,Rural,Major Collector,State Highway Agency,80.0,33.19770833,-83.42154444,Motor Vehicle In-Transport,Angle,Not an Intersection,On Roadway,,Dark - Not Lighted,Clear,0,0,2007.0,0,0,PUTNAM (237),NOT APPLICABLE
2016,10610,Georgia,0,1,1,July,16,Saturday,13,SR-348,State Highway,Rural,Major Collector,State Highway Agency,52.0,34.78096944,-83.87966944,Ditch,Not a Collision with Motor Vehicle In-Transport,Not an Intersection,On Roadside,,Daylight,Cloudy,0,0,2007.0,1,0,UNION (291),NOT APPLICABLE
2016,10610,Georgia,0,1,1,July,16,Saturday,13,SR-348,State Highway,Rural,Major Collector,State Highway Agency,52.0,34.78096944,-83.87966944,Ditch,Not a Collision with Motor Vehicle In-Transport,Not an Intersection,On Roadside,,Daylight,Cloudy,0,0,1994.0,0,0,UNION (291),NOT APPLICABLE
2016,10611,Georgia,0,2,8,July,17,Sunday,21,US-SR6,U.S. Highway,Urban,Principal Arterial - Other,State Highway Agency,70.0,33.81922222,-84.65695278,Motor Vehicle In-Transport,Angle,Not an Intersection,On Roadway,,Dark - Not Lighted,Clear,0,0,1997.0,1,1,COBB (67),AUSTELL
2016,10611,Georgia,0,2,8,July,17,Sunday,21,US-SR6,U.S. Highway,Urban,Principal Arterial - Other,State Highway Agency,70.0,33.81922222,-84.65695278,Motor Vehicle In-Transport,Angle,Not an Intersection,On Roadway,,Dark - Not Lighted,Clear,0,0,2001.0,1,1,COBB (67),AUSTELL
2016,10612,Georgia,0,3,6,July,17,Sunday,15,SR-12,State Highway,Urban,Minor Arterial,State Highway Agency,42.0,33.73282222,-84.20751111,Motor Vehicle In-Transport,Front-to-Front,T-Intersection,On Roadway,,Daylight,Clear,0,0,1998.0,0,0,DEKALB (89),NOT APPLICABLE
2016,10613,Georgia,1,1,1,July,17,Sunday,3,CREEK POINT AVENUE,Local Street - Municipality,Urban,Local,City or Municipal Highway Agency,0.0,33.65530278,-84.50041111,Pedestrian,Not a Collision with Motor Vehicle In-Transport,Not an Intersection,On Roadside,,Dark - Lighted,Clear,0,0,2003.0,1,0,FULTON (121),EAST POINT
2016,10614,Georgia,0,1,1,July,17,Sunday,11,CR-723800,County Road,Urban,Principal Arterial - Freeways,City or Municipal Highway Agency,44.0,33.8894,-84.05242778,Rollover/Overturn,Not a Collision with Motor Vehicle In-Transport,Not an Intersection,On Roadway,,Daylight,Clear,0,0,2010.0,1,0,GWINNETT (135),LAWRENCEVILLE
2016,10615,Georgia,0,2,2,July,17,Sunday,19,CR-ACCESS ROAD,County Road,Urban,Minor Collector,County Highway Agency,22.0,33.614475,-83.915025,Motor Vehicle In-Transport,Sideswipe - Same Direction,Not an Intersection,On Roadway,,Daylight,Cloudy,0,0,1991.0,1,0,NEWTON (217),NOT APPLICABLE
2016,10616,Georgia,0,2,2,July,17,Sunday,9,SR-30,State Highway,Rural,Principal Arterial - Other,State Highway Agency,348.0,31.96142222,-83.95427222,Motor Vehicle In-Transport,Angle,Four-Way Intersection,On Roadway,,Daylight,Clear,0,0,1999.0,1,1,SUMTER (261),NOT APPLICABLE
2016,10616,Georgia,0,2,2,July,17,Sunday,9,SR-30,State Highway,Rural,Principal Arterial - Other,State Highway Agency,348.0,31.96142222,-83.95427222,Motor Vehicle In-Transport,Angle,Four-Way Intersection,On Roadway,,Daylight,Clear,0,0,2012.0,0,1,SUMTER (261),NOT APPLICABLE
2016,10618,Georgia,0,3,3,July,18,Monday,7,SR-20,State Highway,Urban,Minor Arterial,State Highway Agency,61.0,33.69539444,-83.99697222,Motor Vehicle In-Transport,Front-to-Front,T-Intersection,On Roadway,,Daylight,Clear,0,0,2013.0,1,0,ROCKDALE (247),CONYERS
2016,10618,Georgia,0,3,3,July,18,Monday,7,SR-20,State Highway,Urban,Minor Arterial,State Highway Agency,61.0,33.69539444,-83.99697222,Motor Vehicle In-Transport,Front-to-Front,T-Intersection,On Roadway,,Daylight,Clear,0,0,2015.0,0,0,ROCKDALE (247),CONYERS
2016,10619,Georgia,1,1,2,July,18,Monday,21,SR-41,State Highway,Rural,Major Collector,State Highway Agency,141.0,32.09201667,-84.53615556,Pedestrian,Not a Collision with Motor Vehicle In-Transport,Not an Intersection,On Roadway,,Dark - Not Lighted,Cloudy,0,0,2000.0,0,0,WEBSTER (307),NOT APPLICABLE
2016,10620,Georgia,0,2,2,July,19,Tuesday,11,SR-383,State Highway,Urban,Principal Arterial - Other,State Highway Agency,18.0,33.49959167,-82.13938889,Motor Vehicle In-Transport,Angle,T-Intersection,On Roadway,,Daylight,Clear,0,0,2002.0,1,1,COLUMBIA (73),NOT APPLICABLE
2016,10621,Georgia,0,1,2,July,19,Tuesday,19,SARGENT MAIN STREET,Local Street - Municipality,Rural,Major Collector,City or Municipal Highway Agency,10.0,33.43398889,-84.87038056,Thrown or Falling Object,Not a Collision with Motor Vehicle In-Transport,Not an Intersection,On Roadway,,Unknown,Other,0,0,2000.0,1,0,COWETA (77),NEWNAN
2016,10622,Georgia,0,1,2,July,19,Tuesday,16,CR-ROCKY PLAINS ROAD,County Road,Urban,Minor Collector,County Highway Agency,20.0,33.49631667,-83.91960278,Tree (Standing Only),Not a Collision with Motor Vehicle In-Transport,Not an Intersection,On Roadside,,Daylight,Clear,0,0,1979.0,1,0,NEWTON (217),NOT APPLICABLE
2016,10623,Georgia,0,2,2,July,19,Tuesday,16,SR-96,State Highway,Rural,Minor Arterial,State Highway Agency,131.0,32.54643333,-83.75293056,Motor Vehicle In-Transport,Front-to-Front,T-Intersection,On Roadway,,Daylight,Clear,0,0,2001.0,1,1,PEACH (225),FORT VALLEY
2016,10624,Georgia,0,1,2,July,19,Tuesday,13,REED ROAD,Local Street - Municipality,Urban,Minor Collector,City or Municipal Highway Agency,40.0,34.86292778,-84.98664444,Tree (Standing Only),Not a Collision with Motor Vehicle In-Transport,Not an Intersection,On Roadside,,Daylight,Clear,0,0,1993.0,1,1,WHITFIELD (313),DALTON
2016,10625,Georgia,0,2,2,July,20,Wednesday,6,SR-3,State Highway,Urban,Principal Arterial - Other,State Highway Agency,26.0,33.46391111,-84.33416111,Motor Vehicle In-Transport,Angle,Four-Way Intersection,On Roadway,,Dawn,Clear,0,0,2001.0,1,0,CLAYTON (63),JONESBORO
2016,10626,Georgia,1,2,5,July,20,Wednesday,21,CR-OLD SALEM ROAD,County Road,Urban,Minor Arterial,County Highway Agency,19.0,33.62960556,-84.00023611,Pedestrian,Not a Collision with Motor Vehicle In-Transport,Not an Intersection,On Roadway,,Dark - Not Lighted,Clear,0,0,1998.0,0,1,ROCKDALE (247),NOT APPLICABLE
2016,10627,Georgia,0,1,1,July,20,Wednesday,4,SR-24,State Highway,Rural,Minor Arterial,State Highway Agency,355.0,32.86455278,-81.64383056,Ditch,Not a Collision with Motor Vehicle In-Transport,Not an Intersection,On Roadside,,Dark - Not Lighted,Rain,0,0,2001.0,1,0,SCREVEN (251),NOT APPLICABLE
2016,10628,Georgia,0,2,2,July,21,Thursday,14,SR-4,State Highway,Rural,Principal Arterial - Other,State Highway Agency,50.0,31.48130556,-82.45196944,Motor Vehicle In-Transport,Angle,Not an Intersection,On Roadway,,Daylight,Clear,0,0,1990.0,0,0,BACON (5),NOT APPLICABLE
2016,10628,Georgia,0,2,2,July,21,Thursday,14,SR-4,State Highway,Rural,Principal Arterial - Other,State Highway Agency,50.0,31.48130556,-82.45196944,Motor Vehicle In-Transport,Angle,Not an Intersection,On Roadway,,Daylight,Clear,0,0,2006.0,3,0,BACON (5),NOT APPLICABLE
2016,10629,Georgia,1,1,2,July,21,Thursday,23,CR-GIBSON POST ROAD,County Road,Urban,Minor Collector,County Highway Agency,18.0,30.82733611,-82.03490556,Pedestrian,Not a Collision with Motor Vehicle In-Transport,Not an Intersection,On Roadway,,Dark - Not Lighted,Clear,0,0,2014.0,0,0,CHARLTON (49),NOT APPLICABLE
2016,10630,Georgia,0,2,2,July,21,Thursday,2,US-SR35,U.S. Highway,Rural,Principal Arterial - Other,State Highway Agency,52.0,30.72998333,-84.11901944,Motor Vehicle In-Transport,Front-to-Front,Not an Intersection,On Roadway,,Dark - Not Lighted,Clear,0,0,2013.0,0,0,GRADY (131),CAIRO
2016,10630,Georgia,0,2,2,July,21,Thursday,2,US-SR35,U.S. Highway,Rural,Principal Arterial - Other,State Highway Agency,52.0,30.72998333,-84.11901944,Motor Vehicle In-Transport,Front-to-Front,Not an Intersection,On Roadway,,Dark - Not Lighted,Clear,0,0,1991.0,2,0,GRADY (131),CAIRO
2016,10631,Georgia,0,1,1,July,22,Friday,23,EBENEZER CHURCH ROAD,Local Street - Municipality,Urban,Local,City or Municipal Highway Agency,0.0,33.39795556,-84.66838056,Ditch,Not a Collision with Motor Vehicle In-Transport,Not an Intersection,On Roadside,,Dark - Not Lighted,Clear,0,0,2004.0,1,0,COWETA (77),SHARPSBURG
2016,10632,Georgia,0,1,1,July,23,Saturday,2,CR-JODECO ROAD,County Road,Urban,Minor Arterial,County Highway Agency,38.0,33.48133056,-84.21919722,Embankment,Not a Collision with Motor Vehicle In-Transport,Not an Intersection,On Roadside,,Dark - Not Lighted,Clear,0,0,2006.0,0,0,HENRY (151),NOT APPLICABLE
2016,10633,Georgia,2,1,2,July,23,Saturday,7,CR-OLD BUCKHEAD ROAD,County Road,Rural,Local,County Highway Agency,14.0,33.587675,-83.429675,Pedalcyclist,Not a Collision with Motor Vehicle In-Transport,Not an Intersection,On Roadway,,Daylight,Clear,0,0,2006.0,0,0,MORGAN (211),NOT APPLICABLE
2016,10633,Georgia,2,1,2,July,23,Saturday,7,CR-OLD BUCKHEAD ROAD,County Road,Rural,Local,County Highway Agency,14.0,33.587675,-83.429675,Pedalcyclist,Not a Collision with Motor Vehicle In-Transport,Not an Intersection,On Roadway,,Daylight,Clear,0,0,2006.0,1,0,MORGAN (211),NOT APPLICABLE
2016,10634,Georgia,0,2,3,July,25,Monday,21,I-75,Interstate,Rural,Interstate,State Highway Agency,34.0,33.24762222,-84.08608056,Guardrail Face,Not a Collision with Motor Vehicle In-Transport,Not an Intersection,On Median,,Dark - Not Lighted,Clear,0,0,2013.0,1,0,BUTTS (35),NOT APPLICABLE
2016,10635,Georgia,1,1,1,July,25,Monday,4,SR-12,State Highway,Urban,Principal Arterial - Other,State Highway Agency,48.0,33.60521667,-83.87243611,Pedestrian,Not a Collision with Motor Vehicle In-Transport,Not an Intersection,On Roadway,,Dark - Lighted,Clear,0,0,2000.0,1,0,NEWTON (217),COVINGTON
2016,10636,Georgia,0,1,1,July,26,Tuesday,17,N. MAGNUM BRIDGE ROAD,Local Street - Municipality,Rural,Local,City or Municipal Highway Agency,15.0,34.27868056,-83.52668333,Rollover/Overturn,Not a Collision with Motor Vehicle In-Transport,Not an Intersection,On Roadside,,Daylight,Clear,0,0,1998.0,0,0,BANKS (11),MAYSVILLE
2016,10636,Georgia,0,1,1,July,26,Tuesday,17,N. MAGNUM BRIDGE ROAD,Local Street - Municipality,Rural,Local,City or Municipal Highway Agency,15.0,34.27868056,-83.52668333,Rollover/Overturn,Not a Collision with Motor Vehicle In-Transport,Not an Intersection,On Roadside,,Daylight,Clear,0,0,2012.0,1,0,BANKS (11),MAYSVILLE
2016,10637,Georgia,1,1,1,July,26,Tuesday,21,MOUNTAIN INDUSTRIAL BLVD.,Local Street - Municipality,Urban,Minor Arterial,County Highway Agency,0.0,33.82585278,-84.195825,Pedestrian,Not a Collision with Motor Vehicle In-Transport,Four-Way Intersection,On Roadway,,Dark - Not Lighted,Clear,0,0,2012.0,0,0,DEKALB (89),TUCKER
2016,10637,Georgia,1,1,1,July,26,Tuesday,21,MOUNTAIN INDUSTRIAL BLVD.,Local Street - Municipality,Urban,Minor Arterial,County Highway Agency,0.0,33.82585278,-84.195825,Pedestrian,Not a Collision with Motor Vehicle In-Transport,Four-Way Intersection,On Roadway,,Dark - Not Lighted,Clear,0,0,2006.0,1,0,DEKALB (89),TUCKER
2016,10638,Georgia,0,3,3,July,26,Tuesday,17,SR-53,State Highway,Urban,Minor Arterial,State Highway Agency,209.0,34.15154444,-83.79972778,Motor Vehicle In-Transport,Front-to-Front,Not an Intersection,On Roadway,,Daylight,Clear,0,0,2001.0,1,0,HALL (139),Other
2016,10639,Georgia,0,2,2,July,26,Tuesday,8,SR-33,State Highway,Rural,Minor Arterial,State Highway Agency,204.0,31.62326944,-83.8244,Motor Vehicle In-Transport,Angle,Four-Way Intersection,On Roadway,,Daylight,Clear,0,0,2006.0,0,0,WORTH (321),NOT APPLICABLE
2016,10639,Georgia,0,2,2,July,26,Tuesday,8,SR-33,State Highway,Rural,Minor Arterial,State Highway Agency,204.0,31.62326944,-83.8244,Motor Vehicle In-Transport,Angle,Four-Way Intersection,On Roadway,,Daylight,Clear,0,0,2006.0,1,0,WORTH (321),NOT APPLICABLE
2016,10640,Georgia,1,1,1,July,27,Wednesday,4,SR-120,State Highway,Urban,Principal Arterial - Other,State Highway Agency,2.0,34.00915556,-84.38303056,Pedestrian,Not a Collision with Motor Vehicle In-Transport,Not an Intersection,On Roadway,,Dark - Not Lighted,Clear,0,0,1985.0,1,1,FULTON (121),ROSWELL
2016,10641,Georgia,0,2,2,July,27,Wednesday,6,SR-77,State Highway,Rural,Major Collector,State Highway Agency,6.0,34.41159444,-83.036675,Motor Vehicle In-Transport,Front-to-Front,Not an Intersection,On Roadway,,Dawn,Clear,0,0,2000.0,1,1,HART (147),Other
2016,10642,Georgia,0,2,2,July,27,Wednesday,7,SR-96,State Highway,Rural,Principal Arterial - Other,State Highway Agency,56.0,32.54183333,-83.510725,Motor Vehicle In-Transport,Front-to-Front,Not an Intersection,On Roadway,,Daylight,Cloudy,0,0,2005.0,1,1,TWIGGS (289),NOT APPLICABLE
2016,10642,Georgia,0,2,2,July,27,Wednesday,7,SR-96,State Highway,Rural,Principal Arterial - Other,State Highway Agency,56.0,32.54183333,-83.510725,Motor Vehicle In-Transport,Front-to-Front,Not an Intersection,On Roadway,,Daylight,Cloudy,0,0,2003.0,0,0,TWIGGS (289),NOT APPLICABLE
2016,10643,Georgia,0,2,3,July,28,Thursday,15,SR-121,State Highway,Rural,Minor Arterial,State Highway Agency,169.0,32.51889444,-82.04752222,Motor Vehicle In-Transport,Angle,Not an Intersection,On Roadway,,Daylight,Clear,0,0,2014.0,0,1,CANDLER (43),NOT APPLICABLE
2016,10644,Georgia,0,2,3,July,28,Thursday,15,SR-155,State Highway,Urban,Principal Arterial - Other,State Highway Agency,5.0,33.64585,-84.18820278,Motor Vehicle In-Transport,Angle,T-Intersection,On Roadway,,Daylight,Cloudy,0,0,2013.0,1,0,HENRY (151),NOT APPLICABLE
2016,10645,Georgia,0,2,2,July,28,Thursday,7,CR-WHITE WATER ROAD,County Road,Urban,Local,County Highway Agency,44.0,30.69576944,-83.26887778,Motor Vehicle In-Transport,Front-to-Front,Not an Intersection,On Roadway,,Daylight,Clear,0,0,2010.0,1,0,LOWNDES (185),NOT APPLICABLE
2016,10646,Georgia,0,2,3,July,28,Thursday,7,US-SR4,U.S. Highway,Urban,Principal Arterial - Other,State Highway Agency,63.0,33.30906389,-82.19831389,Motor Vehicle In-Transport,Angle,Four-Way Intersection,On Roadway,,Daylight,Clear,0,0,2007.0,1,1,RICHMOND (245),AUGUSTA
2016,10646,Georgia,0,2,3,July,28,Thursday,7,US-SR4,U.S. Highway,Urban,Principal Arterial - Other,State Highway Agency,63.0,33.30906389,-82.19831389,Motor Vehicle In-Transport,Angle,Four-Way Intersection,On Roadway,,Daylight,Clear,0,0,2014.0,0,0,RICHMOND (245),AUGUSTA
2016,10647,Georgia,1,1,4,July,29,Friday,18,MALTBIE STREET,Local Street - Municipality,Urban,Major Collector,City or Municipal Highway Agency,2.0,33.96478333,-84.003475,Pedalcyclist,Not a Collision with Motor Vehicle In-Transport,Not an Intersection,On Roadway,,Daylight,Clear,0,0,1996.0,1,1,GWINNETT (135),LAWRENCEVILLE
2016,10648,Georgia,0,1,1,July,29,Friday,6,I-85,Interstate,Urban,Interstate,State Highway Agency,104.0,32.98104722,-85.04203333,Rollover/Overturn,Not a Collision with Motor Vehicle In-Transport,Not an Intersection,On Roadside,,Dark - Not Lighted,Clear,0,0,2001.0,1,0,TROUP (285),NOT APPLICABLE
2016,10649,Georgia,1,1,2,July,29,Friday,3,CR-CHURCHILL ROAD,County Road,Rural,Minor Collector,County Highway Agency,5.0,32.15400833,-84.5636,Live Animal,Not a Collision with Motor Vehicle In-Transport,Not an Intersection,On Roadway,,Dark - Not Lighted,Clear,0,0,2002.0,1,0,WEBSTER (307),NOT APPLICABLE
2016,10649,Georgia,1,1,2,July,29,Friday,3,CR-CHURCHILL ROAD,County Road,Rural,Minor Collector,County Highway Agency,5.0,32.15400833,-84.5636,Live Animal,Not a Collision with Motor Vehicle In-Transport,Not an Intersection,On Roadway,,Dark - Not Lighted,Clear,0,0,2000.0,0,0,WEBSTER (307),NOT APPLICABLE
2016,10650,Georgia,0,1,1,July,30,Saturday,10,SR-3(ALT),State Highway,Rural,Major Collector,State Highway Agency,86.0,30.90473889,-84.00615556,Ditch,Not a Collision with Motor Vehicle In-Transport,Not an Intersection,On Roadside,,Daylight,Clear,0,0,1993.0,1,0,THOMAS (275),THOMASVILLE
2016,10651,Georgia,0,1,1,July,31,Sunday,11,I-95,Interstate,Urban,Interstate,State Highway Agency,103.0,32.11493611,-81.23836389,Rollover/Overturn,Not a Collision with Motor Vehicle In-Transport,Not an Intersection,On Roadway,,Daylight,Clear,0,0,2003.0,1,0,CHATHAM (51),POOLER
2016,10651,Georgia,0,1,1,July,31,Sunday,11,I-95,Interstate,Urban,Interstate,State Highway Agency,103.0,32.11493611,-81.23836389,Rollover/Overturn,Not a Collision with Motor Vehicle In-Transport,Not an Intersection,On Roadway,,Daylight,Clear,0,0,2007.0,0,0,CHATHAM (51),POOLER
2016,10652,Georgia,0,2,3,July,31,Sunday,21,SR-38,State Highway,Rural,Principal Arterial - Other,State Highway Agency,170.0,31.04637222,-82.72016389,Motor Vehicle In-Transport,Front-to-Front,Not an Intersection,On Roadway,,Dark - Not Lighted,Rain,0,0,2006.0,1,0,CLINCH (65),NOT APPLICABLE
2016,10653,Georgia,0,2,2,July,31,Sunday,16,FLAT SHOALS ROAD,Local Street - Municipality,Urban,Principal Arterial - Other,City or Municipal Highway Agency,37.0,33.58639722,-84.53202778,Motor Vehicle In-Transport,Angle,T-Intersection,On Roadway,,Daylight,Cloudy,0,0,2002.0,1,0,FULTON (121),UNION CITY
2016,10653,Georgia,0,2,2,July,31,Sunday,16,FLAT SHOALS ROAD,Local Street - Municipality,Urban,Principal Arterial - Other,City or Municipal Highway Agency,37.0,33.58639722,-84.53202778,Motor Vehicle In-Transport,Angle,T-Intersection,On Roadway,,Daylight,Cloudy,0,0,2017.0,0,0,FULTON (121),UNION CITY
2016,10653,Georgia,0,2,2,July,31,Sunday,16,FLAT SHOALS ROAD,Local Street - Municipality,Urban,Principal Arterial - Other,City or Municipal Highway Agency,37.0,33.58639722,-84.53202778,Motor Vehicle In-Transport,Angle,T-Intersection,On Roadway,,Daylight,Cloudy,0,0,2008.0,0,0,FULTON (121),UNION CITY
2016,10654,Georgia,0,1,2,July,31,Sunday,8,SR-36,State Highway,Urban,Minor Arterial,State Highway Agency,106.0,33.53132778,-83.85148889,Tree (Standing Only),Not a Collision with Motor Vehicle In-Transport,Not an Intersection,On Roadside,Construction,Daylight,Clear,0,0,2002.0,1,1,NEWTON (217),NOT APPLICABLE
2016,10655,Georgia,0,1,1,July,31,Sunday,12,SR-27,State Highway,Rural,Minor Arterial,State Highway Agency,150.0,32.27315278,-83.42035556,Rollover/Overturn,Not a Collision with Motor Vehicle In-Transport,Not an Intersection,On Roadside,,Daylight,Clear,0,0,1997.0,1,0,PULASKI (235),NOT APPLICABLE
2016,10656,Georgia,0,1,1,July,10,Sunday,1,MCDONOUGH BLVD,Local Street - Municipality,Urban,Minor Arterial,City or Municipal Highway Agency,16.0,33.714025,-84.37374722,Fence,Not a Collision with Motor Vehicle In-Transport,T-Intersection,On Roadside,,Dark - Lighted,Clear,0,0,2007.0,1,1,FULTON (121),ATLANTA
2016,10657,Georgia,0,2,4,August,1,Monday,21,CR-7940 / GLENWOOD RD,County Road,Urban,Minor Arterial,County Highway Agency,13.0,33.73826944,-84.27074444,Motor Vehicle In-Transport,Front-to-Front,T-Intersection,On Roadway,,Dark - Lighted,Clear,0,0,2002.0,2,0,DEKALB (89),NOT APPLICABLE
2016,10658,Georgia,0,1,1,August,1,Monday,23,CR-152 / NOWHERE RD,County Road,Rural,Minor Collector,County Highway Agency,67.0,34.10554167,-83.32730278,Rollover/Overturn,Not a Collision with Motor Vehicle In-Transport,Not an Intersection,On Roadway,,Dark - Not Lighted,Cloudy,0,0,2001.0,1,0,MADISON (195),NOT APPLICABLE
2016,10659,Georgia,0,2,2,August,1,Monday,14,US-19 / SR-515,U.S. Highway,Rural,Principal Arterial - Other,State Highway Agency,88.0,34.87232778,-83.9648,Motor Vehicle In-Transport,Angle,Four-Way Intersection,On Roadway,,Daylight,Clear,0,0,2004.0,1,1,UNION (291),BLAIRSVILLE
2016,10660,Georgia,0,1,2,August,1,Monday,7,US-78 / SR-10,U.S. Highway,Urban,Principal Arterial - Other,State Highway Agency,74.0,33.80738889,-83.79058333,Ditch,Not a Collision with Motor Vehicle In-Transport,Not an Intersection,On Roadside,,Daylight,Clear,0,0,1991.0,1,0,WALTON (297),NOT APPLICABLE
2016,10661,Georgia,0,2,2,August,2,Tuesday,9,SR-211,State Highway,Rural,Minor Arterial,State Highway Agency,184.0,34.04009167,-83.77563611,Motor Vehicle In-Transport,Front-to-Front,Not an Intersection,On Roadway,,Daylight,Clear,0,0,1999.0,1,0,BARROW (13),NOT APPLICABLE
2016,10662,Georgia,0,3,3,August,2,Tuesday,14,SR-400 RAMP,State Highway,Urban,Principal Arterial - Freeways,State Highway Agency,87.0,33.935025,-84.35818333,Traffic Sign Support,Not a Collision with Motor Vehicle In-Transport,Unknown,On Median,,Daylight,Cloudy,0,0,1998.0,0,1,FULTON (121),SANDY SPRINGS
2016,10663,Georgia,0,2,2,August,2,Tuesday,7,US-84 / SR-38,U.S. Highway,Urban,Principal Arterial - Other,State Highway Agency,126.0,30.840525,-83.25226111,Motor Vehicle In-Transport,Angle,T-Intersection,On Roadway,Utility,Daylight,Clear,0,0,2005.0,1,0,LOWNDES (185),VALDOSTA
2016,10664,Georgia,0,2,7,August,2,Tuesday,19,SR-96,State Highway,Rural,Minor Arterial,State Highway Agency,129.0,32.54633056,-83.75641111,Motor Vehicle In-Transport,Angle,Not an Intersection,On Roadway,,Dusk,Rain,0,0,1998.0,1,0,PEACH (225),NOT APPLICABLE
2016,10664,Georgia,0,2,7,August,2,Tuesday,19,SR-96,State Highway,Rural,Minor Arterial,State Highway Agency,129.0,32.54633056,-83.75641111,Motor Vehicle In-Transport,Angle,Not an Intersection,On Roadway,,Dusk,Rain,0,0,2003.0,0,0,PEACH (225),NOT APPLICABLE
2016,10665,Georgia,0,1,1,August,3,Wednesday,15,CR-280 / LAWSON MILL POND RD,County Road,Rural,Major Collector,County Highway Agency,32.0,30.96868056,-83.45148333,Rollover/Overturn,Not a Collision with Motor Vehicle In-Transport,Not an Intersection,On Roadside,,Daylight,Clear,0,0,2009.0,0,0,BROOKS (27),NOT APPLICABLE
2016,10665,Georgia,0,1,1,August,3,Wednesday,15,CR-280 / LAWSON MILL POND RD,County Road,Rural,Major Collector,County Highway Agency,32.0,30.96868056,-83.45148333,Rollover/Overturn,Not a Collision with Motor Vehicle In-Transport,Not an Intersection,On Roadside,,Daylight,Clear,0,0,2005.0,1,0,BROOKS (27),NOT APPLICABLE
2016,10666,Georgia,0,2,1,August,3,Wednesday,8,CR-4714 / FAIRINGTON DR,County Road,Urban,Local,County Highway Agency,3.0,33.69513611,-84.14635278,Parked Motor Vehicle,Not a Collision with Motor Vehicle In-Transport,Not an Intersection,On Roadside,,Daylight,Clear,0,0,2005.0,1,0,DEKALB (89),NOT APPLICABLE