YEAR,ST_CASE,STATENAME,NUM_PEDS,NUM_VEHC,PERSONS,MONTHNAME,DAYNAME,DAY_WEEKNAME,HOUR,ROAD_NAME,ROUTENAME,RUR_URBNAME,FUNC_SYSNAME,RD_OWNERNAME,MILE_MARKER,LATITUDE,LONGITUD,HARM_EVNAME,COLLISION_TYPE,TYP_INTNAME,REL_ROADNAME,WRK_ZONENAME,LGT_CONDNAME,WEATHERNAME,SCH_BUS,HIT_RUN,MOD_YEAR,DEATHS,DR_DRINK,COUNTYNAME,CITYNAME
2016,10849,Georgia,0,1,1,September,14,Wednesday,16,CR-817 / LEE RD,County Road,Urban,Minor Arterial,County Highway Agency,30.0,33.77241389,-84.65324722,Culvert,Not a Collision with Motor Vehicle In-Transport,Not an Intersection,On Roadside,,Daylight,Clear,0,0,2016.0,1,1,DOUGLAS (97),NOT APPLICABLE
2016,10850,Georgia,0,4,5,September,14,Wednesday,11,SR-141,State Highway,Urban,Principal Arterial - Other,State Highway Agency,13.0,34.08448056,-84.16163611,Motor Vehicle In-Transport,Angle,Four-Way Intersection,On Roadway,,Daylight,Clear,0,0,1995.0,1,1,FORSYTH (117),NOT APPLICABLE
2016,10850,Georgia,0,4,5,September,14,Wednesday,11,SR-141,State Highway,Urban,Principal Arterial - Other,State Highway Agency,13.0,34.08448056,-84.16163611,Motor Vehicle In-Transport,Angle,Four-Way Intersection,On Roadway,,Daylight,Clear,0,0,1987.0,1,0,FORSYTH (117),NOT APPLICABLE
2016,10851,Georgia,0,1,2,September,14,Wednesday,2,US-19 / SR-9 / PEACHTREE ST,U.S. Highway,Urban,Minor Arterial,State Highway Agency,10.0,33.79724167,-84.38900556,Curb,Not a Collision with Motor Vehicle In-Transport,Not an Intersection,On Roadside,,Dark - Not Lighted,Clear,0,0,2002.0,1,0,FULTON (121),ATLANTA
2016,10851,Georgia,0,1,2,September,14,Wednesday,2,US-19 / SR-9 / PEACHTREE ST,U.S. Highway,Urban,Minor Arterial,State Highway Agency,10.0,33.79724167,-84.38900556,Curb,Not a Collision with Motor Vehicle In-Transport,Not an Intersection,On Roadside,,Dark - Not Lighted,Clear,0,0,2005.0,0,0,FULTON (121),ATLANTA
2016,10852,Georgia,0,1,1,September,14,Wednesday,16,US-129 / SR-15 ALT,U.S. Highway,Urban,Principal Arterial - Other,State Highway Agency,59.0,34.06050833,-83.508425,Tree (Standing Only),Not a Collision with Motor Vehicle In-Transport,Not an Intersection,On Roadside,,Daylight,Clear,0,0,2013.0,1,1,JACKSON (157),NOT APPLICABLE
2016,10853,Georgia,0,2,2,September,15,Thursday,15,US-29 / SR-72,U.S. Highway,Urban,Principal Arterial - Other,State Highway Agency,2.0,33.99452222,-83.33420556,Motor Vehicle In-Transport,Front-to-Front,T-Intersection,On Roadway,,Daylight,Clear,0,0,1998.0,1,0,CLARKE (59),ATHENS
2016,10854,Georgia,0,2,2,July,29,Friday,8,SR-116,State Highway,Rural,Major Collector,State Highway Agency,125.0,32.79135556,-84.83458333,Motor Vehicle In-Transport,Front-to-Front,Not an Intersection,On Roadway,,Daylight,Clear,0,0,2016.0,1,0,HARRIS (145),NOT APPLICABLE
2016,10854,Georgia,0,2,2,July,29,Friday,8,SR-116,State Highway,Rural,Major Collector,State Highway Agency,125.0,32.79135556,-84.83458333,Motor Vehicle In-Transport,Front-to-Front,Not an Intersection,On Roadway,,Daylight,Clear,0,0,2001.0,0,0,HARRIS (145),NOT APPLICABLE
2016,10855,Georgia,0,2,2,September,15,Thursday,15,I-75,Interstate,Urban,Interstate,State Highway Agency,26.0,33.91157222,-84.47866667,Fell/Jumped from Vehicle,Not a Collision with Motor Vehicle In-Transport,Not an Intersection,On Roadway,Construction,Dark - Not Lighted,Clear,0,0,2002.0,1,0,COBB (67),NOT APPLICABLE
2016,10856,Georgia,0,2,2,September,15,Thursday,6,SR-24,State Highway,Rural,Principal Arterial - Other,State Highway Agency,22.0,33.74236389,-83.43099722,Rollover/Overturn,Not a Collision with Motor Vehicle In-Transport,Not an Intersection,On Roadway,,Dark - Not Lighted,Clear,0,0,1997.0,0,0,OCONEE (219),NOT APPLICABLE
2016,10857,Georgia,0,1,2,September,15,Thursday,19,CR-SMYRNA ROAD,County Road,Urban,Minor Arterial,County Highway Agency,21.0,33.64495,-84.05288333,Fence,Not a Collision with Motor Vehicle In-Transport,Not an Intersection,Outside Trafficway,,Daylight,Clear,0,0,2008.0,5,0,ROCKDALE (247),NOT APPLICABLE
2016,10858,Georgia,0,2,5,September,16,Friday,23,SR-20,State Highway,Rural,Principal Arterial - Other,State Highway Agency,71.0,34.22110833,-84.91235833,Motor Vehicle In-Transport,Front-to-Rear,Not an Intersection,On Roadway,,Dark - Not Lighted,Clear,0,0,2011.0,1,0,BARTOW (15),CARTERSVILLE
2016,10859,Georgia,1,1,1,September,16,Friday,2,SR-3,State Highway,Urban,Principal Arterial - Other,State Highway Agency,75.0,33.52976667,-84.363275,Pedestrian,Not a Collision with Motor Vehicle In-Transport,Not an Intersection,On Roadway,,Dark - Not Lighted,Clear,0,0,2014.0,0,0,CLAYTON (63),JONESBORO
2016,10859,Georgia,1,1,1,September,16,Friday,2,SR-3,State Highway,Urban,Principal Arterial - Other,State Highway Agency,75.0,33.52976667,-84.363275,Pedestrian,Not a Collision with Motor Vehicle In-Transport,Not an Intersection,On Roadway,,Dark - Not Lighted,Clear,0,0,1997.0,1,0,CLAYTON (63),JONESBORO
2016,10860,Georgia,0,1,2,September,16,Friday,5,SR-12,State Highway,Urban,Principal Arterial - Other,State Highway Agency,117.0,33.70123889,-84.08531944,Tree (Standing Only),Not a Collision with Motor Vehicle In-Transport,Not an Intersection,On Roadside,,Dark - Not Lighted,Clear,0,0,2013.0,1,0,DEKALB (89),NOT APPLICABLE
2016,10860,Georgia,0,1,2,September,16,Friday,5,SR-12,State Highway,Urban,Principal Arterial - Other,State Highway Agency,117.0,33.70123889,-84.08531944,Tree (Standing Only),Not a Collision with Motor Vehicle In-Transport,Not an Intersection,On Roadside,,Dark - Not Lighted,Clear,0,0,2014.0,0,0,DEKALB (89),NOT APPLICABLE
2016,10860,Georgia,0,1,2,September,16,Friday,5,SR-12,State Highway,Urban,Principal Arterial - Other,State Highway Agency,117.0,33.70123889,-84.08531944,Tree (Standing Only),Not a Collision with Motor Vehicle In-Transport,Not an Intersection,On Roadside,,Dark - Not Lighted,Clear,0,0,2004.0,0,0,DEKALB (89),NOT APPLICABLE
2016,10861,Georgia,4,1,1,September,16,Friday,7,NORTH MOCK ROAD,Local Street - Municipality,Urban,Minor Arterial,City or Municipal Highway Agency,2.0,31.57591111,-84.09470833,Pedestrian,Not a Collision with Motor Vehicle In-Transport,Four-Way Intersection,On Roadway,,Daylight,Clear,0,0,2002.0,1,0,DOUGHERTY (95),ALBANY
2016,10862,Georgia,0,1,1,September,16,Friday,16,SAND HIL ROAD,Local Street - Municipality,Rural,Local,City or Municipal Highway Agency,15.0,33.23978611,-82.714625,Embankment,Not a Collision with Motor Vehicle In-Transport,Not an Intersection,On Roadside,,Daylight,Clear,0,0,2008.0,1,0,GLASCOCK (125),MITCHELL
2016,10862,Georgia,0,1,1,September,16,Friday,16,SAND HIL ROAD,Local Street - Municipality,Rural,Local,City or Municipal Highway Agency,15.0,33.23978611,-82.714625,Embankment,Not a Collision with Motor Vehicle In-Transport,Not an Intersection,On Roadside,,Daylight,Clear,0,0,2009.0,0,0,GLASCOCK (125),MITCHELL
2016,10863,Georgia,0,1,1,September,16,Friday,6,HADLEY FERRY ROAD,Local Street - Municipality,Urban,Major Collector,City or Municipal Highway Agency,17.0,30.81714444,-84.21474722,Tree (Standing Only),Not a Collision with Motor Vehicle In-Transport,Not an Intersection,On Roadside,,Dark - Not Lighted,Clear,0,0,2013.0,1,1,GRADY (131),CAIRO
2016,10864,Georgia,0,1,1,September,16,Friday,11,SHADYBROOK COURT,Local Street - Municipality,Urban,Local,City or Municipal Highway Agency,2.0,34.01826389,-83.98267778,Tree (Standing Only),Not a Collision with Motor Vehicle In-Transport,T-Intersection,On Roadside,,Daylight,Clear,0,0,2008.0,0,0,GWINNETT (135),LAWRENCEVILLE
2016,10864,Georgia,0,1,1,September,16,Friday,11,SHADYBROOK COURT,Local Street - Municipality,Urban,Local,City or Municipal Highway Agency,2.0,34.01826389,-83.98267778,Tree (Standing Only),Not a Collision with Motor Vehicle In-Transport,T-Intersection,On Roadside,,Daylight,Clear,0,0,2000.0,1,0,GWINNETT (135),LAWRENCEVILLE
2016,10864,Georgia,0,1,1,September,16,Friday,11,SHADYBROOK COURT,Local Street - Municipality,Urban,Local,City or Municipal Highway Agency,2.0,34.01826389,-83.98267778,Tree (Standing Only),Not a Collision with Motor Vehicle In-Transport,T-Intersection,On Roadside,,Daylight,Clear,0,0,2015.0,0,0,GWINNETT (135),LAWRENCEVILLE
2016,10865,Georgia,0,1,4,September,16,Friday,16,CR-TRICE ROAD,County Road,Rural,Local,County Highway Agency,8.0,32.28918056,-84.36693611,Embankment,Not a Collision with Motor Vehicle In-Transport,Not an Intersection,On Roadside,,Daylight,Clear,0,0,2006.0,0,0,SCHLEY (249),NOT APPLICABLE
2016,10866,Georgia,0,2,4,September,16,Friday,19,NORTH TENNILE AVENUE,Local Street - Municipality,Rural,Minor Arterial,City or Municipal Highway Agency,44.0,31.04523611,-84.879075,Motor Vehicle In-Transport,Front-to-Front,Not an Intersection,On Roadway,,Daylight,Clear,0,0,1993.0,0,0,SEMINOLE (253),DONALSONVILLE
2016,10866,Georgia,0,2,4,September,16,Friday,19,NORTH TENNILE AVENUE,Local Street - Municipality,Rural,Minor Arterial,City or Municipal Highway Agency,44.0,31.04523611,-84.879075,Motor Vehicle In-Transport,Front-to-Front,Not an Intersection,On Roadway,,Daylight,Clear,0,0,2003.0,1,0,SEMINOLE (253),DONALSONVILLE
2016,10867,Georgia,0,1,5,September,16,Friday,6,SR-12,State Highway,Rural,Minor Arterial,State Highway Agency,170.0,33.42141111,-82.61703889,Utility Pole/Light Support,Not a Collision with Motor Vehicle In-Transport,Not an Intersection,On Roadside,,Daylight,Clear,0,0,1992.0,1,0,WARREN (301),NOT APPLICABLE
2016,10867,Georgia,0,1,5,September,16,Friday,6,SR-12,State Highway,Rural,Minor Arterial,State Highway Agency,170.0,33.42141111,-82.61703889,Utility Pole/Light Support,Not a Collision with Motor Vehicle In-Transport,Not an Intersection,On Roadside,,Daylight,Clear,0,0,2001.0,0,0,WARREN (301),NOT APPLICABLE
2016,10868,Georgia,0,1,1,September,17,Saturday,22,SR-20,State Highway,Rural,Principal Arterial - Other,State Highway Agency,65.0,34.22085556,-84.91365833,Tree (Standing Only),Not a Collision with Motor Vehicle In-Transport,Not an Intersection,On Roadside,,Dark - Not Lighted,Clear,0,0,1991.0,1,0,BARTOW (15),KINGSTON
2016,10869,Georgia,0,1,4,September,17,Saturday,17,BOOGER HOLLOW ROAD,Local Street - Municipality,Rural,Local,City or Municipal Highway Agency,43.0,34.13885833,-85.22736944,Utility Pole/Light Support,Not a Collision with Motor Vehicle In-Transport,Not an Intersection,On Roadside,,Daylight,Clear,0,0,2014.0,1,0,FLOYD (115),ROME
2016,10870,Georgia,1,1,1,September,17,Saturday,4,I-75(RAMP),Interstate,Urban,Interstate,State Highway Agency,98.0,33.77786389,-84.3907,Pedestrian,Not a Collision with Motor Vehicle In-Transport,Not an Intersection,On Roadway,,Dark - Lighted,Clear,0,0,2008.0,1,0,FULTON (121),ATLANTA
2016,10870,Georgia,1,1,1,September,17,Saturday,4,I-75(RAMP),Interstate,Urban,Interstate,State Highway Agency,98.0,33.77786389,-84.3907,Pedestrian,Not a Collision with Motor Vehicle In-Transport,Not an Intersection,On Roadway,,Dark - Lighted,Clear,0,0,2017.0,0,0,FULTON (121),ATLANTA
2016,10871,Georgia,0,2,2,September,17,Saturday,10,JOHNSON ROAD,Local Street - Municipality,Urban,Minor Collector,City or Municipal Highway Agency,7.0,33.92958056,-84.01339167,Motor Vehicle In-Transport,Angle,T-Intersection,On Roadway,,Daylight,Clear,0,0,2008.0,0,0,GWINNETT (135),LAWRENCEVILLE
2016,10871,Georgia,0,2,2,September,17,Saturday,10,JOHNSON ROAD,Local Street - Municipality,Urban,Minor Collector,City or Municipal Highway Agency,7.0,33.92958056,-84.01339167,Motor Vehicle In-Transport,Angle,T-Intersection,On Roadway,,Daylight,Clear,0,0,2001.0,1,0,GWINNETT (135),LAWRENCEVILLE
2016,10872,Georgia,0,1,3,September,17,Saturday,21,CR-173,County Road,Rural,Local,County Highway Agency,28.0,32.51750278,-84.16675,Embankment,Not a Collision with Motor Vehicle In-Transport,T-Intersection,On Roadside,,Dark - Not Lighted,Clear,0,0,2004.0,1,0,TAYLOR (269),BUTLER
2016,10872,Georgia,0,1,3,September,17,Saturday,21,CR-173,County Road,Rural,Local,County Highway Agency,28.0,32.51750278,-84.16675,Embankment,Not a Collision with Motor Vehicle In-Transport,T-Intersection,On Roadside,,Dark - Not Lighted,Clear,0,0,1997.0,0,0,TAYLOR (269),BUTLER
2016,10873,Georgia,0,1,1,September,18,Sunday,19,SR-5,State Highway,Rural,Minor Collector,State Highway Agency,157.0,33.46266944,-85.01017778,Tree (Standing Only),Not a Collision with Motor Vehicle In-Transport,Not an Intersection,On Roadside,,Daylight,Rain,0,0,1994.0,1,1,CARROLL (45),CARROLLTON
2016,10873,Georgia,0,1,1,September,18,Sunday,19,SR-5,State Highway,Rural,Minor Collector,State Highway Agency,157.0,33.46266944,-85.01017778,Tree (Standing Only),Not a Collision with Motor Vehicle In-Transport,Not an Intersection,On Roadside,,Daylight,Rain,0,0,2010.0,0,0,CARROLL (45),CARROLLTON
2016,10874,Georgia,0,2,5,September,18,Sunday,16,SR-280,State Highway,Urban,Principal Arterial - Other,State Highway Agency,9.0,33.91260278,-84.54633611,Motor Vehicle In-Transport,Angle,Not an Intersection,On Roadway,,Daylight,Rain,0,0,1997.0,1,0,COBB (67),NOT APPLICABLE
2016,10875,Georgia,0,2,5,September,18,Sunday,15,SR-156,State Highway,Urban,Major Collector,State Highway Agency,167.0,34.52759722,-84.86657778,Motor Vehicle In-Transport,Angle,Not an Intersection,On Roadway,,Daylight,Rain,0,0,2009.0,1,0,GORDON (129),CALHOUN
2016,10876,Georgia,0,1,1,September,18,Sunday,8,ROBERT WEBB ROAD,Local Street - Municipality,Rural,Local,City or Municipal Highway Agency,16.0,32.52251944,-82.77105556,Other Fixed Object,Not a Collision with Motor Vehicle In-Transport,Not an Intersection,On Roadside,,Daylight,Cloudy,0,0,2007.0,1,0,LAURENS (175),EAST DUBLIN
2016,10876,Georgia,0,1,1,September,18,Sunday,8,ROBERT WEBB ROAD,Local Street - Municipality,Rural,Local,City or Municipal Highway Agency,16.0,32.52251944,-82.77105556,Other Fixed Object,Not a Collision with Motor Vehicle In-Transport,Not an Intersection,On Roadside,,Daylight,Cloudy,0,0,2006.0,0,0,LAURENS (175),EAST DUBLIN
2016,10877,Georgia,1,1,1,September,18,Sunday,1,SR-3,State Highway,Urban,Principal Arterial - Other,State Highway Agency,5.0,31.63059444,-84.17690556,Pedestrian,Not a Collision with Motor Vehicle In-Transport,Not an Intersection,On Roadway,,Dark - Not Lighted,Cloudy,0,0,2016.0,0,0,LEE (177),LEESBURG
2016,10878,Georgia,0,2,2,September,18,Sunday,4,SR-96,State Highway,Rural,Major Collector,State Highway Agency,29.0,32.69615,-83.25816389,Motor Vehicle In-Transport,Front-to-Rear,Not an Intersection,On Roadway,,Dark - Not Lighted,Clear,0,0,2015.0,0,0,WILKINSON (319),NOT APPLICABLE
2016,10878,Georgia,0,2,2,September,18,Sunday,4,SR-96,State Highway,Rural,Major Collector,State Highway Agency,29.0,32.69615,-83.25816389,Motor Vehicle In-Transport,Front-to-Rear,Not an Intersection,On Roadway,,Dark - Not Lighted,Clear,0,0,1999.0,2,0,WILKINSON (319),NOT APPLICABLE
2016,10878,Georgia,0,2,2,September,18,Sunday,4,SR-96,State Highway,Rural,Major Collector,State Highway Agency,29.0,32.69615,-83.25816389,Motor Vehicle In-Transport,Front-to-Rear,Not an Intersection,On Roadway,,Dark - Not Lighted,Clear,0,0,2014.0,0,0,WILKINSON (319),NOT APPLICABLE
2016,10878,Georgia,0,2,2,September,18,Sunday,4,SR-96,State Highway,Rural,Major Collector,State Highway Agency,29.0,32.69615,-83.25816389,Motor Vehicle In-Transport,Front-to-Rear,Not an Intersection,On Roadway,,Dark - Not Lighted,Clear,0,0,1997.0,0,0,WILKINSON (319),NOT APPLICABLE
2016,10878,Georgia,0,2,2,September,18,Sunday,4,SR-96,State Highway,Rural,Major Collector,State Highway Agency,29.0,32.69615,-83.25816389,Motor Vehicle In-Transport,Front-to-Rear,Not an Intersection,On Roadway,,Dark - Not Lighted,Clear,0,0,2006.0,0,0,WILKINSON (319),NOT APPLICABLE
2016,10879,Georgia,1,1,1,September,19,Monday,24,CANDLER ROAD,Local Street - Municipality,Urban,Minor Arterial,City or Municipal Highway Agency,82.0,33.71140833,-84.27162222,Pedestrian,Not a Collision with Motor Vehicle In-Transport,T-Intersection,On Roadway,,Dark - Not Lighted,Clear,0,0,2006.0,1,0,DEKALB (89),DECATUR
2016,10880,Georgia,0,2,2,September,19,Monday,11,SR-21,State Highway,Rural,Principal Arterial - Other,State Highway Agency,57.0,32.31327778,-81.24566111,Motor Vehicle In-Transport,Angle,Not an Intersection,On Roadway,,Daylight,Cloudy,0,0,2013.0,1,1,EFFINGHAM (103),NOT APPLICABLE
2016,10881,Georgia,0,2,2,September,19,Monday,13,SR-1,State Highway,Rural,Principal Arterial - Other,State Highway Agency,145.0,33.35795833,-85.10658333,Motor Vehicle In-Transport,Angle,T-Intersection,On Roadway,,Daylight,Clear,0,0,1997.0,1,0,HEARD (149),FRANKLIN
2016,10882,Georgia,0,2,6,September,19,Monday,14,SR-162,State Highway,Urban,Minor Arterial,State Highway Agency,94.0,33.53393333,-83.91803611,Motor Vehicle In-Transport,Angle,Not an Intersection,On Roadway,,Daylight,Clear,1,0,2006.0,1,1,NEWTON (217),NOT APPLICABLE
2016,10883,Georgia,0,2,3,September,19,Monday,20,I-75,Interstate,Urban,Interstate,State Highway Agency,81.0,34.72181667,-85.00685556,Guardrail Face,Not a Collision with Motor Vehicle In-Transport,Not an Intersection,On Median,,Dark - Not Lighted,Clear,0,0,2006.0,0,1,WHITFIELD (313),NOT APPLICABLE
2016,10884,Georgia,1,1,1,September,20,Tuesday,20,NELLIE B AVENUE,Local Street - Municipality,Urban,Minor Collector,City or Municipal Highway Agency,2.0,33.95561389,-83.34760833,Pedalcyclist,Not a Collision with Motor Vehicle In-Transport,Four-Way Intersection,On Roadway,,Dark - Not Lighted,Clear,0,0,2017.0,1,0,CLARKE (59),ATHENS
2016,10884,Georgia,1,1,1,September,20,Tuesday,20,NELLIE B AVENUE,Local Street - Municipality,Urban,Minor Collector,City or Municipal Highway Agency,2.0,33.95561389,-83.34760833,Pedalcyclist,Not a Collision with Motor Vehicle In-Transport,Four-Way Intersection,On Roadway,,Dark - Not Lighted,Clear,0,0,2009.0,0,0,CLARKE (59),ATHENS
2016,10885,Georgia,0,2,2,September,20,Tuesday,12,SR-138,State Highway,Urban,Principal Arterial - Other,State Highway Agency,58.0,33.55547222,-84.50167222,Motor Vehicle In-Transport,Angle,T-Intersection,On Roadway,Construction,Daylight,Clear,0,0,2013.0,1,0,FULTON (121),NOT APPLICABLE
2016,10885,Georgia,0,2,2,September,20,Tuesday,12,SR-138,State Highway,Urban,Principal Arterial - Other,State Highway Agency,58.0,33.55547222,-84.50167222,Motor Vehicle In-Transport,Angle,T-Intersection,On Roadway,Construction,Daylight,Clear,0,0,2000.0,0,0,FULTON (121),NOT APPLICABLE
2016,10886,Georgia,1,1,1,September,20,Tuesday,6,MORELAND AVENUE,Local Street - Municipality,Urban,Principal Arterial - Other,City or Municipal Highway Agency,30.0,33.73292778,-84.34932778,Pedestrian,Not a Collision with Motor Vehicle In-Transport,T-Intersection,On Roadway,,Dark - Lighted,Clear,0,0,2015.0,1,0,FULTON (121),ATLANTA
2016,10887,Georgia,1,1,3,September,20,Tuesday,6,I-985,Interstate,Urban,Principal Arterial - Freeways,State Highway Agency,167.0,34.27871944,-83.81088889,Pedestrian,Not a Collision with Motor Vehicle In-Transport,Not an Intersection,On Roadway,,Dark - Not Lighted,Clear,0,0,2006.0,1,1,HALL (139),GAINESVILLE
2016,10888,Georgia,0,1,2,September,20,Tuesday,2,SR-101,State Highway,Rural,Minor Arterial,State Highway Agency,32.0,33.893275,-85.00235278,Rollover/Overturn,Not a Collision with Motor Vehicle In-Transport,Not an Intersection,On Roadway,,Dark - Not Lighted,Clear,0,0,2002.0,0,0,PAULDING (223),Other
2016,10888,Georgia,0,1,2,September,20,Tuesday,2,SR-101,State Highway,Rural,Minor Arterial,State Highway Agency,32.0,33.893275,-85.00235278,Rollover/Overturn,Not a Collision with Motor Vehicle In-Transport,Not an Intersection,On Roadway,,Dark - Not Lighted,Clear,0,0,2016.0,1,0,PAULDING (223),Other
2016,10889,Georgia,0,2,2,September,21,Wednesday,17,WAYSIDE ROAD,Local Street - Municipality,Rural,Minor Collector,City or Municipal Highway Agency,27.0,34.33461944,-84.99589444,Motor Vehicle In-Transport,Front-to-Front,Not an Intersection,On Roadway,,Daylight,Clear,0,0,2006.0,0,0,BARTOW (15),ADAIRSVILLE
2016,10890,Georgia,0,1,1,September,21,Wednesday,11,CR-NEW MCEVER ROAD,County Road,Urban,Minor Collector,County Highway Agency,1.0,34.05979722,-84.63718333,Railway Vehicle,Not a Collision with Motor Vehicle In-Transport,Not an Intersection,On Roadway,Construction,Daylight,Clear,0,0,2010.0,1,0,COBB (67),NOT APPLICABLE
2016,10890,Georgia,0,1,1,September,21,Wednesday,11,CR-NEW MCEVER ROAD,County Road,Urban,Minor Collector,County Highway Agency,1.0,34.05979722,-84.63718333,Railway Vehicle,Not a Collision with Motor Vehicle In-Transport,Not an Intersection,On Roadway,Construction,Daylight,Clear,0,0,2006.0,0,0,COBB (67),NOT APPLICABLE
2016,10890,Georgia,0,1,1,September,21,Wednesday,11,CR-NEW MCEVER ROAD,County Road,Urban,Minor Collector,County Highway Agency,1.0,34.05979722,-84.63718333,Railway Vehicle,Not a Collision with Motor Vehicle In-Transport,Not an Intersection,On Roadway,Construction,Daylight,Clear,0,0,2013.0,0,0,COBB (67),NOT APPLICABLE
2016,10891,Georgia,0,1,3,September,21,Wednesday,2,I-285,Interstate,Urban,Interstate,State Highway Agency,71.0,33.72046667,-84.50249167,Tree (Standing Only),Not a Collision with Motor Vehicle In-Transport,Not an Intersection,On Roadside,Construction,Dark - Not Lighted,Clear,0,0,2009.0,1,0,FULTON (121),NOT APPLICABLE
2016,10892,Georgia,0,1,1,September,21,Wednesday,15,I-185,Interstate,Urban,Interstate,State Highway Agency,117.0,33.019075,-84.952125,Rollover/Overturn,Not a Collision with Motor Vehicle In-Transport,Not an Intersection,On Roadway,,Daylight,Clear,0,0,2006.0,1,0,TROUP (285),NOT APPLICABLE
2016,10893,Georgia,1,1,1,September,22,Thursday,6,CR-WILLIS ROAD,County Road,Urban,Local,County Highway Agency,2.0,33.35988333,-84.65775278,Pedestrian,Not a Collision with Motor Vehicle In-Transport,Not an Intersection,On Roadway,,Dark - Not Lighted,Clear,0,0,2004.0,1,0,COWETA (77),NOT APPLICABLE
2016,10893,Georgia,1,1,1,September,22,Thursday,6,CR-WILLIS ROAD,County Road,Urban,Local,County Highway Agency,2.0,33.35988333,-84.65775278,Pedestrian,Not a Collision with Motor Vehicle In-Transport,Not an Intersection,On Roadway,,Dark - Not Lighted,Clear,0,0,2014.0,0,0,COWETA (77),NOT APPLICABLE
2016,10894,Georgia,1,1,1,September,22,Thursday,20,CLEVELAND AVENUE,Local Street - Municipality,Urban,Minor Arterial,City or Municipal Highway Agency,23.0,33.68119167,-84.40281111,Pedestrian,Not a Collision with Motor Vehicle In-Transport,T-Intersection,On Roadway,,Dark - Lighted,Clear,0,0,2016.0,3,1,FULTON (121),ATLANTA
2016,10895,Georgia,0,2,3,September,22,Thursday,17,CAT CREEK ROAD,Local Street - Municipality,Urban,Minor Collector,City or Municipal Highway Agency,37.0,30.98665278,-83.24291389,Motor Vehicle In-Transport,Front-to-Front,Not an Intersection,On Roadway,,Daylight,Clear,0,0,1993.0,2,0,LOWNDES (185),Other
2016,10896,Georgia,1,1,1,September,22,Thursday,8,CR-STAPLETON DRIVE,County Road,Rural,Local,County Highway Agency,10.0,30.79129444,-84.84668611,Pedestrian,Not a Collision with Motor Vehicle In-Transport,Not an Intersection,On Roadway,,Dawn,Clear,0,0,2006.0,1,0,SEMINOLE (253),NOT APPLICABLE
2016,10897,Georgia,0,1,1,September,23,Friday,5,SR-243,State Highway,Rural,Major Collector,State Highway Agency,23.0,32.98279722,-83.27382222,Embankment,Not a Collision with Motor Vehicle In-Transport,Not an Intersection,On Roadside,,Dark - Not Lighted,Clear,0,0,2006.0,0,0,BALDWIN (9),Other
2016,10897,Georgia,0,1,1,September,23,Friday,5,SR-243,State Highway,Rural,Major Collector,State Highway Agency,23.0,32.98279722,-83.27382222,Embankment,Not a Collision with Motor Vehicle In-Transport,Not an Intersection,On Roadside,,Dark - Not Lighted,Clear,0,0,2008.0,0,0,BALDWIN (9),Other
2016,10898,Georgia,0,2,2,September,23,Friday,12,SR-33,State Highway,Rural,Principal Arterial - Other,State Highway Agency,191.0,31.29678333,-83.82025556,Motor Vehicle In-Transport,Front-to-Front,Not an Intersection,On Roadway,,Daylight,Clear,0,0,2016.0,0,0,COLQUITT (71),NOT APPLICABLE
2016,10898,Georgia,0,2,2,September,23,Friday,12,SR-33,State Highway,Rural,Principal Arterial - Other,State Highway Agency,191.0,31.29678333,-83.82025556,Motor Vehicle In-Transport,Front-to-Front,Not an Intersection,On Roadway,,Daylight,Clear,0,0,2014.0,4,0,COLQUITT (71),NOT APPLICABLE
2016,10899,Georgia,0,1,1,September,23,Friday,14,CORINTH POSEYVILLE ROAD,Local Street - Municipality,Rural,Local,City or Municipal Highway Agency,10.0,33.76914722,-85.14673056,Tree (Standing Only),Not a Collision with Motor Vehicle In-Transport,Not an Intersection,On Roadside,,Daylight,Clear,0,0,2015.0,1,0,HARALSON (143),BREMEN
2016,10900,Georgia,0,2,2,September,23,Friday,3,I-85,Interstate,Urban,Interstate,State Highway Agency,97.0,34.200675,-83.565125,Motor Vehicle In-Transport,Front-to-Front,Not an Intersection,On Roadway,,Dark - Not Lighted,Clear,0,0,2001.0,1,0,JACKSON (157),NOT APPLICABLE
2016,10901,Georgia,0,1,2,September,23,Friday,20,CR-OLD CHIPLEY ROAD,County Road,Rural,Local,County Highway Agency,26.0,32.89655278,-84.87617222,Mail Box,Not a Collision with Motor Vehicle In-Transport,Not an Intersection,On Roadside,,Dark - Not Lighted,Clear,0,0,2013.0,2,1,TROUP (285),NOT APPLICABLE