YEAR,ST_CASE,STATENAME,NUM_PEDS,NUM_VEHC,PERSONS,MONTHNAME,DAYNAME,DAY_WEEKNAME,HOUR,ROAD_NAME,ROUTENAME,RUR_URBNAME,FUNC_SYSNAME,RD_OWNERNAME,MILE_MARKER,LATITUDE,LONGITUD,HARM_EVNAME,COLLISION_TYPE,TYP_INTNAME,REL_ROADNAME,WRK_ZONENAME,LGT_CONDNAME,WEATHERNAME,SCH_BUS,HIT_RUN,MOD_YEAR,DEATHS,DR_DRINK,COUNTYNAME,CITYNAME
2016,10953,Georgia,0,3,6,October,5,Wednesday,12,US-29 / SR-14,U.S. Highway,Rural,Minor Arterial,State Highway Agency,226.0,33.07701111,-84.9488,Motor Vehicle In-Transport,Front-to-Front,Not an Intersection,On Roadway,,Daylight,Clear,0,0,2016.0,0,0,TROUP (285),NOT APPLICABLE
2016,10953,Georgia,0,3,6,October,5,Wednesday,12,US-29 / SR-14,U.S. Highway,Rural,Minor Arterial,State Highway Agency,226.0,33.07701111,-84.9488,Motor Vehicle In-Transport,Front-to-Front,Not an Intersection,On Roadway,,Daylight,Clear,0,0,2001.0,1,0,TROUP (285),NOT APPLICABLE
2016,10954,Georgia,0,1,1,October,6,Thursday,16,CR-171 / BROOKS RD,County Road,Rural,Minor Collector,County Highway Agency,16.0,33.26576389,-84.466525,Culvert,Not a Collision with Motor Vehicle In-Transport,Not an Intersection,On Roadside,Maintenance,Daylight,Clear,0,0,2007.0,0,0,FAYETTE (113),NOT APPLICABLE
2016,10955,Georgia,0,2,4,October,7,Friday,20,CR-740 / FULTON MILL RD,County Road,Urban,Minor Collector,County Highway Agency,67.0,32.77284167,-83.75618889,Motor Vehicle In-Transport,Front-to-Front,Not an Intersection,On Roadway,,Dark - Lighted,Cloudy,0,0,2008.0,1,1,BIBB (21),MACON
2016,10956,Georgia,0,2,6,October,7,Friday,24,SR-87,State Highway,Rural,Minor Arterial,State Highway Agency,107.0,32.44557222,-83.37908333,Motor Vehicle In-Transport,Angle,Four-Way Intersection,On Roadway,,Dark - Not Lighted,Clear,0,0,1997.0,1,0,BLECKLEY (23),NOT APPLICABLE
2016,10956,Georgia,0,2,6,October,7,Friday,24,SR-87,State Highway,Rural,Minor Arterial,State Highway Agency,107.0,32.44557222,-83.37908333,Motor Vehicle In-Transport,Angle,Four-Way Intersection,On Roadway,,Dark - Not Lighted,Clear,0,0,2002.0,0,0,BLECKLEY (23),NOT APPLICABLE
2016,10957,Georgia,1,1,4,October,7,Friday,22,CR-144 / BERT RD,County Road,Urban,Local,County Highway Agency,2.0,34.31213611,-85.10065833,Pedestrian,Not a Collision with Motor Vehicle In-Transport,Not an Intersection,On Roadway,,Dark - Not Lighted,Clear,0,0,2000.0,1,0,FLOYD (115),NOT APPLICABLE
2016,10957,Georgia,1,1,4,October,7,Friday,22,CR-144 / BERT RD,County Road,Urban,Local,County Highway Agency,2.0,34.31213611,-85.10065833,Pedestrian,Not a Collision with Motor Vehicle In-Transport,Not an Intersection,On Roadway,,Dark - Not Lighted,Clear,0,0,1998.0,0,0,FLOYD (115),NOT APPLICABLE
2016,10958,Georgia,0,1,1,October,8,Saturday,7,CR-429 / BURKHALTER RD,County Road,Urban,Minor Collector,County Highway Agency,21.0,32.43236389,-81.6804,Thrown or Falling Object,Not a Collision with Motor Vehicle In-Transport,Not an Intersection,On Roadway,,Dark - Not Lighted,Rain,0,0,2002.0,1,0,BULLOCH (31),NOT APPLICABLE
2016,10958,Georgia,0,1,1,October,8,Saturday,7,CR-429 / BURKHALTER RD,County Road,Urban,Minor Collector,County Highway Agency,21.0,32.43236389,-81.6804,Thrown or Falling Object,Not a Collision with Motor Vehicle In-Transport,Not an Intersection,On Roadway,,Dark - Not Lighted,Rain,0,0,2006.0,0,0,BULLOCH (31),NOT APPLICABLE
2016,10959,Georgia,2,1,1,October,8,Saturday,9,CR-39 / HOOD AVE,County Road,Urban,Minor Collector,County Highway Agency,18.0,33.45686389,-84.465875,Pedestrian,Not a Collision with Motor Vehicle In-Transport,Not an Intersection,On Roadside,,Daylight,Clear,0,0,2013.0,1,0,FAYETTE (113),FAYETTEVILLE
2016,10960,Georgia,0,1,2,October,8,Saturday,15,I-20,Interstate,Rural,Interstate,State Highway Agency,115.0,33.54493611,-83.07413333,Rollover/Overturn,Not a Collision with Motor Vehicle In-Transport,Not an Intersection,On Roadway,,Daylight,Clear,0,0,2002.0,1,0,GREENE (133),NOT APPLICABLE
2016,10960,Georgia,0,1,2,October,8,Saturday,15,I-20,Interstate,Rural,Interstate,State Highway Agency,115.0,33.54493611,-83.07413333,Rollover/Overturn,Not a Collision with Motor Vehicle In-Transport,Not an Intersection,On Roadway,,Daylight,Clear,0,0,2007.0,0,0,GREENE (133),NOT APPLICABLE
2016,10961,Georgia,0,1,1,October,8,Saturday,9,SR-15,State Highway,Urban,Minor Collector,State Highway Agency,92.0,33.83641667,-83.38287222,Culvert,Not a Collision with Motor Vehicle In-Transport,Not an Intersection,On Roadside,,Daylight,Clear,0,0,2007.0,1,0,OCONEE (219),NOT APPLICABLE
2016,10961,Georgia,0,1,1,October,8,Saturday,9,SR-15,State Highway,Urban,Minor Collector,State Highway Agency,92.0,33.83641667,-83.38287222,Culvert,Not a Collision with Motor Vehicle In-Transport,Not an Intersection,On Roadside,,Daylight,Clear,0,0,2016.0,0,0,OCONEE (219),NOT APPLICABLE
2016,10962,Georgia,0,1,2,October,9,Sunday,23,I-95,Interstate,Rural,Interstate,State Highway Agency,118.0,30.89956111,-81.68573056,Tree (Standing Only),Not a Collision with Motor Vehicle In-Transport,Not an Intersection,On Roadside,,Dark - Not Lighted,Cloudy,0,0,2001.0,0,0,CAMDEN (39),NOT APPLICABLE
2016,10962,Georgia,0,1,2,October,9,Sunday,23,I-95,Interstate,Rural,Interstate,State Highway Agency,118.0,30.89956111,-81.68573056,Tree (Standing Only),Not a Collision with Motor Vehicle In-Transport,Not an Intersection,On Roadside,,Dark - Not Lighted,Cloudy,0,0,2001.0,1,0,CAMDEN (39),NOT APPLICABLE
2016,10963,Georgia,0,1,2,October,9,Sunday,16,I-75,Interstate,Urban,Interstate,State Highway Agency,85.0,34.92439722,-85.15053889,Tree (Standing Only),Not a Collision with Motor Vehicle In-Transport,Not an Intersection,Outside Trafficway,,Daylight,Clear,0,1,2005.0,0,0,CATOOSA (47),NOT APPLICABLE
2016,10964,Georgia,0,1,1,October,9,Sunday,20,SR-139,State Highway,Urban,Minor Arterial,State Highway Agency,40.0,33.62178611,-84.44852222,Utility Pole/Light Support,Not a Collision with Motor Vehicle In-Transport,Not an Intersection,On Roadside,,Dark - Lighted,Clear,0,0,2001.0,1,0,CLAYTON (63),COLLEGE PARK
2016,10965,Georgia,0,3,5,October,10,Monday,23,CR-472 / LAKE LAUREL RD,County Road,Rural,Major Collector,County Highway Agency,23.0,33.11918333,-83.18621389,Motor Vehicle In-Transport,Front-to-Front,Not an Intersection,On Shoulder,,Dark - Not Lighted,Clear,0,0,2007.0,1,0,BALDWIN (9),NOT APPLICABLE
2016,10966,Georgia,0,1,1,October,10,Monday,2,CR-630 / CASS WHITE RD,County Road,Urban,Minor Arterial,County Highway Agency,21.0,34.25651667,-84.84439167,Ditch,Not a Collision with Motor Vehicle In-Transport,Not an Intersection,On Roadside,,Dark - Not Lighted,Clear,0,0,2015.0,1,1,BARTOW (15),NOT APPLICABLE
2016,10967,Georgia,0,1,1,October,10,Monday,9,CR-506 / BROWN RD,County Road,Urban,Local,County Highway Agency,2.0,33.49066944,-84.36433889,Embankment,Not a Collision with Motor Vehicle In-Transport,Not an Intersection,On Roadside,,Daylight,Clear,0,0,2001.0,0,0,CLAYTON (63),JONESBORO
2016,10968,Georgia,1,1,1,October,10,Monday,18,CR-1385 / BUFFINGTON RD,County Road,Urban,Minor Arterial,County Highway Agency,12.0,33.60513611,-84.499775,Pedestrian,Not a Collision with Motor Vehicle In-Transport,Not an Intersection,On Roadway,Construction,Dusk,Clear,0,0,2002.0,1,0,FULTON (121),NOT APPLICABLE
2016,10969,Georgia,0,2,2,October,11,Tuesday,21,SR-81,State Highway,Urban,Minor Arterial,State Highway Agency,61.0,33.42629722,-84.21825833,Motor Vehicle In-Transport,Front-to-Front,Not an Intersection,On Roadway,,Dark - Not Lighted,Clear,0,0,1999.0,1,0,HENRY (151),NOT APPLICABLE
2016,10970,Georgia,1,1,1,October,11,Tuesday,23,SR-142,State Highway,Urban,Minor Arterial,State Highway Agency,129.0,33.62599444,-83.83376389,Pedestrian,Not a Collision with Motor Vehicle In-Transport,Not an Intersection,On Roadway,,Dark - Not Lighted,Clear,0,0,2011.0,1,0,NEWTON (217),COVINGTON
2016,10971,Georgia,1,1,1,October,12,Wednesday,20,CR-573 / WHEELER RD,County Road,Urban,Minor Arterial,County Highway Agency,9.0,33.48781667,-82.12433333,Pedestrian,Not a Collision with Motor Vehicle In-Transport,Not an Intersection,On Roadway,,Dark - Not Lighted,Clear,0,0,1993.0,1,0,COLUMBIA (73),NOT APPLICABLE
2016,10971,Georgia,1,1,1,October,12,Wednesday,20,CR-573 / WHEELER RD,County Road,Urban,Minor Arterial,County Highway Agency,9.0,33.48781667,-82.12433333,Pedestrian,Not a Collision with Motor Vehicle In-Transport,Not an Intersection,On Roadway,,Dark - Not Lighted,Clear,0,0,2015.0,0,0,COLUMBIA (73),NOT APPLICABLE
2016,10972,Georgia,1,1,1,October,12,Wednesday,23,US-23 / BUFORD HWY,U.S. Highway,Urban,Minor Arterial,State Highway Agency,81.0,33.91681667,-84.25930833,Pedestrian,Not a Collision with Motor Vehicle In-Transport,Not an Intersection,On Roadway,,Dark - Lighted,Clear,0,0,2001.0,0,0,DEKALB (89),NOT APPLICABLE
2016,10973,Georgia,0,2,2,October,13,Thursday,11,US-80 / SR-26,U.S. Highway,Rural,Minor Arterial,State Highway Agency,54.0,32.15093056,-81.34971111,Motor Vehicle In-Transport,Front-to-Front,Not an Intersection,On Roadway,,Daylight,Clear,0,0,2015.0,0,0,EFFINGHAM (103),NOT APPLICABLE
2016,10973,Georgia,0,2,2,October,13,Thursday,11,US-80 / SR-26,U.S. Highway,Rural,Minor Arterial,State Highway Agency,54.0,32.15093056,-81.34971111,Motor Vehicle In-Transport,Front-to-Front,Not an Intersection,On Roadway,,Daylight,Clear,0,0,1995.0,0,0,EFFINGHAM (103),NOT APPLICABLE
2016,10974,Georgia,0,2,45,October,13,Thursday,11,SR-5,State Highway,Rural,Principal Arterial - Other,State Highway Agency,10.0,34.565225,-84.52165278,Motor Vehicle In-Transport,Angle,Four-Way Intersection,On Roadway,,Daylight,Clear,0,0,2002.0,0,1,GILMER (123),NOT APPLICABLE
2016,10974,Georgia,0,2,45,October,13,Thursday,11,SR-5,State Highway,Rural,Principal Arterial - Other,State Highway Agency,10.0,34.565225,-84.52165278,Motor Vehicle In-Transport,Angle,Four-Way Intersection,On Roadway,,Daylight,Clear,0,0,2009.0,1,0,GILMER (123),NOT APPLICABLE
2016,10975,Georgia,1,1,1,October,13,Thursday,20,US-41 / SR-3,U.S. Highway,Urban,Principal Arterial - Other,State Highway Agency,177.0,34.79886944,-84.95458889,Pedestrian,Not a Collision with Motor Vehicle In-Transport,Not an Intersection,On Roadway,,Dark - Not Lighted,Clear,0,0,2014.0,1,1,WHITFIELD (313),DALTON
2016,10976,Georgia,1,1,1,October,14,Friday,19,SR-204,State Highway,Urban,Principal Arterial - Other,State Highway Agency,185.0,31.99394444,-81.12906389,Pedestrian,Not a Collision with Motor Vehicle In-Transport,Not an Intersection,On Roadway,,Dark - Lighted,Clear,0,0,2010.0,0,0,CHATHAM (51),SAVANNAH
2016,10976,Georgia,1,1,1,October,14,Friday,19,SR-204,State Highway,Urban,Principal Arterial - Other,State Highway Agency,185.0,31.99394444,-81.12906389,Pedestrian,Not a Collision with Motor Vehicle In-Transport,Not an Intersection,On Roadway,,Dark - Lighted,Clear,0,0,2005.0,1,0,CHATHAM (51),SAVANNAH
2016,10977,Georgia,0,2,5,October,14,Friday,23,US-319 / SR-35,U.S. Highway,Urban,Principal Arterial - Other,State Highway Agency,137.0,31.19017778,-83.76219722,Motor Vehicle In-Transport,Angle,Not an Intersection,On Roadway,,Dark - Not Lighted,Clear,0,0,2007.0,2,1,COLQUITT (71),MOULTRIE
2016,10978,Georgia,2,1,1,October,14,Friday,23,CR-1385 / BUFFINGGTON RD,County Road,Urban,Minor Arterial,County Highway Agency,27.0,33.5793,-84.51235,Pedestrian,Not a Collision with Motor Vehicle In-Transport,Not an Intersection,On Roadway,,Dark - Not Lighted,Clear,0,0,2007.0,2,1,FULTON (121),UNION CITY
2016,10979,Georgia,0,2,4,October,14,Friday,16,US-441 / SR-385,U.S. Highway,Rural,Minor Arterial,State Highway Agency,73.0,34.61763056,-83.50738611,Motor Vehicle In-Transport,Angle,Not an Intersection,On Roadway,,Daylight,Clear,0,0,2005.0,1,0,HABERSHAM (137),NOT APPLICABLE
2016,10979,Georgia,0,2,4,October,14,Friday,16,US-441 / SR-385,U.S. Highway,Rural,Minor Arterial,State Highway Agency,73.0,34.61763056,-83.50738611,Motor Vehicle In-Transport,Angle,Not an Intersection,On Roadway,,Daylight,Clear,0,0,2006.0,0,0,HABERSHAM (137),NOT APPLICABLE
2016,10980,Georgia,0,1,1,October,14,Friday,19,I-16,Interstate,Rural,Interstate,State Highway Agency,54.0,32.43401111,-82.60931667,Rollover/Overturn,Not a Collision with Motor Vehicle In-Transport,Not an Intersection,On Median,,Dark - Not Lighted,Clear,0,0,2008.0,0,0,TREUTLEN (283),NOT APPLICABLE
2016,10980,Georgia,0,1,1,October,14,Friday,19,I-16,Interstate,Rural,Interstate,State Highway Agency,54.0,32.43401111,-82.60931667,Rollover/Overturn,Not a Collision with Motor Vehicle In-Transport,Not an Intersection,On Median,,Dark - Not Lighted,Clear,0,0,2003.0,1,0,TREUTLEN (283),NOT APPLICABLE
2016,10981,Georgia,0,1,1,October,15,Saturday,15,CR-329 / E ARMUCHEE RD,County Road,Rural,Major Collector,County Highway Agency,180.0,34.56194167,-85.18433056,Tree (Standing Only),Not a Collision with Motor Vehicle In-Transport,Not an Intersection,On Roadside,,Daylight,Clear,0,0,2015.0,1,1,CHATTOOGA (55),NOT APPLICABLE
2016,10982,Georgia,0,1,1,October,15,Saturday,6,CR-152 / SIKES RD,County Road,Rural,Local,County Highway Agency,15.0,31.55693056,-82.78905556,Ditch,Not a Collision with Motor Vehicle In-Transport,Not an Intersection,On Roadside,,Dark - Not Lighted,Clear,0,0,2014.0,0,0,COFFEE (69),NOT APPLICABLE
2016,10983,Georgia,1,1,1,October,15,Saturday,18,S MOCK RD,Local Street - Municipality,Urban,Minor Arterial,City or Municipal Highway Agency,0.0,31.55525,-84.0944,Pedestrian,Not a Collision with Motor Vehicle In-Transport,Not an Intersection,On Roadway,,Daylight,Clear,0,1,1995.0,0,0,DOUGHERTY (95),ALBANY
2016,10984,Georgia,0,1,1,October,15,Saturday,1,CR-85 / BUFORD DAM RD,County Road,Urban,Minor Arterial,County Highway Agency,76.36406779661017,34.19498333,-84.13249722,Rollover/Overturn,Not a Collision with Motor Vehicle In-Transport,Not an Intersection,On Roadway,,Dark - Not Lighted,Clear,0,0,2003.0,0,0,FORSYTH (117),CUMMING
2016,10985,Georgia,0,1,1,October,15,Saturday,13,SR-362,State Highway,Rural,Major Collector,State Highway Agency,40.0,33.09723056,-84.67236111,Tree (Standing Only),Not a Collision with Motor Vehicle In-Transport,Not an Intersection,On Roadside,"Work Zone, Type Unknown",Daylight,Clear,0,0,2002.0,0,0,MERIWETHER (199),NOT APPLICABLE
2016,10985,Georgia,0,1,1,October,15,Saturday,13,SR-362,State Highway,Rural,Major Collector,State Highway Agency,40.0,33.09723056,-84.67236111,Tree (Standing Only),Not a Collision with Motor Vehicle In-Transport,Not an Intersection,On Roadside,"Work Zone, Type Unknown",Daylight,Clear,0,0,2005.0,1,0,MERIWETHER (199),NOT APPLICABLE
2016,10986,Georgia,0,2,2,October,15,Saturday,9,SR-106 / SR-63,State Highway,Rural,Minor Arterial,State Highway Agency,11.0,34.48489722,-83.33893611,Motor Vehicle In-Transport,Front-to-Rear,T-Intersection,On Roadway,,Daylight,Cloudy,0,0,2012.0,0,0,STEPHENS (257),NOT APPLICABLE
2016,10987,Georgia,0,1,1,October,16,Sunday,2,US-441 / SR-15,U.S. Highway,Rural,Principal Arterial - Other,State Highway Agency,105.0,34.38316111,-83.48396389,Rollover/Overturn,Not a Collision with Motor Vehicle In-Transport,Not an Intersection,On Roadway,,Dark - Not Lighted,Cloudy,0,0,2001.0,0,1,BANKS (11),NOT APPLICABLE
2016,10987,Georgia,0,1,1,October,16,Sunday,2,US-441 / SR-15,U.S. Highway,Rural,Principal Arterial - Other,State Highway Agency,105.0,34.38316111,-83.48396389,Rollover/Overturn,Not a Collision with Motor Vehicle In-Transport,Not an Intersection,On Roadway,,Dark - Not Lighted,Cloudy,0,0,2012.0,1,0,BANKS (11),NOT APPLICABLE
2017,10001,Georgia,1,1,1,February,13,Monday,19,CR-635 MAXHAM RD,County Road,Urban,Minor Arterial,County Highway Agency,11.0,33.79869444,-84.62013889,Pedestrian,Not a Collision with Motor Vehicle In-Transport,Not an Intersection,On Roadway,,Dark - Not Lighted,Clear,0,0,2004.0,1,0,DOUGLAS (97),NOT APPLICABLE
2017,10002,Georgia,0,2,4,February,13,Monday,9,US-129 SR-44,U.S. Highway,Rural,Principal Arterial - Other,State Highway Agency,6.0,33.00963611,-83.53377778,Motor Vehicle In-Transport,Angle,Four-Way Intersection,On Roadway,,Daylight,Clear,0,0,2005.0,1,0,JONES (169),NOT APPLICABLE
2017,10003,Georgia,0,1,1,February,13,Monday,8,SR-113,State Highway,Urban,Minor Arterial,State Highway Agency,61.0,34.02410833,-85.01896389,Rollover/Overturn,Not a Collision with Motor Vehicle In-Transport,Not an Intersection,Continuous Left - Turn Lane,,Daylight,Clear,0,0,2007.0,0,0,POLK (233),ROCKMART
2017,10003,Georgia,0,1,1,February,13,Monday,8,SR-113,State Highway,Urban,Minor Arterial,State Highway Agency,61.0,34.02410833,-85.01896389,Rollover/Overturn,Not a Collision with Motor Vehicle In-Transport,Not an Intersection,Continuous Left - Turn Lane,,Daylight,Clear,0,0,2003.0,1,0,POLK (233),ROCKMART
2017,10003,Georgia,0,1,1,February,13,Monday,8,SR-113,State Highway,Urban,Minor Arterial,State Highway Agency,61.0,34.02410833,-85.01896389,Rollover/Overturn,Not a Collision with Motor Vehicle In-Transport,Not an Intersection,Continuous Left - Turn Lane,,Daylight,Clear,0,0,2015.0,0,0,POLK (233),ROCKMART
2017,10004,Georgia,0,3,5,February,13,Monday,16,FLAT SHOALS RD,Local Street - Municipality,Urban,Minor Arterial,City or Municipal Highway Agency,7.0,33.64286667,-84.01939167,Motor Vehicle In-Transport,Angle,Not an Intersection,On Roadway,,Daylight,Clear,0,0,2014.0,1,0,ROCKDALE (247),CONYERS
2017,10005,Georgia,0,1,1,February,13,Monday,6,CR-462 BOLD SPRINGS RD,County Road,Rural,Minor Arterial,County Highway Agency,41.0,33.86872778,-83.75526667,Tree (Standing Only),Not a Collision with Motor Vehicle In-Transport,Not an Intersection,On Roadside,,Dark - Not Lighted,Cloudy,0,0,2010.0,1,0,WALTON (297),NOT APPLICABLE
2017,10006,Georgia,1,1,1,February,14,Tuesday,6,WHEATON STREET,Local Street - Municipality,Urban,Minor Arterial,City or Municipal Highway Agency,26.0,32.07145278,-81.08335833,Pedestrian,Not a Collision with Motor Vehicle In-Transport,Not an Intersection,On Roadway,,Dark - Not Lighted,Clear,0,0,1997.0,1,0,CHATHAM (51),SAVANNAH
2017,10006,Georgia,1,1,1,February,14,Tuesday,6,WHEATON STREET,Local Street - Municipality,Urban,Minor Arterial,City or Municipal Highway Agency,26.0,32.07145278,-81.08335833,Pedestrian,Not a Collision with Motor Vehicle In-Transport,Not an Intersection,On Roadway,,Dark - Not Lighted,Clear,0,0,2002.0,0,0,CHATHAM (51),SAVANNAH
2017,10007,Georgia,0,2,2,February,14,Tuesday,8,SR-280,State Highway,Urban,Minor Arterial,State Highway Agency,105.0,33.93468056,-84.52780556,Motor Vehicle In-Transport,Angle,T-Intersection,On Roadway,,Daylight,Clear,0,0,2015.0,1,0,COBB (67),NOT APPLICABLE
2017,10007,Georgia,0,2,2,February,14,Tuesday,8,SR-280,State Highway,Urban,Minor Arterial,State Highway Agency,105.0,33.93468056,-84.52780556,Motor Vehicle In-Transport,Angle,T-Intersection,On Roadway,,Daylight,Clear,0,0,2006.0,0,0,COBB (67),NOT APPLICABLE
2017,10008,Georgia,0,1,1,February,14,Tuesday,18,CR-HOWELL ROAD,County Road,Rural,Major Collector,County Highway Agency,16.0,30.831825,-83.08544167,Tree (Standing Only),Not a Collision with Motor Vehicle In-Transport,Not an Intersection,On Roadside,,Dark - Not Lighted,Clear,0,0,2002.0,1,0,ECHOLS (101),NOT APPLICABLE
2017,10009,Georgia,0,1,1,February,14,Tuesday,22,AMWILER ROAD,Local Street - Municipality,Urban,Minor Collector,County Highway Agency,6.0,33.92781111,-84.25947222,Guardrail Face,Not a Collision with Motor Vehicle In-Transport,Not an Intersection,On Roadside,,Dark - Lighted,Cloudy,0,0,2006.0,1,0,GWINNETT (135),Other
2017,10010,Georgia,0,1,1,February,15,Wednesday,22,SR-166,State Highway,Rural,Minor Arterial,State Highway Agency,272.0,33.60326944,-84.91413611,Tree (Standing Only),Not a Collision with Motor Vehicle In-Transport,Not an Intersection,On Roadside,,Dark - Not Lighted,Clear,0,0,2011.0,0,0,CARROLL (45),NOT APPLICABLE
2017,10011,Georgia,0,5,7,February,15,Wednesday,19,SR-92,State Highway,Urban,Principal Arterial - Other,State Highway Agency,129.0,33.77358333,-84.74761944,Motor Vehicle In-Transport,Front-to-Rear,T-Intersection,On Roadway,,Dark - Not Lighted,Clear,0,0,2008.0,1,0,DOUGLAS (97),NOT APPLICABLE
2017,10011,Georgia,0,5,7,February,15,Wednesday,19,SR-92,State Highway,Urban,Principal Arterial - Other,State Highway Agency,129.0,33.77358333,-84.74761944,Motor Vehicle In-Transport,Front-to-Rear,T-Intersection,On Roadway,,Dark - Not Lighted,Clear,0,0,2008.0,1,0,DOUGLAS (97),NOT APPLICABLE
2017,10012,Georgia,1,1,1,February,15,Wednesday,6,MCKOWN ROAD,Local Street - Municipality,Urban,Local,City or Municipal Highway Agency,14.0,33.77008333,-84.685575,Pedestrian,Not a Collision with Motor Vehicle In-Transport,Not an Intersection,On Roadway,,Dark - Not Lighted,Rain,0,0,2007.0,1,0,DOUGLAS (97),DOUGLASVILLE
2017,10012,Georgia,1,1,1,February,15,Wednesday,6,MCKOWN ROAD,Local Street - Municipality,Urban,Local,City or Municipal Highway Agency,14.0,33.77008333,-84.685575,Pedestrian,Not a Collision with Motor Vehicle In-Transport,Not an Intersection,On Roadway,,Dark - Not Lighted,Rain,0,0,2015.0,0,0,DOUGLAS (97),DOUGLASVILLE
2017,10013,Georgia,0,1,1,February,15,Wednesday,12,CR-EAST MARILYN,County Road,Urban,Local,County Highway Agency,3.0,33.46243611,-84.48284444,Building,Not a Collision with Motor Vehicle In-Transport,Not an Intersection,Outside Trafficway,,Daylight,Clear,0,0,2009.0,2,0,FAYETTE (113),NOT APPLICABLE
2017,10013,Georgia,0,1,1,February,15,Wednesday,12,CR-EAST MARILYN,County Road,Urban,Local,County Highway Agency,3.0,33.46243611,-84.48284444,Building,Not a Collision with Motor Vehicle In-Transport,Not an Intersection,Outside Trafficway,,Daylight,Clear,0,0,1997.0,0,1,FAYETTE (113),NOT APPLICABLE
2017,10014,Georgia,0,2,3,February,15,Wednesday,18,SR-17,State Highway,Rural,Major Collector,State Highway Agency,33.0,34.59721944,-83.460575,Motor Vehicle In-Transport,Front-to-Front,Not an Intersection,On Roadway,,Daylight,Clear,0,0,1993.0,1,1,HABERSHAM (137),NOT APPLICABLE
2017,10014,Georgia,0,2,3,February,15,Wednesday,18,SR-17,State Highway,Rural,Major Collector,State Highway Agency,33.0,34.59721944,-83.460575,Motor Vehicle In-Transport,Front-to-Front,Not an Intersection,On Roadway,,Daylight,Clear,0,0,2003.0,0,0,HABERSHAM (137),NOT APPLICABLE
2017,10014,Georgia,0,2,3,February,15,Wednesday,18,SR-17,State Highway,Rural,Major Collector,State Highway Agency,33.0,34.59721944,-83.460575,Motor Vehicle In-Transport,Front-to-Front,Not an Intersection,On Roadway,,Daylight,Clear,0,0,2016.0,0,0,HABERSHAM (137),NOT APPLICABLE
2017,10015,Georgia,0,2,2,February,15,Wednesday,17,SR-520,State Highway,Rural,Principal Arterial - Other,State Highway Agency,20.0,31.26830278,-82.66523611,Motor Vehicle In-Transport,Angle,Four-Way Intersection,On Roadway,,Daylight,Clear,0,0,2002.0,1,1,WARE (299),WARESBORO
2017,10016,Georgia,0,2,3,February,16,Thursday,10,SR-60,State Highway,Rural,Major Collector,State Highway Agency,205.0,34.90802222,-84.26797222,Motor Vehicle In-Transport,Front-to-Front,Not an Intersection,On Roadway,,Daylight,Clear,0,0,1998.0,1,0,FANNIN (111),NOT APPLICABLE
2017,10017,Georgia,0,2,2,February,16,Thursday,13,SR-3,State Highway,Urban,Principal Arterial - Other,State Highway Agency,27.0,33.38909167,-84.30784722,Motor Vehicle In-Transport,Angle,Four-Way Intersection,On Roadway,,Daylight,Clear,0,0,2011.0,1,1,HENRY (151),HAMPTON
2017,10018,Georgia,0,2,2,February,17,Friday,8,CR-CHULA BROOKFIELD ROAD,County Road,Rural,Major Collector,County Highway Agency,39.0,31.52607222,-83.40526944,Motor Vehicle In-Transport,Front-to-Front,Not an Intersection,On Roadway,,Daylight,Clear,0,0,2007.0,0,0,TIFT (277),NOT APPLICABLE
2017,10018,Georgia,0,2,2,February,17,Friday,8,CR-CHULA BROOKFIELD ROAD,County Road,Rural,Major Collector,County Highway Agency,39.0,31.52607222,-83.40526944,Motor Vehicle In-Transport,Front-to-Front,Not an Intersection,On Roadway,,Daylight,Clear,0,0,2011.0,1,0,TIFT (277),NOT APPLICABLE
2017,10019,Georgia,0,2,3,February,17,Friday,20,SR-1 BYPASS,State Highway,Urban,Principal Arterial - Other,State Highway Agency,75.0,34.69738611,-85.27485556,Motor Vehicle In-Transport,Angle,Four-Way Intersection,On Roadway,,Dark - Not Lighted,Clear,0,0,2004.0,3,0,WALKER (295),NOT APPLICABLE
2017,10020,Georgia,0,1,1,February,18,Saturday,23,CANTON ROAD CONNECTOR,Local Street - Municipality,Urban,Principal Arterial - Other,City or Municipal Highway Agency,135.0,33.97525,-84.55006944,Guardrail Face,Not a Collision with Motor Vehicle In-Transport,Not an Intersection,On Roadside,,Dark - Not Lighted,Rain,0,0,2004.0,1,0,COBB (67),MARIETTA
2017,10021,Georgia,0,2,4,February,18,Saturday,24,I-285,Interstate,Urban,Interstate,State Highway Agency,252.0,33.66786944,-84.34011667,Motor Vehicle In-Transport,Sideswipe - Same Direction,Not an Intersection,On Roadway,,Dark - Not Lighted,Clear,0,0,2002.0,1,1,DEKALB (89),NOT APPLICABLE
2017,10022,Georgia,0,2,3,February,18,Saturday,4,COLUMBIA DRIVE,Local Street - Municipality,Urban,Minor Collector,City or Municipal Highway Agency,8.0,33.72368056,-84.25143611,Motor Vehicle In-Transport,Front-to-Front,Not an Intersection,On Roadway,,Dark - Lighted,Clear,0,0,2002.0,1,1,DEKALB (89),DECATUR