YEAR,ST_CASE,STATENAME,NUM_PEDS,NUM_VEHC,PERSONS,MONTHNAME,DAYNAME,DAY_WEEKNAME,HOUR,ROAD_NAME,ROUTENAME,RUR_URBNAME,FUNC_SYSNAME,RD_OWNERNAME,MILE_MARKER,LATITUDE,LONGITUD,HARM_EVNAME,COLLISION_TYPE,TYP_INTNAME,REL_ROADNAME,WRK_ZONENAME,LGT_CONDNAME,WEATHERNAME,SCH_BUS,HIT_RUN,MOD_YEAR,DEATHS,DR_DRINK,COUNTYNAME,CITYNAME
2017,10199,Georgia,1,1,1,April,4,Tuesday,8,CR-4431 NEW SALEM RD,County Road,Urban,Local,County Highway Agency,22.0,33.9741,-84.6172,Pedestrian,Not a Collision with Motor Vehicle In-Transport,Not an Intersection,On Roadway,"Work Zone, Type Unknown",Daylight,Clear,0,0,2006.0,0,1,COBB (67),NOT APPLICABLE
2017,10199,Georgia,1,1,1,April,4,Tuesday,8,CR-4431 NEW SALEM RD,County Road,Urban,Local,County Highway Agency,22.0,33.9741,-84.6172,Pedestrian,Not a Collision with Motor Vehicle In-Transport,Not an Intersection,On Roadway,"Work Zone, Type Unknown",Daylight,Clear,0,0,2016.0,0,0,COBB (67),NOT APPLICABLE
2017,10200,Georgia,0,1,3,April,4,Tuesday,1,CR-1375 SPRINGLAKE TERR,County Road,Urban,Local,County Highway Agency,5.0,33.57823889,-83.97421667,Tree (Standing Only),Not a Collision with Motor Vehicle In-Transport,Not an Intersection,On Roadside,,Dark - Not Lighted,Clear,0,0,2014.0,0,0,NEWTON (217),NOT APPLICABLE
2017,10200,Georgia,0,1,3,April,4,Tuesday,1,CR-1375 SPRINGLAKE TERR,County Road,Urban,Local,County Highway Agency,5.0,33.57823889,-83.97421667,Tree (Standing Only),Not a Collision with Motor Vehicle In-Transport,Not an Intersection,On Roadside,,Dark - Not Lighted,Clear,0,0,2005.0,1,0,NEWTON (217),NOT APPLICABLE
2017,10201,Georgia,0,2,2,April,4,Tuesday,2,US-84 SR-38,U.S. Highway,Urban,Principal Arterial - Other,State Highway Agency,173.0,31.61421944,-81.8774,Motor Vehicle In-Transport,Angle,Not an Intersection,On Roadway,,Dark - Lighted,Cloudy,0,0,2012.0,1,1,WAYNE (305),JESUP
2017,10202,Georgia,0,1,1,April,5,Wednesday,24,SR-21,State Highway,Urban,Principal Arterial - Other,State Highway Agency,27.0,32.26840556,-81.22438333,Curb,Not a Collision with Motor Vehicle In-Transport,T-Intersection,On Roadside,,Dark - Not Lighted,Clear,0,0,1994.0,1,0,EFFINGHAM (103),RINCON
2017,10203,Georgia,0,1,1,April,5,Wednesday,19,CR-290 LITE N TIE RD,County Road,Rural,Major Collector,County Highway Agency,30.0,32.942925,-83.53693056,Tree (Standing Only),Not a Collision with Motor Vehicle In-Transport,Not an Intersection,On Roadside,,Daylight,Cloudy,0,0,2016.0,0,1,JONES (169),NOT APPLICABLE
2017,10203,Georgia,0,1,1,April,5,Wednesday,19,CR-290 LITE N TIE RD,County Road,Rural,Major Collector,County Highway Agency,30.0,32.942925,-83.53693056,Tree (Standing Only),Not a Collision with Motor Vehicle In-Transport,Not an Intersection,On Roadside,,Daylight,Cloudy,0,0,2003.0,2,0,JONES (169),NOT APPLICABLE
2017,10204,Georgia,0,1,1,April,5,Wednesday,19,US-278 SR-6,U.S. Highway,Urban,Principal Arterial - Other,State Highway Agency,234.0,34.01083889,-85.04421944,Curb,Not a Collision with Motor Vehicle In-Transport,Not an Intersection,On Roadside,,Dark - Not Lighted,Cloudy,0,0,1998.0,1,1,POLK (233),ROCKMART
2017,10204,Georgia,0,1,1,April,5,Wednesday,19,US-278 SR-6,U.S. Highway,Urban,Principal Arterial - Other,State Highway Agency,234.0,34.01083889,-85.04421944,Curb,Not a Collision with Motor Vehicle In-Transport,Not an Intersection,On Roadside,,Dark - Not Lighted,Cloudy,0,0,2002.0,0,1,POLK (233),ROCKMART
2017,10205,Georgia,0,1,1,April,6,Thursday,11,I-75,Interstate,Urban,Interstate,State Highway Agency,188.0,33.55517778,-84.30156389,Wall,Not a Collision with Motor Vehicle In-Transport,Not an Intersection,On Roadside,,Daylight,Clear,0,0,1995.0,1,1,HENRY (151),NOT APPLICABLE
2017,10205,Georgia,0,1,1,April,6,Thursday,11,I-75,Interstate,Urban,Interstate,State Highway Agency,188.0,33.55517778,-84.30156389,Wall,Not a Collision with Motor Vehicle In-Transport,Not an Intersection,On Roadside,,Daylight,Clear,0,0,2004.0,0,0,HENRY (151),NOT APPLICABLE
2017,10205,Georgia,0,1,1,April,6,Thursday,11,I-75,Interstate,Urban,Interstate,State Highway Agency,188.0,33.55517778,-84.30156389,Wall,Not a Collision with Motor Vehicle In-Transport,Not an Intersection,On Roadside,,Daylight,Clear,0,0,1999.0,0,0,HENRY (151),NOT APPLICABLE
2017,10206,Georgia,4,2,2,April,7,Friday,3,I-20,Interstate,Urban,Interstate,State Highway Agency,142.0,33.72193333,-84.94430556,Other Object (not fixed),Not a Collision with Motor Vehicle In-Transport,Not an Intersection,On Roadside,Construction,Dark - Not Lighted,Clear,0,0,2000.0,1,1,CARROLL (45),NOT APPLICABLE
2017,10207,Georgia,0,1,1,April,7,Friday,5,SR-5,State Highway,Rural,Major Collector,State Highway Agency,193.0,33.46340278,-84.99002778,Embankment,Not a Collision with Motor Vehicle In-Transport,Not an Intersection,On Roadside,,Dark - Not Lighted,Clear,0,0,2003.0,1,1,CARROLL (45),NOT APPLICABLE
2017,10208,Georgia,1,1,1,April,7,Friday,24,SKIDAWAY RD,Local Street - Municipality,Urban,Principal Arterial - Other,City or Municipal Highway Agency,1.0,32.03833056,-81.06569444,Pedestrian,Not a Collision with Motor Vehicle In-Transport,Not an Intersection,On Roadway,,Dark - Not Lighted,Clear,0,0,2016.0,0,0,CHATHAM (51),SAVANNAH
2017,10209,Georgia,0,1,1,April,3,Monday,19,US-441 SR-89,U.S. Highway,Rural,Principal Arterial - Other,State Highway Agency,131.0,30.79869722,-82.63788611,Embankment,Not a Collision with Motor Vehicle In-Transport,Not an Intersection,On Roadside,,Dark - Not Lighted,Clear,0,0,2001.0,1,0,CLINCH (65),NOT APPLICABLE
2017,10210,Georgia,0,2,2,April,7,Friday,10,SR-1LO,State Highway,Urban,Principal Arterial - Other,State Highway Agency,73.16086620262955,34.195975,-85.27296944,Motor Vehicle In-Transport,Angle,Four-Way Intersection,On Roadway,,Daylight,Clear,0,0,2017.0,1,0,FLOYD (115),NOT APPLICABLE
2017,10210,Georgia,0,2,2,April,7,Friday,10,SR-1LO,State Highway,Urban,Principal Arterial - Other,State Highway Agency,73.16086620262955,34.195975,-85.27296944,Motor Vehicle In-Transport,Angle,Four-Way Intersection,On Roadway,,Daylight,Clear,0,0,2007.0,1,0,FLOYD (115),NOT APPLICABLE
2017,10210,Georgia,0,2,2,April,7,Friday,10,SR-1LO,State Highway,Urban,Principal Arterial - Other,State Highway Agency,73.16086620262955,34.195975,-85.27296944,Motor Vehicle In-Transport,Angle,Four-Way Intersection,On Roadway,,Daylight,Clear,0,0,2005.0,0,0,FLOYD (115),NOT APPLICABLE
2017,10210,Georgia,0,2,2,April,7,Friday,10,SR-1LO,State Highway,Urban,Principal Arterial - Other,State Highway Agency,73.16086620262955,34.195975,-85.27296944,Motor Vehicle In-Transport,Angle,Four-Way Intersection,On Roadway,,Daylight,Clear,0,0,2016.0,0,0,FLOYD (115),NOT APPLICABLE
2017,10211,Georgia,0,2,2,April,8,Saturday,9,US-17 OGEECHEE RD,U.S. Highway,Urban,Principal Arterial - Other,State Highway Agency,21.0,31.99687222,-81.26228889,Motor Vehicle In-Transport,Angle,Four-Way Intersection,On Roadway,,Daylight,Clear,0,0,1999.0,1,0,CHATHAM (51),SAVANNAH
2017,10211,Georgia,0,2,2,April,8,Saturday,9,US-17 OGEECHEE RD,U.S. Highway,Urban,Principal Arterial - Other,State Highway Agency,21.0,31.99687222,-81.26228889,Motor Vehicle In-Transport,Angle,Four-Way Intersection,On Roadway,,Daylight,Clear,0,0,2001.0,0,0,CHATHAM (51),SAVANNAH
2017,10212,Georgia,0,2,2,April,8,Saturday,17,SR-77,State Highway,Urban,Minor Arterial,State Highway Agency,95.0,34.12697222,-82.85928611,Motor Vehicle In-Transport,Angle,T-Intersection,On Roadway,,Daylight,Clear,0,0,1991.0,1,0,ELBERT (105),NOT APPLICABLE
2017,10213,Georgia,0,2,5,April,8,Saturday,15,US-441,U.S. Highway,Rural,Principal Arterial - Other,State Highway Agency,105.0,33.32553889,-83.3879,Motor Vehicle In-Transport,Front-to-Front,T-Intersection,On Roadway,,Daylight,Clear,0,0,2001.0,1,0,PUTNAM (237),EATONTON
2017,10213,Georgia,0,2,5,April,8,Saturday,15,US-441,U.S. Highway,Rural,Principal Arterial - Other,State Highway Agency,105.0,33.32553889,-83.3879,Motor Vehicle In-Transport,Front-to-Front,T-Intersection,On Roadway,,Daylight,Clear,0,0,2006.0,0,0,PUTNAM (237),EATONTON
2017,10214,Georgia,0,1,5,April,9,Sunday,7,US-27 SR-1,U.S. Highway,Rural,Principal Arterial - Other,State Highway Agency,18.0,33.45404444,-85.12445278,Rollover/Overturn,Not a Collision with Motor Vehicle In-Transport,Not an Intersection,On Median,,Daylight,Clear,0,0,2004.0,1,0,CARROLL (45),NOT APPLICABLE
2017,10215,Georgia,0,1,1,April,9,Sunday,17,CR-8 CASTLEBERRY RD,County Road,Urban,Minor Collector,County Highway Agency,5.0,34.16240833,-84.21108056,Rollover/Overturn,Not a Collision with Motor Vehicle In-Transport,Not an Intersection,On Roadway,,Daylight,Clear,0,0,2003.0,1,0,FORSYTH (117),NOT APPLICABLE
2017,10216,Georgia,1,1,4,April,9,Sunday,12,OAK TRACE DR,Local Street - Municipality,Urban,Local,City or Municipal Highway Agency,0.0,30.80818889,-83.94033889,Pedestrian,Not a Collision with Motor Vehicle In-Transport,Not an Intersection,On Roadway,,Daylight,Clear,0,0,1994.0,1,1,THOMAS (275),NOT APPLICABLE
2017,10217,Georgia,0,2,2,April,9,Sunday,19,US-84 SR-38,U.S. Highway,Urban,Principal Arterial - Other,State Highway Agency,40.0,30.87368611,-84.02171944,Motor Vehicle In-Transport,Front-to-Rear,Not an Intersection,On Roadway,,Daylight,Clear,0,0,2003.0,1,0,THOMAS (275),NOT APPLICABLE
2017,10217,Georgia,0,2,2,April,9,Sunday,19,US-84 SR-38,U.S. Highway,Urban,Principal Arterial - Other,State Highway Agency,40.0,30.87368611,-84.02171944,Motor Vehicle In-Transport,Front-to-Rear,Not an Intersection,On Roadway,,Daylight,Clear,0,0,2009.0,0,0,THOMAS (275),NOT APPLICABLE
2017,10218,Georgia,1,1,1,April,10,Monday,20,CR-2373 FLOYD RD,County Road,Urban,Minor Arterial,County Highway Agency,27.0,33.853975,-84.58858333,Mail Box,Not a Collision with Motor Vehicle In-Transport,Not an Intersection,On Roadside,,Dark - Lighted,Clear,0,0,2016.0,1,0,COBB (67),NOT APPLICABLE
2017,10219,Georgia,0,2,3,April,10,Monday,14,US-278 SR-120,U.S. Highway,Urban,Minor Arterial,State Highway Agency,128.0,33.91511389,-84.84534167,Motor Vehicle In-Transport,Angle,Four-Way Intersection,On Roadway,,Daylight,Clear,0,0,2002.0,1,0,PAULDING (223),DALLAS
2017,10219,Georgia,0,2,3,April,10,Monday,14,US-278 SR-120,U.S. Highway,Urban,Minor Arterial,State Highway Agency,128.0,33.91511389,-84.84534167,Motor Vehicle In-Transport,Angle,Four-Way Intersection,On Roadway,,Daylight,Clear,0,0,2015.0,0,0,PAULDING (223),DALLAS
2017,10220,Georgia,0,1,1,April,11,Tuesday,13,CR-391 NEESE COMMERCE RD,County Road,Rural,Major Collector,County Highway Agency,58.0,34.11944722,-83.34084722,Tree (Standing Only),Not a Collision with Motor Vehicle In-Transport,Not an Intersection,On Roadside,,Daylight,Clear,0,0,2006.0,1,1,MADISON (195),NOT APPLICABLE
2017,10220,Georgia,0,1,1,April,11,Tuesday,13,CR-391 NEESE COMMERCE RD,County Road,Rural,Major Collector,County Highway Agency,58.0,34.11944722,-83.34084722,Tree (Standing Only),Not a Collision with Motor Vehicle In-Transport,Not an Intersection,On Roadside,,Daylight,Clear,0,0,1999.0,0,0,MADISON (195),NOT APPLICABLE
2017,10221,Georgia,0,2,2,April,12,Wednesday,10,SR-15,State Highway,Rural,Minor Arterial,State Highway Agency,15.0,31.5273,-82.20055833,Motor Vehicle In-Transport,Front-to-Front,Not an Intersection,On Roadway,,Daylight,Clear,0,0,2015.0,0,0,APPLING (1),NOT APPLICABLE
2017,10222,Georgia,0,2,6,April,12,Wednesday,7,CR-102 R L SEARS RD,County Road,Rural,Minor Collector,County Highway Agency,27.0,31.22039722,-83.68415833,Motor Vehicle In-Transport,Angle,Four-Way Intersection,On Roadway,,Daylight,Clear,0,0,2010.0,1,0,COLQUITT (71),NOT APPLICABLE
2017,10222,Georgia,0,2,6,April,12,Wednesday,7,CR-102 R L SEARS RD,County Road,Rural,Minor Collector,County Highway Agency,27.0,31.22039722,-83.68415833,Motor Vehicle In-Transport,Angle,Four-Way Intersection,On Roadway,,Daylight,Clear,0,0,1983.0,0,0,COLQUITT (71),NOT APPLICABLE
2017,10222,Georgia,0,2,6,April,12,Wednesday,7,CR-102 R L SEARS RD,County Road,Rural,Minor Collector,County Highway Agency,27.0,31.22039722,-83.68415833,Motor Vehicle In-Transport,Angle,Four-Way Intersection,On Roadway,,Daylight,Clear,0,0,2009.0,0,0,COLQUITT (71),NOT APPLICABLE
2017,10223,Georgia,0,2,3,April,12,Wednesday,16,US-280 SR-27,U.S. Highway,Rural,Principal Arterial - Other,State Highway Agency,40.0,32.04106667,-84.38414444,Motor Vehicle In-Transport,Sideswipe - Opposite Direction,Not an Intersection,On Roadway,,Daylight,Clear,0,0,2005.0,1,0,SUMTER (261),NOT APPLICABLE
2017,10224,Georgia,0,2,2,April,13,Thursday,7,SR-100,State Highway,Rural,Major Collector,State Highway Agency,48.0,34.35735833,-85.36793056,Motor Vehicle In-Transport,Front-to-Front,Not an Intersection,On Roadway,,Daylight,Clear,0,0,2000.0,1,1,CHATTOOGA (55),NOT APPLICABLE
2017,10225,Georgia,0,1,1,April,13,Thursday,18,CR-272 CEDAR MTN RD,County Road,Urban,Minor Collector,County Highway Agency,48.0,33.76183611,-84.77390833,Tree (Standing Only),Not a Collision with Motor Vehicle In-Transport,Not an Intersection,On Roadside,,Daylight,Clear,0,0,2008.0,2,0,DOUGLAS (97),DOUGLASVILLE
2017,10226,Georgia,0,2,1,April,13,Thursday,20,CR-99 OLD SAVANNAH HWY,County Road,Rural,Local,County Highway Agency,4.0,32.15188333,-81.81147778,Culvert,Not a Collision with Motor Vehicle In-Transport,Not an Intersection,On Roadside,,Dark - Not Lighted,Clear,0,1,2006.0,0,0,EVANS (109),NOT APPLICABLE
2017,10227,Georgia,1,1,1,April,13,Thursday,22,SR-124,State Highway,Urban,Minor Arterial,State Highway Agency,232.0,34.06283611,-83.92655278,Pedestrian,Not a Collision with Motor Vehicle In-Transport,Not an Intersection,On Roadway,,Dark - Not Lighted,Cloudy,0,0,1995.0,1,0,GWINNETT (135),NOT APPLICABLE
2017,10228,Georgia,0,2,2,April,13,Thursday,6,SR-19,State Highway,Urban,Minor Arterial,State Highway Agency,169.0,32.48723333,-82.8959,Motor Vehicle In-Transport,Front-to-Front,Not an Intersection,On Roadway,,Dawn,Clear,0,0,2010.0,1,1,LAURENS (175),DUBLIN
2017,10228,Georgia,0,2,2,April,13,Thursday,6,SR-19,State Highway,Urban,Minor Arterial,State Highway Agency,169.0,32.48723333,-82.8959,Motor Vehicle In-Transport,Front-to-Front,Not an Intersection,On Roadway,,Dawn,Clear,0,0,2012.0,0,0,LAURENS (175),DUBLIN
2017,10229,Georgia,0,1,1,April,13,Thursday,6,SR-121,State Highway,Rural,Minor Arterial,State Highway Agency,5.0,32.29269722,-82.135025,Cargo/Equipment Loss or Shift (harmful to this vehicle),Not a Collision with Motor Vehicle In-Transport,Not an Intersection,On Roadway,,Daylight,Clear,0,0,2004.0,1,0,TATTNALL (267),NOT APPLICABLE
2017,10229,Georgia,0,1,1,April,13,Thursday,6,SR-121,State Highway,Rural,Minor Arterial,State Highway Agency,5.0,32.29269722,-82.135025,Cargo/Equipment Loss or Shift (harmful to this vehicle),Not a Collision with Motor Vehicle In-Transport,Not an Intersection,On Roadway,,Daylight,Clear,0,1,2001.0,0,1,TATTNALL (267),NOT APPLICABLE
2017,10230,Georgia,0,1,1,April,14,Friday,3,CR-139 JACKSON TRL RD,County Road,Rural,Minor Collector,County Highway Agency,31.0,33.96903611,-83.64913611,Tree (Standing Only),Not a Collision with Motor Vehicle In-Transport,Not an Intersection,On Roadside,,Dark - Not Lighted,Clear,0,0,2011.0,0,0,BARROW (13),NOT APPLICABLE
2017,10230,Georgia,0,1,1,April,14,Friday,3,CR-139 JACKSON TRL RD,County Road,Rural,Minor Collector,County Highway Agency,31.0,33.96903611,-83.64913611,Tree (Standing Only),Not a Collision with Motor Vehicle In-Transport,Not an Intersection,On Roadside,,Dark - Not Lighted,Clear,0,0,2014.0,1,0,BARROW (13),NOT APPLICABLE
2017,10231,Georgia,0,2,2,April,14,Friday,19,CR-62 LAVENDER RD,County Road,Urban,Minor Collector,County Highway Agency,10.0,33.98961667,-83.45201667,Motor Vehicle In-Transport,Front-to-Front,Not an Intersection,On Roadway,,Daylight,Clear,0,0,2001.0,1,0,CLARKE (59),ATHENS
2017,10232,Georgia,1,1,1,April,14,Friday,6,SR-138,State Highway,Urban,Principal Arterial - Other,State Highway Agency,22.0,33.56893056,-84.55627222,Pedalcyclist,Not a Collision with Motor Vehicle In-Transport,Not an Intersection,On Roadway,,Dawn,Clear,0,0,2002.0,1,1,FULTON (121),UNION CITY
2017,10233,Georgia,0,3,3,April,14,Friday,7,SR-169,State Highway,Rural,Minor Arterial,State Highway Agency,60.0,31.69028889,-81.9451,Motor Vehicle In-Transport,Front-to-Front,Not an Intersection,On Roadway,,Daylight,Clear,0,0,2005.0,1,0,WAYNE (305),NOT APPLICABLE
2017,10233,Georgia,0,3,3,April,14,Friday,7,SR-169,State Highway,Rural,Minor Arterial,State Highway Agency,60.0,31.69028889,-81.9451,Motor Vehicle In-Transport,Front-to-Front,Not an Intersection,On Roadway,,Daylight,Clear,0,0,2006.0,0,0,WAYNE (305),NOT APPLICABLE
2017,10234,Georgia,1,1,1,April,15,Saturday,16,LAKSHORE DR,Local Street - Municipality,Urban,Local,City or Municipal Highway Agency,2.0,33.77127222,-84.26360833,Pedalcyclist,Not a Collision with Motor Vehicle In-Transport,Not an Intersection,On Roadway,,Daylight,Clear,0,0,2000.0,0,0,DEKALB (89),AVONDALE ESTATES
2017,10234,Georgia,1,1,1,April,15,Saturday,16,LAKSHORE DR,Local Street - Municipality,Urban,Local,City or Municipal Highway Agency,2.0,33.77127222,-84.26360833,Pedalcyclist,Not a Collision with Motor Vehicle In-Transport,Not an Intersection,On Roadway,,Daylight,Clear,0,0,2007.0,1,0,DEKALB (89),AVONDALE ESTATES
2017,10235,Georgia,0,3,7,March,21,Tuesday,6,I-75,Interstate,Urban,Interstate,State Highway Agency,117.0,34.19175556,-84.76621944,Motor Vehicle In-Transport,Front-to-Rear,Not an Intersection,On Roadway,,Dark - Not Lighted,Clear,0,0,1999.0,1,0,BARTOW (15),CARTERSVILLE
2017,10236,Georgia,0,2,2,April,12,Wednesday,21,SR-236 HUGH HOWELL RD,State Highway,Urban,Minor Arterial,State Highway Agency,123.0,33.84048611,-84.16676111,Motor Vehicle In-Transport,Front-to-Rear,Not an Intersection,On Roadway,,Dark - Not Lighted,Clear,0,0,1977.0,1,1,DEKALB (89),NOT APPLICABLE
2017,10237,Georgia,1,1,2,March,29,Wednesday,18,CR-331 LITTLE RIVER TRL,County Road,Rural,Local,County Highway Agency,7.0,33.225125,-83.39980278,Pedalcyclist,Not a Collision with Motor Vehicle In-Transport,Not an Intersection,On Roadway,,Daylight,Clear,0,0,2005.0,1,0,PUTNAM (237),NOT APPLICABLE
2017,10238,Georgia,0,2,2,January,9,Monday,19,SR-17,State Highway,Rural,Principal Arterial - Other,State Highway Agency,84.0,34.40178333,-83.10264167,Motor Vehicle In-Transport,Angle,Not an Intersection,On Roadway,,Dark - Not Lighted,Cloudy,0,0,2012.0,1,0,FRANKLIN (119),LAVONIA
2017,10239,Georgia,1,1,1,February,18,Saturday,13,SHALLOWFORD ROAD,Local Street - Municipality,Urban,Minor Arterial,City or Municipal Highway Agency,2.0,33.88621944,-84.28504167,Pedestrian,Not a Collision with Motor Vehicle In-Transport,Not an Intersection,On Roadway,,Daylight,Cloudy,0,0,2004.0,1,0,DEKALB (89),CHAMBLEE
2017,10240,Georgia,0,2,4,March,15,Wednesday,18,SR-116,State Highway,Rural,Major Collector,State Highway Agency,133.0,32.7988,-84.82337778,Motor Vehicle In-Transport,Angle,Four-Way Intersection,On Roadway,,Daylight,Clear,0,0,2012.0,0,0,HARRIS (145),NOT APPLICABLE
2017,10240,Georgia,0,2,4,March,15,Wednesday,18,SR-116,State Highway,Rural,Major Collector,State Highway Agency,133.0,32.7988,-84.82337778,Motor Vehicle In-Transport,Angle,Four-Way Intersection,On Roadway,,Daylight,Clear,0,0,2011.0,0,0,HARRIS (145),NOT APPLICABLE
2017,10240,Georgia,0,2,4,March,15,Wednesday,18,SR-116,State Highway,Rural,Major Collector,State Highway Agency,133.0,32.7988,-84.82337778,Motor Vehicle In-Transport,Angle,Four-Way Intersection,On Roadway,,Daylight,Clear,0,0,2013.0,2,0,HARRIS (145),NOT APPLICABLE
2017,10241,Georgia,0,2,9,March,29,Wednesday,15,REGENCY BOULEVARD,Local Street - Municipality,Urban,Local,City or Municipal Highway Agency,3.0,33.44218889,-82.03447222,Motor Vehicle In-Transport,Front-to-Front,Not an Intersection,On Roadway,,Daylight,Clear,0,0,2001.0,2,0,RICHMOND (245),AUGUSTA
2017,10241,Georgia,0,2,9,March,29,Wednesday,15,REGENCY BOULEVARD,Local Street - Municipality,Urban,Local,City or Municipal Highway Agency,3.0,33.44218889,-82.03447222,Motor Vehicle In-Transport,Front-to-Front,Not an Intersection,On Roadway,,Daylight,Clear,0,0,2016.0,0,0,RICHMOND (245),AUGUSTA
2017,10242,Georgia,0,1,2,April,15,Saturday,8,CR-BOONE ROAD,County Road,Rural,Local,County Highway Agency,33.0,33.42361944,-84.89991389,Tree (Standing Only),Not a Collision with Motor Vehicle In-Transport,Not an Intersection,On Roadside,,Daylight,Clear,0,0,2016.0,1,0,COWETA (77),NOT APPLICABLE
2017,10243,Georgia,0,1,1,April,15,Saturday,21,SR-14,State Highway,Urban,Principal Arterial - Other,State Highway Agency,113.0,33.33471667,-84.78315,Rollover/Overturn,Not a Collision with Motor Vehicle In-Transport,Not an Intersection,On Roadside,,Dark - Not Lighted,Clear,0,0,2008.0,1,1,COWETA (77),NEWNAN
2017,10244,Georgia,0,1,1,April,15,Saturday,22,WALKERVILLE ROAD,Local Street - Municipality,Rural,Minor Collector,City or Municipal Highway Agency,51.0,31.40299722,-82.26953333,Tree (Standing Only),Not a Collision with Motor Vehicle In-Transport,Not an Intersection,On Roadside,,Dark - Not Lighted,Clear,0,0,2015.0,1,0,PIERCE (229),BRISTOL
2017,10245,Georgia,0,2,3,April,17,Monday,17,SR-520,State Highway,Rural,Principal Arterial - Other,State Highway Agency,50.0,31.18128056,-82.12780556,Motor Vehicle In-Transport,Angle,T-Intersection,On Roadway,,Daylight,Clear,0,0,2014.0,0,0,BRANTLEY (25),HOBOKEN
2017,10246,Georgia,0,1,3,April,17,Monday,10,I-285 RAMP,Interstate,Urban,Interstate,State Highway Agency,250.0,33.67783611,-84.31853333,Tree (Standing Only),Not a Collision with Motor Vehicle In-Transport,Not an Intersection,On Roadside,,Daylight,Cloudy,0,0,2002.0,1,1,DEKALB (89),NOT APPLICABLE
2017,10247,Georgia,0,1,1,April,17,Monday,24,SR-141,State Highway,Urban,Principal Arterial - Other,City or Municipal Highway Agency,19.0,33.85381389,-84.35922222,Rollover/Overturn,Not a Collision with Motor Vehicle In-Transport,Not an Intersection,On Roadside,,Dark - Lighted,Clear,0,0,2016.0,1,0,FULTON (121),ATLANTA
2017,10248,Georgia,0,2,2,April,17,Monday,17,CR-OLD UNION ROAD,County Road,Rural,Local,County Highway Agency,17.0,33.45099722,-82.30047222,Motor Vehicle In-Transport,Front-to-Front,Not an Intersection,On Roadway,,Daylight,Clear,0,0,2003.0,1,0,COLUMBIA (73),NOT APPLICABLE
2017,10249,Georgia,0,2,3,April,17,Monday,8,SR-256,State Highway,Rural,Major Collector,State Highway Agency,104.0,31.44802778,-83.76956111,Motor Vehicle In-Transport,Angle,Four-Way Intersection,On Roadway,,Daylight,Clear,0,0,2012.0,0,0,WORTH (321),NOT APPLICABLE
2017,10249,Georgia,0,2,3,April,17,Monday,8,SR-256,State Highway,Rural,Major Collector,State Highway Agency,104.0,31.44802778,-83.76956111,Motor Vehicle In-Transport,Angle,Four-Way Intersection,On Roadway,,Daylight,Clear,0,0,1996.0,1,0,WORTH (321),NOT APPLICABLE
2017,10250,Georgia,0,3,6,April,18,Tuesday,14,SR-61,State Highway,Urban,Minor Arterial,State Highway Agency,82.0,33.71799722,-84.93863056,Motor Vehicle In-Transport,Angle,Four-Way Intersection,On Roadway,,Daylight,Clear,0,0,2014.0,0,0,CARROLL (45),VILLA RICA
2017,10251,Georgia,1,1,1,April,18,Tuesday,4,RADIUM SPRINGS ROAD,Local Street - Municipality,Urban,Minor Arterial,City or Municipal Highway Agency,12.0,31.56760833,-84.14053611,Pedestrian,Not a Collision with Motor Vehicle In-Transport,Not an Intersection,On Roadway,,Dark - Not Lighted,Clear,0,0,2007.0,1,0,DOUGHERTY (95),ALBANY
2017,10252,Georgia,0,2,3,April,18,Tuesday,18,SR-9,State Highway,Urban,Minor Arterial,State Highway Agency,142.0,34.24773056,-84.11418056,Motor Vehicle In-Transport,Angle,T-Intersection,On Roadway,,Daylight,Cloudy,0,0,2005.0,1,0,FORSYTH (117),NOT APPLICABLE
2017,10252,Georgia,0,2,3,April,18,Tuesday,18,SR-9,State Highway,Urban,Minor Arterial,State Highway Agency,142.0,34.24773056,-84.11418056,Motor Vehicle In-Transport,Angle,T-Intersection,On Roadway,,Daylight,Cloudy,0,0,2005.0,0,0,FORSYTH (117),NOT APPLICABLE
2017,10253,Georgia,0,2,2,April,18,Tuesday,16,SR-155,State Highway,Urban,Principal Arterial - Other,State Highway Agency,5.0,33.6462,-84.18755833,Motor Vehicle In-Transport,Angle,T-Intersection,On Roadway,,Daylight,Cloudy,0,0,2012.0,0,0,HENRY (151),NOT APPLICABLE
2017,10254,Georgia,0,2,3,April,18,Tuesday,12,US-76,U.S. Highway,Urban,Principal Arterial - Other,State Highway Agency,33.0,34.78291667,-84.81462778,Motor Vehicle In-Transport,Angle,T-Intersection,On Roadway,,Daylight,Cloudy,0,0,2008.0,1,0,MURRAY (213),CHATSWORTH
2017,10255,Georgia,0,1,1,April,18,Tuesday,18,SR-109,State Highway,Rural,Major Collector,State Highway Agency,87.0,33.01495556,-84.41748889,Culvert,Not a Collision with Motor Vehicle In-Transport,Not an Intersection,On Roadside,,Daylight,Clear,0,0,1994.0,1,0,PIKE (231),NOT APPLICABLE
2017,10255,Georgia,0,1,1,April,18,Tuesday,18,SR-109,State Highway,Rural,Major Collector,State Highway Agency,87.0,33.01495556,-84.41748889,Culvert,Not a Collision with Motor Vehicle In-Transport,Not an Intersection,On Roadside,,Daylight,Clear,0,0,2011.0,0,0,PIKE (231),NOT APPLICABLE
2017,10256,Georgia,0,1,1,April,18,Tuesday,24,SR-165,State Highway,Rural,Local,State Highway Agency,0.0,31.87138333,-83.09474444,Rollover/Overturn,Not a Collision with Motor Vehicle In-Transport,Not an Intersection,On Roadside,,Dark - Not Lighted,Clear,0,0,1991.0,1,1,TELFAIR (271),MILAN