YEAR,ST_CASE,STATENAME,NUM_PEDS,NUM_VEHC,PERSONS,MONTHNAME,DAYNAME,DAY_WEEKNAME,HOUR,ROAD_NAME,ROUTENAME,RUR_URBNAME,FUNC_SYSNAME,RD_OWNERNAME,MILE_MARKER,LATITUDE,LONGITUD,HARM_EVNAME,COLLISION_TYPE,TYP_INTNAME,REL_ROADNAME,WRK_ZONENAME,LGT_CONDNAME,WEATHERNAME,SCH_BUS,HIT_RUN,MOD_YEAR,DEATHS,DR_DRINK,COUNTYNAME,CITYNAME
2017,10311,Georgia,0,2,4,May,3,Wednesday,15,US-29 SR-14,U.S. Highway,Urban,Principal Arterial - Other,State Highway Agency,100.0,33.00077778,-85.12082778,Motor Vehicle In-Transport,Front-to-Front,Not an Intersection,On Roadway,,Daylight,Clear,0,0,2009.0,0,0,TROUP (285),NOT APPLICABLE
2017,10311,Georgia,0,2,4,May,3,Wednesday,15,US-29 SR-14,U.S. Highway,Urban,Principal Arterial - Other,State Highway Agency,100.0,33.00077778,-85.12082778,Motor Vehicle In-Transport,Front-to-Front,Not an Intersection,On Roadway,,Daylight,Clear,0,0,2003.0,1,0,TROUP (285),NOT APPLICABLE
2017,10312,Georgia,0,3,3,May,3,Wednesday,15,US-27 SR-1,U.S. Highway,Urban,Principal Arterial - Other,State Highway Agency,271.0,34.95598889,-85.26641111,Motor Vehicle In-Transport,Front-to-Front,Not an Intersection,On Roadway,,Daylight,Clear,0,0,1998.0,1,0,WALKER (295),NOT APPLICABLE
2017,10312,Georgia,0,3,3,May,3,Wednesday,15,US-27 SR-1,U.S. Highway,Urban,Principal Arterial - Other,State Highway Agency,271.0,34.95598889,-85.26641111,Motor Vehicle In-Transport,Front-to-Front,Not an Intersection,On Roadway,,Daylight,Clear,0,0,2013.0,0,0,WALKER (295),NOT APPLICABLE
2017,10313,Georgia,0,1,1,May,4,Thursday,10,US-76 SR-2,U.S. Highway,Rural,Principal Arterial - Other,State Highway Agency,73.16086620262955,34.81253056,-84.36782222,Embankment,Not a Collision with Motor Vehicle In-Transport,Not an Intersection,On Roadside,,Daylight,Rain,0,0,2002.0,0,1,GILMER (123),NOT APPLICABLE
2017,10313,Georgia,0,1,1,May,4,Thursday,10,US-76 SR-2,U.S. Highway,Rural,Principal Arterial - Other,State Highway Agency,73.16086620262955,34.81253056,-84.36782222,Embankment,Not a Collision with Motor Vehicle In-Transport,Not an Intersection,On Roadside,,Daylight,Rain,0,0,2007.0,1,0,GILMER (123),NOT APPLICABLE
2017,10314,Georgia,0,1,1,May,4,Thursday,14,CR-178 MIDWAY CH RD,County Road,Urban,Minor Collector,County Highway Agency,26.0,31.25088611,-82.28452778,Culvert,Not a Collision with Motor Vehicle In-Transport,Not an Intersection,On Roadside,,Daylight,Rain,0,0,2011.0,3,0,PIERCE (229),NOT APPLICABLE
2017,10314,Georgia,0,1,1,May,4,Thursday,14,CR-178 MIDWAY CH RD,County Road,Urban,Minor Collector,County Highway Agency,26.0,31.25088611,-82.28452778,Culvert,Not a Collision with Motor Vehicle In-Transport,Not an Intersection,On Roadside,,Daylight,Rain,0,0,2007.0,0,0,PIERCE (229),NOT APPLICABLE
2017,10315,Georgia,0,2,4,May,4,Thursday,9,US-25 PEACH ORCHARD RD,U.S. Highway,Urban,Principal Arterial - Other,State Highway Agency,52.0,33.312125,-82.05672222,Rollover/Overturn,Not a Collision with Motor Vehicle In-Transport,Not an Intersection,On Median,,Daylight,Clear,0,0,2005.0,1,0,RICHMOND (245),HEPHZIBAH
2017,10316,Georgia,0,2,2,May,4,Thursday,12,US-129,U.S. Highway,Rural,Principal Arterial - Other,State Highway Agency,77.0,34.61070833,-83.77492778,Motor Vehicle In-Transport,Angle,T-Intersection,On Roadway,Construction,Daylight,Clear,0,0,2005.0,0,0,WHITE (311),NOT APPLICABLE
2017,10316,Georgia,0,2,2,May,4,Thursday,12,US-129,U.S. Highway,Rural,Principal Arterial - Other,State Highway Agency,77.0,34.61070833,-83.77492778,Motor Vehicle In-Transport,Angle,T-Intersection,On Roadway,Construction,Daylight,Clear,0,0,2006.0,0,0,WHITE (311),NOT APPLICABLE
2017,10317,Georgia,0,2,3,May,5,Friday,8,US-19 SR-3,U.S. Highway,Rural,Principal Arterial - Other,State Highway Agency,227.0,31.35856944,-84.15665,Motor Vehicle In-Transport,Front-to-Rear,Not an Intersection,On Roadway,,Daylight,Cloudy,0,0,2013.0,1,0,MITCHELL (205),NOT APPLICABLE
2017,10317,Georgia,0,2,3,May,5,Friday,8,US-19 SR-3,U.S. Highway,Rural,Principal Arterial - Other,State Highway Agency,227.0,31.35856944,-84.15665,Motor Vehicle In-Transport,Front-to-Rear,Not an Intersection,On Roadway,,Daylight,Cloudy,0,0,2016.0,0,0,MITCHELL (205),NOT APPLICABLE
2017,10318,Georgia,1,1,1,May,5,Friday,3,US-78 SR-10LO,U.S. Highway,Rural,Principal Arterial - Other,State Highway Agency,73.16086620262955,33.91546944,-83.42350833,Pedestrian,Not a Collision with Motor Vehicle In-Transport,Not an Intersection,On Roadway,,Dark - Not Lighted,Cloudy,0,0,2013.0,1,0,OCONEE (219),NOT APPLICABLE
2017,10319,Georgia,0,1,1,May,5,Friday,17,CR-37 FIVE FORKS RD,County Road,Rural,Minor Arterial,County Highway Agency,64.0,30.81939722,-83.79626944,Tree (Standing Only),Not a Collision with Motor Vehicle In-Transport,Not an Intersection,On Roadside,,Daylight,Clear,0,0,1978.0,1,1,THOMAS (275),NOT APPLICABLE
2017,10320,Georgia,0,1,3,May,6,Saturday,23,CR-141 GEORGE FLOWERS RD,County Road,Rural,Local,County Highway Agency,23.0,31.21476389,-83.625875,Rollover/Overturn,Not a Collision with Motor Vehicle In-Transport,Not an Intersection,On Roadway,,Dark - Not Lighted,Clear,0,0,2003.0,1,0,COLQUITT (71),NOT APPLICABLE
2017,10321,Georgia,0,2,2,May,6,Saturday,17,CR-29 LEE PLACE RD,County Road,Urban,Local,County Highway Agency,17.0,31.79198333,-81.67006389,Motor Vehicle In-Transport,Angle,T-Intersection,On Roadway,,Daylight,Clear,0,0,2003.0,1,0,LONG (183),NOT APPLICABLE
2017,10321,Georgia,0,2,2,May,6,Saturday,17,CR-29 LEE PLACE RD,County Road,Urban,Local,County Highway Agency,17.0,31.79198333,-81.67006389,Motor Vehicle In-Transport,Angle,T-Intersection,On Roadway,,Daylight,Clear,0,0,2010.0,0,1,LONG (183),NOT APPLICABLE
2017,10322,Georgia,0,2,3,May,7,Sunday,20,CR-5186 WESLEY CHAPEL RD,County Road,Urban,Principal Arterial - Other,County Highway Agency,61.0,33.70879167,-84.21815833,Motor Vehicle In-Transport,Angle,T-Intersection,On Roadway,,Dark - Lighted,Clear,0,0,2005.0,1,1,DEKALB (89),NOT APPLICABLE
2017,10323,Georgia,0,1,1,May,7,Sunday,21,CR-OLD HWY 5,County Road,Urban,Local,County Highway Agency,73.16086620262955,34.63113056,-84.51373611,Mail Box,Not a Collision with Motor Vehicle In-Transport,Not an Intersection,On Roadside,,Dark - Not Lighted,Clear,0,0,2001.0,1,0,GILMER (123),ELLIJAY
2017,10324,Georgia,0,4,7,May,7,Sunday,13,I-20,Interstate,Rural,Interstate,State Highway Agency,34.0,33.54623889,-83.19801111,Motor Vehicle In-Transport,Front-to-Rear,Not an Intersection,On Roadway,"Work Zone, Type Unknown",Daylight,Clear,0,0,2013.0,0,0,GREENE (133),NOT APPLICABLE
2017,10325,Georgia,0,1,1,May,7,Sunday,3,SR-116,State Highway,Rural,Major Collector,State Highway Agency,78.0,32.75492778,-84.89359444,Culvert,Not a Collision with Motor Vehicle In-Transport,Not an Intersection,On Roadside,,Dark - Not Lighted,Clear,0,0,2007.0,0,0,HARRIS (145),NOT APPLICABLE
2017,10325,Georgia,0,1,1,May,7,Sunday,3,SR-116,State Highway,Rural,Major Collector,State Highway Agency,78.0,32.75492778,-84.89359444,Culvert,Not a Collision with Motor Vehicle In-Transport,Not an Intersection,On Roadside,,Dark - Not Lighted,Clear,0,0,1993.0,1,0,HARRIS (145),NOT APPLICABLE
2017,10326,Georgia,2,1,2,May,7,Sunday,21,SR-56 MIKE PADGETT HWY,State Highway,Urban,Minor Arterial,State Highway Agency,35.0,33.29063333,-81.95902778,Pedestrian,Not a Collision with Motor Vehicle In-Transport,Not an Intersection,On Roadway,,Dark - Not Lighted,Clear,0,0,2003.0,1,0,RICHMOND (245),AUGUSTA
2017,10326,Georgia,2,1,2,May,7,Sunday,21,SR-56 MIKE PADGETT HWY,State Highway,Urban,Minor Arterial,State Highway Agency,35.0,33.29063333,-81.95902778,Pedestrian,Not a Collision with Motor Vehicle In-Transport,Not an Intersection,On Roadway,,Dark - Not Lighted,Clear,0,0,2014.0,0,0,RICHMOND (245),AUGUSTA
2017,10327,Georgia,0,1,1,May,7,Sunday,19,CR-TRACKROCK GAP RD,County Road,Rural,Major Collector,County Highway Agency,73.16086620262955,34.86903611,-83.88198889,Rollover/Overturn,Not a Collision with Motor Vehicle In-Transport,Not an Intersection,On Roadside,,Daylight,Clear,0,0,2008.0,1,0,UNION (291),NOT APPLICABLE
2017,10328,Georgia,0,3,3,May,8,Monday,17,SR-61,State Highway,Urban,Minor Arterial,State Highway Agency,82.0,33.71809167,-84.93861111,Motor Vehicle In-Transport,Front-to-Front,Four-Way Intersection,On Roadway,,Daylight,Clear,0,0,1994.0,1,0,CARROLL (45),VILLA RICA
2017,10328,Georgia,0,3,3,May,8,Monday,17,SR-61,State Highway,Urban,Minor Arterial,State Highway Agency,82.0,33.71809167,-84.93861111,Motor Vehicle In-Transport,Front-to-Front,Four-Way Intersection,On Roadway,,Daylight,Clear,0,0,2007.0,0,0,CARROLL (45),VILLA RICA
2017,10329,Georgia,0,1,2,May,8,Monday,7,I-16,Interstate,Rural,Interstate,State Highway Agency,67.0,32.40095833,-82.30748889,Rollover/Overturn,Not a Collision with Motor Vehicle In-Transport,Not an Intersection,On Median,,Daylight,Clear,0,0,2003.0,1,0,EMANUEL (107),NOT APPLICABLE
2017,10330,Georgia,1,1,0,May,8,Monday,5,RANDALL ST,Local Street - Municipality,Rural,Local,City or Municipal Highway Agency,2.0,34.42830278,-83.09915278,Other Non-Collision,Not a Collision with Motor Vehicle In-Transport,Not an Intersection,On Roadway,,Dark - Not Lighted,Clear,0,0,1997.0,1,0,FRANKLIN (119),LAVONIA
2017,10330,Georgia,1,1,0,May,8,Monday,5,RANDALL ST,Local Street - Municipality,Rural,Local,City or Municipal Highway Agency,2.0,34.42830278,-83.09915278,Other Non-Collision,Not a Collision with Motor Vehicle In-Transport,Not an Intersection,On Roadway,,Dark - Not Lighted,Clear,0,0,2002.0,1,1,FRANKLIN (119),LAVONIA
2017,10331,Georgia,0,1,1,May,8,Monday,21,CR-94 WHITING RD,County Road,Rural,Local,County Highway Agency,22.0,34.42558056,-83.17631389,Ditch,Not a Collision with Motor Vehicle In-Transport,Not an Intersection,On Roadside,,Dark - Not Lighted,Clear,0,0,2007.0,0,0,FRANKLIN (119),NOT APPLICABLE
2017,10331,Georgia,0,1,1,May,8,Monday,21,CR-94 WHITING RD,County Road,Rural,Local,County Highway Agency,22.0,34.42558056,-83.17631389,Ditch,Not a Collision with Motor Vehicle In-Transport,Not an Intersection,On Roadside,,Dark - Not Lighted,Clear,0,0,1998.0,1,0,FRANKLIN (119),NOT APPLICABLE
2017,10332,Georgia,0,1,1,May,8,Monday,18,SR-97,State Highway,Rural,Minor Arterial,State Highway Agency,39.0,31.13598056,-84.40576944,Tree (Standing Only),Not a Collision with Motor Vehicle In-Transport,Not an Intersection,On Median,,Daylight,Clear,0,0,2008.0,1,1,MITCHELL (205),NOT APPLICABLE
2017,10333,Georgia,0,1,1,May,9,Tuesday,21,SR-121,State Highway,Rural,Principal Arterial - Other,State Highway Agency,2.0,30.36745278,-82.13744167,Traffic Sign Support,Not a Collision with Motor Vehicle In-Transport,T-Intersection,On Roadside,,Dark - Not Lighted,Clear,0,0,2006.0,0,0,CHARLTON (49),NOT APPLICABLE
2017,10333,Georgia,0,1,1,May,9,Tuesday,21,SR-121,State Highway,Rural,Principal Arterial - Other,State Highway Agency,2.0,30.36745278,-82.13744167,Traffic Sign Support,Not a Collision with Motor Vehicle In-Transport,T-Intersection,On Roadside,,Dark - Not Lighted,Clear,0,0,2009.0,1,0,CHARLTON (49),NOT APPLICABLE
2017,10334,Georgia,0,2,7,May,9,Tuesday,20,US-27 SR-1,U.S. Highway,Urban,Principal Arterial - Other,State Highway Agency,137.0,34.47688889,-85.29655,Motor Vehicle In-Transport,Angle,Not an Intersection,On Roadway,,Dusk,Clear,0,0,2016.0,1,0,CHATTOOGA (55),SUMMERVILLE
2017,10335,Georgia,0,1,1,May,9,Tuesday,4,CR-775 CONNS CREEK RD,County Road,Rural,Major Collector,County Highway Agency,24.0,34.33294167,-84.31444722,Rollover/Overturn,Not a Collision with Motor Vehicle In-Transport,Not an Intersection,On Roadside,,Dark - Not Lighted,Clear,0,0,1999.0,1,0,CHEROKEE (57),BALL GROUND
2017,10336,Georgia,0,1,2,May,9,Tuesday,1,US-19 DOGWOOD DR,U.S. Highway,Urban,Minor Arterial,State Highway Agency,17.0,33.66381111,-84.40863056,Wall,Not a Collision with Motor Vehicle In-Transport,Not an Intersection,On Roadside,Construction,Dark - Lighted,Clear,0,0,2012.0,1,0,FULTON (121),HAPEVILLE
2017,10337,Georgia,0,1,1,May,9,Tuesday,1,CR-45 COLDWATER CREEK RD,County Road,Rural,Minor Collector,County Highway Agency,0.0,34.26410833,-82.89378611,Tree (Standing Only),Not a Collision with Motor Vehicle In-Transport,Not an Intersection,On Roadside,,Dark - Not Lighted,Clear,0,0,2015.0,0,0,HART (147),NOT APPLICABLE
2017,10338,Georgia,0,1,2,May,9,Tuesday,21,SR-231,State Highway,Rural,Major Collector,State Highway Agency,47.0,32.84156667,-82.691425,Traffic Sign Support,Not a Collision with Motor Vehicle In-Transport,Not an Intersection,On Roadside,,Dark - Not Lighted,Clear,0,0,2004.0,1,0,WASHINGTON (303),NOT APPLICABLE
2017,10339,Georgia,0,2,2,May,10,Wednesday,9,SR-70,State Highway,Urban,Minor Arterial,State Highway Agency,10.0,33.41438611,-84.81199722,Motor Vehicle In-Transport,Angle,Not an Intersection,On Roadway,,Daylight,Clear,0,0,2007.0,1,1,COWETA (77),NOT APPLICABLE
2017,10340,Georgia,0,1,1,May,11,Thursday,22,US-341 SR-27,U.S. Highway,Rural,Principal Arterial - Other,State Highway Agency,59.0,31.805525,-82.42620833,Ditch,Not a Collision with Motor Vehicle In-Transport,Not an Intersection,On Median,,Dark - Not Lighted,Clear,0,0,2010.0,1,0,APPLING (1),NOT APPLICABLE
2017,10341,Georgia,0,2,3,May,11,Thursday,19,CR-149 ANTIOCH RD,County Road,Rural,Major Collector,County Highway Agency,23.0,33.37028611,-84.43376667,Motor Vehicle In-Transport,Angle,Four-Way Intersection,On Roadway,,Daylight,Clear,0,1,2006.0,0,0,FAYETTE (113),NOT APPLICABLE
2017,10342,Georgia,0,2,2,May,11,Thursday,11,CR-5 KELLY MILL RD,County Road,Urban,Minor Collector,County Highway Agency,29.0,34.20834722,-84.21975556,Motor Vehicle In-Transport,Front-to-Front,Four-Way Intersection,On Roadway,,Daylight,Clear,0,0,2016.0,1,0,FORSYTH (117),NOT APPLICABLE
2017,10342,Georgia,0,2,2,May,11,Thursday,11,CR-5 KELLY MILL RD,County Road,Urban,Minor Collector,County Highway Agency,29.0,34.20834722,-84.21975556,Motor Vehicle In-Transport,Front-to-Front,Four-Way Intersection,On Roadway,,Daylight,Clear,0,0,2006.0,1,0,FORSYTH (117),NOT APPLICABLE
2017,10343,Georgia,0,4,4,May,12,Friday,19,SR-12 COVINGTON HWY,State Highway,Urban,Minor Arterial,State Highway Agency,77.0,33.71654444,-84.13535,Motor Vehicle In-Transport,Front-to-Rear,Not an Intersection,On Roadway,,Daylight,Clear,0,1,2004.0,1,0,DEKALB (89),NOT APPLICABLE
2017,10343,Georgia,0,4,4,May,12,Friday,19,SR-12 COVINGTON HWY,State Highway,Urban,Minor Arterial,State Highway Agency,77.0,33.71654444,-84.13535,Motor Vehicle In-Transport,Front-to-Rear,Not an Intersection,On Roadway,,Daylight,Clear,0,0,2009.0,0,0,DEKALB (89),NOT APPLICABLE
2017,10344,Georgia,0,2,2,May,12,Friday,21,I-285,Interstate,Urban,Interstate,State Highway Agency,22.0,33.65641944,-84.49750833,Motor Vehicle In-Transport,Front-to-Rear,Not an Intersection,On Roadway,,Dark - Not Lighted,Clear,0,0,2006.0,1,0,FULTON (121),EAST POINT
2017,10345,Georgia,0,2,4,May,12,Friday,12,I-95,Interstate,Urban,Interstate,State Highway Agency,53.0,31.1854,-81.54278889,Motor Vehicle In-Transport,Sideswipe - Same Direction,Not an Intersection,On Roadway,,Daylight,Clear,0,1,2007.0,0,0,GLYNN (127),NOT APPLICABLE
2017,10345,Georgia,0,2,4,May,12,Friday,12,I-95,Interstate,Urban,Interstate,State Highway Agency,53.0,31.1854,-81.54278889,Motor Vehicle In-Transport,Sideswipe - Same Direction,Not an Intersection,On Roadway,,Daylight,Clear,0,0,1995.0,0,0,GLYNN (127),NOT APPLICABLE
2017,10346,Georgia,0,1,1,May,12,Friday,1,US-278 SR-12,U.S. Highway,Rural,Minor Arterial,State Highway Agency,150.0,33.60253056,-83.12371944,Mail Box,Not a Collision with Motor Vehicle In-Transport,Not an Intersection,On Roadside,,Dark - Not Lighted,Clear,0,0,2008.0,1,0,GREENE (133),NOT APPLICABLE
2017,10346,Georgia,0,1,1,May,12,Friday,1,US-278 SR-12,U.S. Highway,Rural,Minor Arterial,State Highway Agency,150.0,33.60253056,-83.12371944,Mail Box,Not a Collision with Motor Vehicle In-Transport,Not an Intersection,On Roadside,,Dark - Not Lighted,Clear,0,0,2005.0,0,0,GREENE (133),NOT APPLICABLE
2017,10347,Georgia,0,1,3,May,12,Friday,17,I-185,Interstate,Urban,Interstate,State Highway Agency,117.0,32.57427222,-84.96189722,Tree (Standing Only),Not a Collision with Motor Vehicle In-Transport,Not an Intersection,On Roadside,,Daylight,Cloudy,0,0,1998.0,2,0,MUSCOGEE (215),COLUMBUS
2017,10347,Georgia,0,1,3,May,12,Friday,17,I-185,Interstate,Urban,Interstate,State Highway Agency,117.0,32.57427222,-84.96189722,Tree (Standing Only),Not a Collision with Motor Vehicle In-Transport,Not an Intersection,On Roadside,,Daylight,Cloudy,0,0,2000.0,0,0,MUSCOGEE (215),COLUMBUS
2017,10348,Georgia,1,1,1,May,12,Friday,23,US-441 SR-31,U.S. Highway,Rural,Principal Arterial - Other,State Highway Agency,25.0,31.82932778,-82.97726944,Pedestrian,Not a Collision with Motor Vehicle In-Transport,Not an Intersection,On Roadway,,Dark - Not Lighted,Clear,0,0,1992.0,1,0,TELFAIR (271),NOT APPLICABLE
2017,10348,Georgia,1,1,1,May,12,Friday,23,US-441 SR-31,U.S. Highway,Rural,Principal Arterial - Other,State Highway Agency,25.0,31.82932778,-82.97726944,Pedestrian,Not a Collision with Motor Vehicle In-Transport,Not an Intersection,On Roadway,,Dark - Not Lighted,Clear,0,0,2012.0,0,0,TELFAIR (271),NOT APPLICABLE
2017,10349,Georgia,0,2,5,May,12,Friday,17,US-27 SR-1,U.S. Highway,Urban,Principal Arterial - Other,State Highway Agency,190.0,33.07313333,-85.02795556,Motor Vehicle In-Transport,Angle,Not an Intersection,On Roadway,,Daylight,Cloudy,0,0,1991.0,2,0,TROUP (285),NOT APPLICABLE
2017,10349,Georgia,0,2,5,May,12,Friday,17,US-27 SR-1,U.S. Highway,Urban,Principal Arterial - Other,State Highway Agency,190.0,33.07313333,-85.02795556,Motor Vehicle In-Transport,Angle,Not an Intersection,On Roadway,,Daylight,Cloudy,0,0,1993.0,0,0,TROUP (285),NOT APPLICABLE
2017,10349,Georgia,0,2,5,May,12,Friday,17,US-27 SR-1,U.S. Highway,Urban,Principal Arterial - Other,State Highway Agency,190.0,33.07313333,-85.02795556,Motor Vehicle In-Transport,Angle,Not an Intersection,On Roadway,,Daylight,Cloudy,0,0,2011.0,0,0,TROUP (285),NOT APPLICABLE
2017,10349,Georgia,0,2,5,May,12,Friday,17,US-27 SR-1,U.S. Highway,Urban,Principal Arterial - Other,State Highway Agency,190.0,33.07313333,-85.02795556,Motor Vehicle In-Transport,Angle,Not an Intersection,On Roadway,,Daylight,Cloudy,0,0,2010.0,0,0,TROUP (285),NOT APPLICABLE
2017,10350,Georgia,0,2,2,May,12,Friday,10,US-129 SR-11,U.S. Highway,Rural,Principal Arterial - Other,State Highway Agency,176.0,34.89816389,-84.005275,Motor Vehicle In-Transport,Front-to-Front,Not an Intersection,On Roadway,,Daylight,Cloudy,0,0,2004.0,1,1,UNION (291),NOT APPLICABLE
2017,10350,Georgia,0,2,2,May,12,Friday,10,US-129 SR-11,U.S. Highway,Rural,Principal Arterial - Other,State Highway Agency,176.0,34.89816389,-84.005275,Motor Vehicle In-Transport,Front-to-Front,Not an Intersection,On Roadway,,Daylight,Cloudy,0,0,2012.0,0,0,UNION (291),NOT APPLICABLE
2017,10351,Georgia,0,2,8,May,14,Sunday,19,SR-49,State Highway,Rural,Minor Arterial,State Highway Agency,45.0,33.03173611,-83.31764167,Motor Vehicle In-Transport,Front-to-Front,Not an Intersection,On Roadway,Maintenance,Daylight,Clear,0,0,2001.0,1,1,BALDWIN (9),NOT APPLICABLE
2017,10352,Georgia,0,1,5,May,14,Sunday,8,I-95,Interstate,Urban,Interstate,State Highway Agency,10.0,30.75883889,-81.65205,Guardrail Face,Not a Collision with Motor Vehicle In-Transport,Not an Intersection,On Median,,Daylight,Clear,0,0,2002.0,1,1,CAMDEN (39),KINGSLAND
2017,10353,Georgia,1,1,2,May,14,Sunday,1,US-23 SR-13,U.S. Highway,Urban,Minor Arterial,State Highway Agency,33.0,33.94120278,-84.208475,Pedestrian,Not a Collision with Motor Vehicle In-Transport,Four-Way Intersection,On Roadway,,Dark - Lighted,Cloudy,0,0,2004.0,1,0,GWINNETT (135),NORCROSS
2017,10353,Georgia,1,1,2,May,14,Sunday,1,US-23 SR-13,U.S. Highway,Urban,Minor Arterial,State Highway Agency,33.0,33.94120278,-84.208475,Pedestrian,Not a Collision with Motor Vehicle In-Transport,Four-Way Intersection,On Roadway,,Dark - Lighted,Cloudy,0,0,2015.0,0,0,GWINNETT (135),NORCROSS
2017,10354,Georgia,0,2,4,May,14,Sunday,15,US-78 THOMPSON BYP,U.S. Highway,Urban,Minor Arterial,State Highway Agency,73.16086620262955,33.47605556,-82.47147778,Motor Vehicle In-Transport,Angle,Four-Way Intersection,On Roadway,,Daylight,Clear,0,0,2005.0,1,0,MCDUFFIE (189),NOT APPLICABLE
2017,10355,Georgia,0,1,2,May,14,Sunday,13,I-20,Interstate,Rural,Interstate,State Highway Agency,61.0,33.52648056,-82.88856944,Culvert,Not a Collision with Motor Vehicle In-Transport,Not an Intersection,On Median,,Daylight,Clear,0,0,2005.0,1,0,TALIAFERRO (265),NOT APPLICABLE
2017,10355,Georgia,0,1,2,May,14,Sunday,13,I-20,Interstate,Rural,Interstate,State Highway Agency,61.0,33.52648056,-82.88856944,Culvert,Not a Collision with Motor Vehicle In-Transport,Not an Intersection,On Median,,Daylight,Clear,0,0,2009.0,1,0,TALIAFERRO (265),NOT APPLICABLE
2017,10355,Georgia,0,1,2,May,14,Sunday,13,I-20,Interstate,Rural,Interstate,State Highway Agency,61.0,33.52648056,-82.88856944,Culvert,Not a Collision with Motor Vehicle In-Transport,Not an Intersection,On Median,,Daylight,Clear,0,0,2002.0,0,0,TALIAFERRO (265),NOT APPLICABLE
2017,10356,Georgia,0,2,5,May,14,Sunday,18,2ND ST E,Local Street - Municipality,Urban,Local,City or Municipal Highway Agency,0.0,31.45232778,-83.50262222,Motor Vehicle In-Transport,Front-to-Front,Y-Intersection,On Roadway,,Daylight,Clear,0,0,2000.0,1,0,TIFT (277),TIFTON
2017,10357,Georgia,0,2,5,May,15,Monday,4,CR-1337 FLINT RIVER RD,County Road,Urban,Minor Arterial,County Highway Agency,21.0,33.51822778,-84.39098056,Ditch,Not a Collision with Motor Vehicle In-Transport,T-Intersection,On Roadside,,Dark - Lighted,Clear,0,0,2008.0,1,0,CLAYTON (63),JONESBORO
2017,10358,Georgia,0,1,1,May,15,Monday,17,CR-221 S OLD BELAIR RD,County Road,Urban,Minor Arterial,County Highway Agency,18.0,33.49061111,-82.16688889,Embankment,Not a Collision with Motor Vehicle In-Transport,Y-Intersection,On Roadside,,Daylight,Clear,0,0,2017.0,1,0,COLUMBIA (73),NOT APPLICABLE
2017,10359,Georgia,0,2,3,May,15,Monday,6,I-95,Interstate,Urban,Interstate,State Highway Agency,103.0,31.24265556,-81.50146667,Guardrail Face,Not a Collision with Motor Vehicle In-Transport,Not an Intersection,On Median,,Dawn,Clear,0,0,2009.0,0,0,GLYNN (127),NOT APPLICABLE
2017,10360,Georgia,0,2,2,May,15,Monday,13,US-319 SR-26,U.S. Highway,Urban,Principal Arterial - Other,State Highway Agency,181.0,32.54149722,-82.90025278,Motor Vehicle In-Transport,Angle,Four-Way Intersection,On Roadway,,Daylight,Clear,0,0,2017.0,0,0,LAURENS (175),DUBLIN
2017,10361,Georgia,0,2,2,May,15,Monday,21,SR-212,State Highway,Urban,Minor Arterial,State Highway Agency,87.0,33.45514444,-83.95346667,Motor Vehicle In-Transport,Angle,Four-Way Intersection,On Roadway,,Dark - Not Lighted,Clear,0,0,1996.0,1,0,NEWTON (217),NOT APPLICABLE
2017,10362,Georgia,0,2,5,May,18,Thursday,11,NINA ST,Local Street - Municipality,Urban,Local,City or Municipal Highway Agency,0.0,32.45758611,-84.96251944,Motor Vehicle In-Transport,Unknown,Not an Intersection,On Roadway,,Daylight,Clear,0,0,2006.0,1,0,MUSCOGEE (215),COLUMBUS
2017,10363,Georgia,1,1,1,January,10,Tuesday,23,SR-138,State Highway,Urban,Principal Arterial - Other,State Highway Agency,14.0,33.55057222,-84.43365556,Pedestrian,Not a Collision with Motor Vehicle In-Transport,Not an Intersection,On Roadway,,Dark - Not Lighted,Clear,0,0,2004.0,1,1,CLAYTON (63),NOT APPLICABLE
2017,10363,Georgia,1,1,1,January,10,Tuesday,23,SR-138,State Highway,Urban,Principal Arterial - Other,State Highway Agency,14.0,33.55057222,-84.43365556,Pedestrian,Not a Collision with Motor Vehicle In-Transport,Not an Intersection,On Roadway,,Dark - Not Lighted,Clear,0,0,2015.0,0,0,CLAYTON (63),NOT APPLICABLE
2017,10364,Georgia,0,1,1,May,15,Monday,6,SOUTH HILL STREET,Local Street - Municipality,Urban,Minor Arterial,City or Municipal Highway Agency,27.0,33.23026111,-84.26575833,Tree (Standing Only),Not a Collision with Motor Vehicle In-Transport,Not an Intersection,On Roadside,,Daylight,Clear,0,0,2017.0,2,0,SPALDING (255),GRIFFIN
2017,10365,Georgia,0,1,1,May,15,Monday,5,CR-EAST ARMUCHEE ROAD,County Road,Rural,Major Collector,County Highway Agency,48.0,34.600775,-85.13551944,Culvert,Not a Collision with Motor Vehicle In-Transport,Not an Intersection,On Roadside,,Dark - Not Lighted,Clear,0,0,2005.0,0,0,WALKER (295),NOT APPLICABLE
2017,10365,Georgia,0,1,1,May,15,Monday,5,CR-EAST ARMUCHEE ROAD,County Road,Rural,Major Collector,County Highway Agency,48.0,34.600775,-85.13551944,Culvert,Not a Collision with Motor Vehicle In-Transport,Not an Intersection,On Roadside,,Dark - Not Lighted,Clear,0,0,2007.0,0,0,WALKER (295),NOT APPLICABLE
2017,10366,Georgia,0,2,2,May,16,Tuesday,20,I-95,Interstate,Rural,Interstate,State Highway Agency,239.0,31.07242778,-81.6227,Rollover/Overturn,Not a Collision with Motor Vehicle In-Transport,Not an Intersection,On Roadway,,Dark - Not Lighted,Clear,0,0,2006.0,0,0,CAMDEN (39),WAVERLY
2017,10367,Georgia,1,1,3,May,16,Tuesday,17,DELMAR LANE,Local Street - Municipality,Urban,Local,City or Municipal Highway Agency,3.0,33.75531944,-84.48550556,Pedestrian,Not a Collision with Motor Vehicle In-Transport,Not an Intersection,On Roadway,,Daylight,Clear,0,0,2008.0,1,0,FULTON (121),ATLANTA