YEAR,ST_CASE,STATENAME,NUM_PEDS,NUM_VEHC,PERSONS,MONTHNAME,DAYNAME,DAY_WEEKNAME,HOUR,ROAD_NAME,ROUTENAME,RUR_URBNAME,FUNC_SYSNAME,RD_OWNERNAME,MILE_MARKER,LATITUDE,LONGITUD,HARM_EVNAME,COLLISION_TYPE,TYP_INTNAME,REL_ROADNAME,WRK_ZONENAME,LGT_CONDNAME,WEATHERNAME,SCH_BUS,HIT_RUN,MOD_YEAR,DEATHS,DR_DRINK,COUNTYNAME,CITYNAME
2017,10368,Georgia,0,1,1,May,16,Tuesday,10,SR-11,State Highway,Rural,Principal Arterial - Other,State Highway Agency,70.0,34.70856111,-83.91183333,Embankment,Not a Collision with Motor Vehicle In-Transport,Not an Intersection,On Roadside,,Daylight,Cloudy,0,0,2007.0,1,0,LUMPKIN (187),NOT APPLICABLE
2017,10369,Georgia,0,1,1,May,16,Tuesday,17,I-20,Interstate,Rural,Interstate,State Highway Agency,2.0,33.60189167,-83.657175,Rollover/Overturn,Not a Collision with Motor Vehicle In-Transport,Not an Intersection,On Median,,Daylight,Clear,0,0,1998.0,1,1,MORGAN (211),NOT APPLICABLE
2017,10369,Georgia,0,1,1,May,16,Tuesday,17,I-20,Interstate,Rural,Interstate,State Highway Agency,2.0,33.60189167,-83.657175,Rollover/Overturn,Not a Collision with Motor Vehicle In-Transport,Not an Intersection,On Median,,Daylight,Clear,0,0,2015.0,0,0,MORGAN (211),NOT APPLICABLE
2017,10370,Georgia,0,2,3,May,16,Tuesday,12,SR-16,State Highway,Urban,Principal Arterial - Other,State Highway Agency,161.0,33.24713333,-84.26379167,Embankment,Not a Collision with Motor Vehicle In-Transport,Four-Way Intersection,On Roadside,,Daylight,Clear,0,0,2005.0,1,0,SPALDING (255),NOT APPLICABLE
2017,10371,Georgia,0,2,3,May,17,Wednesday,10,6TH ST NE,Local Street - Municipality,Urban,Minor Collector,City or Municipal Highway Agency,8.0,31.18180833,-83.78176111,Motor Vehicle In-Transport,Angle,Four-Way Intersection,On Roadway,,Daylight,Clear,0,0,2017.0,1,0,COLQUITT (71),MOULTRIE
2017,10371,Georgia,0,2,3,May,17,Wednesday,10,6TH ST NE,Local Street - Municipality,Urban,Minor Collector,City or Municipal Highway Agency,8.0,31.18180833,-83.78176111,Motor Vehicle In-Transport,Angle,Four-Way Intersection,On Roadway,,Daylight,Clear,0,0,2017.0,0,0,COLQUITT (71),MOULTRIE
2017,10372,Georgia,0,1,2,May,17,Wednesday,16,I-20,Interstate,Urban,Interstate,State Highway Agency,97.0,33.48830833,-82.24185556,Guardrail Face,Not a Collision with Motor Vehicle In-Transport,Not an Intersection,On Median,,Daylight,Clear,0,0,2016.0,0,0,COLUMBIA (73),NOT APPLICABLE
2017,10373,Georgia,0,2,2,May,17,Wednesday,19,SR-347,State Highway,Urban,Minor Arterial,State Highway Agency,34.0,34.144375,-83.95668333,Motor Vehicle In-Transport,Angle,T-Intersection,On Roadway,,Daylight,Clear,0,0,2003.0,1,1,HALL (139),Other
2017,10374,Georgia,0,1,2,May,17,Wednesday,3,NORTH MAIN STREET,Local Street - Municipality,Rural,Local,City or Municipal Highway Agency,0.0,30.68424722,-83.17969167,Tree (Standing Only),Not a Collision with Motor Vehicle In-Transport,Four-Way Intersection,On Roadside,,Dark - Not Lighted,Clear,0,0,1995.0,1,0,LOWNDES (185),LAKE PARK
2017,10374,Georgia,0,1,2,May,17,Wednesday,3,NORTH MAIN STREET,Local Street - Municipality,Rural,Local,City or Municipal Highway Agency,0.0,30.68424722,-83.17969167,Tree (Standing Only),Not a Collision with Motor Vehicle In-Transport,Four-Way Intersection,On Roadside,,Dark - Not Lighted,Clear,0,0,2013.0,0,0,LOWNDES (185),LAKE PARK
2017,10375,Georgia,0,1,3,May,17,Wednesday,3,CR-OLD DAIRY ROAD,County Road,Rural,Local,County Highway Agency,7.0,32.24828889,-82.50258611,Tree (Standing Only),Not a Collision with Motor Vehicle In-Transport,Not an Intersection,On Roadside,,Dark - Not Lighted,Clear,0,0,2011.0,1,1,MONTGOMERY (209),NOT APPLICABLE
2017,10376,Georgia,0,2,4,May,17,Wednesday,21,MARTIN LUTHER KING JR BLVD,Local Street - Municipality,Urban,Minor Arterial,City or Municipal Highway Agency,7.0,32.45776389,-84.97018333,Motor Vehicle In-Transport,Sideswipe - Opposite Direction,Not an Intersection,On Roadway,,Daylight,Clear,0,0,2003.0,1,0,MUSCOGEE (215),COLUMBUS
2017,10377,Georgia,0,1,1,May,17,Wednesday,15,I-20,Interstate,Urban,Interstate,State Highway Agency,24.0,33.62821389,-83.94838056,Tree (Standing Only),Not a Collision with Motor Vehicle In-Transport,Not an Intersection,On Roadside,,Daylight,Clear,0,0,2002.0,1,1,NEWTON (217),NOT APPLICABLE
2017,10378,Georgia,0,2,2,May,18,Thursday,24,I-75,Interstate,Urban,Interstate,State Highway Agency,126.0,34.20563056,-84.76173333,Concrete Traffic Barrier,Not a Collision with Motor Vehicle In-Transport,Not an Intersection,On Median,,Dark - Not Lighted,Clear,0,0,2013.0,1,0,BARTOW (15),CARTERSVILLE
2017,10379,Georgia,0,1,1,May,18,Thursday,19,SR-404,State Highway,Rural,Interstate,State Highway Agency,92.0,32.28776111,-81.79619167,Embankment,Not a Collision with Motor Vehicle In-Transport,Not an Intersection,On Median,,Daylight,Clear,0,0,2012.0,0,0,BULLOCH (31),NOT APPLICABLE
2017,10380,Georgia,0,3,3,May,18,Thursday,15,SR-332,State Highway,Urban,Major Collector,State Highway Agency,53.0,34.12096111,-83.69141389,Motor Vehicle In-Transport,Sideswipe - Opposite Direction,Not an Intersection,On Roadway,,Daylight,Cloudy,0,0,2004.0,1,1,JACKSON (157),HOSCHTON
2017,10381,Georgia,0,2,2,May,18,Thursday,7,CR-BROWN BRIDGE ROAD,County Road,Urban,Minor Arterial,County Highway Agency,13.0,33.56932778,-83.98706389,Motor Vehicle In-Transport,Front-to-Front,T-Intersection,On Roadway,,Daylight,Clear,0,0,2016.0,1,0,NEWTON (217),NOT APPLICABLE
2017,10382,Georgia,0,1,2,May,18,Thursday,2,SR-35,State Highway,Rural,Principal Arterial - Other,State Highway Agency,11.0,30.83915833,-84.00694167,Rollover/Overturn,Not a Collision with Motor Vehicle In-Transport,Not an Intersection,On Roadside,,Dark - Not Lighted,Clear,0,0,1997.0,2,0,THOMAS (275),THOMASVILLE
2017,10383,Georgia,0,1,2,May,19,Friday,8,I-75,Interstate,Urban,Interstate,State Highway Agency,36.0,32.74449167,-83.71882778,Concrete Traffic Barrier,Not a Collision with Motor Vehicle In-Transport,Not an Intersection,On Median,,Daylight,Clear,0,0,2003.0,1,0,BIBB (21),MACON
2017,10384,Georgia,0,2,2,May,19,Friday,18,SR-119,State Highway,Rural,Minor Arterial,State Highway Agency,102.0,32.290875,-81.45935833,Motor Vehicle In-Transport,Front-to-Front,Not an Intersection,On Roadway,,Daylight,Cloudy,0,0,2017.0,0,0,BULLOCH (31),Other
2017,10384,Georgia,0,2,2,May,19,Friday,18,SR-119,State Highway,Rural,Minor Arterial,State Highway Agency,102.0,32.290875,-81.45935833,Motor Vehicle In-Transport,Front-to-Front,Not an Intersection,On Roadway,,Daylight,Cloudy,0,0,2017.0,1,0,BULLOCH (31),Other
2017,10385,Georgia,0,1,1,May,19,Friday,11,HIGHTOWER ROAD,Local Street - Municipality,Rural,Minor Arterial,City or Municipal Highway Agency,38.0,34.28996111,-84.27019167,Rollover/Overturn,Not a Collision with Motor Vehicle In-Transport,Not an Intersection,On Roadside,,Daylight,Clear,0,0,2007.0,1,0,CHEROKEE (57),BALL GROUND
2017,10386,Georgia,1,1,1,May,19,Friday,23,PADEN DRIVE,Local Street - Municipality,Urban,Local,City or Municipal Highway Agency,5.0,33.937475,-84.07322222,Pedalcyclist,Not a Collision with Motor Vehicle In-Transport,Not an Intersection,On Roadway,,Dark - Lighted,Clear,0,0,2016.0,1,1,GWINNETT (135),LAWRENCEVILLE
2017,10387,Georgia,0,2,2,May,19,Friday,9,SR-119,State Highway,Urban,Minor Arterial,State Highway Agency,196.0,31.84605556,-81.60304444,Motor Vehicle In-Transport,Angle,Four-Way Intersection,On Roadway,,Daylight,Cloudy,0,0,2008.0,0,0,LIBERTY (179),HINESVILLE
2017,10387,Georgia,0,2,2,May,19,Friday,9,SR-119,State Highway,Urban,Minor Arterial,State Highway Agency,196.0,31.84605556,-81.60304444,Motor Vehicle In-Transport,Angle,Four-Way Intersection,On Roadway,,Daylight,Cloudy,0,0,2016.0,1,0,LIBERTY (179),HINESVILLE
2017,10388,Georgia,0,2,2,May,19,Friday,20,CR-BOLD SPRINGS ROAD,County Road,Rural,Minor Arterial,County Highway Agency,9.0,33.90468333,-83.81282778,Motor Vehicle In-Transport,Front-to-Front,Not an Intersection,On Roadway,,Dark - Not Lighted,Clear,0,0,1997.0,1,1,WALTON (297),NOT APPLICABLE
2017,10388,Georgia,0,2,2,May,19,Friday,20,CR-BOLD SPRINGS ROAD,County Road,Rural,Minor Arterial,County Highway Agency,9.0,33.90468333,-83.81282778,Motor Vehicle In-Transport,Front-to-Front,Not an Intersection,On Roadway,,Dark - Not Lighted,Clear,0,0,1993.0,0,0,WALTON (297),NOT APPLICABLE
2017,10389,Georgia,0,1,1,May,19,Friday,21,I-75,Interstate,Rural,Interstate,State Highway Agency,50.0,34.68978333,-85.00279722,Rollover/Overturn,Not a Collision with Motor Vehicle In-Transport,Not an Intersection,Gore,,Dark - Not Lighted,Clear,0,0,2011.0,0,0,WHITFIELD (313),DALTON
2017,10389,Georgia,0,1,1,May,19,Friday,21,I-75,Interstate,Rural,Interstate,State Highway Agency,50.0,34.68978333,-85.00279722,Rollover/Overturn,Not a Collision with Motor Vehicle In-Transport,Not an Intersection,Gore,,Dark - Not Lighted,Clear,0,0,1985.0,1,0,WHITFIELD (313),DALTON
2017,10390,Georgia,0,1,3,May,20,Saturday,3,SR-8,State Highway,Urban,Principal Arterial - Other,State Highway Agency,117.0,33.863175,-84.19849722,Mail Box,Not a Collision with Motor Vehicle In-Transport,Not an Intersection,On Roadside,,Dark - Not Lighted,Clear,0,0,2005.0,1,0,DEKALB (89),NOT APPLICABLE
2017,10391,Georgia,0,2,7,May,20,Saturday,11,CR-SPRING FLATS ROAD,County Road,Rural,Major Collector,County Highway Agency,31.0,31.50754167,-83.99717222,Motor Vehicle In-Transport,Angle,Four-Way Intersection,On Roadway,,Daylight,Clear,0,0,1981.0,1,0,DOUGHERTY (95),NOT APPLICABLE
2017,10391,Georgia,0,2,7,May,20,Saturday,11,CR-SPRING FLATS ROAD,County Road,Rural,Major Collector,County Highway Agency,31.0,31.50754167,-83.99717222,Motor Vehicle In-Transport,Angle,Four-Way Intersection,On Roadway,,Daylight,Clear,0,0,2013.0,0,0,DOUGHERTY (95),NOT APPLICABLE
2017,10391,Georgia,0,2,7,May,20,Saturday,11,CR-SPRING FLATS ROAD,County Road,Rural,Major Collector,County Highway Agency,31.0,31.50754167,-83.99717222,Motor Vehicle In-Transport,Angle,Four-Way Intersection,On Roadway,,Daylight,Clear,0,0,2005.0,0,0,DOUGHERTY (95),NOT APPLICABLE
2017,10392,Georgia,0,2,6,May,20,Saturday,18,SR-282,State Highway,Rural,Major Collector,State Highway Agency,17.0,34.68943889,-84.73192778,Motor Vehicle In-Transport,Front-to-Front,Not an Intersection,On Roadway,,Daylight,Cloudy,0,0,1965.0,1,0,MURRAY (213),NOT APPLICABLE
2017,10393,Georgia,1,2,2,May,20,Saturday,23,I-20,Interstate,Urban,Interstate,State Highway Agency,29.0,33.66533333,-84.03030833,Pedestrian,Not a Collision with Motor Vehicle In-Transport,Not an Intersection,On Roadway,,Dark - Not Lighted,Clear,0,0,1998.0,1,1,ROCKDALE (247),CONYERS
2017,10394,Georgia,0,2,4,May,21,Sunday,15,US-27 SR-1,U.S. Highway,Urban,Principal Arterial - Other,State Highway Agency,182.0,33.65199722,-85.13841944,Motor Vehicle In-Transport,Front-to-Rear,Not an Intersection,On Roadway,,Daylight,Clear,0,0,2015.0,1,0,CARROLL (45),CARROLLTON
2017,10395,Georgia,0,1,1,May,21,Sunday,6,CR-HARLEM GROVETOWN ROAD,County Road,Urban,Minor Collector,County Highway Agency,39.0,33.45095833,-82.242525,Embankment,Not a Collision with Motor Vehicle In-Transport,Not an Intersection,On Roadside,,Daylight,Cloudy,0,0,2007.0,1,1,COLUMBIA (73),NOT APPLICABLE
2017,10396,Georgia,0,1,3,May,21,Sunday,3,SOUTH BROAD STREET,Local Street - Municipality,Rural,Minor Arterial,City or Municipal Highway Agency,116.0,32.30818056,-84.52150556,Fire Hydrant,Not a Collision with Motor Vehicle In-Transport,Not an Intersection,On Roadside,,Dark - Not Lighted,Rain,0,0,2000.0,1,0,MARION (197),BUENA VISTA
2017,10397,Georgia,0,1,2,May,21,Sunday,4,I-20,Interstate,Urban,Interstate,State Highway Agency,50.0,33.52841389,-82.01791667,Bridge Rail (Includes parapet),Not a Collision with Motor Vehicle In-Transport,Not an Intersection,On Roadside,,Dark - Not Lighted,Cloudy,0,0,2006.0,1,0,RICHMOND (245),AUGUSTA
2017,10397,Georgia,0,1,2,May,21,Sunday,4,I-20,Interstate,Urban,Interstate,State Highway Agency,50.0,33.52841389,-82.01791667,Bridge Rail (Includes parapet),Not a Collision with Motor Vehicle In-Transport,Not an Intersection,On Roadside,,Dark - Not Lighted,Cloudy,0,0,2007.0,0,0,RICHMOND (245),AUGUSTA
2017,10397,Georgia,0,1,2,May,21,Sunday,4,I-20,Interstate,Urban,Interstate,State Highway Agency,50.0,33.52841389,-82.01791667,Bridge Rail (Includes parapet),Not a Collision with Motor Vehicle In-Transport,Not an Intersection,On Roadside,,Dark - Not Lighted,Cloudy,0,0,2010.0,0,0,RICHMOND (245),AUGUSTA
2017,10398,Georgia,0,2,2,May,22,Monday,16,SR-107,State Highway,Rural,Major Collector,State Highway Agency,148.0,31.75380556,-83.13077222,Vehicle Strikes Cargo from Other Vehicle,Other,Not an Intersection,On Roadway,,Daylight,Clear,0,0,1999.0,1,0,BEN HILL (17),NOT APPLICABLE
2017,10399,Georgia,0,2,3,May,22,Monday,12,SR-365,State Highway,Rural,Principal Arterial - Other,State Highway Agency,33.0,34.58558333,-83.452875,Motor Vehicle In-Transport,Angle,Four-Way Intersection,On Roadway,,Daylight,Cloudy,0,0,2004.0,1,0,HABERSHAM (137),MOUNT AIRY
2017,10400,Georgia,0,1,1,May,22,Monday,7,I-75,Interstate,Urban,Interstate,State Highway Agency,132.0,33.57042778,-84.32866111,Ditch,Not a Collision with Motor Vehicle In-Transport,Not an Intersection,On Roadside,,Daylight,Clear,0,0,2016.0,1,0,HENRY (151),NOT APPLICABLE
2017,10400,Georgia,0,1,1,May,22,Monday,7,I-75,Interstate,Urban,Interstate,State Highway Agency,132.0,33.57042778,-84.32866111,Ditch,Not a Collision with Motor Vehicle In-Transport,Not an Intersection,On Roadside,,Daylight,Clear,0,0,2018.0,0,0,HENRY (151),NOT APPLICABLE
2017,10400,Georgia,0,1,1,May,22,Monday,7,I-75,Interstate,Urban,Interstate,State Highway Agency,132.0,33.57042778,-84.32866111,Ditch,Not a Collision with Motor Vehicle In-Transport,Not an Intersection,On Roadside,,Daylight,Clear,0,0,2013.0,0,0,HENRY (151),NOT APPLICABLE
2017,10401,Georgia,0,1,2,May,22,Monday,10,I-16,Interstate,Rural,Interstate,State Highway Agency,42.0,32.43438611,-82.63108889,Tree (Standing Only),Not a Collision with Motor Vehicle In-Transport,Not an Intersection,On Median,,Daylight,Clear,0,0,2012.0,1,0,TREUTLEN (283),NOT APPLICABLE
2017,10402,Georgia,0,2,3,May,23,Tuesday,14,SR-204,State Highway,Urban,Principal Arterial - Other,State Highway Agency,101.0,31.99814167,-81.24380833,Motor Vehicle In-Transport,Front-to-Rear,Not an Intersection,On Roadway,,Daylight,Cloudy,0,0,2011.0,2,1,CHATHAM (51),SAVANNAH
2017,10403,Georgia,0,2,4,May,23,Tuesday,12,SR-23,State Highway,Rural,Minor Arterial,State Highway Agency,170.0,32.03818611,-82.05840556,Motor Vehicle In-Transport,Angle,Not an Intersection,On Roadway,,Daylight,Cloudy,0,0,2000.0,1,1,TATTNALL (267),NOT APPLICABLE
2017,10403,Georgia,0,2,4,May,23,Tuesday,12,SR-23,State Highway,Rural,Minor Arterial,State Highway Agency,170.0,32.03818611,-82.05840556,Motor Vehicle In-Transport,Angle,Not an Intersection,On Roadway,,Daylight,Cloudy,0,0,2002.0,0,0,TATTNALL (267),NOT APPLICABLE
2017,10404,Georgia,0,2,3,May,24,Wednesday,5,SR-4,State Highway,Rural,Principal Arterial - Other,State Highway Agency,129.0,31.60753056,-82.46209167,Motor Vehicle In-Transport,Front-to-Rear,Not an Intersection,On Roadway,,Dark - Not Lighted,Cloudy,0,0,2008.0,1,0,BACON (5),NOT APPLICABLE
2017,10405,Georgia,1,1,2,May,25,Thursday,22,TOM HILL SR BLVD,Local Street - Municipality,Urban,Minor Arterial,City or Municipal Highway Agency,36.0,32.90020278,-83.68795278,Pedestrian,Not a Collision with Motor Vehicle In-Transport,Not an Intersection,On Roadway,,Dark - Lighted,Clear,0,0,2013.0,0,0,BIBB (21),MACON
2017,10405,Georgia,1,1,2,May,25,Thursday,22,TOM HILL SR BLVD,Local Street - Municipality,Urban,Minor Arterial,City or Municipal Highway Agency,36.0,32.90020278,-83.68795278,Pedestrian,Not a Collision with Motor Vehicle In-Transport,Not an Intersection,On Roadway,,Dark - Lighted,Clear,0,0,2009.0,1,0,BIBB (21),MACON
2017,10406,Georgia,1,1,1,May,25,Thursday,17,ROGERS STREET,Local Street - Municipality,Urban,Local,City or Municipal Highway Agency,5.0,32.089225,-81.11750278,Pedestrian,Not a Collision with Motor Vehicle In-Transport,Not an Intersection,On Roadway,,Daylight,Clear,0,0,2010.0,1,0,CHATHAM (51),SAVANNAH
2017,10406,Georgia,1,1,1,May,25,Thursday,17,ROGERS STREET,Local Street - Municipality,Urban,Local,City or Municipal Highway Agency,5.0,32.089225,-81.11750278,Pedestrian,Not a Collision with Motor Vehicle In-Transport,Not an Intersection,On Roadway,,Daylight,Clear,0,0,2016.0,0,0,CHATHAM (51),SAVANNAH
2017,10407,Georgia,0,2,10,May,25,Thursday,16,JONESBORO ROAD,Local Street - Municipality,Urban,Minor Arterial,City or Municipal Highway Agency,31.0,33.68990278,-84.36408889,Motor Vehicle In-Transport,Front-to-Front,T-Intersection,On Roadway,,Daylight,Clear,0,0,2006.0,1,0,FULTON (121),ATLANTA
2017,10408,Georgia,0,2,2,May,25,Thursday,12,SR-520,State Highway,Urban,Principal Arterial - Other,State Highway Agency,109.0,31.47166944,-83.64956944,Motor Vehicle In-Transport,Angle,Four-Way Intersection,On Roadway,,Daylight,Clear,0,0,2001.0,0,0,TIFT (277),NOT APPLICABLE
2017,10409,Georgia,0,2,2,May,26,Friday,13,I-75,Interstate,Urban,Interstate,State Highway Agency,36.0,32.7445,-83.71885,Motor Vehicle In-Transport,Front-to-Rear,Not an Intersection,On Roadway,,Daylight,Clear,0,0,2004.0,1,0,BIBB (21),MACON
2017,10409,Georgia,0,2,2,May,26,Friday,13,I-75,Interstate,Urban,Interstate,State Highway Agency,36.0,32.7445,-83.71885,Motor Vehicle In-Transport,Front-to-Rear,Not an Intersection,On Roadway,,Daylight,Clear,0,0,1996.0,0,0,BIBB (21),MACON
2017,10410,Georgia,0,4,4,May,26,Friday,14,I-75,Interstate,Urban,Interstate,State Highway Agency,24.0,33.89304167,-84.46283889,Motor Vehicle In-Transport,Sideswipe - Same Direction,Not an Intersection,On Roadway,,Daylight,Clear,0,0,2003.0,1,0,COBB (67),NOT APPLICABLE
2017,10410,Georgia,0,4,4,May,26,Friday,14,I-75,Interstate,Urban,Interstate,State Highway Agency,24.0,33.89304167,-84.46283889,Motor Vehicle In-Transport,Sideswipe - Same Direction,Not an Intersection,On Roadway,,Daylight,Clear,0,0,1988.0,0,0,COBB (67),NOT APPLICABLE
2017,10411,Georgia,0,2,3,May,26,Friday,14,SR-400,State Highway,Urban,Principal Arterial - Other,State Highway Agency,21.0,34.36092222,-84.04037778,Motor Vehicle In-Transport,Angle,T-Intersection,On Roadway,,Daylight,Clear,0,0,2002.0,1,0,DAWSON (85),DAWSONVILLE
2017,10412,Georgia,0,1,3,May,26,Friday,2,STEVENS CROSSING ROAD,Local Street - Municipality,Rural,Minor Arterial,City or Municipal Highway Agency,273.0,32.78691389,-82.25941944,Tree (Standing Only),Not a Collision with Motor Vehicle In-Transport,Four-Way Intersection,On Roadside,,Dark - Not Lighted,Clear,0,0,2012.0,1,0,EMANUEL (107),SUMMERTOWN
2017,10413,Georgia,0,3,3,May,26,Friday,17,SR-369,State Highway,Urban,Principal Arterial - Other,State Highway Agency,56.0,34.27415556,-83.86286389,Motor Vehicle In-Transport,Front-to-Front,T-Intersection,On Roadway,,Daylight,Clear,0,0,2004.0,0,0,HALL (139),GAINESVILLE
2017,10413,Georgia,0,3,3,May,26,Friday,17,SR-369,State Highway,Urban,Principal Arterial - Other,State Highway Agency,56.0,34.27415556,-83.86286389,Motor Vehicle In-Transport,Front-to-Front,T-Intersection,On Roadway,,Daylight,Clear,0,0,2000.0,1,0,HALL (139),GAINESVILLE
2017,10414,Georgia,0,2,3,May,26,Friday,14,SR-96,State Highway,Rural,Minor Arterial,State Highway Agency,104.0,32.55380833,-83.79918889,Motor Vehicle In-Transport,Angle,Not an Intersection,On Roadway,,Daylight,Clear,0,0,2001.0,1,1,PEACH (225),FORT VALLEY
2017,10415,Georgia,0,2,10,May,27,Saturday,11,HAWKINSVILLE ROAD,Local Street - Municipality,Urban,Minor Arterial,City or Municipal Highway Agency,8.0,32.68346667,-83.63274167,Motor Vehicle In-Transport,Angle,T-Intersection,On Roadway,,Daylight,Clear,0,0,2005.0,0,0,BIBB (21),MACON
2017,10415,Georgia,0,2,10,May,27,Saturday,11,HAWKINSVILLE ROAD,Local Street - Municipality,Urban,Minor Arterial,City or Municipal Highway Agency,8.0,32.68346667,-83.63274167,Motor Vehicle In-Transport,Angle,T-Intersection,On Roadway,,Daylight,Clear,0,0,1998.0,1,0,BIBB (21),MACON
2017,10416,Georgia,0,1,1,May,27,Saturday,19,WALLACE ROAD,Local Street - Municipality,Urban,Local,City or Municipal Highway Agency,0.0,33.95854722,-84.51371389,Curb,Not a Collision with Motor Vehicle In-Transport,Not an Intersection,On Roadside,,Daylight,Cloudy,0,0,2010.0,1,0,COBB (67),MARIETTA
2017,10417,Georgia,0,3,7,May,27,Saturday,8,SR-92,State Highway,Urban,Principal Arterial - Other,State Highway Agency,99.0,33.62209444,-84.61811667,Motor Vehicle In-Transport,Angle,Four-Way Intersection,On Roadway,Construction,Daylight,Clear,0,0,2005.0,0,0,FULTON (121),NOT APPLICABLE
2017,10417,Georgia,0,3,7,May,27,Saturday,8,SR-92,State Highway,Urban,Principal Arterial - Other,State Highway Agency,99.0,33.62209444,-84.61811667,Motor Vehicle In-Transport,Angle,Four-Way Intersection,On Roadway,Construction,Daylight,Clear,0,0,1995.0,0,0,FULTON (121),NOT APPLICABLE
2017,10418,Georgia,1,1,1,May,27,Saturday,4,SR-141,State Highway,Urban,Principal Arterial - Other,State Highway Agency,44.0,33.94333611,-84.24178611,Pedestrian,Not a Collision with Motor Vehicle In-Transport,Not an Intersection,On Roadway,,Dark - Not Lighted,Clear,0,0,2006.0,1,1,GWINNETT (135),NORCROSS
2017,10419,Georgia,0,2,2,May,27,Saturday,3,SR-20,State Highway,Urban,Principal Arterial - Other,State Highway Agency,85.0,33.43461667,-84.16563889,Motor Vehicle In-Transport,Front-to-Rear,Not an Intersection,On Roadway,,Dark - Lighted,Clear,0,0,1999.0,1,0,HENRY (151),MCDONOUGH
2017,10420,Georgia,0,1,1,May,28,Sunday,1,SR-24,State Highway,Rural,Minor Arterial,State Highway Agency,86.0,33.07819722,-83.14176944,Ditch,Not a Collision with Motor Vehicle In-Transport,Not an Intersection,On Roadside,,Dark - Not Lighted,Clear,0,1,2006.0,0,0,BALDWIN (9),MILLEDGEVILLE
2017,10420,Georgia,0,1,1,May,28,Sunday,1,SR-24,State Highway,Rural,Minor Arterial,State Highway Agency,86.0,33.07819722,-83.14176944,Ditch,Not a Collision with Motor Vehicle In-Transport,Not an Intersection,On Roadside,,Dark - Not Lighted,Clear,0,0,2016.0,1,0,BALDWIN (9),MILLEDGEVILLE
2017,10420,Georgia,0,1,1,May,28,Sunday,1,SR-24,State Highway,Rural,Minor Arterial,State Highway Agency,86.0,33.07819722,-83.14176944,Ditch,Not a Collision with Motor Vehicle In-Transport,Not an Intersection,On Roadside,,Dark - Not Lighted,Clear,0,1,2006.0,0,0,BALDWIN (9),MILLEDGEVILLE
2017,10421,Georgia,0,2,3,May,28,Sunday,16,MCDANIEL STREET,Local Street - Municipality,Urban,Minor Collector,City or Municipal Highway Agency,7.0,33.74472778,-84.40468889,Motor Vehicle In-Transport,Angle,Four-Way Intersection,On Roadway,,Daylight,Cloudy,0,0,2017.0,1,0,FULTON (121),ATLANTA
2017,10421,Georgia,0,2,3,May,28,Sunday,16,MCDANIEL STREET,Local Street - Municipality,Urban,Minor Collector,City or Municipal Highway Agency,7.0,33.74472778,-84.40468889,Motor Vehicle In-Transport,Angle,Four-Way Intersection,On Roadway,,Daylight,Cloudy,0,0,2014.0,0,0,FULTON (121),ATLANTA
2017,10422,Georgia,0,1,1,May,28,Sunday,1,VETERANS PARKWAY,Local Street - Municipality,Urban,Principal Arterial - Other,City or Municipal Highway Agency,84.0,32.47046389,-84.98763056,Rollover/Overturn,Not a Collision with Motor Vehicle In-Transport,Four-Way Intersection,On Roadway,,Dark - Lighted,Clear,0,0,2012.0,1,0,MUSCOGEE (215),COLUMBUS
2017,10423,Georgia,1,1,3,May,28,Sunday,10,SR-15,State Highway,Rural,Principal Arterial - Other,State Highway Agency,162.0,34.94436944,-83.38758889,Pedestrian,Not a Collision with Motor Vehicle In-Transport,Not an Intersection,On Roadway,,Daylight,Clear,0,0,2011.0,1,0,RABUN (241),MOUNTAIN CITY
2017,10423,Georgia,1,1,3,May,28,Sunday,10,SR-15,State Highway,Rural,Principal Arterial - Other,State Highway Agency,162.0,34.94436944,-83.38758889,Pedestrian,Not a Collision with Motor Vehicle In-Transport,Not an Intersection,On Roadway,,Daylight,Clear,0,0,2006.0,0,0,RABUN (241),MOUNTAIN CITY
2017,10423,Georgia,1,1,3,May,28,Sunday,10,SR-15,State Highway,Rural,Principal Arterial - Other,State Highway Agency,162.0,34.94436944,-83.38758889,Pedestrian,Not a Collision with Motor Vehicle In-Transport,Not an Intersection,On Roadway,,Daylight,Clear,0,0,2013.0,0,0,RABUN (241),MOUNTAIN CITY
2017,10423,Georgia,1,1,3,May,28,Sunday,10,SR-15,State Highway,Rural,Principal Arterial - Other,State Highway Agency,162.0,34.94436944,-83.38758889,Pedestrian,Not a Collision with Motor Vehicle In-Transport,Not an Intersection,On Roadway,,Daylight,Clear,0,0,2011.0,0,0,RABUN (241),MOUNTAIN CITY
2017,10424,Georgia,1,3,2,May,29,Monday,4,I-75,Interstate,Urban,Interstate,State Highway Agency,31.0,33.91450278,-84.48032222,Pedestrian,Not a Collision with Motor Vehicle In-Transport,Not an Intersection,On Roadway,,Dark - Not Lighted,Clear,0,0,1999.0,1,0,COBB (67),NOT APPLICABLE
2017,10425,Georgia,0,1,2,May,29,Monday,14,CR-BUTNER ROAD,County Road,Urban,Minor Arterial,County Highway Agency,63.0,33.65485,-84.58217222,Tree (Standing Only),Not a Collision with Motor Vehicle In-Transport,Four-Way Intersection,On Roadside,Construction,Daylight,Clear,0,0,2011.0,0,0,FULTON (121),NOT APPLICABLE