YEAR,ST_CASE,STATENAME,NUM_PEDS,NUM_VEHC,PERSONS,MONTHNAME,DAYNAME,DAY_WEEKNAME,HOUR,ROAD_NAME,ROUTENAME,RUR_URBNAME,FUNC_SYSNAME,RD_OWNERNAME,MILE_MARKER,LATITUDE,LONGITUD,HARM_EVNAME,COLLISION_TYPE,TYP_INTNAME,REL_ROADNAME,WRK_ZONENAME,LGT_CONDNAME,WEATHERNAME,SCH_BUS,HIT_RUN,MOD_YEAR,DEATHS,DR_DRINK,COUNTYNAME,CITYNAME
2017,10425,Georgia,0,1,2,May,29,Monday,14,CR-BUTNER ROAD,County Road,Urban,Minor Arterial,County Highway Agency,63.0,33.65485,-84.58217222,Tree (Standing Only),Not a Collision with Motor Vehicle In-Transport,Four-Way Intersection,On Roadside,Construction,Daylight,Clear,0,0,2002.0,1,0,FULTON (121),NOT APPLICABLE
2017,10426,Georgia,0,1,2,May,29,Monday,16,I-285,Interstate,Urban,Interstate,State Highway Agency,35.0,33.65692222,-84.49748333,Guardrail End,Not a Collision with Motor Vehicle In-Transport,Not an Intersection,On Roadside,,Daylight,Rain,0,0,2016.0,0,0,FULTON (121),EAST POINT
2017,10426,Georgia,0,1,2,May,29,Monday,16,I-285,Interstate,Urban,Interstate,State Highway Agency,35.0,33.65692222,-84.49748333,Guardrail End,Not a Collision with Motor Vehicle In-Transport,Not an Intersection,On Roadside,,Daylight,Rain,0,0,2002.0,3,0,FULTON (121),EAST POINT
2017,10426,Georgia,0,1,2,May,29,Monday,16,I-285,Interstate,Urban,Interstate,State Highway Agency,35.0,33.65692222,-84.49748333,Guardrail End,Not a Collision with Motor Vehicle In-Transport,Not an Intersection,On Roadside,,Daylight,Rain,0,0,2013.0,0,0,FULTON (121),EAST POINT
2017,10427,Georgia,0,1,3,May,29,Monday,13,SR-16,State Highway,Rural,Minor Arterial,State Highway Agency,17.0,33.31044722,-83.80961389,Fell/Jumped from Vehicle,Not a Collision with Motor Vehicle In-Transport,Not an Intersection,On Roadway,,Daylight,Cloudy,0,0,2004.0,1,0,JASPER (159),NOT APPLICABLE
2017,10427,Georgia,0,1,3,May,29,Monday,13,SR-16,State Highway,Rural,Minor Arterial,State Highway Agency,17.0,33.31044722,-83.80961389,Fell/Jumped from Vehicle,Not a Collision with Motor Vehicle In-Transport,Not an Intersection,On Roadway,,Daylight,Cloudy,0,0,1999.0,0,0,JASPER (159),NOT APPLICABLE
2017,10427,Georgia,0,1,3,May,29,Monday,13,SR-16,State Highway,Rural,Minor Arterial,State Highway Agency,17.0,33.31044722,-83.80961389,Fell/Jumped from Vehicle,Not a Collision with Motor Vehicle In-Transport,Not an Intersection,On Roadway,,Daylight,Cloudy,0,0,2016.0,0,0,JASPER (159),NOT APPLICABLE
2017,10428,Georgia,0,1,1,May,30,Tuesday,20,CR-POWDER SPRINGS ROAD,County Road,Urban,Minor Arterial,County Highway Agency,13.0,33.87194167,-84.62582222,Curb,Not a Collision with Motor Vehicle In-Transport,Not an Intersection,On Roadside,,Dusk,Cloudy,0,0,2012.0,1,0,COBB (67),NOT APPLICABLE
2017,10429,Georgia,0,1,1,May,30,Tuesday,22,CLAY BROWN ROAD,Local Street - Municipality,Rural,Minor Collector,City or Municipal Highway Agency,40.0,34.28199722,-82.96041111,Tree (Standing Only),Not a Collision with Motor Vehicle In-Transport,Four-Way Intersection,On Roadside,,Dark - Not Lighted,Clear,0,0,2002.0,0,0,HART (147),HARTWELL
2017,10429,Georgia,0,1,1,May,30,Tuesday,22,CLAY BROWN ROAD,Local Street - Municipality,Rural,Minor Collector,City or Municipal Highway Agency,40.0,34.28199722,-82.96041111,Tree (Standing Only),Not a Collision with Motor Vehicle In-Transport,Four-Way Intersection,On Roadside,,Dark - Not Lighted,Clear,0,0,2016.0,1,0,HART (147),HARTWELL
2017,10429,Georgia,0,1,1,May,30,Tuesday,22,CLAY BROWN ROAD,Local Street - Municipality,Rural,Minor Collector,City or Municipal Highway Agency,40.0,34.28199722,-82.96041111,Tree (Standing Only),Not a Collision with Motor Vehicle In-Transport,Four-Way Intersection,On Roadside,,Dark - Not Lighted,Clear,0,0,1998.0,0,0,HART (147),HARTWELL
2017,10430,Georgia,0,1,1,May,31,Wednesday,1,SR-6,State Highway,Urban,Principal Arterial - Other,State Highway Agency,89.0,33.91528056,-84.84580556,Traffic Sign Support,Not a Collision with Motor Vehicle In-Transport,Not an Intersection,On Roadside,,Dark - Not Lighted,Rain,0,0,2007.0,1,1,PAULDING (223),DALLAS
2017,10431,Georgia,0,2,3,February,17,Friday,11,US-41 SR-3,U.S. Highway,Urban,Principal Arterial - Other,State Highway Agency,149.0,34.11651389,-84.74868056,Motor Vehicle In-Transport,Angle,Four-Way Intersection,On Roadway,,Daylight,Clear,0,0,2006.0,1,0,BARTOW (15),EMERSON
2017,10431,Georgia,0,2,3,February,17,Friday,11,US-41 SR-3,U.S. Highway,Urban,Principal Arterial - Other,State Highway Agency,149.0,34.11651389,-84.74868056,Motor Vehicle In-Transport,Angle,Four-Way Intersection,On Roadway,,Daylight,Clear,0,0,2017.0,0,0,BARTOW (15),EMERSON
2017,10432,Georgia,1,1,1,March,3,Friday,22,N BERKELEY LAKE RD,Local Street - Municipality,Urban,Local,City or Municipal Highway Agency,21.0,33.96881389,-84.1515,Pedestrian,Not a Collision with Motor Vehicle In-Transport,Not an Intersection,On Roadway,,Dark - Not Lighted,Clear,0,0,2013.0,0,0,GWINNETT (135),DULUTH
2017,10432,Georgia,1,1,1,March,3,Friday,22,N BERKELEY LAKE RD,Local Street - Municipality,Urban,Local,City or Municipal Highway Agency,21.0,33.96881389,-84.1515,Pedestrian,Not a Collision with Motor Vehicle In-Transport,Not an Intersection,On Roadway,,Dark - Not Lighted,Clear,0,0,2006.0,1,0,GWINNETT (135),DULUTH
2017,10433,Georgia,0,4,3,April,3,Monday,9,CR-10 GARRETT WAY,County Road,Urban,Minor Arterial,State Highway Agency,3.0,33.09656389,-83.25524167,Motor Vehicle In-Transport,Angle,Not an Intersection,On Roadway,,Daylight,Cloudy,0,0,1997.0,1,0,BALDWIN (9),MILLEDGEVILLE
2017,10434,Georgia,0,1,1,April,11,Tuesday,20,SR-26,State Highway,Rural,Minor Arterial,State Highway Agency,29.0,32.31415,-84.76997222,Embankment,Not a Collision with Motor Vehicle In-Transport,Not an Intersection,On Roadside,,Dark - Not Lighted,Clear,0,0,2016.0,1,1,CHATTAHOOCHEE (53),NOT APPLICABLE
2017,10434,Georgia,0,1,1,April,11,Tuesday,20,SR-26,State Highway,Rural,Minor Arterial,State Highway Agency,29.0,32.31415,-84.76997222,Embankment,Not a Collision with Motor Vehicle In-Transport,Not an Intersection,On Roadside,,Dark - Not Lighted,Clear,0,0,2014.0,0,0,CHATTAHOOCHEE (53),NOT APPLICABLE
2017,10435,Georgia,0,1,4,June,2,Friday,1,US-84 SR-38,U.S. Highway,Rural,Principal Arterial - Other,State Highway Agency,190.0,31.05893889,-82.68740833,Tree (Standing Only),Not a Collision with Motor Vehicle In-Transport,Not an Intersection,On Roadside,,Dark - Not Lighted,Clear,0,0,1994.0,1,1,CLINCH (65),NOT APPLICABLE
2017,10436,Georgia,0,3,7,June,2,Friday,18,CR-562 SINGLETON RD,County Road,Urban,Minor Collector,County Highway Agency,23.0,33.90641111,-84.19780833,Motor Vehicle In-Transport,Angle,Not an Intersection,Continuous Left - Turn Lane,,Daylight,Clear,0,0,2007.0,1,0,GWINNETT (135),NORCROSS
2017,10437,Georgia,0,2,2,June,2,Friday,11,I-20,Interstate,Rural,Interstate,State Highway Agency,178.0,33.55506944,-83.38111944,Motor Vehicle In-Transport,Front-to-Rear,Not an Intersection,On Roadway,Construction,Daylight,Clear,0,0,2000.0,1,0,MORGAN (211),NOT APPLICABLE
2017,10437,Georgia,0,2,2,June,2,Friday,11,I-20,Interstate,Rural,Interstate,State Highway Agency,178.0,33.55506944,-83.38111944,Motor Vehicle In-Transport,Front-to-Rear,Not an Intersection,On Roadway,Construction,Daylight,Clear,0,0,2006.0,0,0,MORGAN (211),NOT APPLICABLE
2017,10438,Georgia,0,7,19,June,3,Saturday,9,I-20,Interstate,Urban,Interstate,State Highway Agency,20.0,33.68522778,-85.13535833,Motor Vehicle In-Transport,Front-to-Rear,Not an Intersection,On Roadway,Construction,Daylight,Clear,0,0,1977.0,1,1,CARROLL (45),NOT APPLICABLE
2017,10439,Georgia,0,2,2,June,3,Saturday,2,I-285,Interstate,Urban,Interstate,State Highway Agency,155.0,33.74887778,-84.23117778,Motor Vehicle In-Transport,Angle,Not an Intersection,On Roadway,,Dark - Lighted,Clear,0,0,2007.0,1,0,DEKALB (89),NOT APPLICABLE
2017,10440,Georgia,0,1,2,June,3,Saturday,17,SR-124 ROCKBRIDGE RD,State Highway,Urban,Principal Arterial - Other,State Highway Agency,60.0,33.77300833,-84.067425,Ditch,Not a Collision with Motor Vehicle In-Transport,Not an Intersection,On Roadside,,Daylight,Clear,0,0,2008.0,1,1,DEKALB (89),NOT APPLICABLE
2017,10441,Georgia,0,2,3,June,3,Saturday,23,CR-615 HILLVALE RD,County Road,Urban,Local,County Highway Agency,0.0,33.71572778,-84.13630833,Motor Vehicle In-Transport,Angle,T-Intersection,On Roadway,,Dark - Not Lighted,Clear,0,0,2004.0,1,0,DEKALB (89),NOT APPLICABLE
2017,10442,Georgia,0,2,2,June,3,Saturday,24,I-75,Interstate,Rural,Interstate,State Highway Agency,33.0,32.33393889,-83.76722222,Motor Vehicle In-Transport,Front-to-Front,Not an Intersection,On Roadway,,Dark - Not Lighted,Clear,0,0,1998.0,1,0,HOUSTON (153),NOT APPLICABLE
2017,10443,Georgia,0,2,3,June,4,Sunday,19,CR-357 NASHVILLE ENIGMA RD,County Road,Rural,Major Collector,County Highway Agency,34.0,31.26688333,-83.26515556,Motor Vehicle In-Transport,Front-to-Front,Not an Intersection,On Roadway,,Daylight,Cloudy,0,0,1998.0,1,1,BERRIEN (19),NOT APPLICABLE
2017,10444,Georgia,0,1,1,June,4,Sunday,20,I-20,Interstate,Urban,Interstate,State Highway Agency,10.0,33.68646944,-85.16671667,Rollover/Overturn,Not a Collision with Motor Vehicle In-Transport,Not an Intersection,On Roadway,"Work Zone, Type Unknown",Dark - Not Lighted,Rain,0,0,2013.0,1,1,CARROLL (45),Other
2017,10445,Georgia,0,2,5,June,4,Sunday,4,I-85,Interstate,Urban,Interstate,State Highway Agency,9.0,33.83028056,-84.34012778,Motor Vehicle In-Transport,Angle,Not an Intersection,On Roadway,Construction,Dark - Lighted,Clear,0,0,1993.0,1,0,DEKALB (89),NOT APPLICABLE
2017,10445,Georgia,0,2,5,June,4,Sunday,4,I-85,Interstate,Urban,Interstate,State Highway Agency,9.0,33.83028056,-84.34012778,Motor Vehicle In-Transport,Angle,Not an Intersection,On Roadway,Construction,Dark - Lighted,Clear,0,0,1997.0,0,0,DEKALB (89),NOT APPLICABLE
2017,10446,Georgia,0,2,4,June,4,Sunday,17,SR-106,State Highway,Rural,Minor Arterial,State Highway Agency,32.0,34.29011667,-83.26283611,Motor Vehicle In-Transport,Front-to-Front,Not an Intersection,On Roadway,,Daylight,Cloudy,0,0,1999.0,1,1,FRANKLIN (119),NOT APPLICABLE
2017,10447,Georgia,0,2,2,June,4,Sunday,17,SR-347,State Highway,Urban,Minor Arterial,State Highway Agency,90.0,34.10941389,-83.87424167,Motor Vehicle In-Transport,Angle,Not an Intersection,On Roadway,,Daylight,Cloudy,0,0,1997.0,1,1,HALL (139),NOT APPLICABLE
2017,10448,Georgia,0,2,2,June,4,Sunday,20,CHURCH AVE,Local Street - Municipality,Rural,Local,City or Municipal Highway Agency,2.0,32.86174444,-84.85654722,Motor Vehicle In-Transport,Angle,Four-Way Intersection,On Roadway,,Dusk,Cloudy,0,0,2001.0,0,0,HARRIS (145),PINE MOUNTAIN
2017,10449,Georgia,0,2,2,June,5,Monday,10,US-1 SR-4,U.S. Highway,Rural,Principal Arterial - Other,State Highway Agency,161.0,31.86703611,-82.35638611,Motor Vehicle In-Transport,Front-to-Rear,Not an Intersection,On Roadway,,Daylight,Cloudy,0,0,2004.0,1,0,APPLING (1),NOT APPLICABLE
2017,10449,Georgia,0,2,2,June,5,Monday,10,US-1 SR-4,U.S. Highway,Rural,Principal Arterial - Other,State Highway Agency,161.0,31.86703611,-82.35638611,Motor Vehicle In-Transport,Front-to-Rear,Not an Intersection,On Roadway,,Daylight,Cloudy,0,0,2010.0,0,0,APPLING (1),NOT APPLICABLE
2017,10450,Georgia,0,3,4,June,5,Monday,15,I-85,Interstate,Urban,Interstate,State Highway Agency,114.0,32.98881944,-85.02957778,Motor Vehicle In-Transport,Angle,Not an Intersection,On Roadway,,Daylight,Rain,0,0,2012.0,1,0,TROUP (285),NOT APPLICABLE
2017,10450,Georgia,0,3,4,June,5,Monday,15,I-85,Interstate,Urban,Interstate,State Highway Agency,114.0,32.98881944,-85.02957778,Motor Vehicle In-Transport,Angle,Not an Intersection,On Roadway,,Daylight,Rain,0,0,2013.0,0,0,TROUP (285),NOT APPLICABLE
2017,10451,Georgia,0,1,1,June,6,Tuesday,19,CR-59 RIVER RD,County Road,Rural,Major Collector,County Highway Agency,53.0,33.161925,-81.79809722,Culvert,Not a Collision with Motor Vehicle In-Transport,Not an Intersection,On Roadside,,Daylight,Cloudy,0,0,2004.0,1,0,BURKE (33),NOT APPLICABLE
2017,10452,Georgia,0,5,1,June,6,Tuesday,12,US-27 S PARK ST,U.S. Highway,Urban,Principal Arterial - Other,State Highway Agency,149.0,33.56037778,-85.07286111,Curb,Not a Collision with Motor Vehicle In-Transport,Not an Intersection,On Roadside,,Daylight,Rain,0,0,1982.0,1,1,CARROLL (45),CARROLLTON
2017,10453,Georgia,1,1,1,June,6,Tuesday,3,SR-42 BRIARCLIFF RD,State Highway,Urban,Minor Arterial,State Highway Agency,108.0,33.79843611,-84.335875,Pedestrian,Not a Collision with Motor Vehicle In-Transport,Not an Intersection,On Roadway,,Dark - Not Lighted,Cloudy,0,0,2000.0,0,0,DEKALB (89),ATLANTA
2017,10454,Georgia,0,1,2,June,6,Tuesday,17,US-23 CLAIRMONT RD,U.S. Highway,Urban,Principal Arterial - Other,State Highway Agency,180.0,33.82764167,-84.30803889,Tree (Standing Only),Not a Collision with Motor Vehicle In-Transport,Not an Intersection,On Roadside,,Daylight,Cloudy,0,0,2011.0,1,1,DEKALB (89),NOT APPLICABLE
2017,10455,Georgia,0,1,2,June,6,Tuesday,19,CR-219 NEW BETHEL RD,County Road,Rural,Local,County Highway Agency,43.0,34.39869167,-83.31580278,Other Fixed Object,Not a Collision with Motor Vehicle In-Transport,Not an Intersection,On Roadside,,Daylight,Clear,0,0,2014.0,2,0,FRANKLIN (119),NOT APPLICABLE
2017,10455,Georgia,0,1,2,June,6,Tuesday,19,CR-219 NEW BETHEL RD,County Road,Rural,Local,County Highway Agency,43.0,34.39869167,-83.31580278,Other Fixed Object,Not a Collision with Motor Vehicle In-Transport,Not an Intersection,On Roadside,,Daylight,Clear,0,0,2010.0,1,0,FRANKLIN (119),NOT APPLICABLE
2017,10456,Georgia,0,2,1,June,6,Tuesday,13,US-280 SR-30,U.S. Highway,Urban,Principal Arterial - Other,State Highway Agency,191.0,32.03346111,-84.16418611,Culvert,Not a Collision with Motor Vehicle In-Transport,Not an Intersection,On Roadside,,Daylight,Cloudy,0,0,2006.0,1,0,SUMTER (261),NOT APPLICABLE
2017,10456,Georgia,0,2,1,June,6,Tuesday,13,US-280 SR-30,U.S. Highway,Urban,Principal Arterial - Other,State Highway Agency,191.0,32.03346111,-84.16418611,Culvert,Not a Collision with Motor Vehicle In-Transport,Not an Intersection,On Roadside,,Daylight,Cloudy,0,0,2001.0,0,0,SUMTER (261),NOT APPLICABLE
2017,10457,Georgia,0,2,3,June,6,Tuesday,16,US-319 SR-35,U.S. Highway,Urban,Principal Arterial - Other,State Highway Agency,97.0,31.44051667,-83.5333,Motor Vehicle In-Transport,Angle,T-Intersection,On Roadway,,Daylight,Cloudy,0,0,1997.0,1,0,TIFT (277),NOT APPLICABLE
2017,10457,Georgia,0,2,3,June,6,Tuesday,16,US-319 SR-35,U.S. Highway,Urban,Principal Arterial - Other,State Highway Agency,97.0,31.44051667,-83.5333,Motor Vehicle In-Transport,Angle,T-Intersection,On Roadway,,Daylight,Cloudy,0,0,2012.0,0,0,TIFT (277),NOT APPLICABLE
2017,10458,Georgia,0,2,2,June,7,Wednesday,18,I-285,Interstate,Urban,Interstate,State Highway Agency,246.0,33.66807222,-84.34023333,Tree (Standing Only),Not a Collision with Motor Vehicle In-Transport,Not an Intersection,On Roadside,,Daylight,Clear,0,0,2008.0,0,0,DEKALB (89),NOT APPLICABLE
2017,10458,Georgia,0,2,2,June,7,Wednesday,18,I-285,Interstate,Urban,Interstate,State Highway Agency,246.0,33.66807222,-84.34023333,Tree (Standing Only),Not a Collision with Motor Vehicle In-Transport,Not an Intersection,On Roadside,,Daylight,Clear,0,0,1997.0,1,0,DEKALB (89),NOT APPLICABLE
2017,10459,Georgia,0,2,2,June,7,Wednesday,17,SR-154 CAMPBELLTON RD,State Highway,Urban,Principal Arterial - Freeways,State Highway Agency,273.0,33.70564444,-84.4596,Motor Vehicle In-Transport,Angle,Not an Intersection,On Roadway,,Daylight,Clear,0,1,2003.0,0,0,FULTON (121),ATLANTA
2017,10460,Georgia,0,2,2,June,8,Thursday,20,SR-166,State Highway,Urban,Principal Arterial - Other,State Highway Agency,202.0,33.60567778,-85.02304167,Motor Vehicle In-Transport,Angle,T-Intersection,On Roadway,,Daylight,Clear,0,0,2007.0,1,0,CARROLL (45),NOT APPLICABLE
2017,10460,Georgia,0,2,2,June,8,Thursday,20,SR-166,State Highway,Urban,Principal Arterial - Other,State Highway Agency,202.0,33.60567778,-85.02304167,Motor Vehicle In-Transport,Angle,T-Intersection,On Roadway,,Daylight,Clear,0,0,2008.0,0,0,CARROLL (45),NOT APPLICABLE
2017,10461,Georgia,0,3,40,June,8,Thursday,15,SR-6 CAMP CREEK PKWY,State Highway,Urban,Principal Arterial - Other,State Highway Agency,53.0,33.67419444,-84.55224444,Motor Vehicle In-Transport,Sideswipe - Same Direction,Not an Intersection,On Roadway,,Daylight,Clear,0,0,2001.0,1,1,FULTON (121),ATLANTA
2017,10462,Georgia,0,2,2,June,9,Friday,13,CR-580 POST OAK TRITT RD,County Road,Urban,Minor Collector,County Highway Agency,45.0,34.01543889,-84.41854444,Motor Vehicle In-Transport,Front-to-Front,Not an Intersection,On Roadway,,Daylight,Clear,0,0,2008.0,1,0,COBB (67),NOT APPLICABLE
2017,10462,Georgia,0,2,2,June,9,Friday,13,CR-580 POST OAK TRITT RD,County Road,Urban,Minor Collector,County Highway Agency,45.0,34.01543889,-84.41854444,Motor Vehicle In-Transport,Front-to-Front,Not an Intersection,On Roadway,,Daylight,Clear,0,0,2011.0,0,0,COBB (67),NOT APPLICABLE
2017,10462,Georgia,0,2,2,June,9,Friday,13,CR-580 POST OAK TRITT RD,County Road,Urban,Minor Collector,County Highway Agency,45.0,34.01543889,-84.41854444,Motor Vehicle In-Transport,Front-to-Front,Not an Intersection,On Roadway,,Daylight,Clear,0,0,2015.0,0,0,COBB (67),NOT APPLICABLE
2017,10462,Georgia,0,2,2,June,9,Friday,13,CR-580 POST OAK TRITT RD,County Road,Urban,Minor Collector,County Highway Agency,45.0,34.01543889,-84.41854444,Motor Vehicle In-Transport,Front-to-Front,Not an Intersection,On Roadway,,Daylight,Clear,0,0,2012.0,0,0,COBB (67),NOT APPLICABLE
2017,10463,Georgia,0,1,1,June,9,Friday,11,CR-114 SARDIS CH RD,County Road,Urban,Local,County Highway Agency,44.0,31.14448333,-83.69899444,Rollover/Overturn,Not a Collision with Motor Vehicle In-Transport,Not an Intersection,On Roadway,,Daylight,Clear,0,0,2004.0,0,0,COLQUITT (71),NOT APPLICABLE
2017,10463,Georgia,0,1,1,June,9,Friday,11,CR-114 SARDIS CH RD,County Road,Urban,Local,County Highway Agency,44.0,31.14448333,-83.69899444,Rollover/Overturn,Not a Collision with Motor Vehicle In-Transport,Not an Intersection,On Roadway,,Daylight,Clear,0,0,2012.0,1,0,COLQUITT (71),NOT APPLICABLE
2017,10463,Georgia,0,1,1,June,9,Friday,11,CR-114 SARDIS CH RD,County Road,Urban,Local,County Highway Agency,44.0,31.14448333,-83.69899444,Rollover/Overturn,Not a Collision with Motor Vehicle In-Transport,Not an Intersection,On Roadway,,Daylight,Clear,0,0,2010.0,0,0,COLQUITT (71),NOT APPLICABLE
2017,10464,Georgia,0,1,1,June,9,Friday,5,I-20,Interstate,Urban,Interstate,State Highway Agency,126.0,33.48231944,-82.18258056,Rollover/Overturn,Not a Collision with Motor Vehicle In-Transport,Not an Intersection,On Median,,Dark - Not Lighted,Clear,0,0,2014.0,1,1,COLUMBIA (73),NOT APPLICABLE
2017,10465,Georgia,1,1,1,June,9,Friday,23,CR-5186 WESLEY CHAPEL RD,County Road,Urban,Principal Arterial - Other,County Highway Agency,66.0,33.71558333,-84.21571944,Pedestrian,Not a Collision with Motor Vehicle In-Transport,Not an Intersection,On Roadway,,Dark - Lighted,Clear,0,0,2006.0,1,1,DEKALB (89),NOT APPLICABLE
2017,10466,Georgia,0,1,1,June,9,Friday,12,CR-229 W WILDCAT RD,County Road,Rural,Local,County Highway Agency,0.0,34.82723056,-83.61654444,Rollover/Overturn,Not a Collision with Motor Vehicle In-Transport,Not an Intersection,On Roadside,,Daylight,Clear,0,0,2005.0,0,0,RABUN (241),NOT APPLICABLE
2017,10467,Georgia,0,1,1,June,9,Friday,19,SR-96,State Highway,Rural,Principal Arterial - Other,State Highway Agency,145.0,32.55732778,-84.18272778,Embankment,Not a Collision with Motor Vehicle In-Transport,Not an Intersection,On Roadside,,Daylight,Clear,0,0,2017.0,0,0,TAYLOR (269),NOT APPLICABLE
2017,10468,Georgia,0,1,1,June,9,Friday,13,CR-270 MORNING GLORY CIR,County Road,Rural,Minor Collector,County Highway Agency,6.0,31.53774444,-81.79749167,Railway Vehicle,Not a Collision with Motor Vehicle In-Transport,Not an Intersection,On Roadway,,Daylight,Clear,0,0,2017.0,1,0,WAYNE (305),NOT APPLICABLE
2017,10469,Georgia,0,2,2,June,10,Saturday,15,CR-250 ANTIOCH RD,County Road,Urban,Minor Collector,County Highway Agency,61.0,31.09878611,-83.48270833,Motor Vehicle In-Transport,Angle,Four-Way Intersection,On Roadway,,Daylight,Clear,0,0,2006.0,1,1,COOK (75),NOT APPLICABLE
2017,10470,Georgia,0,2,5,June,10,Saturday,18,US-80 SR-26,U.S. Highway,Rural,Minor Arterial,State Highway Agency,215.0,32.60487778,-82.25486389,Motor Vehicle In-Transport,Front-to-Front,Not an Intersection,On Roadway,,Daylight,Cloudy,0,0,2011.0,0,0,EMANUEL (107),NOT APPLICABLE
2017,10470,Georgia,0,2,5,June,10,Saturday,18,US-80 SR-26,U.S. Highway,Rural,Minor Arterial,State Highway Agency,215.0,32.60487778,-82.25486389,Motor Vehicle In-Transport,Front-to-Front,Not an Intersection,On Roadway,,Daylight,Cloudy,0,0,1990.0,1,0,EMANUEL (107),NOT APPLICABLE
2017,10470,Georgia,0,2,5,June,10,Saturday,18,US-80 SR-26,U.S. Highway,Rural,Minor Arterial,State Highway Agency,215.0,32.60487778,-82.25486389,Motor Vehicle In-Transport,Front-to-Front,Not an Intersection,On Roadway,,Daylight,Cloudy,0,0,2017.0,0,0,EMANUEL (107),NOT APPLICABLE
2017,10471,Georgia,0,2,4,June,10,Saturday,11,CR-HOG MTN RD,County Road,Urban,Local,County Highway Agency,36.0,34.0667,-83.87206944,Motor Vehicle In-Transport,Angle,T-Intersection,On Roadway,,Daylight,Clear,0,0,2001.0,1,0,GWINNETT (135),NOT APPLICABLE
2017,10472,Georgia,0,1,1,June,10,Saturday,21,CR-472 MANOR MILWOOD RD,County Road,Rural,Major Collector,County Highway Agency,117.0,31.111825,-82.57561944,Tree (Standing Only),Not a Collision with Motor Vehicle In-Transport,Not an Intersection,On Roadside,,Dark - Not Lighted,Clear,0,0,1996.0,1,0,WARE (299),NOT APPLICABLE
2017,10473,Georgia,0,3,4,June,11,Sunday,18,US-41 JOE FRANK HARRIS PKWY,U.S. Highway,Urban,Principal Arterial - Other,State Highway Agency,47.0,34.14191944,-84.74845,Motor Vehicle In-Transport,Angle,T-Intersection,On Roadway,,Daylight,Cloudy,0,0,1995.0,0,1,BARTOW (15),EMERSON
2017,10473,Georgia,0,3,4,June,11,Sunday,18,US-41 JOE FRANK HARRIS PKWY,U.S. Highway,Urban,Principal Arterial - Other,State Highway Agency,47.0,34.14191944,-84.74845,Motor Vehicle In-Transport,Angle,T-Intersection,On Roadway,,Daylight,Cloudy,0,0,2006.0,1,0,BARTOW (15),EMERSON
2017,10474,Georgia,1,1,1,June,11,Sunday,23,SR-10 MEMORIAL DR,State Highway,Urban,Principal Arterial - Other,State Highway Agency,116.0,33.80994167,-84.18270833,Pedestrian,Not a Collision with Motor Vehicle In-Transport,Not an Intersection,On Roadway,,Dark - Lighted,Clear,0,0,2011.0,1,1,DEKALB (89),NOT APPLICABLE
2017,10475,Georgia,0,3,3,June,11,Sunday,4,US-19 PEACHTREE ST,U.S. Highway,Urban,Principal Arterial - Other,State Highway Agency,21.0,33.79966111,-84.39225556,Motor Vehicle In-Transport,Front-to-Front,Not an Intersection,On Roadway,,Dark - Lighted,Clear,0,1,1997.0,0,0,FULTON (121),ATLANTA
2017,10476,Georgia,0,1,1,June,11,Sunday,20,CR-16 MARTIN LN,County Road,Rural,Local,County Highway Agency,47.0,33.46223056,-83.64536389,Tree (Standing Only),Not a Collision with Motor Vehicle In-Transport,Not an Intersection,On Roadside,,Daylight,Clear,0,0,1997.0,1,0,JASPER (159),NOT APPLICABLE
2017,10476,Georgia,0,1,1,June,11,Sunday,20,CR-16 MARTIN LN,County Road,Rural,Local,County Highway Agency,47.0,33.46223056,-83.64536389,Tree (Standing Only),Not a Collision with Motor Vehicle In-Transport,Not an Intersection,On Roadside,,Daylight,Clear,0,0,2001.0,0,0,JASPER (159),NOT APPLICABLE
2017,10477,Georgia,1,1,1,June,11,Sunday,7,US-441 SR-31,U.S. Highway,Rural,Principal Arterial - Other,State Highway Agency,197.0,32.46763333,-82.93944167,Pedalcyclist,Not a Collision with Motor Vehicle In-Transport,Not an Intersection,On Roadway,,Daylight,Cloudy,0,0,2007.0,0,0,LAURENS (175),NOT APPLICABLE
2017,10477,Georgia,1,1,1,June,11,Sunday,7,US-441 SR-31,U.S. Highway,Rural,Principal Arterial - Other,State Highway Agency,197.0,32.46763333,-82.93944167,Pedalcyclist,Not a Collision with Motor Vehicle In-Transport,Not an Intersection,On Roadway,,Daylight,Cloudy,0,0,2012.0,1,0,LAURENS (175),NOT APPLICABLE
2017,10477,Georgia,1,1,1,June,11,Sunday,7,US-441 SR-31,U.S. Highway,Rural,Principal Arterial - Other,State Highway Agency,197.0,32.46763333,-82.93944167,Pedalcyclist,Not a Collision with Motor Vehicle In-Transport,Not an Intersection,On Roadway,,Daylight,Cloudy,0,0,2006.0,0,0,LAURENS (175),NOT APPLICABLE
2017,10477,Georgia,1,1,1,June,11,Sunday,7,US-441 SR-31,U.S. Highway,Rural,Principal Arterial - Other,State Highway Agency,197.0,32.46763333,-82.93944167,Pedalcyclist,Not a Collision with Motor Vehicle In-Transport,Not an Intersection,On Roadway,,Daylight,Cloudy,0,0,2006.0,0,0,LAURENS (175),NOT APPLICABLE
2017,10477,Georgia,1,1,1,June,11,Sunday,7,US-441 SR-31,U.S. Highway,Rural,Principal Arterial - Other,State Highway Agency,197.0,32.46763333,-82.93944167,Pedalcyclist,Not a Collision with Motor Vehicle In-Transport,Not an Intersection,On Roadway,,Daylight,Cloudy,0,0,2016.0,0,0,LAURENS (175),NOT APPLICABLE