YEAR,ST_CASE,STATENAME,NUM_PEDS,NUM_VEHC,PERSONS,MONTHNAME,DAYNAME,DAY_WEEKNAME,HOUR,ROAD_NAME,ROUTENAME,RUR_URBNAME,FUNC_SYSNAME,RD_OWNERNAME,MILE_MARKER,LATITUDE,LONGITUD,HARM_EVNAME,COLLISION_TYPE,TYP_INTNAME,REL_ROADNAME,WRK_ZONENAME,LGT_CONDNAME,WEATHERNAME,SCH_BUS,HIT_RUN,MOD_YEAR,DEATHS,DR_DRINK,COUNTYNAME,CITYNAME
2017,10478,Georgia,0,1,1,June,12,Monday,13,CR-3945 NEW LIGHT RD,County Road,Urban,Local,County Highway Agency,10.0,34.18008889,-84.47752222,Culvert,Not a Collision with Motor Vehicle In-Transport,Not an Intersection,On Roadside,,Daylight,Clear,0,0,2003.0,1,0,CHEROKEE (57),CANTON
2017,10478,Georgia,0,1,1,June,12,Monday,13,CR-3945 NEW LIGHT RD,County Road,Urban,Local,County Highway Agency,10.0,34.18008889,-84.47752222,Culvert,Not a Collision with Motor Vehicle In-Transport,Not an Intersection,On Roadside,,Daylight,Clear,0,0,2013.0,0,0,CHEROKEE (57),CANTON
2017,10479,Georgia,0,2,2,June,12,Monday,11,US-441 ALABAMA ST,U.S. Highway,Rural,Minor Arterial,State Highway Agency,50.0,34.10795833,-85.34200556,Motor Vehicle In-Transport,Angle,T-Intersection,On Roadway,,Daylight,Clear,0,0,2004.0,0,1,FLOYD (115),CAVE SPRING
2017,10479,Georgia,0,2,2,June,12,Monday,11,US-441 ALABAMA ST,U.S. Highway,Rural,Minor Arterial,State Highway Agency,50.0,34.10795833,-85.34200556,Motor Vehicle In-Transport,Angle,T-Intersection,On Roadway,,Daylight,Clear,0,0,2003.0,1,0,FLOYD (115),CAVE SPRING
2017,10480,Georgia,0,1,1,June,12,Monday,21,US-29 SR-316,U.S. Highway,Urban,Principal Arterial - Freeways,State Highway Agency,15.0,33.96250556,-84.079775,Guardrail Face,Not a Collision with Motor Vehicle In-Transport,Not an Intersection,On Roadside,,Dark - Not Lighted,Cloudy,0,0,1995.0,1,0,GWINNETT (135),NOT APPLICABLE
2017,10481,Georgia,0,8,18,June,12,Monday,15,SR-316,State Highway,Urban,Principal Arterial - Other,State Highway Agency,73.0,33.97933056,-83.984375,Motor Vehicle In-Transport,Front-to-Rear,Not an Intersection,On Roadway,,Daylight,Clear,0,0,2000.0,1,0,GWINNETT (135),LAWRENCEVILLE
2017,10481,Georgia,0,8,18,June,12,Monday,15,SR-316,State Highway,Urban,Principal Arterial - Other,State Highway Agency,73.0,33.97933056,-83.984375,Motor Vehicle In-Transport,Front-to-Rear,Not an Intersection,On Roadway,,Daylight,Clear,0,0,2003.0,0,0,GWINNETT (135),LAWRENCEVILLE
2017,10482,Georgia,0,2,2,June,13,Tuesday,19,CR-44 DUNBAR RD,County Road,Urban,Minor Arterial,County Highway Agency,48.0,32.65907222,-83.67395278,Motor Vehicle In-Transport,Angle,Not an Intersection,On Roadway,,Daylight,Clear,0,0,1997.0,1,0,HOUSTON (153),NOT APPLICABLE
2017,10483,Georgia,0,1,2,June,13,Tuesday,2,CR-66 POWELL CH RD,County Road,Rural,Local,County Highway Agency,61.0,32.68916667,-84.58364167,Embankment,Not a Collision with Motor Vehicle In-Transport,Not an Intersection,On Roadside,,Dark - Not Lighted,Clear,0,0,2003.0,1,0,TALBOT (263),NOT APPLICABLE
2017,10484,Georgia,0,2,2,June,17,Saturday,24,I-85,Interstate,Urban,Interstate,State Highway Agency,23.0,33.84029444,-84.31327222,Motor Vehicle In-Transport,Unknown,Not an Intersection,On Roadway,,Dark - Not Lighted,Clear,0,0,2005.0,1,0,DEKALB (89),NOT APPLICABLE
2017,10484,Georgia,0,2,2,June,17,Saturday,24,I-85,Interstate,Urban,Interstate,State Highway Agency,23.0,33.84029444,-84.31327222,Motor Vehicle In-Transport,Unknown,Not an Intersection,On Roadway,,Dark - Not Lighted,Clear,0,0,2015.0,2,1,DEKALB (89),NOT APPLICABLE
2017,10484,Georgia,0,2,2,June,17,Saturday,24,I-85,Interstate,Urban,Interstate,State Highway Agency,23.0,33.84029444,-84.31327222,Motor Vehicle In-Transport,Unknown,Not an Intersection,On Roadway,,Dark - Not Lighted,Clear,0,0,2014.0,0,0,DEKALB (89),NOT APPLICABLE
2017,10485,Georgia,0,2,5,June,24,Saturday,21,US-19,U.S. Highway,Rural,Principal Arterial - Other,State Highway Agency,106.0,33.13004167,-84.32651111,Motor Vehicle In-Transport,Sideswipe - Same Direction,Not an Intersection,On Roadway,,Dark - Not Lighted,Rain,0,1,2006.0,0,0,PIKE (231),NOT APPLICABLE
2017,10486,Georgia,0,1,7,May,28,Sunday,17,I-75,Interstate,Rural,Interstate,State Highway Agency,193.0,33.10320833,-84.00060556,Guardrail Face,Not a Collision with Motor Vehicle In-Transport,Not an Intersection,On Median,,Daylight,Clear,0,0,1993.0,1,0,MONROE (207),NOT APPLICABLE
2017,10487,Georgia,0,2,3,April,18,Tuesday,12,CR-POWERS FERRY ROAD,County Road,Urban,Minor Arterial,County Highway Agency,86.0,33.87353889,-84.39687222,Motor Vehicle In-Transport,Angle,Four-Way Intersection,On Roadway,,Daylight,Cloudy,0,0,2005.0,0,0,COBB (67),NOT APPLICABLE
2017,10487,Georgia,0,2,3,April,18,Tuesday,12,CR-POWERS FERRY ROAD,County Road,Urban,Minor Arterial,County Highway Agency,86.0,33.87353889,-84.39687222,Motor Vehicle In-Transport,Angle,Four-Way Intersection,On Roadway,,Daylight,Cloudy,0,0,2016.0,1,0,COBB (67),NOT APPLICABLE
2017,10488,Georgia,0,2,3,April,20,Thursday,23,COBB PARKWAY NORTH,Local Street - Municipality,Urban,Principal Arterial - Other,City or Municipal Highway Agency,71.0,33.95096667,-84.52065833,Motor Vehicle In-Transport,Front-to-Rear,Four-Way Intersection,On Roadway,,Dark - Lighted,Clear,0,0,2000.0,1,0,COBB (67),MARIETTA
2017,10488,Georgia,0,2,3,April,20,Thursday,23,COBB PARKWAY NORTH,Local Street - Municipality,Urban,Principal Arterial - Other,City or Municipal Highway Agency,71.0,33.95096667,-84.52065833,Motor Vehicle In-Transport,Front-to-Rear,Four-Way Intersection,On Roadway,,Dark - Lighted,Clear,0,0,2004.0,0,0,COBB (67),MARIETTA
2017,10488,Georgia,0,2,3,April,20,Thursday,23,COBB PARKWAY NORTH,Local Street - Municipality,Urban,Principal Arterial - Other,City or Municipal Highway Agency,71.0,33.95096667,-84.52065833,Motor Vehicle In-Transport,Front-to-Rear,Four-Way Intersection,On Roadway,,Dark - Lighted,Clear,0,0,2004.0,0,0,COBB (67),MARIETTA
2017,10489,Georgia,0,3,5,June,11,Sunday,1,I-475 SR-408,Interstate,Urban,Principal Arterial - Freeways,State Highway Agency,16.0,32.93175278,-83.805325,Concrete Traffic Barrier,Not a Collision with Motor Vehicle In-Transport,Not an Intersection,On Median,,Dark - Not Lighted,Clear,0,0,2015.0,1,0,MONROE (207),NOT APPLICABLE
2017,10489,Georgia,0,3,5,June,11,Sunday,1,I-475 SR-408,Interstate,Urban,Principal Arterial - Freeways,State Highway Agency,16.0,32.93175278,-83.805325,Concrete Traffic Barrier,Not a Collision with Motor Vehicle In-Transport,Not an Intersection,On Median,,Dark - Not Lighted,Clear,0,0,2003.0,1,0,MONROE (207),NOT APPLICABLE
2017,10490,Georgia,0,1,1,June,14,Wednesday,18,SR-2,State Highway,Rural,Principal Arterial - Other,State Highway Agency,172.0,34.93093056,-83.66146389,Embankment,Not a Collision with Motor Vehicle In-Transport,Not an Intersection,On Roadside,,Daylight,Clear,0,0,1997.0,0,0,TOWNS (281),NOT APPLICABLE
2017,10491,Georgia,0,1,3,June,14,Wednesday,3,CR-JOE ROBERTSON ROAD,County Road,Rural,Minor Collector,County Highway Agency,8.0,34.72004444,-85.10049444,Embankment,Not a Collision with Motor Vehicle In-Transport,Not an Intersection,On Roadside,,Dark - Not Lighted,Clear,0,1,2005.0,0,0,WALKER (295),NOT APPLICABLE
2017,10492,Georgia,0,1,2,June,15,Thursday,13,US-SR10,U.S. Highway,Rural,Principal Arterial - Other,State Highway Agency,76.0,33.41469722,-82.39116667,Mail Box,Not a Collision with Motor Vehicle In-Transport,Not an Intersection,On Roadside,,Daylight,Clear,0,0,2013.0,1,0,MCDUFFIE (189),NOT APPLICABLE
2017,10492,Georgia,0,1,2,June,15,Thursday,13,US-SR10,U.S. Highway,Rural,Principal Arterial - Other,State Highway Agency,76.0,33.41469722,-82.39116667,Mail Box,Not a Collision with Motor Vehicle In-Transport,Not an Intersection,On Roadside,,Daylight,Clear,0,0,2015.0,0,0,MCDUFFIE (189),NOT APPLICABLE
2017,10492,Georgia,0,1,2,June,15,Thursday,13,US-SR10,U.S. Highway,Rural,Principal Arterial - Other,State Highway Agency,76.0,33.41469722,-82.39116667,Mail Box,Not a Collision with Motor Vehicle In-Transport,Not an Intersection,On Roadside,,Daylight,Clear,0,0,2012.0,0,0,MCDUFFIE (189),NOT APPLICABLE
2017,10493,Georgia,0,1,1,June,15,Thursday,13,NICHOLSON STREET,Local Street - Municipality,Rural,Principal Arterial - Other,City or Municipal Highway Agency,214.0,32.08804444,-84.66741944,Traffic Sign Support,Not a Collision with Motor Vehicle In-Transport,Four-Way Intersection,On Roadside,,Daylight,Clear,0,0,2005.0,0,0,STEWART (259),RICHLAND
2017,10493,Georgia,0,1,1,June,15,Thursday,13,NICHOLSON STREET,Local Street - Municipality,Rural,Principal Arterial - Other,City or Municipal Highway Agency,214.0,32.08804444,-84.66741944,Traffic Sign Support,Not a Collision with Motor Vehicle In-Transport,Four-Way Intersection,On Roadside,,Daylight,Clear,0,0,2015.0,1,0,STEWART (259),RICHLAND
2017,10494,Georgia,0,2,2,June,16,Friday,12,SR-56,State Highway,Rural,Minor Arterial,State Highway Agency,299.0,33.15428056,-81.96054722,Motor Vehicle In-Transport,Front-to-Front,Not an Intersection,On Roadway,Maintenance,Daylight,Clear,0,0,2000.0,1,1,BURKE (33),NOT APPLICABLE
2017,10495,Georgia,0,2,2,June,16,Friday,21,I-75,Interstate,Urban,Interstate,State Highway Agency,35.0,33.93449444,-84.49375556,Concrete Traffic Barrier,Not a Collision with Motor Vehicle In-Transport,Not an Intersection,On Roadside,,Dark - Lighted,Clear,0,0,2000.0,1,1,COBB (67),MARIETTA
2017,10496,Georgia,0,1,2,June,16,Friday,16,CR-BURKETT CHURCH ROAD,County Road,Rural,Local,County Highway Agency,13.0,31.669825,-82.69288333,Rollover/Overturn,Not a Collision with Motor Vehicle In-Transport,Not an Intersection,On Roadway,,Daylight,Clear,0,0,2002.0,1,0,COFFEE (69),NOT APPLICABLE
2017,10497,Georgia,0,2,3,June,16,Friday,8,US-SR35,U.S. Highway,Rural,Principal Arterial - Other,State Highway Agency,244.0,31.30456111,-83.64282778,Motor Vehicle In-Transport,Angle,Four-Way Intersection,On Roadway,,Daylight,Clear,0,0,2005.0,0,0,COLQUITT (71),NOT APPLICABLE
2017,10497,Georgia,0,2,3,June,16,Friday,8,US-SR35,U.S. Highway,Rural,Principal Arterial - Other,State Highway Agency,244.0,31.30456111,-83.64282778,Motor Vehicle In-Transport,Angle,Four-Way Intersection,On Roadway,,Daylight,Clear,0,0,2002.0,1,0,COLQUITT (71),NOT APPLICABLE
2017,10498,Georgia,0,1,3,June,16,Friday,4,MARTHA BERRY HIGHWAY,Local Street - Municipality,Urban,Principal Arterial - Other,City or Municipal Highway Agency,154.0,34.28971944,-85.18055556,Tree (Standing Only),Not a Collision with Motor Vehicle In-Transport,Not an Intersection,On Roadside,,Dark - Not Lighted,Cloudy,0,0,2007.0,1,1,FLOYD (115),ROME
2017,10499,Georgia,0,1,1,June,16,Friday,4,SR-51,State Highway,Rural,Minor Arterial,State Highway Agency,38.0,34.34960833,-83.33348611,Tree (Standing Only),Not a Collision with Motor Vehicle In-Transport,Not an Intersection,On Roadside,,Dark - Not Lighted,"Fog, Smog, Smoke",0,0,2002.0,1,0,FRANKLIN (119),NOT APPLICABLE
2017,10500,Georgia,0,2,2,June,16,Friday,17,US-41 SR-7,U.S. Highway,Urban,Principal Arterial - Other,State Highway Agency,158.0,30.82591667,-83.22798889,Motor Vehicle In-Transport,Angle,Four-Way Intersection,On Roadway,,Daylight,Clear,0,0,1999.0,1,0,LOWNDES (185),NOT APPLICABLE
2017,10501,Georgia,0,2,2,June,16,Friday,13,SR-400,State Highway,Rural,Principal Arterial - Other,State Highway Agency,3.0,34.42720833,-83.99088333,Motor Vehicle In-Transport,Angle,Four-Way Intersection,On Roadway,,Daylight,Cloudy,0,0,2006.0,0,0,LUMPKIN (187),DAHLONEGA
2017,10501,Georgia,0,2,2,June,16,Friday,13,SR-400,State Highway,Rural,Principal Arterial - Other,State Highway Agency,3.0,34.42720833,-83.99088333,Motor Vehicle In-Transport,Angle,Four-Way Intersection,On Roadway,,Daylight,Cloudy,0,0,2006.0,1,1,LUMPKIN (187),DAHLONEGA
2017,10501,Georgia,0,2,2,June,16,Friday,13,SR-400,State Highway,Rural,Principal Arterial - Other,State Highway Agency,3.0,34.42720833,-83.99088333,Motor Vehicle In-Transport,Angle,Four-Way Intersection,On Roadway,,Daylight,Cloudy,0,0,2005.0,0,0,LUMPKIN (187),DAHLONEGA
2017,10502,Georgia,0,1,1,June,17,Saturday,16,SR-7,State Highway,Rural,Minor Arterial,State Highway Agency,9.0,32.59048889,-83.9328,Tree (Standing Only),Not a Collision with Motor Vehicle In-Transport,Not an Intersection,On Roadside,,Daylight,Clear,0,0,2006.0,0,0,CRAWFORD (79),ROBERTA
2017,10502,Georgia,0,1,1,June,17,Saturday,16,SR-7,State Highway,Rural,Minor Arterial,State Highway Agency,9.0,32.59048889,-83.9328,Tree (Standing Only),Not a Collision with Motor Vehicle In-Transport,Not an Intersection,On Roadside,,Daylight,Clear,0,0,2000.0,1,0,CRAWFORD (79),ROBERTA
2017,10503,Georgia,0,1,1,June,17,Saturday,17,SOUTH RIVERBEND ROAD,Local Street - Municipality,Urban,Minor Collector,City or Municipal Highway Agency,43.0,34.706525,-84.93543611,Culvert,Not a Collision with Motor Vehicle In-Transport,Not an Intersection,On Roadside,,Daylight,Clear,0,0,2010.0,1,0,WHITFIELD (313),DALTON
2017,10503,Georgia,0,1,1,June,17,Saturday,17,SOUTH RIVERBEND ROAD,Local Street - Municipality,Urban,Minor Collector,City or Municipal Highway Agency,43.0,34.706525,-84.93543611,Culvert,Not a Collision with Motor Vehicle In-Transport,Not an Intersection,On Roadside,,Daylight,Clear,0,0,2008.0,0,0,WHITFIELD (313),DALTON
2017,10504,Georgia,0,1,1,June,18,Sunday,23,RIVERSIDE DRIVE,Local Street - Municipality,Urban,Principal Arterial - Other,City or Municipal Highway Agency,110.0,32.91773889,-83.70828611,Rollover/Overturn,Not a Collision with Motor Vehicle In-Transport,Not an Intersection,On Roadside,,Dark - Lighted,Clear,0,0,2001.0,0,0,BIBB (21),MACON
2017,10504,Georgia,0,1,1,June,18,Sunday,23,RIVERSIDE DRIVE,Local Street - Municipality,Urban,Principal Arterial - Other,City or Municipal Highway Agency,110.0,32.91773889,-83.70828611,Rollover/Overturn,Not a Collision with Motor Vehicle In-Transport,Not an Intersection,On Roadside,,Dark - Lighted,Clear,0,0,2005.0,1,0,BIBB (21),MACON
2017,10505,Georgia,0,1,2,June,19,Monday,13,CR-HIGHTOWER ROAD,County Road,Rural,Minor Arterial,County Highway Agency,41.0,34.290725,-84.26878611,Tree (Standing Only),Not a Collision with Motor Vehicle In-Transport,Not an Intersection,On Roadside,,Daylight,Clear,0,0,1993.0,1,0,CHEROKEE (57),NOT APPLICABLE
2017,10505,Georgia,0,1,2,June,19,Monday,13,CR-HIGHTOWER ROAD,County Road,Rural,Minor Arterial,County Highway Agency,41.0,34.290725,-84.26878611,Tree (Standing Only),Not a Collision with Motor Vehicle In-Transport,Not an Intersection,On Roadside,,Daylight,Clear,0,0,1996.0,0,0,CHEROKEE (57),NOT APPLICABLE
2017,10506,Georgia,0,1,4,June,19,Monday,24,BANNISTER ROAD,Local Street - Municipality,Urban,Minor Collector,City or Municipal Highway Agency,9.0,34.29908333,-84.15322222,Rollover/Overturn,Not a Collision with Motor Vehicle In-Transport,Not an Intersection,On Roadside,,Dark - Not Lighted,Cloudy,0,0,2000.0,0,0,FORSYTH (117),CUMMING
2017,10506,Georgia,0,1,4,June,19,Monday,24,BANNISTER ROAD,Local Street - Municipality,Urban,Minor Collector,City or Municipal Highway Agency,9.0,34.29908333,-84.15322222,Rollover/Overturn,Not a Collision with Motor Vehicle In-Transport,Not an Intersection,On Roadside,,Dark - Not Lighted,Cloudy,0,0,2000.0,1,0,FORSYTH (117),CUMMING
2017,10507,Georgia,1,1,1,June,19,Monday,21,SR-81,State Highway,Urban,Principal Arterial - Other,State Highway Agency,156.0,33.41901667,-84.25038889,Pedestrian,Not a Collision with Motor Vehicle In-Transport,Not an Intersection,On Roadway,,Dark - Not Lighted,Cloudy,0,0,2010.0,0,0,HENRY (151),NOT APPLICABLE
2017,10507,Georgia,1,1,1,June,19,Monday,21,SR-81,State Highway,Urban,Principal Arterial - Other,State Highway Agency,156.0,33.41901667,-84.25038889,Pedestrian,Not a Collision with Motor Vehicle In-Transport,Not an Intersection,On Roadway,,Dark - Not Lighted,Cloudy,0,0,2015.0,1,0,HENRY (151),NOT APPLICABLE
2017,10508,Georgia,0,2,3,June,20,Tuesday,5,SR-8,State Highway,Urban,Principal Arterial - Other,State Highway Agency,80.0,33.79979167,-84.51394444,Motor Vehicle In-Transport,Front-to-Front,Four-Way Intersection,On Roadway,,Dark - Not Lighted,Rain,0,0,2005.0,0,0,COBB (67),NOT APPLICABLE
2017,10509,Georgia,0,2,2,June,20,Tuesday,5,SR-309,State Highway,Rural,Major Collector,State Highway Agency,108.0,30.80656667,-84.55844444,Motor Vehicle In-Transport,Angle,Not an Intersection,On Roadway,,Dark - Not Lighted,Rain,0,0,2000.0,1,1,DECATUR (87),Other
2017,10509,Georgia,0,2,2,June,20,Tuesday,5,SR-309,State Highway,Rural,Major Collector,State Highway Agency,108.0,30.80656667,-84.55844444,Motor Vehicle In-Transport,Angle,Not an Intersection,On Roadway,,Dark - Not Lighted,Rain,0,0,2007.0,0,0,DECATUR (87),Other
2017,10510,Georgia,1,2,2,June,20,Tuesday,23,I-85 RAMP,Interstate,Urban,Interstate,State Highway Agency,108.0,33.88676667,-84.26617778,Pedestrian,Not a Collision with Motor Vehicle In-Transport,Not an Intersection,On Roadway,Construction,Dark - Not Lighted,Rain,0,0,2005.0,1,0,FULTON (121),NOT APPLICABLE
2017,10510,Georgia,1,2,2,June,20,Tuesday,23,I-85 RAMP,Interstate,Urban,Interstate,State Highway Agency,108.0,33.88676667,-84.26617778,Pedestrian,Not a Collision with Motor Vehicle In-Transport,Not an Intersection,On Roadway,Construction,Dark - Not Lighted,Rain,0,0,2005.0,0,0,FULTON (121),NOT APPLICABLE
2017,10510,Georgia,1,2,2,June,20,Tuesday,23,I-85 RAMP,Interstate,Urban,Interstate,State Highway Agency,108.0,33.88676667,-84.26617778,Pedestrian,Not a Collision with Motor Vehicle In-Transport,Not an Intersection,On Roadway,Construction,Dark - Not Lighted,Rain,0,0,2016.0,0,0,FULTON (121),NOT APPLICABLE
2017,10511,Georgia,0,2,2,June,20,Tuesday,17,SR-139,State Highway,Urban,Minor Arterial,State Highway Agency,7.0,33.63497778,-84.46911389,Motor Vehicle In-Transport,Angle,Not an Intersection,On Roadway,,Daylight,Rain,0,0,2002.0,0,0,FULTON (121),COLLEGE PARK
2017,10511,Georgia,0,2,2,June,20,Tuesday,17,SR-139,State Highway,Urban,Minor Arterial,State Highway Agency,7.0,33.63497778,-84.46911389,Motor Vehicle In-Transport,Angle,Not an Intersection,On Roadway,,Daylight,Rain,0,0,2012.0,1,0,FULTON (121),COLLEGE PARK
2017,10511,Georgia,0,2,2,June,20,Tuesday,17,SR-139,State Highway,Urban,Minor Arterial,State Highway Agency,7.0,33.63497778,-84.46911389,Motor Vehicle In-Transport,Angle,Not an Intersection,On Roadway,,Daylight,Rain,0,0,2017.0,0,0,FULTON (121),COLLEGE PARK
2017,10512,Georgia,0,1,1,June,21,Wednesday,13,BATES ROAD,Local Street - Municipality,Urban,Local,City or Municipal Highway Agency,14.0,34.10460556,-84.78241389,Tree (Standing Only),Not a Collision with Motor Vehicle In-Transport,Not an Intersection,On Roadside,,Daylight,Cloudy,0,0,1997.0,4,1,BARTOW (15),EMERSON
2017,10512,Georgia,0,1,1,June,21,Wednesday,13,BATES ROAD,Local Street - Municipality,Urban,Local,City or Municipal Highway Agency,14.0,34.10460556,-84.78241389,Tree (Standing Only),Not a Collision with Motor Vehicle In-Transport,Not an Intersection,On Roadside,,Daylight,Cloudy,0,0,2012.0,0,0,BARTOW (15),EMERSON
2017,10512,Georgia,0,1,1,June,21,Wednesday,13,BATES ROAD,Local Street - Municipality,Urban,Local,City or Municipal Highway Agency,14.0,34.10460556,-84.78241389,Tree (Standing Only),Not a Collision with Motor Vehicle In-Transport,Not an Intersection,On Roadside,,Daylight,Cloudy,0,0,2016.0,0,0,BARTOW (15),EMERSON
2017,10513,Georgia,0,2,2,June,21,Wednesday,13,SR-38,State Highway,Rural,Principal Arterial - Other,State Highway Agency,200.0,31.06157778,-82.68048611,Motor Vehicle In-Transport,Angle,Not an Intersection,On Roadway,,Daylight,Clear,0,0,2000.0,1,1,CLINCH (65),NOT APPLICABLE
2017,10514,Georgia,0,1,1,June,21,Wednesday,22,SR-34,State Highway,Rural,Principal Arterial - Other,State Highway Agency,5.0,33.34225556,-84.95309444,Tree (Standing Only),Not a Collision with Motor Vehicle In-Transport,Not an Intersection,On Roadside,,Dark - Not Lighted,Rain,0,0,2013.0,1,0,COWETA (77),NOT APPLICABLE
2017,10515,Georgia,0,1,2,June,21,Wednesday,2,CR-CARL SUTTON ROAD,County Road,Rural,Local,County Highway Agency,36.0,32.74491667,-83.89437778,Tree (Standing Only),Not a Collision with Motor Vehicle In-Transport,Not an Intersection,On Roadside,,Dark - Not Lighted,Cloudy,0,0,2018.0,0,0,CRAWFORD (79),NOT APPLICABLE
2017,10516,Georgia,0,3,4,June,21,Wednesday,23,CR-CANDLER ROAD,County Road,Urban,Minor Arterial,County Highway Agency,81.0,33.70506111,-84.27142778,Motor Vehicle In-Transport,Angle,Four-Way Intersection,On Roadway,,Dark - Lighted,Cloudy,0,0,2010.0,0,0,DEKALB (89),NOT APPLICABLE
2017,10516,Georgia,0,3,4,June,21,Wednesday,23,CR-CANDLER ROAD,County Road,Urban,Minor Arterial,County Highway Agency,81.0,33.70506111,-84.27142778,Motor Vehicle In-Transport,Angle,Four-Way Intersection,On Roadway,,Dark - Lighted,Cloudy,0,0,1999.0,1,0,DEKALB (89),NOT APPLICABLE
2017,10516,Georgia,0,3,4,June,21,Wednesday,23,CR-CANDLER ROAD,County Road,Urban,Minor Arterial,County Highway Agency,81.0,33.70506111,-84.27142778,Motor Vehicle In-Transport,Angle,Four-Way Intersection,On Roadway,,Dark - Lighted,Cloudy,0,0,2001.0,0,1,DEKALB (89),NOT APPLICABLE
2017,10516,Georgia,0,3,4,June,21,Wednesday,23,CR-CANDLER ROAD,County Road,Urban,Minor Arterial,County Highway Agency,81.0,33.70506111,-84.27142778,Motor Vehicle In-Transport,Angle,Four-Way Intersection,On Roadway,,Dark - Lighted,Cloudy,0,0,2014.0,0,0,DEKALB (89),NOT APPLICABLE
2017,10517,Georgia,0,1,1,June,22,Thursday,3,I-95,Interstate,Rural,Interstate,State Highway Agency,14.0,31.67905278,-81.39174444,Tree (Standing Only),Not a Collision with Motor Vehicle In-Transport,Not an Intersection,On Median,,Dark - Not Lighted,Rain,0,0,2003.0,1,0,LIBERTY (179),NOT APPLICABLE
2017,10518,Georgia,0,3,3,June,22,Thursday,18,I-75,Interstate,Rural,Interstate,State Highway Agency,10.0,30.66049444,-83.20591944,Motor Vehicle In-Transport,Front-to-Rear,Not an Intersection,On Roadway,,Daylight,Clear,0,0,1999.0,1,0,LOWNDES (185),NOT APPLICABLE
2017,10519,Georgia,0,2,2,June,23,Friday,24,FIVE FORKS TRICKUM ROAD,Local Street - Municipality,Urban,Minor Arterial,City or Municipal Highway Agency,83.0,33.91040833,-84.03359722,Working Motor Vehicle,Not a Collision with Motor Vehicle In-Transport,Not an Intersection,On Roadway,Utility,Dark - Not Lighted,Cloudy,0,0,2005.0,1,0,GWINNETT (135),LAWRENCEVILLE
2017,10520,Georgia,0,2,2,June,23,Friday,10,US-SR29,U.S. Highway,Urban,Principal Arterial - Other,State Highway Agency,171.0,32.56499444,-82.91946389,Motor Vehicle In-Transport,Angle,Not an Intersection,On Roadway,,Daylight,Clear,0,0,2015.0,1,0,LAURENS (175),DUBLIN
2017,10520,Georgia,0,2,2,June,23,Friday,10,US-SR29,U.S. Highway,Urban,Principal Arterial - Other,State Highway Agency,171.0,32.56499444,-82.91946389,Motor Vehicle In-Transport,Angle,Not an Intersection,On Roadway,,Daylight,Clear,0,0,2007.0,0,0,LAURENS (175),DUBLIN
2017,10521,Georgia,0,2,2,June,23,Friday,19,SR-60,State Highway,Rural,Major Collector,State Highway Agency,138.0,34.55928333,-83.96715556,Motor Vehicle In-Transport,Front-to-Front,Not an Intersection,On Roadway,,Daylight,Rain,0,0,1998.0,1,0,LUMPKIN (187),DAHLONEGA
2017,10522,Georgia,0,2,5,June,23,Friday,22,6TH AVENUE,Local Street - Municipality,Urban,Minor Collector,City or Municipal Highway Agency,1.0,32.46278611,-84.98488056,Motor Vehicle In-Transport,Angle,Four-Way Intersection,On Roadway,,Dark - Lighted,Cloudy,0,0,2000.0,1,0,MUSCOGEE (215),COLUMBUS
2017,10523,Georgia,0,1,1,June,23,Friday,19,SR-109,State Highway,Rural,Major Collector,State Highway Agency,110.0,33.03755556,-84.36798333,Culvert,Not a Collision with Motor Vehicle In-Transport,Not an Intersection,On Roadside,,Daylight,Cloudy,0,0,2002.0,1,0,PIKE (231),NOT APPLICABLE
2017,10523,Georgia,0,1,1,June,23,Friday,19,SR-109,State Highway,Rural,Major Collector,State Highway Agency,110.0,33.03755556,-84.36798333,Culvert,Not a Collision with Motor Vehicle In-Transport,Not an Intersection,On Roadside,,Daylight,Cloudy,0,0,2014.0,1,0,PIKE (231),NOT APPLICABLE
2017,10523,Georgia,0,1,1,June,23,Friday,19,SR-109,State Highway,Rural,Major Collector,State Highway Agency,110.0,33.03755556,-84.36798333,Culvert,Not a Collision with Motor Vehicle In-Transport,Not an Intersection,On Roadside,,Daylight,Cloudy,0,0,2008.0,0,0,PIKE (231),NOT APPLICABLE
2017,10524,Georgia,0,2,2,June,23,Friday,21,US-76 SR-52,U.S. Highway,Urban,Principal Arterial - Other,City or Municipal Highway Agency,34.0,34.03387222,-85.24475556,Motor Vehicle In-Transport,Front-to-Front,Not an Intersection,On Roadway,,Dark - Not Lighted,Rain,0,0,2010.0,0,0,POLK (233),CEDARTOWN
2017,10524,Georgia,0,2,2,June,23,Friday,21,US-76 SR-52,U.S. Highway,Urban,Principal Arterial - Other,City or Municipal Highway Agency,34.0,34.03387222,-85.24475556,Motor Vehicle In-Transport,Front-to-Front,Not an Intersection,On Roadway,,Dark - Not Lighted,Rain,0,0,2004.0,1,0,POLK (233),CEDARTOWN
2017,10525,Georgia,0,1,1,June,23,Friday,16,SR-96,State Highway,Rural,Principal Arterial - Other,State Highway Agency,24.0,32.54208611,-83.51757778,Tree (Standing Only),Not a Collision with Motor Vehicle In-Transport,Not an Intersection,On Roadside,,Daylight,Cloudy,0,0,2016.0,1,0,TWIGGS (289),NOT APPLICABLE