YEAR,ST_CASE,STATENAME,NUM_PEDS,NUM_VEHC,PERSONS,MONTHNAME,DAYNAME,DAY_WEEKNAME,HOUR,ROAD_NAME,ROUTENAME,RUR_URBNAME,FUNC_SYSNAME,RD_OWNERNAME,MILE_MARKER,LATITUDE,LONGITUD,HARM_EVNAME,COLLISION_TYPE,TYP_INTNAME,REL_ROADNAME,WRK_ZONENAME,LGT_CONDNAME,WEATHERNAME,SCH_BUS,HIT_RUN,MOD_YEAR,DEATHS,DR_DRINK,COUNTYNAME,CITYNAME
2017,10526,Georgia,0,1,2,June,24,Saturday,7,I-575,Interstate,Urban,Interstate,State Highway Agency,139.0,34.25404444,-84.46735278,Traffic Sign Support,Not a Collision with Motor Vehicle In-Transport,Not an Intersection,On Roadside,,Daylight,Rain,0,0,1979.0,1,0,CHEROKEE (57),CANTON
2017,10526,Georgia,0,1,2,June,24,Saturday,7,I-575,Interstate,Urban,Interstate,State Highway Agency,139.0,34.25404444,-84.46735278,Traffic Sign Support,Not a Collision with Motor Vehicle In-Transport,Not an Intersection,On Roadside,,Daylight,Rain,0,0,2003.0,0,0,CHEROKEE (57),CANTON
2017,10527,Georgia,0,2,2,June,25,Sunday,12,SR-5,State Highway,Urban,Principal Arterial - Other,State Highway Agency,112.0,33.93263889,-84.54866111,Motor Vehicle In-Transport,Angle,Not an Intersection,On Roadway,Maintenance,Daylight,Cloudy,0,0,2000.0,1,1,COBB (67),NOT APPLICABLE
2017,10528,Georgia,0,2,2,June,25,Sunday,24,RIDGE ROAD,Local Street - Municipality,Urban,Minor Arterial,City or Municipal Highway Agency,43.0,33.81405556,-84.81998056,Motor Vehicle In-Transport,Front-to-Front,Not an Intersection,On Roadway,,Dark - Not Lighted,Clear,0,0,2003.0,0,0,PAULDING (223),HIRAM
2017,10528,Georgia,0,2,2,June,25,Sunday,24,RIDGE ROAD,Local Street - Municipality,Urban,Minor Arterial,City or Municipal Highway Agency,43.0,33.81405556,-84.81998056,Motor Vehicle In-Transport,Front-to-Front,Not an Intersection,On Roadway,,Dark - Not Lighted,Clear,0,0,2003.0,1,0,PAULDING (223),HIRAM
2017,10529,Georgia,0,1,2,June,25,Sunday,8,SR-22,State Highway,Rural,Minor Arterial,State Highway Agency,222.0,32.69853056,-84.427575,Culvert,Not a Collision with Motor Vehicle In-Transport,Not an Intersection,On Roadside,,Dark - Not Lighted,Clear,0,0,2014.0,1,0,TALBOT (263),NOT APPLICABLE
2017,10530,Georgia,0,2,2,June,26,Monday,1,I-20,Interstate,Urban,Interstate,State Highway Agency,185.0,33.77606111,-84.59151667,Rollover/Overturn,Not a Collision with Motor Vehicle In-Transport,Not an Intersection,On Roadway,,Dark - Not Lighted,Clear,0,0,1997.0,0,0,COBB (67),NOT APPLICABLE
2017,10530,Georgia,0,2,2,June,26,Monday,1,I-20,Interstate,Urban,Interstate,State Highway Agency,185.0,33.77606111,-84.59151667,Rollover/Overturn,Not a Collision with Motor Vehicle In-Transport,Not an Intersection,On Roadway,,Dark - Not Lighted,Clear,0,0,2013.0,0,0,COBB (67),NOT APPLICABLE
2017,10531,Georgia,0,2,2,June,26,Monday,6,SR-14,State Highway,Urban,Minor Arterial,State Highway Agency,267.0,33.49536389,-84.67360556,Motor Vehicle In-Transport,Angle,Four-Way Intersection,On Roadway,,Daylight,Clear,0,0,2013.0,0,0,COWETA (77),NOT APPLICABLE
2017,10532,Georgia,0,2,3,June,26,Monday,19,SR-96,State Highway,Urban,Principal Arterial - Other,State Highway Agency,85.0,32.54376389,-83.58070556,Motor Vehicle In-Transport,Angle,T-Intersection,On Roadway,,Daylight,Clear,0,0,2003.0,1,1,HOUSTON (153),NOT APPLICABLE
2017,10533,Georgia,0,2,2,June,27,Tuesday,16,SR-400,State Highway,Rural,Minor Arterial,State Highway Agency,6.0,34.38630556,-85.17135833,Motor Vehicle In-Transport,Front-to-Front,Not an Intersection,On Roadway,,Daylight,Clear,0,0,2004.0,1,1,FLOYD (115),ARMUCHEE
2017,10534,Georgia,0,3,4,June,27,Tuesday,17,SR-243,State Highway,Rural,Principal Arterial - Other,State Highway Agency,27.0,32.89505833,-83.35944444,Motor Vehicle In-Transport,Angle,Four-Way Intersection,On Roadway,,Daylight,Cloudy,0,0,2001.0,1,0,WILKINSON (319),GORDON
2017,10535,Georgia,0,3,8,June,28,Wednesday,17,EAST PRESIDENT STREET,Local Street - Municipality,Urban,Principal Arterial - Other,City or Municipal Highway Agency,10.0,32.07003056,-81.05724444,Motor Vehicle In-Transport,Angle,Four-Way Intersection,On Roadway,,Daylight,Cloudy,0,0,1969.0,1,1,CHATHAM (51),SAVANNAH
2017,10536,Georgia,0,2,2,June,29,Thursday,4,SR-73,State Highway,Rural,Principal Arterial - Other,State Highway Agency,178.0,32.80359722,-81.62903333,Motor Vehicle In-Transport,Front-to-Front,Not an Intersection,On Roadway,,Dark - Not Lighted,Clear,0,1,2011.0,0,0,SCREVEN (251),NOT APPLICABLE
2017,10537,Georgia,0,2,3,June,29,Thursday,19,SR-115,State Highway,Rural,Minor Arterial,State Highway Agency,115.0,34.57655278,-83.66751111,Motor Vehicle In-Transport,Angle,Not an Intersection,On Roadway,,Daylight,Cloudy,0,0,2014.0,2,1,WHITE (311),NOT APPLICABLE
2017,10538,Georgia,1,1,1,June,30,Friday,1,I-475,Interstate,Urban,Interstate,State Highway Agency,37.0,32.81896111,-83.65571944,Pedestrian,Not a Collision with Motor Vehicle In-Transport,Not an Intersection,On Roadway,,Dark - Not Lighted,Rain,0,0,2014.0,0,1,BIBB (21),MACON
2017,10539,Georgia,0,1,3,June,30,Friday,5,SR-8,State Highway,Urban,Principal Arterial - Other,State Highway Agency,99.0,33.97517222,-83.35471389,Culvert,Not a Collision with Motor Vehicle In-Transport,Not an Intersection,On Median,,Dark - Not Lighted,Rain,0,0,2001.0,1,1,CLARKE (59),ATHENS
2017,10540,Georgia,1,1,4,June,30,Friday,22,PULLIAM STREET,Local Street - Municipality,Urban,Minor Arterial,City or Municipal Highway Agency,2.0,33.74069722,-84.39239167,Pedestrian,Not a Collision with Motor Vehicle In-Transport,Not an Intersection,On Roadway,,Dark - Not Lighted,Cloudy,0,0,2004.0,1,1,FULTON (121),ATLANTA
2017,10541,Georgia,0,2,3,June,30,Friday,13,SR-15,State Highway,Rural,Major Collector,State Highway Agency,148.0,32.63953611,-84.83827222,Motor Vehicle In-Transport,Angle,Not an Intersection,On Roadway,,Daylight,Rain,0,0,2002.0,1,0,HARRIS (145),NOT APPLICABLE
2017,10542,Georgia,0,1,4,June,30,Friday,24,BROOKHAVEN CIRCLE,Local Street - Municipality,Rural,Major Collector,City or Municipal Highway Agency,102.0,34.50559444,-83.16687222,Tree (Standing Only),Not a Collision with Motor Vehicle In-Transport,Not an Intersection,On Roadside,,Dark - Not Lighted,Cloudy,0,0,2001.0,1,0,STEPHENS (257),MARTIN
2017,10543,Georgia,0,3,6,June,30,Friday,22,CR-TENNILLE HARRISON ROAD,County Road,Rural,Minor Collector,County Highway Agency,18.0,32.87710278,-82.75375556,Motor Vehicle In-Transport,Front-to-Rear,Not an Intersection,On Roadway,,Dark - Not Lighted,Cloudy,0,0,1997.0,1,0,WASHINGTON (303),NOT APPLICABLE
2017,10544,Georgia,1,1,2,May,14,Sunday,1,SR-139 RIVERDALE RD,State Highway,Urban,Minor Arterial,State Highway Agency,21.0,33.59712222,-84.42896389,Pedestrian,Not a Collision with Motor Vehicle In-Transport,T-Intersection,On Roadway,,Dark - Not Lighted,Clear,0,0,2012.0,1,0,CLAYTON (63),NOT APPLICABLE
2017,10544,Georgia,1,1,2,May,14,Sunday,1,SR-139 RIVERDALE RD,State Highway,Urban,Minor Arterial,State Highway Agency,21.0,33.59712222,-84.42896389,Pedestrian,Not a Collision with Motor Vehicle In-Transport,T-Intersection,On Roadway,,Dark - Not Lighted,Clear,0,0,2003.0,0,0,CLAYTON (63),NOT APPLICABLE
2017,10545,Georgia,0,2,2,July,1,Saturday,20,CR-332 FILTER PLANT RD,County Road,Urban,Minor Collector,County Highway Agency,17.0,34.46141389,-85.390425,Motor Vehicle In-Transport,Front-to-Front,T-Intersection,On Roadway,,Dusk,Cloudy,0,0,2004.0,1,0,CHATTOOGA (55),NOT APPLICABLE
2017,10545,Georgia,0,2,2,July,1,Saturday,20,CR-332 FILTER PLANT RD,County Road,Urban,Minor Collector,County Highway Agency,17.0,34.46141389,-85.390425,Motor Vehicle In-Transport,Front-to-Front,T-Intersection,On Roadway,,Dusk,Cloudy,0,0,2017.0,0,0,CHATTOOGA (55),NOT APPLICABLE
2017,10546,Georgia,0,1,1,July,1,Saturday,17,I-75,Interstate,Rural,Interstate,State Highway Agency,10.0,34.08141111,-84.63165833,Guardrail Face,Not a Collision with Motor Vehicle In-Transport,Not an Intersection,On Median,,Daylight,Cloudy,0,0,2002.0,1,0,CHEROKEE (57),NOT APPLICABLE
2017,10547,Georgia,0,1,2,July,1,Saturday,22,8TH ST,Local Street - Municipality,Urban,Local,City or Municipal Highway Agency,2.0,31.17396111,-83.79759722,Rollover/Overturn,Not a Collision with Motor Vehicle In-Transport,Not an Intersection,On Roadway,,Dark - Lighted,Clear,0,0,2014.0,1,1,COLQUITT (71),MOULTRIE
2017,10548,Georgia,0,2,6,July,1,Saturday,22,CR-66 SYCAMORE RD,County Road,Urban,Minor Collector,County Highway Agency,10.0,34.11457778,-84.04200556,Motor Vehicle In-Transport,Front-to-Front,T-Intersection,On Roadway,,Dark - Not Lighted,Clear,0,0,1931.0,1,0,GWINNETT (135),BUFORD
2017,10549,Georgia,0,1,1,July,1,Saturday,17,CR-142 BRANNAN RD,County Road,Urban,Local,County Highway Agency,7.0,33.51405,-84.16826944,Tree (Standing Only),Not a Collision with Motor Vehicle In-Transport,Not an Intersection,On Roadside,,Daylight,Cloudy,0,0,2001.0,1,1,HENRY (151),NOT APPLICABLE
2017,10550,Georgia,0,2,4,July,1,Saturday,15,I-75,Interstate,Rural,Interstate,State Highway Agency,0.0,33.17133056,-84.04253889,Motor Vehicle In-Transport,Front-to-Rear,Not an Intersection,On Roadway,,Daylight,Clear,0,0,1999.0,1,0,LAMAR (171),NOT APPLICABLE
2017,10550,Georgia,0,2,4,July,1,Saturday,15,I-75,Interstate,Rural,Interstate,State Highway Agency,0.0,33.17133056,-84.04253889,Motor Vehicle In-Transport,Front-to-Rear,Not an Intersection,On Roadway,,Daylight,Clear,0,0,2016.0,0,0,LAMAR (171),NOT APPLICABLE
2017,10551,Georgia,0,1,1,July,1,Saturday,14,SR-104 RIVERWATCH PKWY,State Highway,Urban,Principal Arterial - Freeways,State Highway Agency,12.0,33.48961111,-81.99277222,Guardrail Face,Not a Collision with Motor Vehicle In-Transport,Not an Intersection,On Roadside,,Daylight,Clear,0,0,1992.0,1,0,RICHMOND (245),AUGUSTA
2017,10552,Georgia,0,1,1,July,2,Sunday,22,CR-46 POSEY RD,County Road,Urban,Local,County Highway Agency,10.0,33.42165556,-84.70249722,Tree (Standing Only),Not a Collision with Motor Vehicle In-Transport,Four-Way Intersection,On Roadside,,Dark - Not Lighted,Rain,0,0,2007.0,1,1,COWETA (77),NOT APPLICABLE
2017,10553,Georgia,0,2,3,July,3,Monday,17,SR-211,State Highway,Rural,Minor Collector,State Highway Agency,12.0,33.99943611,-83.58826667,Motor Vehicle In-Transport,Front-to-Front,Not an Intersection,On Roadway,,Daylight,Clear,0,0,2015.0,1,1,BARROW (13),NOT APPLICABLE
2017,10553,Georgia,0,2,3,July,3,Monday,17,SR-211,State Highway,Rural,Minor Collector,State Highway Agency,12.0,33.99943611,-83.58826667,Motor Vehicle In-Transport,Front-to-Front,Not an Intersection,On Roadway,,Daylight,Clear,0,0,2017.0,0,0,BARROW (13),NOT APPLICABLE
2017,10554,Georgia,0,1,4,July,3,Monday,12,I-75,Interstate,Rural,Interstate,State Highway Agency,167.0,34.25544167,-84.79184167,Guardrail Face,Not a Collision with Motor Vehicle In-Transport,Not an Intersection,On Roadside,,Daylight,Clear,0,1,2005.0,1,0,BARTOW (15),NOT APPLICABLE
2017,10555,Georgia,0,2,2,July,3,Monday,15,US-129 SR-11,U.S. Highway,Rural,Minor Arterial,State Highway Agency,63.0,30.70912778,-83.02728056,Motor Vehicle In-Transport,Angle,Not an Intersection,On Roadway,,Daylight,Clear,0,0,2014.0,1,0,ECHOLS (101),STATENVILLE
2017,10556,Georgia,0,2,2,July,3,Monday,14,I-75,Interstate,Urban,Interstate,State Highway Agency,82.0,33.75909167,-84.37933889,Concrete Traffic Barrier,Not a Collision with Motor Vehicle In-Transport,Not an Intersection,On Median,,Daylight,Clear,0,0,2001.0,1,0,FULTON (121),ATLANTA
2017,10557,Georgia,0,3,3,July,3,Monday,5,US-23 SR-13,U.S. Highway,Urban,Minor Arterial,State Highway Agency,138.0,34.04153889,-84.07904167,Motor Vehicle In-Transport,Angle,Four-Way Intersection,On Roadway,,Dark - Not Lighted,Rain,0,0,1995.0,1,0,GWINNETT (135),SUWANEE
2017,10558,Georgia,0,2,3,July,3,Monday,16,CR-1516 OLD WAYNESBORO RD,County Road,Urban,Minor Arterial,County Highway Agency,57.0,33.33403056,-82.0076,Motor Vehicle In-Transport,Sideswipe - Opposite Direction,Not an Intersection,On Roadway,,Daylight,Rain,0,0,2016.0,0,0,RICHMOND (245),AUGUSTA
2017,10558,Georgia,0,2,3,July,3,Monday,16,CR-1516 OLD WAYNESBORO RD,County Road,Urban,Minor Arterial,County Highway Agency,57.0,33.33403056,-82.0076,Motor Vehicle In-Transport,Sideswipe - Opposite Direction,Not an Intersection,On Roadway,,Daylight,Rain,0,0,2006.0,1,0,RICHMOND (245),AUGUSTA
2017,10559,Georgia,0,2,5,July,4,Tuesday,21,CR-223 LUMPKIN CAMPGROUND RD,County Road,Rural,Major Collector,County Highway Agency,22.0,34.362,-84.04818333,Motor Vehicle In-Transport,Angle,Four-Way Intersection,On Roadway,,Dark - Not Lighted,Clear,0,0,2012.0,1,0,DAWSON (85),NOT APPLICABLE
2017,10560,Georgia,1,1,1,July,4,Tuesday,24,SR-22SP 13TH ST,State Highway,Urban,Principal Arterial - Other,State Highway Agency,8.0,32.47052222,-84.99165833,Pedestrian,Not a Collision with Motor Vehicle In-Transport,Four-Way Intersection,On Roadway,,Dark - Lighted,Clear,0,0,2007.0,0,0,MUSCOGEE (215),COLUMBUS
2017,10560,Georgia,1,1,1,July,4,Tuesday,24,SR-22SP 13TH ST,State Highway,Urban,Principal Arterial - Other,State Highway Agency,8.0,32.47052222,-84.99165833,Pedestrian,Not a Collision with Motor Vehicle In-Transport,Four-Way Intersection,On Roadway,,Dark - Lighted,Clear,0,0,2007.0,1,0,MUSCOGEE (215),COLUMBUS
2017,10561,Georgia,3,1,3,July,5,Wednesday,24,SR-26 BAY ST,State Highway,Urban,Principal Arterial - Other,State Highway Agency,180.0,32.0815,-81.09345556,Pedestrian,Not a Collision with Motor Vehicle In-Transport,Four-Way Intersection,On Roadway,,Dark - Lighted,Clear,0,0,2011.0,1,1,CHATHAM (51),SAVANNAH
2017,10562,Georgia,0,2,2,July,5,Wednesday,2,SR-92,State Highway,Rural,Minor Arterial,State Highway Agency,0.0,33.30916111,-84.39361944,Motor Vehicle In-Transport,Front-to-Front,Not an Intersection,On Roadway,,Dark - Not Lighted,Clear,0,0,1999.0,0,0,FAYETTE (113),NOT APPLICABLE
2017,10562,Georgia,0,2,2,July,5,Wednesday,2,SR-92,State Highway,Rural,Minor Arterial,State Highway Agency,0.0,33.30916111,-84.39361944,Motor Vehicle In-Transport,Front-to-Front,Not an Intersection,On Roadway,,Dark - Not Lighted,Clear,0,0,2017.0,1,0,FAYETTE (113),NOT APPLICABLE
2017,10563,Georgia,0,1,1,July,5,Wednesday,14,SR-55,State Highway,Rural,Major Collector,State Highway Agency,60.0,31.69887778,-84.44180278,Cargo/Equipment Loss or Shift (harmful to this vehicle),Not a Collision with Motor Vehicle In-Transport,Not an Intersection,On Roadway,,Daylight,Clear,0,0,2013.0,1,0,TERRELL (273),NOT APPLICABLE
2017,10563,Georgia,0,1,1,July,5,Wednesday,14,SR-55,State Highway,Rural,Major Collector,State Highway Agency,60.0,31.69887778,-84.44180278,Cargo/Equipment Loss or Shift (harmful to this vehicle),Not a Collision with Motor Vehicle In-Transport,Not an Intersection,On Roadway,,Daylight,Clear,0,0,2006.0,0,0,TERRELL (273),NOT APPLICABLE
2017,10563,Georgia,0,1,1,July,5,Wednesday,14,SR-55,State Highway,Rural,Major Collector,State Highway Agency,60.0,31.69887778,-84.44180278,Cargo/Equipment Loss or Shift (harmful to this vehicle),Not a Collision with Motor Vehicle In-Transport,Not an Intersection,On Roadway,,Daylight,Clear,0,0,2017.0,0,0,TERRELL (273),NOT APPLICABLE
2017,10563,Georgia,0,1,1,July,5,Wednesday,14,SR-55,State Highway,Rural,Major Collector,State Highway Agency,60.0,31.69887778,-84.44180278,Cargo/Equipment Loss or Shift (harmful to this vehicle),Not a Collision with Motor Vehicle In-Transport,Not an Intersection,On Roadway,,Daylight,Clear,0,0,1998.0,0,0,TERRELL (273),NOT APPLICABLE
2017,10564,Georgia,1,1,1,July,6,Thursday,8,CR-740 FULTON MILL RD,County Road,Urban,Major Collector,County Highway Agency,63.0,32.768175,-83.75858889,Pedestrian,Not a Collision with Motor Vehicle In-Transport,T-Intersection,On Roadway,,Daylight,Clear,0,0,2001.0,0,1,BIBB (21),MACON
2017,10564,Georgia,1,1,1,July,6,Thursday,8,CR-740 FULTON MILL RD,County Road,Urban,Major Collector,County Highway Agency,63.0,32.768175,-83.75858889,Pedestrian,Not a Collision with Motor Vehicle In-Transport,T-Intersection,On Roadway,,Daylight,Clear,0,0,2009.0,1,0,BIBB (21),MACON
2017,10565,Georgia,0,1,1,July,6,Thursday,6,I-75 RAMP,Interstate,Urban,Interstate,State Highway Agency,135.0,34.03177778,-84.57634722,Fence,Not a Collision with Motor Vehicle In-Transport,Not an Intersection,On Roadside,Construction,Dark - Not Lighted,Clear,0,0,2011.0,1,0,COBB (67),NOT APPLICABLE
2017,10566,Georgia,0,1,1,July,6,Thursday,12,I-85 RAMP,Interstate,Urban,Interstate,State Highway Agency,183.0,34.05666667,-83.99376667,Rollover/Overturn,Not a Collision with Motor Vehicle In-Transport,Not an Intersection,On Roadway,"Work Zone, Type Unknown",Daylight,Cloudy,0,0,1998.0,1,0,GWINNETT (135),NOT APPLICABLE
2017,10567,Georgia,1,1,1,July,6,Thursday,8,CR-97 EL BETHEL CHURCH RD,County Road,Rural,Local,County Highway Agency,32.0,32.04318333,-82.99742778,Pedestrian,Not a Collision with Motor Vehicle In-Transport,Not an Intersection,On Roadway,,Daylight,Clear,0,0,2010.0,1,1,TELFAIR (271),NOT APPLICABLE
2017,10568,Georgia,0,2,5,July,7,Friday,19,CR-4 LOWER HARTLEY BRIDGE RD,County Road,Rural,Local,County Highway Agency,16.0,32.70543611,-83.83136667,Motor Vehicle In-Transport,Front-to-Front,Not an Intersection,On Roadway,,Daylight,Clear,0,0,2006.0,0,0,CRAWFORD (79),NOT APPLICABLE
2017,10568,Georgia,0,2,5,July,7,Friday,19,CR-4 LOWER HARTLEY BRIDGE RD,County Road,Rural,Local,County Highway Agency,16.0,32.70543611,-83.83136667,Motor Vehicle In-Transport,Front-to-Front,Not an Intersection,On Roadway,,Daylight,Clear,0,0,2006.0,1,0,CRAWFORD (79),NOT APPLICABLE
2017,10569,Georgia,0,2,2,July,7,Friday,24,I-20 RAMP,Interstate,Urban,Interstate,State Highway Agency,40.0,33.72,-84.83291111,Parked Motor Vehicle,Not a Collision with Motor Vehicle In-Transport,Not an Intersection,On Roadside,,Dark - Not Lighted,Cloudy,0,0,2001.0,1,0,DOUGLAS (97),NOT APPLICABLE
2017,10570,Georgia,0,1,2,July,7,Friday,19,CR-168 HILTONIA PERKINS RD,County Road,Rural,Major Collector,County Highway Agency,7.0,32.89493333,-81.76125833,Tree (Standing Only),Not a Collision with Motor Vehicle In-Transport,Not an Intersection,On Roadside,,Daylight,Clear,0,0,2004.0,1,1,SCREVEN (251),NOT APPLICABLE
2017,10571,Georgia,0,2,4,July,8,Saturday,14,CR-329 SCUFFLETOWN HWY,County Road,Rural,Major Collector,County Highway Agency,50.0,31.53825,-82.28641944,Motor Vehicle In-Transport,Angle,Four-Way Intersection,On Roadway,,Daylight,Clear,0,0,1994.0,1,0,BACON (5),NOT APPLICABLE
2017,10571,Georgia,0,2,4,July,8,Saturday,14,CR-329 SCUFFLETOWN HWY,County Road,Rural,Major Collector,County Highway Agency,50.0,31.53825,-82.28641944,Motor Vehicle In-Transport,Angle,Four-Way Intersection,On Roadway,,Daylight,Clear,0,0,2001.0,0,0,BACON (5),NOT APPLICABLE
2017,10572,Georgia,0,3,4,July,8,Saturday,11,I-20,Interstate,Urban,Interstate,State Highway Agency,66.0,33.71627778,-84.25653056,Motor Vehicle In-Transport,Other,Not an Intersection,On Roadway,,Daylight,Clear,0,0,1999.0,1,0,DEKALB (89),NOT APPLICABLE
2017,10572,Georgia,0,3,4,July,8,Saturday,11,I-20,Interstate,Urban,Interstate,State Highway Agency,66.0,33.71627778,-84.25653056,Motor Vehicle In-Transport,Other,Not an Intersection,On Roadway,,Daylight,Clear,0,0,2006.0,0,0,DEKALB (89),NOT APPLICABLE
2017,10573,Georgia,0,1,1,July,8,Saturday,20,SR-155,State Highway,Urban,Principal Arterial - Other,State Highway Agency,210.0,33.61074167,-84.16467778,Curb,Not a Collision with Motor Vehicle In-Transport,Traffic Circle,On Roadside,,Dusk,Clear,0,0,2013.0,0,0,HENRY (151),NOT APPLICABLE
2017,10574,Georgia,0,1,4,July,8,Saturday,10,I-20,Interstate,Rural,Interstate,State Highway Agency,128.0,33.55533611,-83.45005556,Guardrail End,Not a Collision with Motor Vehicle In-Transport,Not an Intersection,On Roadside,,Daylight,Clear,0,0,2004.0,1,0,MORGAN (211),MADISON
2017,10574,Georgia,0,1,4,July,8,Saturday,10,I-20,Interstate,Rural,Interstate,State Highway Agency,128.0,33.55533611,-83.45005556,Guardrail End,Not a Collision with Motor Vehicle In-Transport,Not an Intersection,On Roadside,,Daylight,Clear,0,0,2015.0,0,0,MORGAN (211),MADISON
2017,10575,Georgia,0,2,2,July,8,Saturday,11,SR-101,State Highway,Rural,Minor Arterial,State Highway Agency,110.0,34.07350278,-85.09078611,Culvert,Not a Collision with Motor Vehicle In-Transport,Not an Intersection,On Roadside,,Daylight,Clear,0,0,2013.0,1,0,POLK (233),NOT APPLICABLE
2017,10575,Georgia,0,2,2,July,8,Saturday,11,SR-101,State Highway,Rural,Minor Arterial,State Highway Agency,110.0,34.07350278,-85.09078611,Culvert,Not a Collision with Motor Vehicle In-Transport,Not an Intersection,On Roadside,,Daylight,Clear,0,0,2001.0,0,0,POLK (233),NOT APPLICABLE
2017,10576,Georgia,0,1,1,July,8,Saturday,19,CR-762 VERNON DR,County Road,Urban,Local,County Highway Agency,6.0,33.4285,-82.06138889,Utility Pole/Light Support,Not a Collision with Motor Vehicle In-Transport,Not an Intersection,On Roadside,,Daylight,Cloudy,0,0,2000.0,1,0,RICHMOND (245),AUGUSTA
2017,10577,Georgia,0,2,2,July,8,Saturday,18,SR-300,State Highway,Rural,Principal Arterial - Other,State Highway Agency,148.0,31.84541389,-83.92027778,Motor Vehicle In-Transport,Angle,T-Intersection,On Roadway,,Daylight,Rain,0,0,2010.0,1,1,WORTH (321),NOT APPLICABLE
2017,10578,Georgia,1,1,5,July,9,Sunday,21,SR-20,State Highway,Urban,Principal Arterial - Other,State Highway Agency,150.0,33.97446389,-83.98677222,Pedestrian,Not a Collision with Motor Vehicle In-Transport,Four-Way Intersection,On Roadway,,Dark - Lighted,Clear,0,0,1988.0,1,1,GWINNETT (135),LAWRENCEVILLE
2017,10579,Georgia,0,2,2,July,9,Sunday,12,SR-52,State Highway,Rural,Major Collector,State Highway Agency,61.0,34.54740833,-84.08803333,Motor Vehicle In-Transport,Angle,T-Intersection,On Roadway,,Daylight,Clear,0,0,2010.0,1,1,LUMPKIN (187),NOT APPLICABLE
2017,10580,Georgia,0,1,1,July,9,Sunday,11,I-185 RAMP,Interstate,Rural,Interstate,State Highway Agency,145.0,32.60365556,-84.95353611,Tree (Standing Only),Not a Collision with Motor Vehicle In-Transport,Not an Intersection,On Median,,Daylight,Clear,0,0,2000.0,1,0,MUSCOGEE (215),NOT APPLICABLE
2017,10581,Georgia,0,1,1,July,10,Monday,16,CR-329 JOHN JONES RD,County Road,Rural,Major Collector,County Highway Agency,88.0,34.45702778,-85.27865556,Rollover/Overturn,Not a Collision with Motor Vehicle In-Transport,Not an Intersection,On Roadway,,Daylight,Clear,0,0,2001.0,1,0,CHATTOOGA (55),NOT APPLICABLE
2017,10582,Georgia,0,3,7,July,10,Monday,12,SR-120,State Highway,Urban,Principal Arterial - Other,State Highway Agency,37.0,33.95256944,-84.66165556,Motor Vehicle In-Transport,Angle,Four-Way Intersection,On Roadway,,Daylight,Clear,0,0,2006.0,1,0,COBB (67),NOT APPLICABLE
2017,10582,Georgia,0,3,7,July,10,Monday,12,SR-120,State Highway,Urban,Principal Arterial - Other,State Highway Agency,37.0,33.95256944,-84.66165556,Motor Vehicle In-Transport,Angle,Four-Way Intersection,On Roadway,,Daylight,Clear,0,0,2011.0,1,0,COBB (67),NOT APPLICABLE
2017,10583,Georgia,0,1,1,July,10,Monday,5,SR-279 OLD NATIONAL HWY,State Highway,Urban,Minor Arterial,State Highway Agency,16.0,33.57303333,-84.46842778,Curb,Not a Collision with Motor Vehicle In-Transport,Not an Intersection,On Roadside,Construction,Dark - Lighted,Clear,0,0,2006.0,0,0,FULTON (121),NOT APPLICABLE
2017,10584,Georgia,0,2,2,July,10,Monday,21,SR-247CO WATSON BLVD,State Highway,Urban,Principal Arterial - Other,State Highway Agency,48.0,32.61819444,-83.63623056,Motor Vehicle In-Transport,Front-to-Rear,T-Intersection,On Roadway,,Dark - Lighted,Cloudy,0,0,2007.0,1,1,HOUSTON (153),WARNER ROBINS
2017,10584,Georgia,0,2,2,July,10,Monday,21,SR-247CO WATSON BLVD,State Highway,Urban,Principal Arterial - Other,State Highway Agency,48.0,32.61819444,-83.63623056,Motor Vehicle In-Transport,Front-to-Rear,T-Intersection,On Roadway,,Dark - Lighted,Cloudy,0,0,2007.0,0,0,HOUSTON (153),WARNER ROBINS
2017,10585,Georgia,0,1,2,July,10,Monday,22,US-1 SR-4,U.S. Highway,Rural,Principal Arterial - Other,State Highway Agency,346.0,33.26311111,-82.30864167,Rollover/Overturn,Not a Collision with Motor Vehicle In-Transport,Not an Intersection,On Roadside,,Dark - Not Lighted,Clear,0,0,1989.0,1,0,JEFFERSON (163),NOT APPLICABLE
2017,10586,Georgia,0,2,3,July,10,Monday,7,SR-224,State Highway,Rural,Major Collector,State Highway Agency,61.0,32.35335,-83.96946944,Motor Vehicle In-Transport,Front-to-Front,Not an Intersection,On Roadway,,Daylight,Cloudy,0,0,1994.0,0,0,MACON (193),NOT APPLICABLE
2017,10586,Georgia,0,2,3,July,10,Monday,7,SR-224,State Highway,Rural,Major Collector,State Highway Agency,61.0,32.35335,-83.96946944,Motor Vehicle In-Transport,Front-to-Front,Not an Intersection,On Roadway,,Daylight,Cloudy,0,0,2010.0,1,0,MACON (193),NOT APPLICABLE
2017,10587,Georgia,0,1,2,July,10,Monday,16,CR-73 MCENTIRE RD,County Road,Rural,Local,County Highway Agency,30.0,34.64508056,-84.75813056,Embankment,Not a Collision with Motor Vehicle In-Transport,Not an Intersection,On Roadside,,Daylight,Clear,0,0,2011.0,1,0,MURRAY (213),NOT APPLICABLE
2017,10588,Georgia,0,2,2,July,10,Monday,16,US-84 SR-38 BYP,U.S. Highway,Urban,Minor Arterial,State Highway Agency,15.0,30.87160556,-83.99173333,Motor Vehicle In-Transport,Angle,Four-Way Intersection,On Roadway,,Daylight,Rain,0,0,2009.0,0,0,THOMAS (275),NOT APPLICABLE