YEAR,ST_CASE,STATENAME,NUM_PEDS,NUM_VEHC,PERSONS,MONTHNAME,DAYNAME,DAY_WEEKNAME,HOUR,ROAD_NAME,ROUTENAME,RUR_URBNAME,FUNC_SYSNAME,RD_OWNERNAME,MILE_MARKER,LATITUDE,LONGITUD,HARM_EVNAME,COLLISION_TYPE,TYP_INTNAME,REL_ROADNAME,WRK_ZONENAME,LGT_CONDNAME,WEATHERNAME,SCH_BUS,HIT_RUN,MOD_YEAR,DEATHS,DR_DRINK,COUNTYNAME,CITYNAME
2017,10772,Georgia,0,2,3,August,24,Thursday,3,SR-8,State Highway,Urban,Principal Arterial - Other,State Highway Agency,10.0,33.77367222,-84.33086111,Motor Vehicle In-Transport,Front-to-Rear,Four-Way Intersection,On Roadway,,Dark - Lighted,Clear,0,0,2014.0,1,0,DEKALB (89),ATLANTA
2017,10772,Georgia,0,2,3,August,24,Thursday,3,SR-8,State Highway,Urban,Principal Arterial - Other,State Highway Agency,10.0,33.77367222,-84.33086111,Motor Vehicle In-Transport,Front-to-Rear,Four-Way Intersection,On Roadway,,Dark - Lighted,Clear,0,0,2015.0,0,0,DEKALB (89),ATLANTA
2017,10772,Georgia,0,2,3,August,24,Thursday,3,SR-8,State Highway,Urban,Principal Arterial - Other,State Highway Agency,10.0,33.77367222,-84.33086111,Motor Vehicle In-Transport,Front-to-Rear,Four-Way Intersection,On Roadway,,Dark - Lighted,Clear,0,0,2007.0,0,0,DEKALB (89),ATLANTA
2017,10773,Georgia,0,2,2,August,25,Friday,7,N MADISON STREET,Local Street - Municipality,Urban,Minor Arterial,City or Municipal Highway Agency,3.0,31.59025278,-84.16203056,Motor Vehicle In-Transport,Angle,Four-Way Intersection,On Roadway,,Daylight,Clear,0,0,2001.0,1,0,DOUGHERTY (95),ALBANY
2017,10773,Georgia,0,2,2,August,25,Friday,7,N MADISON STREET,Local Street - Municipality,Urban,Minor Arterial,City or Municipal Highway Agency,3.0,31.59025278,-84.16203056,Motor Vehicle In-Transport,Angle,Four-Way Intersection,On Roadway,,Daylight,Clear,0,0,2015.0,0,0,DOUGHERTY (95),ALBANY
2017,10774,Georgia,0,2,3,August,25,Friday,11,SR-85,State Highway,Rural,Minor Arterial,State Highway Agency,68.0,32.66471111,-84.76224722,Motor Vehicle In-Transport,Front-to-Front,Not an Intersection,On Roadway,,Daylight,Cloudy,0,0,1997.0,1,0,HARRIS (145),NOT APPLICABLE
2017,10775,Georgia,0,1,1,August,26,Saturday,14,VOYLES ROAD,Local Street - Municipality,Urban,Minor Arterial,City or Municipal Highway Agency,2.0,33.99640278,-83.32184167,Tree (Standing Only),Not a Collision with Motor Vehicle In-Transport,Not an Intersection,On Roadside,,Daylight,Clear,0,0,2004.0,1,0,CLARKE (59),ATHENS
2017,10775,Georgia,0,1,1,August,26,Saturday,14,VOYLES ROAD,Local Street - Municipality,Urban,Minor Arterial,City or Municipal Highway Agency,2.0,33.99640278,-83.32184167,Tree (Standing Only),Not a Collision with Motor Vehicle In-Transport,Not an Intersection,On Roadside,,Daylight,Clear,0,0,2009.0,0,0,CLARKE (59),ATHENS
2017,10776,Georgia,0,1,1,August,26,Saturday,16,CR-HEBRON CHURCH ROAD,County Road,Rural,Local,County Highway Agency,28.0,31.45204722,-82.98373333,Guardrail End,Not a Collision with Motor Vehicle In-Transport,Not an Intersection,On Roadside,,Daylight,Cloudy,0,0,2017.0,1,1,COFFEE (69),NOT APPLICABLE
2017,10777,Georgia,0,2,2,August,26,Saturday,4,SR-141,State Highway,Urban,Principal Arterial - Other,State Highway Agency,38.0,33.96981667,-84.22162778,Motor Vehicle In-Transport,Angle,Four-Way Intersection,On Roadway,,Dark - Lighted,Clear,0,0,1971.0,0,0,GWINNETT (135),NOT APPLICABLE
2017,10778,Georgia,0,1,1,August,26,Saturday,18,WHITEWATER ROAD,Local Street - Municipality,Rural,Local,City or Municipal Highway Agency,23.0,31.60590556,-83.43273889,Fence,Not a Collision with Motor Vehicle In-Transport,Not an Intersection,On Roadside,,Daylight,Clear,0,0,1996.0,1,1,IRWIN (155),IRWINVILLE
2017,10778,Georgia,0,1,1,August,26,Saturday,18,WHITEWATER ROAD,Local Street - Municipality,Rural,Local,City or Municipal Highway Agency,23.0,31.60590556,-83.43273889,Fence,Not a Collision with Motor Vehicle In-Transport,Not an Intersection,On Roadside,,Daylight,Clear,0,0,2007.0,0,0,IRWIN (155),IRWINVILLE
2017,10779,Georgia,0,1,1,August,27,Sunday,3,SR-111,State Highway,Urban,Minor Arterial,State Highway Agency,148.0,30.93215,-84.20168056,Rollover/Overturn,Not a Collision with Motor Vehicle In-Transport,Not an Intersection,On Roadside,,Dark - Not Lighted,Cloudy,0,0,2005.0,1,0,GRADY (131),NOT APPLICABLE
2017,10780,Georgia,0,1,1,August,27,Sunday,24,MITCHELL GRIGGS ROAD,Local Street - Municipality,Rural,Minor Collector,City or Municipal Highway Agency,20.0,32.53634167,-84.17034167,Ditch,Not a Collision with Motor Vehicle In-Transport,Not an Intersection,On Roadside,,Dark - Not Lighted,Clear,0,0,2002.0,1,0,TAYLOR (269),REYNOLDS
2017,10780,Georgia,0,1,1,August,27,Sunday,24,MITCHELL GRIGGS ROAD,Local Street - Municipality,Rural,Minor Collector,City or Municipal Highway Agency,20.0,32.53634167,-84.17034167,Ditch,Not a Collision with Motor Vehicle In-Transport,Not an Intersection,On Roadside,,Dark - Not Lighted,Clear,0,0,2006.0,0,0,TAYLOR (269),REYNOLDS
2017,10781,Georgia,0,1,1,August,27,Sunday,23,CR-HOGANSVILLE ROAD,County Road,Urban,Minor Arterial,County Highway Agency,179.0,33.14635,-84.91816944,Tree (Standing Only),Not a Collision with Motor Vehicle In-Transport,Not an Intersection,On Roadside,,Dark - Not Lighted,Clear,0,0,1997.0,1,0,TROUP (285),NOT APPLICABLE
2017,10782,Georgia,1,2,1,August,28,Monday,6,SR-206,State Highway,Rural,Major Collector,State Highway Agency,9.0,31.71310833,-83.19051389,Pedestrian,Not a Collision with Motor Vehicle In-Transport,Not an Intersection,On Roadway,,Dark - Not Lighted,Clear,0,0,2005.0,0,1,BEN HILL (17),NOT APPLICABLE
2017,10782,Georgia,1,2,1,August,28,Monday,6,SR-206,State Highway,Rural,Major Collector,State Highway Agency,9.0,31.71310833,-83.19051389,Pedestrian,Not a Collision with Motor Vehicle In-Transport,Not an Intersection,On Roadway,,Dark - Not Lighted,Clear,0,0,2001.0,0,0,BEN HILL (17),NOT APPLICABLE
2017,10782,Georgia,1,2,1,August,28,Monday,6,SR-206,State Highway,Rural,Major Collector,State Highway Agency,9.0,31.71310833,-83.19051389,Pedestrian,Not a Collision with Motor Vehicle In-Transport,Not an Intersection,On Roadway,,Dark - Not Lighted,Clear,0,0,2012.0,0,0,BEN HILL (17),NOT APPLICABLE
2017,10783,Georgia,0,2,2,August,28,Monday,12,CR-GRESHAM ROAD,County Road,Urban,Local,County Highway Agency,7.0,33.709775,-84.30843056,Motor Vehicle In-Transport,Front-to-Front,T-Intersection,On Roadway,,Daylight,Cloudy,0,0,2008.0,1,0,DEKALB (89),NOT APPLICABLE
2017,10784,Georgia,0,2,3,August,28,Monday,9,US-41 SR-3,U.S. Highway,Urban,Principal Arterial - Other,State Highway Agency,37.0,33.40319722,-84.31263333,Motor Vehicle In-Transport,Angle,Four-Way Intersection,On Roadway,,Daylight,Cloudy,0,0,1997.0,1,0,HENRY (151),NOT APPLICABLE
2017,10785,Georgia,0,2,3,August,28,Monday,4,SR-56,State Highway,Urban,Minor Arterial,City or Municipal Highway Agency,7.0,33.24925833,-81.9557,Motor Vehicle In-Transport,Angle,Not an Intersection,On Roadway,,Dark - Not Lighted,Cloudy,0,0,2004.0,1,0,RICHMOND (245),AUGUSTA
2017,10786,Georgia,0,2,2,August,29,Tuesday,14,I-85,Interstate,Rural,Interstate,State Highway Agency,29.0,34.28420833,-83.42653889,Motor Vehicle In-Transport,Front-to-Rear,Not an Intersection,On Roadway,,Daylight,Cloudy,0,0,1995.0,1,1,BANKS (11),NOT APPLICABLE
2017,10787,Georgia,0,3,4,August,29,Tuesday,11,I-85,Interstate,Urban,Interstate,State Highway Agency,121.0,33.38758056,-84.75560833,Motor Vehicle In-Transport,Front-to-Rear,Not an Intersection,On Roadway,,Daylight,Cloudy,0,0,2015.0,1,0,COWETA (77),NOT APPLICABLE
2017,10787,Georgia,0,3,4,August,29,Tuesday,11,I-85,Interstate,Urban,Interstate,State Highway Agency,121.0,33.38758056,-84.75560833,Motor Vehicle In-Transport,Front-to-Rear,Not an Intersection,On Roadway,,Daylight,Cloudy,0,0,2014.0,0,0,COWETA (77),NOT APPLICABLE
2017,10788,Georgia,0,1,1,August,29,Tuesday,4,I-24,Interstate,Rural,Interstate,State Highway Agency,16.0,34.97180556,-85.44477222,Guardrail Face,Not a Collision with Motor Vehicle In-Transport,Not an Intersection,Gore,,Dark - Not Lighted,Clear,0,0,2001.0,1,0,DADE (83),NOT APPLICABLE
2017,10788,Georgia,0,1,1,August,29,Tuesday,4,I-24,Interstate,Rural,Interstate,State Highway Agency,16.0,34.97180556,-85.44477222,Guardrail Face,Not a Collision with Motor Vehicle In-Transport,Not an Intersection,Gore,,Dark - Not Lighted,Clear,0,0,1998.0,0,0,DADE (83),NOT APPLICABLE
2017,10789,Georgia,0,2,3,August,29,Tuesday,6,SR-19,State Highway,Urban,Principal Arterial - Other,State Highway Agency,142.0,33.81411111,-83.67989722,Motor Vehicle In-Transport,Angle,Four-Way Intersection,On Roadway,,Dawn,Clear,0,0,2003.0,0,0,WALTON (297),MONROE
2017,10789,Georgia,0,2,3,August,29,Tuesday,6,SR-19,State Highway,Urban,Principal Arterial - Other,State Highway Agency,142.0,33.81411111,-83.67989722,Motor Vehicle In-Transport,Angle,Four-Way Intersection,On Roadway,,Dawn,Clear,0,0,2006.0,1,0,WALTON (297),MONROE
2017,10790,Georgia,1,1,1,August,29,Tuesday,17,SR-52,State Highway,Urban,Principal Arterial - Other,State Highway Agency,44.0,34.76521389,-84.92894722,Pedestrian,Not a Collision with Motor Vehicle In-Transport,Four-Way Intersection,On Roadway,,Daylight,Clear,0,0,2008.0,0,0,WHITFIELD (313),DALTON
2017,10791,Georgia,0,4,4,August,30,Wednesday,17,CR-CUMBERLAND PARKWAY,County Road,Urban,Minor Collector,County Highway Agency,12.0,33.84968611,-84.48203333,Motor Vehicle In-Transport,Rear-to-Side,Not an Intersection,On Roadway,,Daylight,Rain,0,0,2002.0,0,1,COBB (67),NOT APPLICABLE
2017,10791,Georgia,0,4,4,August,30,Wednesday,17,CR-CUMBERLAND PARKWAY,County Road,Urban,Minor Collector,County Highway Agency,12.0,33.84968611,-84.48203333,Motor Vehicle In-Transport,Rear-to-Side,Not an Intersection,On Roadway,,Daylight,Rain,0,0,2005.0,2,0,COBB (67),NOT APPLICABLE
2017,10792,Georgia,0,3,4,August,31,Thursday,4,I-20,Interstate,Urban,Interstate,State Highway Agency,60.0,33.71351944,-84.27307778,Motor Vehicle In-Transport,Sideswipe - Same Direction,Not an Intersection,On Roadway,,Dark - Lighted,Clear,0,0,2004.0,1,1,DEKALB (89),NOT APPLICABLE
2017,10793,Georgia,1,1,2,August,31,Thursday,21,SR-124,State Highway,Urban,Principal Arterial - Other,State Highway Agency,223.0,34.04833611,-83.93568333,Pedestrian,Not a Collision with Motor Vehicle In-Transport,Not an Intersection,On Roadway,,Dark - Not Lighted,Clear,0,0,2005.0,0,0,GWINNETT (135),BUFORD
2017,10793,Georgia,1,1,2,August,31,Thursday,21,SR-124,State Highway,Urban,Principal Arterial - Other,State Highway Agency,223.0,34.04833611,-83.93568333,Pedestrian,Not a Collision with Motor Vehicle In-Transport,Not an Intersection,On Roadway,,Dark - Not Lighted,Clear,0,0,2008.0,1,0,GWINNETT (135),BUFORD
2017,10794,Georgia,0,2,2,August,31,Thursday,4,SR-20,State Highway,Urban,Principal Arterial - Other,State Highway Agency,80.0,33.42203889,-84.18727222,Motor Vehicle In-Transport,Front-to-Rear,Not an Intersection,On Roadway,,Dark - Not Lighted,Rain,0,0,2008.0,0,0,HENRY (151),NOT APPLICABLE
2017,10795,Georgia,0,1,1,September,1,Friday,10,CR-380 HAMES RD,County Road,Urban,Local,County Highway Agency,5.0,34.07940278,-84.49699722,Mail Box,Not a Collision with Motor Vehicle In-Transport,Not an Intersection,On Roadside,,Daylight,Clear,0,0,1998.0,1,0,CHEROKEE (57),WOODSTOCK
2017,10796,Georgia,0,1,1,September,1,Friday,2,CR-560 NEW FOREST HWY,County Road,Rural,Minor Collector,County Highway Agency,27.0,31.54005,-82.77446944,Tree (Standing Only),Not a Collision with Motor Vehicle In-Transport,Not an Intersection,On Roadside,,Dark - Not Lighted,Cloudy,0,0,2009.0,1,0,COFFEE (69),NOT APPLICABLE
2017,10797,Georgia,1,1,1,September,1,Friday,5,SR-70 FULTON IND BLVD,State Highway,Urban,Minor Arterial,State Highway Agency,311.0,33.76779444,-84.52409444,Pedestrian,Not a Collision with Motor Vehicle In-Transport,Not an Intersection,On Roadway,Construction,Dark - Not Lighted,Clear,0,0,2005.0,1,0,FULTON (121),ATLANTA
2017,10798,Georgia,2,3,3,September,1,Friday,23,17TH ST,Local Street - Municipality,Urban,Minor Collector,City or Municipal Highway Agency,2.0,31.44325,-83.51852778,Motor Vehicle In-Transport,Angle,Not an Intersection,On Roadway,,Dark - Lighted,Clear,0,0,2000.0,1,0,TIFT (277),TIFTON
2017,10798,Georgia,2,3,3,September,1,Friday,23,17TH ST,Local Street - Municipality,Urban,Minor Collector,City or Municipal Highway Agency,2.0,31.44325,-83.51852778,Motor Vehicle In-Transport,Angle,Not an Intersection,On Roadway,,Dark - Lighted,Clear,0,0,2011.0,0,0,TIFT (277),TIFTON
2017,10799,Georgia,1,1,2,September,2,Saturday,21,US-23 EMERY HWY,U.S. Highway,Urban,Principal Arterial - Other,State Highway Agency,69.0,32.84676944,-83.59691944,Pedestrian,Not a Collision with Motor Vehicle In-Transport,Not an Intersection,On Roadway,,Dark - Not Lighted,Clear,0,0,2004.0,0,0,BIBB (21),MACON
2017,10799,Georgia,1,1,2,September,2,Saturday,21,US-23 EMERY HWY,U.S. Highway,Urban,Principal Arterial - Other,State Highway Agency,69.0,32.84676944,-83.59691944,Pedestrian,Not a Collision with Motor Vehicle In-Transport,Not an Intersection,On Roadway,,Dark - Not Lighted,Clear,0,0,2014.0,1,0,BIBB (21),MACON
2017,10800,Georgia,0,2,3,September,2,Saturday,9,SR-141 PEACHTREE RD,State Highway,Urban,Principal Arterial - Other,State Highway Agency,3.0,33.84185833,-84.37425,Motor Vehicle In-Transport,Angle,Four-Way Intersection,On Roadway,,Daylight,Clear,0,0,1989.0,1,0,FULTON (121),ATLANTA
2017,10800,Georgia,0,2,3,September,2,Saturday,9,SR-141 PEACHTREE RD,State Highway,Urban,Principal Arterial - Other,State Highway Agency,3.0,33.84185833,-84.37425,Motor Vehicle In-Transport,Angle,Four-Way Intersection,On Roadway,,Daylight,Clear,0,0,2008.0,0,0,FULTON (121),ATLANTA
2017,10801,Georgia,0,2,3,September,2,Saturday,2,US-1 DEANS BRIDGE RD,U.S. Highway,Urban,Principal Arterial - Other,State Highway Agency,155.0,33.40743889,-82.09818889,Motor Vehicle In-Transport,Angle,Not an Intersection,On Roadway,,Dark - Lighted,Clear,0,0,2018.0,1,0,RICHMOND (245),HEPHZIBAH
2017,10802,Georgia,0,2,2,September,2,Saturday,11,CR-440 PLEASANT HILL RD,County Road,Urban,Minor Arterial,County Highway Agency,16.0,33.76073333,-84.00681111,Motor Vehicle In-Transport,Front-to-Front,Not an Intersection,On Roadway,,Daylight,Clear,0,0,2004.0,1,0,ROCKDALE (247),CONYERS
2017,10803,Georgia,0,2,3,September,2,Saturday,5,I-16,Interstate,Rural,Interstate,State Highway Agency,193.0,32.64856389,-83.4175,Motor Vehicle In-Transport,Front-to-Rear,Not an Intersection,On Roadway,,Dark - Not Lighted,Clear,0,0,1996.0,1,0,TWIGGS (289),NOT APPLICABLE
2017,10804,Georgia,0,1,2,September,3,Sunday,10,CR-390 THREE NOTCH RD,County Road,Urban,Minor Arterial,County Highway Agency,40.0,34.90406111,-85.17958611,Mail Box,Not a Collision with Motor Vehicle In-Transport,Not an Intersection,On Roadside,,Daylight,Clear,0,0,2010.0,3,1,CATOOSA (47),NOT APPLICABLE
2017,10804,Georgia,0,1,2,September,3,Sunday,10,CR-390 THREE NOTCH RD,County Road,Urban,Minor Arterial,County Highway Agency,40.0,34.90406111,-85.17958611,Mail Box,Not a Collision with Motor Vehicle In-Transport,Not an Intersection,On Roadside,,Daylight,Clear,0,0,2011.0,0,0,CATOOSA (47),NOT APPLICABLE
2017,10805,Georgia,0,2,3,September,3,Sunday,22,WALDROP DR,Local Street - Municipality,Urban,Local,City or Municipal Highway Agency,2.0,33.62760278,-84.3653,Utility Pole/Light Support,Not a Collision with Motor Vehicle In-Transport,Not an Intersection,On Roadside,,Dark - Lighted,Cloudy,0,0,2003.0,1,0,CLAYTON (63),FOREST PARK
2017,10805,Georgia,0,2,3,September,3,Sunday,22,WALDROP DR,Local Street - Municipality,Urban,Local,City or Municipal Highway Agency,2.0,33.62760278,-84.3653,Utility Pole/Light Support,Not a Collision with Motor Vehicle In-Transport,Not an Intersection,On Roadside,,Dark - Lighted,Cloudy,0,0,2017.0,0,0,CLAYTON (63),FOREST PARK
2017,10806,Georgia,1,1,6,September,3,Sunday,20,SR-138,State Highway,Urban,Principal Arterial - Other,State Highway Agency,0.0,33.54854722,-84.27640278,Pedestrian,Not a Collision with Motor Vehicle In-Transport,Not an Intersection,On Roadway,,Dark - Not Lighted,Clear,0,0,1999.0,1,1,HENRY (151),NOT APPLICABLE
2017,10807,Georgia,0,1,1,September,3,Sunday,9,US-280 E MAIN ST,U.S. Highway,Rural,Principal Arterial - Other,State Highway Agency,191.0,31.99286389,-83.30065833,Rollover/Overturn,Not a Collision with Motor Vehicle In-Transport,Not an Intersection,On Roadway,Construction,Daylight,Cloudy,0,0,2014.0,0,0,WILCOX (315),ABBEVILLE
2017,10808,Georgia,0,2,2,September,4,Monday,6,I-75,Interstate,Urban,Interstate,State Highway Agency,67.0,33.59218611,-84.38583333,Motor Vehicle In-Transport,Front-to-Rear,Not an Intersection,On Roadway,,Dawn,Clear,0,0,2003.0,2,1,CLAYTON (63),NOT APPLICABLE
2017,10809,Georgia,1,1,2,September,4,Monday,20,CR-7592 CANTON RD,County Road,Urban,Minor Arterial,County Highway Agency,51.0,34.07529722,-84.52203333,Pedestrian,Not a Collision with Motor Vehicle In-Transport,Not an Intersection,On Roadway,,Dark - Not Lighted,Clear,0,0,2006.0,1,0,COBB (67),NOT APPLICABLE
2017,10810,Georgia,0,2,3,September,4,Monday,21,SR-62,State Highway,Urban,Minor Arterial,State Highway Agency,153.0,31.5316,-84.18756389,Motor Vehicle In-Transport,Angle,T-Intersection,On Roadway,,Dark - Lighted,Clear,0,0,2014.0,1,1,DOUGHERTY (95),ALBANY
2017,10811,Georgia,0,2,2,September,4,Monday,1,I-75,Interstate,Urban,Interstate,State Highway Agency,36.0,33.70433611,-84.40405833,Motor Vehicle In-Transport,Front-to-Rear,Not an Intersection,On Roadway,,Dark - Not Lighted,Clear,0,1,2006.0,0,0,FULTON (121),ATLANTA
2017,10812,Georgia,1,2,1,September,5,Tuesday,16,US-84,U.S. Highway,Rural,Principal Arterial - Other,State Highway Agency,20.0,30.88268056,-84.34341944,Pedestrian,Not a Collision with Motor Vehicle In-Transport,Not an Intersection,On Roadway,,Daylight,Clear,0,0,2017.0,0,0,GRADY (131),NOT APPLICABLE
2017,10813,Georgia,0,2,2,September,5,Tuesday,16,SR-20 CONYERS RD,State Highway,Urban,Minor Arterial,State Highway Agency,32.0,33.49521944,-84.08366944,Motor Vehicle In-Transport,Angle,T-Intersection,On Roadway,,Daylight,Clear,0,0,1995.0,1,0,HENRY (151),NOT APPLICABLE
2017,10813,Georgia,0,2,2,September,5,Tuesday,16,SR-20 CONYERS RD,State Highway,Urban,Minor Arterial,State Highway Agency,32.0,33.49521944,-84.08366944,Motor Vehicle In-Transport,Angle,T-Intersection,On Roadway,,Daylight,Clear,0,0,2015.0,0,0,HENRY (151),NOT APPLICABLE
2017,10814,Georgia,0,1,2,September,6,Wednesday,19,SR-39,State Highway,Rural,Major Collector,State Highway Agency,236.0,31.42653056,-84.96731111,Traffic Sign Support,Not a Collision with Motor Vehicle In-Transport,Not an Intersection,On Roadside,,Daylight,Clear,0,0,2003.0,1,0,EARLY (99),NOT APPLICABLE
2017,10814,Georgia,0,1,2,September,6,Wednesday,19,SR-39,State Highway,Rural,Major Collector,State Highway Agency,236.0,31.42653056,-84.96731111,Traffic Sign Support,Not a Collision with Motor Vehicle In-Transport,Not an Intersection,On Roadside,,Daylight,Clear,0,0,2014.0,0,0,EARLY (99),NOT APPLICABLE
2017,10814,Georgia,0,1,2,September,6,Wednesday,19,SR-39,State Highway,Rural,Major Collector,State Highway Agency,236.0,31.42653056,-84.96731111,Traffic Sign Support,Not a Collision with Motor Vehicle In-Transport,Not an Intersection,On Roadside,,Daylight,Clear,0,0,2012.0,0,0,EARLY (99),NOT APPLICABLE
2017,10815,Georgia,1,1,1,September,6,Wednesday,6,I-85,Interstate,Urban,Interstate,State Highway Agency,117.0,33.62052778,-84.47365833,Pedestrian,Not a Collision with Motor Vehicle In-Transport,Not an Intersection,On Roadway,,Dark - Not Lighted,Clear,0,0,2008.0,1,0,FULTON (121),COLLEGE PARK
2017,10816,Georgia,0,2,3,September,6,Wednesday,19,US-27 ALT SR-85,U.S. Highway,Rural,Minor Arterial,State Highway Agency,31.0,32.62548611,-84.8068,Motor Vehicle In-Transport,Front-to-Front,T-Intersection,On Roadway,,Dusk,Clear,0,1,2001.0,0,0,HARRIS (145),NOT APPLICABLE
2017,10817,Georgia,0,2,4,September,6,Wednesday,4,I-95,Interstate,Rural,Interstate,State Highway Agency,35.0,31.69363611,-81.391075,Motor Vehicle In-Transport,Front-to-Rear,Not an Intersection,On Roadway,,Dark - Not Lighted,Clear,0,0,2000.0,0,0,LIBERTY (179),NOT APPLICABLE
2017,10818,Georgia,0,1,2,September,6,Wednesday,17,CR-113 MASSEE LANE RD,County Road,Rural,Minor Collector,County Highway Agency,1.0,32.48888889,-83.92238889,Utility Pole/Light Support,Not a Collision with Motor Vehicle In-Transport,Not an Intersection,On Roadside,,Daylight,Clear,0,0,2006.0,1,0,MACON (193),NOT APPLICABLE
2017,10818,Georgia,0,1,2,September,6,Wednesday,17,CR-113 MASSEE LANE RD,County Road,Rural,Minor Collector,County Highway Agency,1.0,32.48888889,-83.92238889,Utility Pole/Light Support,Not a Collision with Motor Vehicle In-Transport,Not an Intersection,On Roadside,,Daylight,Clear,0,0,2004.0,0,0,MACON (193),NOT APPLICABLE
2017,10819,Georgia,0,1,1,September,7,Thursday,11,SR-126,State Highway,Rural,Major Collector,State Highway Agency,70.0,32.41008056,-83.22911667,Tree (Standing Only),Not a Collision with Motor Vehicle In-Transport,Not an Intersection,On Roadside,,Daylight,Cloudy,0,0,2001.0,0,0,BLECKLEY (23),NOT APPLICABLE
2017,10820,Georgia,0,2,2,September,7,Thursday,11,SR-56,State Highway,Rural,Minor Arterial,State Highway Agency,116.0,32.95506111,-82.13211389,Motor Vehicle In-Transport,Angle,Four-Way Intersection,On Roadway,,Daylight,Cloudy,0,0,2015.0,1,0,BURKE (33),NOT APPLICABLE
2017,10820,Georgia,0,2,2,September,7,Thursday,11,SR-56,State Highway,Rural,Minor Arterial,State Highway Agency,116.0,32.95506111,-82.13211389,Motor Vehicle In-Transport,Angle,Four-Way Intersection,On Roadway,,Daylight,Cloudy,0,0,2017.0,0,0,BURKE (33),NOT APPLICABLE
2017,10821,Georgia,0,2,3,September,7,Thursday,13,I-16,Interstate,Rural,Interstate,State Highway Agency,5.0,32.38065833,-82.21222222,Motor Vehicle In-Transport,Front-to-Rear,Not an Intersection,On Roadway,,Daylight,Clear,0,0,2002.0,1,0,CANDLER (43),NOT APPLICABLE
2017,10822,Georgia,1,1,1,September,7,Thursday,6,CR-5166 CHAMBLEE TUCKER RD,County Road,Urban,Minor Arterial,County Highway Agency,36.0,33.88020833,-84.27462778,Pedestrian,Not a Collision with Motor Vehicle In-Transport,Not an Intersection,On Roadway,,Dark - Not Lighted,Clear,0,0,2014.0,1,0,DEKALB (89),CHAMBLEE
2017,10822,Georgia,1,1,1,September,7,Thursday,6,CR-5166 CHAMBLEE TUCKER RD,County Road,Urban,Minor Arterial,County Highway Agency,36.0,33.88020833,-84.27462778,Pedestrian,Not a Collision with Motor Vehicle In-Transport,Not an Intersection,On Roadway,,Dark - Not Lighted,Clear,0,0,2017.0,0,0,DEKALB (89),CHAMBLEE
2017,10823,Georgia,0,2,2,September,7,Thursday,9,SR-82,State Highway,Urban,Major Collector,State Highway Agency,24.0,34.06710556,-83.56875,Motor Vehicle In-Transport,Front-to-Front,Not an Intersection,On Roadway,,Daylight,Clear,0,0,1999.0,0,0,JACKSON (157),ARCADE
2017,10824,Georgia,0,1,1,September,7,Thursday,15,SR-32,State Highway,Rural,Minor Arterial,State Highway Agency,92.0,31.75803056,-84.29291944,Tree (Standing Only),Not a Collision with Motor Vehicle In-Transport,Not an Intersection,On Roadside,,Daylight,Clear,0,0,2013.0,1,0,TERRELL (273),NOT APPLICABLE
2017,10825,Georgia,0,2,2,September,8,Friday,7,CR-1062 BALL GROUND HWY,County Road,Urban,Minor Arterial,County Highway Agency,47.0,34.30722778,-84.40642222,Motor Vehicle In-Transport,Angle,T-Intersection,On Roadway,,Daylight,Clear,0,0,2006.0,1,0,CHEROKEE (57),BALL GROUND
2017,10826,Georgia,0,2,4,September,8,Friday,24,CR-954 BOLD SPRINGS RD,County Road,Urban,Major Collector,County Highway Agency,4.0,33.92444722,-83.82591111,Motor Vehicle In-Transport,Angle,Four-Way Intersection,On Roadway,,Dark - Not Lighted,Clear,0,0,2006.0,1,0,GWINNETT (135),DACULA
2017,10827,Georgia,1,1,2,September,8,Friday,24,CR-1287 SPOUT SPRINGS RD,County Road,Urban,Minor Arterial,County Highway Agency,24.0,34.14788889,-83.88870278,Pedestrian,Not a Collision with Motor Vehicle In-Transport,Not an Intersection,On Roadway,,Dark - Not Lighted,Clear,0,0,2002.0,0,0,HALL (139),NOT APPLICABLE
2017,10828,Georgia,0,1,3,September,8,Friday,16,CR-107 WILEY BRANCH RD,County Road,Rural,Local,County Highway Agency,55.0,31.53297222,-83.48380556,Rollover/Overturn,Not a Collision with Motor Vehicle In-Transport,Not an Intersection,On Roadway,,Daylight,Clear,0,0,2016.0,0,0,TIFT (277),NOT APPLICABLE
2017,10830,Georgia,0,3,3,September,9,Saturday,5,US-29 SR-14,U.S. Highway,Rural,Minor Arterial,State Highway Agency,28.0,33.23686111,-84.81778056,Motor Vehicle In-Transport,Angle,Not an Intersection,On Roadway,,Dark - Not Lighted,Clear,0,0,2004.0,0,1,COWETA (77),NOT APPLICABLE
2017,10831,Georgia,0,2,3,September,9,Saturday,20,CR-284 CHANDLER RD,County Road,Urban,Local,County Highway Agency,11.0,33.92211944,-83.94732778,Motor Vehicle In-Transport,Front-to-Front,Not an Intersection,On Roadway,,Dark - Lighted,Clear,0,0,2010.0,0,0,GWINNETT (135),NOT APPLICABLE
2017,10831,Georgia,0,2,3,September,9,Saturday,20,CR-284 CHANDLER RD,County Road,Urban,Local,County Highway Agency,11.0,33.92211944,-83.94732778,Motor Vehicle In-Transport,Front-to-Front,Not an Intersection,On Roadway,,Dark - Lighted,Clear,0,0,2001.0,1,0,GWINNETT (135),NOT APPLICABLE