YEAR,ST_CASE,STATENAME,NUM_PEDS,NUM_VEHC,PERSONS,MONTHNAME,DAYNAME,DAY_WEEKNAME,HOUR,ROAD_NAME,ROUTENAME,RUR_URBNAME,FUNC_SYSNAME,RD_OWNERNAME,MILE_MARKER,LATITUDE,LONGITUD,HARM_EVNAME,COLLISION_TYPE,TYP_INTNAME,REL_ROADNAME,WRK_ZONENAME,LGT_CONDNAME,WEATHERNAME,SCH_BUS,HIT_RUN,MOD_YEAR,DEATHS,DR_DRINK,COUNTYNAME,CITYNAME
2018,10186,Georgia,0,1,1,May,5,Saturday,23,SR-52,State Highway,Rural,Major Collector,State Highway Agency,252.0,34.60066667,-84.33818611,Bridge Pier or Support,Not a Collision with Motor Vehicle In-Transport,Not an Intersection,On Roadside,,Dark - Not Lighted,Rain,0,0,2003.0,0,0,GILMER (123),ELLIJAY
2018,10186,Georgia,0,1,1,May,5,Saturday,23,SR-52,State Highway,Rural,Major Collector,State Highway Agency,252.0,34.60066667,-84.33818611,Bridge Pier or Support,Not a Collision with Motor Vehicle In-Transport,Not an Intersection,On Roadside,,Dark - Not Lighted,Rain,0,0,2012.0,0,0,GILMER (123),ELLIJAY
2018,10187,Georgia,0,1,1,May,5,Saturday,8,US-27 SR-1,U.S. Highway,Rural,Minor Arterial,State Highway Agency,50.0,32.66291944,-84.85864444,Ditch,Not a Collision with Motor Vehicle In-Transport,Not an Intersection,On Roadside,,Daylight,Clear,0,0,1997.0,1,0,HARRIS (145),NOT APPLICABLE
2018,10187,Georgia,0,1,1,May,5,Saturday,8,US-27 SR-1,U.S. Highway,Rural,Minor Arterial,State Highway Agency,50.0,32.66291944,-84.85864444,Ditch,Not a Collision with Motor Vehicle In-Transport,Not an Intersection,On Roadside,,Daylight,Clear,0,0,2018.0,1,0,HARRIS (145),NOT APPLICABLE
2018,10188,Georgia,0,1,1,May,5,Saturday,3,US-78 SR-10,U.S. Highway,Rural,Principal Arterial - Other,State Highway Agency,13.0,33.89591111,-83.57878889,Tree (Standing Only),Not a Collision with Motor Vehicle In-Transport,Not an Intersection,On Roadside,,Dark - Not Lighted,Clear,0,0,2004.0,1,0,OCONEE (219),NOT APPLICABLE
2018,10189,Georgia,0,1,1,May,5,Saturday,14,SR-341,State Highway,Urban,Minor Arterial,State Highway Agency,141.0,34.90815556,-85.34374167,Tree (Standing Only),Not a Collision with Motor Vehicle In-Transport,Not an Intersection,On Roadside,,Daylight,Cloudy,0,0,1993.0,1,0,WALKER (295),NOT APPLICABLE
2018,10190,Georgia,0,2,2,May,6,Sunday,13,CR-329 GORE SUBLIGNA RD,County Road,Rural,Major Collector,County Highway Agency,99.0,34.47001944,-85.26658333,Motor Vehicle In-Transport,Front-to-Front,Not an Intersection,On Roadway,,Daylight,Clear,0,0,1995.0,1,0,CHATTOOGA (55),NOT APPLICABLE
2018,10190,Georgia,0,2,2,May,6,Sunday,13,CR-329 GORE SUBLIGNA RD,County Road,Rural,Major Collector,County Highway Agency,99.0,34.47001944,-85.26658333,Motor Vehicle In-Transport,Front-to-Front,Not an Intersection,On Roadway,,Daylight,Clear,0,0,2013.0,0,0,CHATTOOGA (55),NOT APPLICABLE
2018,10191,Georgia,0,1,1,May,6,Sunday,7,I-85,Interstate,Urban,Interstate,State Highway Agency,9.0,33.63751389,-84.45688056,Tree (Standing Only),Not a Collision with Motor Vehicle In-Transport,Not an Intersection,On Roadside,,Daylight,Clear,0,0,2004.0,1,0,CLAYTON (63),COLLEGE PARK
2018,10192,Georgia,0,1,5,May,6,Sunday,18,I-75,Interstate,Urban,Interstate,State Highway Agency,93.0,33.64451944,-84.39868056,Rollover/Overturn,Not a Collision with Motor Vehicle In-Transport,Not an Intersection,On Roadway,,Dark - Not Lighted,Cloudy,0,0,2008.0,1,0,CLAYTON (63),NOT APPLICABLE
2018,10192,Georgia,0,1,5,May,6,Sunday,18,I-75,Interstate,Urban,Interstate,State Highway Agency,93.0,33.64451944,-84.39868056,Rollover/Overturn,Not a Collision with Motor Vehicle In-Transport,Not an Intersection,On Roadway,,Dark - Not Lighted,Cloudy,0,0,2014.0,0,0,CLAYTON (63),NOT APPLICABLE
2018,10193,Georgia,0,3,5,May,6,Sunday,2,SR-280 S COBB DR,State Highway,Urban,Minor Arterial,State Highway Agency,36.0,33.85881111,-84.51642222,Motor Vehicle In-Transport,Front-to-Rear,Four-Way Intersection,On Roadway,,Dark - Lighted,Clear,0,0,1995.0,1,0,COBB (67),SMYRNA
2018,10194,Georgia,1,1,1,May,6,Sunday,1,US-78 SR-8,U.S. Highway,Urban,Minor Arterial,State Highway Agency,64.0,33.73068611,-84.80511111,Pedestrian,Not a Collision with Motor Vehicle In-Transport,Not an Intersection,On Roadway,,Dark - Lighted,Clear,0,0,2014.0,0,0,DOUGLAS (97),NOT APPLICABLE
2018,10194,Georgia,1,1,1,May,6,Sunday,1,US-78 SR-8,U.S. Highway,Urban,Minor Arterial,State Highway Agency,64.0,33.73068611,-84.80511111,Pedestrian,Not a Collision with Motor Vehicle In-Transport,Not an Intersection,On Roadway,,Dark - Lighted,Clear,0,0,1995.0,1,1,DOUGLAS (97),NOT APPLICABLE
2018,10195,Georgia,0,3,8,May,6,Sunday,19,SR-155,State Highway,Urban,Minor Arterial,State Highway Agency,11.0,33.3507,-84.17919167,Motor Vehicle In-Transport,Sideswipe - Opposite Direction,Not an Intersection,On Roadway,,Daylight,Clear,0,0,2004.0,1,0,HENRY (151),NOT APPLICABLE
2018,10195,Georgia,0,3,8,May,6,Sunday,19,SR-155,State Highway,Urban,Minor Arterial,State Highway Agency,11.0,33.3507,-84.17919167,Motor Vehicle In-Transport,Sideswipe - Opposite Direction,Not an Intersection,On Roadway,,Daylight,Clear,0,0,2017.0,0,0,HENRY (151),NOT APPLICABLE
2018,10196,Georgia,0,2,4,May,6,Sunday,20,LAKE PARK RD,Local Street - Municipality,Urban,Major Collector,City or Municipal Highway Agency,6.0,30.82452222,-83.26500278,Motor Vehicle In-Transport,Sideswipe - Same Direction,T-Intersection,On Roadway,,Dark - Lighted,Clear,0,0,2006.0,1,0,LOWNDES (185),VALDOSTA
2018,10197,Georgia,0,2,2,May,6,Sunday,20,SR-292,State Highway,Urban,Minor Arterial,State Highway Agency,8.0,32.22654167,-82.42729444,Motor Vehicle In-Transport,Angle,T-Intersection,On Roadway,,Dusk,Clear,0,0,2005.0,0,1,TOOMBS (279),VIDALIA
2018,10198,Georgia,0,1,1,May,6,Sunday,2,I-85,Interstate,Urban,Interstate,State Highway Agency,41.0,32.91744167,-85.11518056,Rollover/Overturn,Not a Collision with Motor Vehicle In-Transport,Not an Intersection,On Roadway,,Dark - Unknown Lighting,Clear,0,0,1995.0,1,0,TROUP (285),NOT APPLICABLE
2018,10198,Georgia,0,1,1,May,6,Sunday,2,I-85,Interstate,Urban,Interstate,State Highway Agency,41.0,32.91744167,-85.11518056,Rollover/Overturn,Not a Collision with Motor Vehicle In-Transport,Not an Intersection,On Roadway,,Dark - Unknown Lighting,Clear,0,0,1991.0,0,0,TROUP (285),NOT APPLICABLE
2018,10199,Georgia,1,1,1,May,7,Monday,24,SR-19 VINEVILLE AVE,State Highway,Urban,Principal Arterial - Other,State Highway Agency,104.0,32.84336111,-83.652075,Pedestrian,Not a Collision with Motor Vehicle In-Transport,Four-Way Intersection,On Roadway,Maintenance,Dark - Not Lighted,Clear,0,0,2004.0,1,0,BIBB (21),MACON
2018,10200,Georgia,0,1,1,May,7,Monday,19,I-16,Interstate,Urban,Interstate,State Highway Agency,16.0,32.85431111,-83.63436944,Curb,Not a Collision with Motor Vehicle In-Transport,Not an Intersection,On Roadside,Construction,Daylight,Clear,0,0,2002.0,1,1,BIBB (21),MACON
2018,10201,Georgia,0,2,2,May,7,Monday,2,I-285,Interstate,Urban,Interstate,State Highway Agency,123.0,33.81591944,-84.25066389,Motor Vehicle In-Transport,Front-to-Rear,Not an Intersection,On Roadway,,Dark - Not Lighted,Clear,0,0,2016.0,1,0,DEKALB (89),TUCKER
2018,10202,Georgia,0,2,2,May,7,Monday,8,SR-53SP,State Highway,Urban,Principal Arterial - Other,State Highway Agency,3.0,34.47521111,-84.97325833,Motor Vehicle In-Transport,Front-to-Front,Not an Intersection,On Roadway,,Daylight,Clear,0,0,2004.0,1,0,GORDON (129),NOT APPLICABLE
2018,10203,Georgia,0,2,4,May,7,Monday,15,US-84 SR-38,U.S. Highway,Rural,Principal Arterial - Other,State Highway Agency,170.0,31.40751667,-82.11430278,Motor Vehicle In-Transport,Angle,T-Intersection,On Roadway,,Daylight,Clear,0,0,2009.0,2,0,PIERCE (229),OFFERMAN
2018,10203,Georgia,0,2,4,May,7,Monday,15,US-84 SR-38,U.S. Highway,Rural,Principal Arterial - Other,State Highway Agency,170.0,31.40751667,-82.11430278,Motor Vehicle In-Transport,Angle,T-Intersection,On Roadway,,Daylight,Clear,0,0,2016.0,0,0,PIERCE (229),OFFERMAN
2018,10204,Georgia,0,1,2,May,8,Tuesday,15,SR-101,State Highway,Urban,Minor Arterial,State Highway Agency,33.0,33.76190556,-84.94659167,Rollover/Overturn,Not a Collision with Motor Vehicle In-Transport,Not an Intersection,On Roadside,,Daylight,Cloudy,0,0,2001.0,1,0,CARROLL (45),VILLA RICA
2018,10205,Georgia,0,2,2,May,8,Tuesday,8,US-319 VETERANS PKWY,U.S. Highway,Urban,Principal Arterial - Other,State Highway Agency,74.0,31.12623333,-83.77624444,Motor Vehicle In-Transport,Angle,Four-Way Intersection,On Roadway,,Daylight,Clear,0,0,2013.0,0,0,COLQUITT (71),MOULTRIE
2018,10205,Georgia,0,2,2,May,8,Tuesday,8,US-319 VETERANS PKWY,U.S. Highway,Urban,Principal Arterial - Other,State Highway Agency,74.0,31.12623333,-83.77624444,Motor Vehicle In-Transport,Angle,Four-Way Intersection,On Roadway,,Daylight,Clear,0,0,2005.0,1,0,COLQUITT (71),MOULTRIE
2018,10205,Georgia,0,2,2,May,8,Tuesday,8,US-319 VETERANS PKWY,U.S. Highway,Urban,Principal Arterial - Other,State Highway Agency,74.0,31.12623333,-83.77624444,Motor Vehicle In-Transport,Angle,Four-Way Intersection,On Roadway,,Daylight,Clear,0,0,2000.0,0,0,COLQUITT (71),MOULTRIE
2018,10206,Georgia,0,2,2,May,8,Tuesday,15,SR-85,State Highway,Urban,Minor Arterial,State Highway Agency,84.0,33.42321667,-84.46000833,Motor Vehicle In-Transport,Front-to-Front,Not an Intersection,On Roadway,,Daylight,Clear,0,0,1998.0,2,0,FAYETTE (113),NOT APPLICABLE
2018,10207,Georgia,0,2,3,May,8,Tuesday,12,SR-52,State Highway,Urban,Minor Arterial,State Highway Agency,77.65251238499646,34.28986389,-83.61341111,Motor Vehicle In-Transport,Angle,T-Intersection,On Roadway,,Daylight,Clear,0,0,1989.0,1,0,JACKSON (157),MAYSVILLE
2018,10208,Georgia,0,2,4,May,9,Wednesday,6,I-75,Interstate,Urban,Interstate,State Highway Agency,77.0,34.14275,-84.73888611,Rollover/Overturn,Not a Collision with Motor Vehicle In-Transport,Not an Intersection,On Roadway,,Dawn,Clear,0,0,2004.0,1,0,BARTOW (15),EMERSON
2018,10209,Georgia,1,1,1,May,9,Wednesday,9,US-29 SR-8,U.S. Highway,Urban,Minor Arterial,State Highway Agency,114.0,33.93829167,-84.02420278,Pedestrian,Not a Collision with Motor Vehicle In-Transport,Not an Intersection,Outside Trafficway,Maintenance,Daylight,Clear,0,0,2004.0,1,0,GWINNETT (135),NOT APPLICABLE
2018,10209,Georgia,1,1,1,May,9,Wednesday,9,US-29 SR-8,U.S. Highway,Urban,Minor Arterial,State Highway Agency,114.0,33.93829167,-84.02420278,Pedestrian,Not a Collision with Motor Vehicle In-Transport,Not an Intersection,Outside Trafficway,Maintenance,Daylight,Clear,0,0,2014.0,0,0,GWINNETT (135),NOT APPLICABLE
2018,10210,Georgia,0,2,2,May,9,Wednesday,7,CR-451 CHALYBEATE RD,County Road,Rural,Major Collector,County Highway Agency,6.0,32.858225,-84.578825,Motor Vehicle In-Transport,Angle,Four-Way Intersection,On Roadway,,Daylight,Clear,0,0,2002.0,0,0,MERIWETHER (199),NOT APPLICABLE
2018,10210,Georgia,0,2,2,May,9,Wednesday,7,CR-451 CHALYBEATE RD,County Road,Rural,Major Collector,County Highway Agency,6.0,32.858225,-84.578825,Motor Vehicle In-Transport,Angle,Four-Way Intersection,On Roadway,,Daylight,Clear,0,0,2015.0,1,0,MERIWETHER (199),NOT APPLICABLE
2018,10211,Georgia,0,1,1,May,10,Thursday,23,CR-221 MARLOW RD,County Road,Rural,Local,County Highway Agency,11.0,32.268,-81.37016667,Traffic Sign Support,Not a Collision with Motor Vehicle In-Transport,Not an Intersection,On Roadside,,Dark - Not Lighted,Clear,0,0,2017.0,0,1,EFFINGHAM (103),GUYTON
2018,10211,Georgia,0,1,1,May,10,Thursday,23,CR-221 MARLOW RD,County Road,Rural,Local,County Highway Agency,11.0,32.268,-81.37016667,Traffic Sign Support,Not a Collision with Motor Vehicle In-Transport,Not an Intersection,On Roadside,,Dark - Not Lighted,Clear,0,0,2004.0,1,0,EFFINGHAM (103),GUYTON
2018,10212,Georgia,1,1,1,May,10,Thursday,1,I-20,Interstate,Urban,Interstate,State Highway Agency,93.0,33.74423889,-84.38776389,Pedestrian,Not a Collision with Motor Vehicle In-Transport,Not an Intersection,On Roadway,,Dark - Lighted,Clear,0,0,1997.0,1,0,FULTON (121),ATLANTA
2018,10213,Georgia,0,2,10,May,10,Thursday,8,I-75,Interstate,Urban,Interstate,State Highway Agency,40.0,33.3563,-84.12633056,Motor Vehicle In-Transport,Other,Not an Intersection,On Roadway,,Daylight,Clear,0,0,2009.0,0,0,HENRY (151),LOCUST GROVE
2018,10213,Georgia,0,2,10,May,10,Thursday,8,I-75,Interstate,Urban,Interstate,State Highway Agency,40.0,33.3563,-84.12633056,Motor Vehicle In-Transport,Other,Not an Intersection,On Roadway,,Daylight,Clear,0,0,2007.0,1,0,HENRY (151),LOCUST GROVE
2018,10214,Georgia,0,2,2,May,11,Friday,2,I-85,Interstate,Rural,Interstate,State Highway Agency,29.0,34.29128056,-83.41726111,Motor Vehicle In-Transport,Angle,Not an Intersection,On Roadway,,Dark - Not Lighted,Cloudy,0,0,2004.0,1,0,BANKS (11),NOT APPLICABLE
2018,10215,Georgia,0,2,3,May,11,Friday,19,CR-292 BARRINGTON RD,County Road,Urban,Local,County Highway Agency,0.0,31.53003889,-82.91525,Motor Vehicle In-Transport,Front-to-Front,Not an Intersection,On Shoulder,,Daylight,Clear,0,0,2016.0,2,1,COFFEE (69),NOT APPLICABLE
2018,10216,Georgia,0,1,2,May,11,Friday,14,CR-87 ASHMORE BARDEN RD,County Road,Rural,Major Collector,County Highway Agency,9.0,33.73351944,-82.359675,Rollover/Overturn,Not a Collision with Motor Vehicle In-Transport,Not an Intersection,On Roadway,,Daylight,Clear,0,0,2003.0,0,0,LINCOLN (181),NOT APPLICABLE
2018,10217,Georgia,0,2,2,May,11,Friday,8,SR-155,State Highway,Urban,Principal Arterial - Other,State Highway Agency,10.0,33.62172222,-84.17282222,Rollover/Overturn,Not a Collision with Motor Vehicle In-Transport,Not an Intersection,On Roadway,,Daylight,Clear,0,0,2005.0,0,0,ROCKDALE (247),NOT APPLICABLE
2018,10217,Georgia,0,2,2,May,11,Friday,8,SR-155,State Highway,Urban,Principal Arterial - Other,State Highway Agency,10.0,33.62172222,-84.17282222,Rollover/Overturn,Not a Collision with Motor Vehicle In-Transport,Not an Intersection,On Roadway,,Daylight,Clear,0,0,2007.0,1,0,ROCKDALE (247),NOT APPLICABLE
2018,10218,Georgia,0,1,4,May,12,Saturday,16,I-95,Interstate,Urban,Interstate,State Highway Agency,24.0,31.99656667,-81.29107778,Rollover/Overturn,Not a Collision with Motor Vehicle In-Transport,Not an Intersection,On Roadway,,Daylight,Clear,0,0,1985.0,2,0,CHATHAM (51),NOT APPLICABLE
2018,10219,Georgia,1,1,2,May,12,Saturday,1,CR-28 MT ZION BLVD,County Road,Urban,Minor Arterial,County Highway Agency,17.0,33.57146944,-84.30913056,Pedestrian,Not a Collision with Motor Vehicle In-Transport,Not an Intersection,On Roadway,,Dark - Lighted,Clear,0,0,2003.0,1,1,CLAYTON (63),NOT APPLICABLE
2018,10220,Georgia,0,1,1,May,12,Saturday,11,CR-221 OLD BELAIR RD,County Road,Urban,Minor Arterial,County Highway Agency,8.0,33.48273333,-82.14374444,Ditch,Not a Collision with Motor Vehicle In-Transport,Not an Intersection,On Roadside,,Daylight,Clear,0,0,2014.0,1,1,COLUMBIA (73),NOT APPLICABLE
2018,10221,Georgia,0,2,2,May,12,Saturday,4,CR-5182 PLEASANTDALE RD,County Road,Urban,Minor Arterial,County Highway Agency,29.0,33.89329722,-84.23423889,Motor Vehicle In-Transport,Front-to-Front,Not an Intersection,On Roadway,,Dark - Not Lighted,Clear,0,0,2005.0,1,0,DEKALB (89),NOT APPLICABLE
2018,10222,Georgia,1,1,1,May,13,Sunday,21,SURSSON ST,Local Street - Municipality,Urban,Local,City or Municipal Highway Agency,77.65251238499646,31.79004444,-82.34345,Pedestrian,Not a Collision with Motor Vehicle In-Transport,Not an Intersection,On Roadway,,Dark - Not Lighted,Clear,0,0,2010.0,0,0,APPLING (1),BAXLEY
2018,10222,Georgia,1,1,1,May,13,Sunday,21,SURSSON ST,Local Street - Municipality,Urban,Local,City or Municipal Highway Agency,77.65251238499646,31.79004444,-82.34345,Pedestrian,Not a Collision with Motor Vehicle In-Transport,Not an Intersection,On Roadway,,Dark - Not Lighted,Clear,0,0,2011.0,1,0,APPLING (1),BAXLEY
2018,10223,Georgia,0,2,2,May,13,Sunday,16,SR-121 BYP,State Highway,Urban,Principal Arterial - Other,State Highway Agency,16.0,33.07408611,-81.99575833,Motor Vehicle In-Transport,Angle,Four-Way Intersection,On Roadway,,Daylight,Clear,0,0,2003.0,0,0,BURKE (33),NOT APPLICABLE
2018,10223,Georgia,0,2,2,May,13,Sunday,16,SR-121 BYP,State Highway,Urban,Principal Arterial - Other,State Highway Agency,16.0,33.07408611,-81.99575833,Motor Vehicle In-Transport,Angle,Four-Way Intersection,On Roadway,,Daylight,Clear,0,0,2003.0,1,0,BURKE (33),NOT APPLICABLE
2018,10224,Georgia,0,1,2,May,13,Sunday,6,WILKERSON MILL RD,Local Street - Municipality,Urban,Major Collector,City or Municipal Highway Agency,1.0,33.55530833,-84.67773611,Tree (Standing Only),Not a Collision with Motor Vehicle In-Transport,Not an Intersection,On Roadside,,Dark - Not Lighted,Clear,0,0,2005.0,1,0,FULTON (121),Other
2018,10224,Georgia,0,1,2,May,13,Sunday,6,WILKERSON MILL RD,Local Street - Municipality,Urban,Major Collector,City or Municipal Highway Agency,1.0,33.55530833,-84.67773611,Tree (Standing Only),Not a Collision with Motor Vehicle In-Transport,Not an Intersection,On Roadside,,Dark - Not Lighted,Clear,0,0,2001.0,0,0,FULTON (121),Other
2018,10225,Georgia,1,2,5,May,14,Monday,21,CR-174 DORSETT SHOALS RD,County Road,Urban,Local,County Highway Agency,16.0,33.67815,-84.77733889,Pedestrian,Not a Collision with Motor Vehicle In-Transport,Not an Intersection,On Roadway,,Dark - Lighted,Clear,0,1,2006.0,0,0,DOUGLAS (97),DOUGLASVILLE
2018,10226,Georgia,0,5,6,May,14,Monday,24,SR-316,State Highway,Urban,Principal Arterial - Freeways,State Highway Agency,30.0,33.95974167,-84.05325556,Motor Vehicle In-Transport,Front-to-Rear,Not an Intersection,On Roadway,,Dark - Not Lighted,Clear,0,0,2004.0,1,0,GWINNETT (135),NOT APPLICABLE
2018,10227,Georgia,1,1,4,February,9,Friday,15,NEW PEACHTREE ROAD,Local Street - Municipality,Urban,Minor Arterial,City or Municipal Highway Agency,0.0,33.90193056,-84.28026111,Pedestrian,Not a Collision with Motor Vehicle In-Transport,Four-Way Intersection,On Roadway,,Daylight,Cloudy,0,0,2010.0,1,0,DEKALB (89),DORAVILLE
2018,10227,Georgia,1,1,4,February,9,Friday,15,NEW PEACHTREE ROAD,Local Street - Municipality,Urban,Minor Arterial,City or Municipal Highway Agency,0.0,33.90193056,-84.28026111,Pedestrian,Not a Collision with Motor Vehicle In-Transport,Four-Way Intersection,On Roadway,,Daylight,Cloudy,0,0,2010.0,0,0,DEKALB (89),DORAVILLE
2018,10228,Georgia,0,1,1,May,2,Wednesday,8,SR-82,State Highway,Rural,Major Collector,State Highway Agency,90.0,34.02253333,-83.572725,Mail Box,Not a Collision with Motor Vehicle In-Transport,Not an Intersection,On Roadside,,Daylight,Clear,0,0,1999.0,1,0,BARROW (13),NOT APPLICABLE
2018,10229,Georgia,1,2,3,May,14,Monday,4,CR-JIMMY CARTER BOULEVARD,County Road,Urban,Principal Arterial - Other,County Highway Agency,33.0,33.91011389,-84.20679167,Pedestrian,Not a Collision with Motor Vehicle In-Transport,Not an Intersection,On Roadway,,Dark - Not Lighted,Clear,0,0,2014.0,0,0,GWINNETT (135),NOT APPLICABLE
2018,10229,Georgia,1,2,3,May,14,Monday,4,CR-JIMMY CARTER BOULEVARD,County Road,Urban,Principal Arterial - Other,County Highway Agency,33.0,33.91011389,-84.20679167,Pedestrian,Not a Collision with Motor Vehicle In-Transport,Not an Intersection,On Roadway,,Dark - Not Lighted,Clear,0,0,2016.0,2,0,GWINNETT (135),NOT APPLICABLE
2018,10230,Georgia,0,1,1,May,14,Monday,3,CR-WELLS DRIVE,County Road,Rural,Local,County Highway Agency,0.0,32.65193611,-84.87963056,Ditch,Not a Collision with Motor Vehicle In-Transport,Not an Intersection,On Roadside,,Dark - Not Lighted,Cloudy,0,1,2016.0,0,0,HARRIS (145),NOT APPLICABLE
2018,10230,Georgia,0,1,1,May,14,Monday,3,CR-WELLS DRIVE,County Road,Rural,Local,County Highway Agency,0.0,32.65193611,-84.87963056,Ditch,Not a Collision with Motor Vehicle In-Transport,Not an Intersection,On Roadside,,Dark - Not Lighted,Cloudy,0,0,2003.0,1,0,HARRIS (145),NOT APPLICABLE
2018,10231,Georgia,0,1,2,May,14,Monday,22,SR-52,State Highway,Rural,Major Collector,State Highway Agency,80.0,34.5357,-84.06098056,Rollover/Overturn,Not a Collision with Motor Vehicle In-Transport,Not an Intersection,On Roadside,,Dark - Not Lighted,Clear,0,0,2015.0,1,0,LUMPKIN (187),DAHLONEGA
2018,10232,Georgia,1,1,2,May,14,Monday,24,I-75,Interstate,Rural,Interstate,State Highway Agency,10.0,34.62991944,-84.97341111,Pedestrian,Not a Collision with Motor Vehicle In-Transport,Not an Intersection,On Roadway,,Dark - Not Lighted,Clear,0,0,2005.0,1,0,WHITFIELD (313),NOT APPLICABLE
2018,10232,Georgia,1,1,2,May,14,Monday,24,I-75,Interstate,Rural,Interstate,State Highway Agency,10.0,34.62991944,-84.97341111,Pedestrian,Not a Collision with Motor Vehicle In-Transport,Not an Intersection,On Roadway,,Dark - Not Lighted,Clear,0,0,2013.0,0,0,WHITFIELD (313),NOT APPLICABLE
2018,10232,Georgia,1,1,2,May,14,Monday,24,I-75,Interstate,Rural,Interstate,State Highway Agency,10.0,34.62991944,-84.97341111,Pedestrian,Not a Collision with Motor Vehicle In-Transport,Not an Intersection,On Roadway,,Dark - Not Lighted,Clear,0,0,2007.0,0,0,WHITFIELD (313),NOT APPLICABLE
2018,10233,Georgia,0,1,3,May,15,Tuesday,7,SR-9,State Highway,Urban,Principal Arterial - Other,State Highway Agency,190.0,34.08728611,-84.29518056,Curb,Not a Collision with Motor Vehicle In-Transport,Not an Intersection,On Roadside,,Daylight,Cloudy,0,0,2008.0,1,1,FULTON (121),ALPHARETTA
2018,10234,Georgia,0,3,5,May,15,Tuesday,18,WATSON BOULEVARD,Local Street - Municipality,Urban,Principal Arterial - Other,City or Municipal Highway Agency,36.0,32.61827222,-83.65641667,Motor Vehicle In-Transport,Front-to-Front,T-Intersection,On Roadway,,Daylight,Cloudy,0,0,2007.0,1,1,HOUSTON (153),WARNER ROBINS
2018,10235,Georgia,0,2,2,May,15,Tuesday,6,CR-DALLAS ACWORTH HIGHWAY,County Road,Urban,Minor Arterial,County Highway Agency,37.0,33.99238333,-84.76709167,Motor Vehicle In-Transport,Front-to-Front,Not an Intersection,On Roadway,,Daylight,Clear,0,0,2017.0,1,0,PAULDING (223),NOT APPLICABLE
2018,10236,Georgia,1,2,2,May,16,Wednesday,24,SR-10,State Highway,Urban,Principal Arterial - Other,County Highway Agency,94.0,33.79062778,-84.23003056,Curb,Not a Collision with Motor Vehicle In-Transport,Not an Intersection,On Roadside,,Dark - Lighted,Clear,0,0,2001.0,1,1,DEKALB (89),NOT APPLICABLE
2018,10237,Georgia,0,2,7,May,16,Wednesday,7,SR-60,State Highway,Rural,Principal Arterial - Other,State Highway Agency,222.0,34.44158333,-83.92925556,Motor Vehicle In-Transport,Front-to-Front,Not an Intersection,On Roadway,,Daylight,Rain,1,0,1987.0,1,0,HALL (139),MURRAYVILLE
2018,10238,Georgia,0,1,1,May,16,Wednesday,1,UNION ROAD,Local Street - Municipality,Urban,Minor Collector,City or Municipal Highway Agency,44.0,31.42705278,-83.49600833,Embankment,Not a Collision with Motor Vehicle In-Transport,Not an Intersection,On Roadside,,Dark - Not Lighted,Clear,0,0,2000.0,1,0,TIFT (277),Other
2018,10239,Georgia,0,2,4,May,17,Thursday,20,LAVISTA ROAD,Local Street - Municipality,Urban,Minor Arterial,City or Municipal Highway Agency,56.0,33.840625,-84.26563333,Motor Vehicle In-Transport,Front-to-Front,Not an Intersection,On Roadway,,Dusk,Clear,0,0,2007.0,1,0,DEKALB (89),DECATUR
2018,10239,Georgia,0,2,4,May,17,Thursday,20,LAVISTA ROAD,Local Street - Municipality,Urban,Minor Arterial,City or Municipal Highway Agency,56.0,33.840625,-84.26563333,Motor Vehicle In-Transport,Front-to-Front,Not an Intersection,On Roadway,,Dusk,Clear,0,0,2000.0,0,0,DEKALB (89),DECATUR
2018,10240,Georgia,0,1,1,May,17,Thursday,5,BURNT MOUNTAIN ROAD,Local Street - Municipality,Urban,Minor Collector,City or Municipal Highway Agency,11.0,34.47927778,-84.42319444,Embankment,Not a Collision with Motor Vehicle In-Transport,Not an Intersection,On Roadside,,Daylight,Cloudy,0,0,2012.0,1,0,PICKENS (227),JASPER
2018,10240,Georgia,0,1,1,May,17,Thursday,5,BURNT MOUNTAIN ROAD,Local Street - Municipality,Urban,Minor Collector,City or Municipal Highway Agency,11.0,34.47927778,-84.42319444,Embankment,Not a Collision with Motor Vehicle In-Transport,Not an Intersection,On Roadside,,Daylight,Cloudy,0,0,2000.0,0,0,PICKENS (227),JASPER
2018,10241,Georgia,0,1,1,May,17,Thursday,9,CR-FODDER CREEK ROAD,County Road,Rural,Local,County Highway Agency,49.0,34.91404722,-83.74271389,Boulder,Not a Collision with Motor Vehicle In-Transport,Not an Intersection,On Roadside,,Daylight,Clear,0,0,2000.0,1,0,TOWNS (281),NOT APPLICABLE
2018,10242,Georgia,1,1,1,May,18,Friday,9,THOMPSON MILL ROAD,Local Street - Municipality,Urban,Minor Collector,City or Municipal Highway Agency,12.0,33.69519444,-84.19475833,Pedestrian,Not a Collision with Motor Vehicle In-Transport,Not an Intersection,On Roadway,,Daylight,Cloudy,0,0,2003.0,0,0,DEKALB (89),LITHONIA
2018,10242,Georgia,1,1,1,May,18,Friday,9,THOMPSON MILL ROAD,Local Street - Municipality,Urban,Minor Collector,City or Municipal Highway Agency,12.0,33.69519444,-84.19475833,Pedestrian,Not a Collision with Motor Vehicle In-Transport,Not an Intersection,On Roadway,,Daylight,Cloudy,0,0,1993.0,1,1,DEKALB (89),LITHONIA
2018,10243,Georgia,0,1,1,May,18,Friday,18,CR-HOWELL ROAD,County Road,Rural,Major Collector,County Highway Agency,43.0,30.83395,-83.03108333,Rollover/Overturn,Not a Collision with Motor Vehicle In-Transport,Not an Intersection,On Roadway,,Daylight,Clear,0,0,2017.0,1,0,ECHOLS (101),NOT APPLICABLE
2018,10244,Georgia,0,2,2,May,18,Friday,21,SR-61,State Highway,Rural,Minor Arterial,State Highway Agency,45.0,34.47504167,-84.70584722,Motor Vehicle In-Transport,Angle,T-Intersection,On Roadway,,Dark - Not Lighted,Cloudy,0,0,2000.0,1,0,GORDON (129),Other