YEAR,ST_CASE,STATENAME,NUM_PEDS,NUM_VEHC,PERSONS,MONTHNAME,DAYNAME,DAY_WEEKNAME,HOUR,ROAD_NAME,ROUTENAME,RUR_URBNAME,FUNC_SYSNAME,RD_OWNERNAME,MILE_MARKER,LATITUDE,LONGITUD,HARM_EVNAME,COLLISION_TYPE,TYP_INTNAME,REL_ROADNAME,WRK_ZONENAME,LGT_CONDNAME,WEATHERNAME,SCH_BUS,HIT_RUN,MOD_YEAR,DEATHS,DR_DRINK,COUNTYNAME,CITYNAME
2018,10245,Georgia,0,1,1,May,18,Friday,3,SR-34,State Highway,Rural,Minor Arterial,State Highway Agency,126.0,33.288425,-85.08805833,Traffic Sign Support,Not a Collision with Motor Vehicle In-Transport,Not an Intersection,On Roadside,,Dark - Not Lighted,"Fog, Smog, Smoke",0,0,2005.0,1,1,HEARD (149),FRANKLIN
2018,10246,Georgia,0,1,1,May,18,Friday,7,SR-45,State Highway,Rural,Major Collector,State Highway Agency,16.0,31.21681944,-84.73144167,Culvert,Not a Collision with Motor Vehicle In-Transport,Not an Intersection,On Roadside,,Dark - Not Lighted,Clear,0,0,2002.0,0,0,MILLER (201),COLQUITT
2018,10246,Georgia,0,1,1,May,18,Friday,7,SR-45,State Highway,Rural,Major Collector,State Highway Agency,16.0,31.21681944,-84.73144167,Culvert,Not a Collision with Motor Vehicle In-Transport,Not an Intersection,On Roadside,,Dark - Not Lighted,Clear,0,0,2011.0,1,0,MILLER (201),COLQUITT
2018,10247,Georgia,0,2,5,May,19,Saturday,17,CR-GLENWOOD AVENUE,County Road,Urban,Minor Arterial,County Highway Agency,3.0,33.73967222,-84.32206389,Curb,Not a Collision with Motor Vehicle In-Transport,Not an Intersection,On Roadside,,Daylight,Clear,0,0,2009.0,1,0,DEKALB (89),NOT APPLICABLE
2018,10247,Georgia,0,2,5,May,19,Saturday,17,CR-GLENWOOD AVENUE,County Road,Urban,Minor Arterial,County Highway Agency,3.0,33.73967222,-84.32206389,Curb,Not a Collision with Motor Vehicle In-Transport,Not an Intersection,On Roadside,,Daylight,Clear,0,0,2007.0,0,0,DEKALB (89),NOT APPLICABLE
2018,10248,Georgia,0,1,1,May,19,Saturday,23,MELODY LANE,Local Street - Municipality,Urban,Minor Arterial,City or Municipal Highway Agency,7.0,30.84247222,-83.30403333,"Road Ruts, Potholes, or Grates",Not a Collision with Motor Vehicle In-Transport,T-Intersection,On Roadway,,Dark - Lighted,Clear,0,0,2008.0,0,0,LOWNDES (185),VALDOSTA
2018,10248,Georgia,0,1,1,May,19,Saturday,23,MELODY LANE,Local Street - Municipality,Urban,Minor Arterial,City or Municipal Highway Agency,7.0,30.84247222,-83.30403333,"Road Ruts, Potholes, or Grates",Not a Collision with Motor Vehicle In-Transport,T-Intersection,On Roadway,,Dark - Lighted,Clear,0,0,2001.0,2,0,LOWNDES (185),VALDOSTA
2018,10249,Georgia,0,1,1,May,19,Saturday,9,CR-PLANT AVENUE,County Road,Urban,Principal Arterial - Other,County Highway Agency,201.0,31.2233,-82.34173056,Curb,Not a Collision with Motor Vehicle In-Transport,Not an Intersection,On Roadside,,Daylight,Clear,0,0,2012.0,3,1,WARE (299),WAYCROSS
2018,10250,Georgia,0,1,2,May,20,Sunday,3,I-75,Interstate,Urban,Interstate,State Highway Agency,118.0,34.00936667,-84.56720556,Guardrail Face,Not a Collision with Motor Vehicle In-Transport,Not an Intersection,On Median,Construction,Dark - Not Lighted,Clear,0,0,1997.0,0,0,COBB (67),NOT APPLICABLE
2018,10250,Georgia,0,1,2,May,20,Sunday,3,I-75,Interstate,Urban,Interstate,State Highway Agency,118.0,34.00936667,-84.56720556,Guardrail Face,Not a Collision with Motor Vehicle In-Transport,Not an Intersection,On Median,Construction,Dark - Not Lighted,Clear,0,0,1969.0,1,0,COBB (67),NOT APPLICABLE
2018,10251,Georgia,0,2,2,May,20,Sunday,18,MEDLOCK BRIDGE ROAD,Local Street - Municipality,Urban,Principal Arterial - Other,City or Municipal Highway Agency,176.0,34.02405278,-84.18895833,Motor Vehicle In-Transport,Angle,Four-Way Intersection,On Roadway,,Daylight,Clear,0,0,2017.0,0,0,FULTON (121),Other
2018,10251,Georgia,0,2,2,May,20,Sunday,18,MEDLOCK BRIDGE ROAD,Local Street - Municipality,Urban,Principal Arterial - Other,City or Municipal Highway Agency,176.0,34.02405278,-84.18895833,Motor Vehicle In-Transport,Angle,Four-Way Intersection,On Roadway,,Daylight,Clear,0,0,2016.0,1,0,FULTON (121),Other
2018,10252,Georgia,0,2,4,May,20,Sunday,15,CR-SINGLETON ROAD,County Road,Urban,Minor Collector,County Highway Agency,9.0,33.91004444,-84.17503889,Motor Vehicle In-Transport,Angle,T-Intersection,On Roadway,,Daylight,Clear,0,0,1990.0,0,0,GWINNETT (135),NOT APPLICABLE
2018,10252,Georgia,0,2,4,May,20,Sunday,15,CR-SINGLETON ROAD,County Road,Urban,Minor Collector,County Highway Agency,9.0,33.91004444,-84.17503889,Motor Vehicle In-Transport,Angle,T-Intersection,On Roadway,,Daylight,Clear,0,0,2000.0,0,0,GWINNETT (135),NOT APPLICABLE
2018,10252,Georgia,0,2,4,May,20,Sunday,15,CR-SINGLETON ROAD,County Road,Urban,Minor Collector,County Highway Agency,9.0,33.91004444,-84.17503889,Motor Vehicle In-Transport,Angle,T-Intersection,On Roadway,,Daylight,Clear,0,0,2009.0,1,0,GWINNETT (135),NOT APPLICABLE
2018,10253,Georgia,0,1,1,May,21,Monday,24,POWDER SPRINGS ROAD,Local Street - Municipality,Urban,Minor Arterial,City or Municipal Highway Agency,7.0,33.866225,-84.63353333,Utility Pole/Light Support,Not a Collision with Motor Vehicle In-Transport,Four-Way Intersection,On Roadside,,Dark - Lighted,Clear,0,0,2013.0,0,0,COBB (67),MARIETTA
2018,10253,Georgia,0,1,1,May,21,Monday,24,POWDER SPRINGS ROAD,Local Street - Municipality,Urban,Minor Arterial,City or Municipal Highway Agency,7.0,33.866225,-84.63353333,Utility Pole/Light Support,Not a Collision with Motor Vehicle In-Transport,Four-Way Intersection,On Roadside,,Dark - Lighted,Clear,0,0,2006.0,1,0,COBB (67),MARIETTA
2018,10254,Georgia,0,1,2,May,21,Monday,4,SR-17,State Highway,Rural,Principal Arterial - Other,State Highway Agency,30.0,33.31369167,-82.44743611,Utility Pole/Light Support,Not a Collision with Motor Vehicle In-Transport,Not an Intersection,On Roadside,,Daylight,Clear,0,0,2003.0,1,1,WARREN (301),NOT APPLICABLE
2018,10255,Georgia,0,1,4,May,21,Monday,11,CR-GRIMES CEMETARY ROAD,County Road,Rural,Local,County Highway Agency,0.0,32.13123611,-82.86414722,Rollover/Overturn,Not a Collision with Motor Vehicle In-Transport,Not an Intersection,On Roadway,,Daylight,Cloudy,0,0,2004.0,1,0,WHEELER (309),NOT APPLICABLE
2018,10256,Georgia,0,2,2,May,22,Tuesday,16,SR-15,State Highway,Rural,Principal Arterial - Other,State Highway Agency,120.0,34.40142222,-83.48731389,Other Fixed Object,Not a Collision with Motor Vehicle In-Transport,Not an Intersection,On Median,,Daylight,Cloudy,0,0,1999.0,1,1,BANKS (11),NOT APPLICABLE
2018,10256,Georgia,0,2,2,May,22,Tuesday,16,SR-15,State Highway,Rural,Principal Arterial - Other,State Highway Agency,120.0,34.40142222,-83.48731389,Other Fixed Object,Not a Collision with Motor Vehicle In-Transport,Not an Intersection,On Median,,Daylight,Cloudy,0,0,2017.0,1,0,BANKS (11),NOT APPLICABLE
2018,10256,Georgia,0,2,2,May,22,Tuesday,16,SR-15,State Highway,Rural,Principal Arterial - Other,State Highway Agency,120.0,34.40142222,-83.48731389,Other Fixed Object,Not a Collision with Motor Vehicle In-Transport,Not an Intersection,On Median,,Daylight,Cloudy,0,0,2002.0,0,0,BANKS (11),NOT APPLICABLE
2018,10257,Georgia,0,1,1,May,22,Tuesday,15,CR-RIVER ROAD,County Road,Rural,Major Collector,County Highway Agency,24.0,33.23763056,-81.90156944,Traffic Sign Support,Not a Collision with Motor Vehicle In-Transport,Not an Intersection,On Roadside,,Daylight,Clear,0,1,2006.0,0,0,BURKE (33),NOT APPLICABLE
2018,10258,Georgia,0,1,3,May,22,Tuesday,15,CR-DULUTH FORD ROAD,County Road,Rural,Minor Collector,County Highway Agency,3.0,32.34750278,-82.04144167,Guardrail Face,Not a Collision with Motor Vehicle In-Transport,Not an Intersection,On Roadside,,Daylight,Clear,0,0,2001.0,1,0,CANDLER (43),NOT APPLICABLE
2018,10258,Georgia,0,1,3,May,22,Tuesday,15,CR-DULUTH FORD ROAD,County Road,Rural,Minor Collector,County Highway Agency,3.0,32.34750278,-82.04144167,Guardrail Face,Not a Collision with Motor Vehicle In-Transport,Not an Intersection,On Roadside,,Daylight,Clear,0,0,2001.0,0,0,CANDLER (43),NOT APPLICABLE
2018,10259,Georgia,1,1,2,May,22,Tuesday,4,CR-NORTH AVENUE,County Road,Urban,Principal Arterial - Other,County Highway Agency,2.0,33.53314444,-84.3693,Pedestrian,Not a Collision with Motor Vehicle In-Transport,Not an Intersection,On Roadway,,Dark - Not Lighted,Clear,0,0,1997.0,1,1,CLAYTON (63),NOT APPLICABLE
2018,10260,Georgia,0,4,4,May,22,Tuesday,16,SOUTH MAIN STREET,Local Street - Municipality,Urban,Principal Arterial - Other,City or Municipal Highway Agency,54.0,33.505225,-84.34865,Motor Vehicle In-Transport,Front-to-Rear,Not an Intersection,On Roadway,,Daylight,Rain,0,0,2015.0,1,0,CLAYTON (63),JONESBORO
2018,10260,Georgia,0,4,4,May,22,Tuesday,16,SOUTH MAIN STREET,Local Street - Municipality,Urban,Principal Arterial - Other,City or Municipal Highway Agency,54.0,33.505225,-84.34865,Motor Vehicle In-Transport,Front-to-Rear,Not an Intersection,On Roadway,,Daylight,Rain,0,0,2003.0,0,0,CLAYTON (63),JONESBORO
2018,10261,Georgia,0,1,2,May,22,Tuesday,22,SR-7,State Highway,Rural,Minor Arterial,State Highway Agency,149.0,32.22823056,-83.75744444,Traffic Sign Support,Not a Collision with Motor Vehicle In-Transport,T-Intersection,On Roadside,,Dark - Not Lighted,Cloudy,0,0,2007.0,1,0,DOOLY (93),NOT APPLICABLE
2018,10262,Georgia,0,2,2,May,22,Tuesday,10,WAYSIDE ROAD,Local Street - Municipality,Rural,Minor Collector,City or Municipal Highway Agency,25.0,34.29105,-85.08877778,Motor Vehicle In-Transport,Front-to-Front,Not an Intersection,On Roadway,,Daylight,Cloudy,0,0,2006.0,1,0,FLOYD (115),ROME
2018,10263,Georgia,0,2,2,May,22,Tuesday,16,SR-7,State Highway,Urban,Principal Arterial - Other,State Highway Agency,80.0,31.43951667,-83.50490833,Motor Vehicle In-Transport,Front-to-Front,T-Intersection,On Roadway,,Daylight,Clear,0,0,2003.0,1,0,TIFT (277),NOT APPLICABLE
2018,10263,Georgia,0,2,2,May,22,Tuesday,16,SR-7,State Highway,Urban,Principal Arterial - Other,State Highway Agency,80.0,31.43951667,-83.50490833,Motor Vehicle In-Transport,Front-to-Front,T-Intersection,On Roadway,,Daylight,Clear,0,0,2007.0,0,0,TIFT (277),NOT APPLICABLE
2018,10264,Georgia,0,2,3,May,23,Wednesday,17,SR-121,State Highway,Rural,Principal Arterial - Other,State Highway Agency,206.0,33.2099,-82.04264722,Motor Vehicle In-Transport,Angle,Four-Way Intersection,On Roadway,,Daylight,Rain,0,0,2017.0,1,0,BURKE (33),NOT APPLICABLE
2018,10264,Georgia,0,2,3,May,23,Wednesday,17,SR-121,State Highway,Rural,Principal Arterial - Other,State Highway Agency,206.0,33.2099,-82.04264722,Motor Vehicle In-Transport,Angle,Four-Way Intersection,On Roadway,,Daylight,Rain,0,0,2011.0,0,0,BURKE (33),NOT APPLICABLE
2018,10264,Georgia,0,2,3,May,23,Wednesday,17,SR-121,State Highway,Rural,Principal Arterial - Other,State Highway Agency,206.0,33.2099,-82.04264722,Motor Vehicle In-Transport,Angle,Four-Way Intersection,On Roadway,,Daylight,Rain,0,0,2012.0,0,0,BURKE (33),NOT APPLICABLE
2018,10265,Georgia,0,2,2,May,23,Wednesday,24,CR-SIX FLAGS ROAD,County Road,Urban,Minor Arterial,County Highway Agency,3.0,33.75553056,-84.58515556,Motor Vehicle In-Transport,Angle,Not an Intersection,On Roadway,,Dark - Not Lighted,Rain,0,0,2009.0,1,0,COBB (67),NOT APPLICABLE
2018,10266,Georgia,0,2,2,May,23,Wednesday,9,SR-106,State Highway,Rural,Minor Arterial,State Highway Agency,18.0,34.04886389,-83.32212222,Motor Vehicle In-Transport,Sideswipe - Opposite Direction,Not an Intersection,On Roadway,,Daylight,Rain,0,0,2008.0,1,0,MADISON (195),NOT APPLICABLE
2018,10267,Georgia,0,1,1,May,24,Thursday,3,SR-13,State Highway,Urban,Principal Arterial - Other,State Highway Agency,3.0,34.13111944,-83.97872778,Curb,Not a Collision with Motor Vehicle In-Transport,Not an Intersection,On Roadside,,Dark - Not Lighted,Clear,0,0,2005.0,1,0,GWINNETT (135),NOT APPLICABLE
2018,10267,Georgia,0,1,1,May,24,Thursday,3,SR-13,State Highway,Urban,Principal Arterial - Other,State Highway Agency,3.0,34.13111944,-83.97872778,Curb,Not a Collision with Motor Vehicle In-Transport,Not an Intersection,On Roadside,,Dark - Not Lighted,Clear,0,0,2014.0,0,0,GWINNETT (135),NOT APPLICABLE
2018,10268,Georgia,0,2,5,May,24,Thursday,10,I-20,Interstate,Rural,Interstate,State Highway Agency,99.0,33.50921111,-82.42803611,Motor Vehicle In-Transport,Front-to-Rear,Not an Intersection,On Roadway,,Daylight,Cloudy,0,0,2004.0,1,1,MCDUFFIE (189),NOT APPLICABLE
2018,10268,Georgia,0,2,5,May,24,Thursday,10,I-20,Interstate,Rural,Interstate,State Highway Agency,99.0,33.50921111,-82.42803611,Motor Vehicle In-Transport,Front-to-Rear,Not an Intersection,On Roadway,,Daylight,Cloudy,0,0,2006.0,0,0,MCDUFFIE (189),NOT APPLICABLE
2018,10269,Georgia,0,1,1,May,24,Thursday,20,N LANIER ST,Local Street - Municipality,Urban,Local,City or Municipal Highway Agency,8.0,32.20656111,-82.32081389,Rollover/Overturn,Not a Collision with Motor Vehicle In-Transport,Four-Way Intersection,On Roadway,,Dusk,Cloudy,0,0,2011.0,1,0,TOOMBS (279),LYONS
2018,10270,Georgia,0,2,3,May,25,Friday,17,SR-520,State Highway,Rural,Principal Arterial - Other,State Highway Agency,214.0,31.22245556,-81.84793611,Motor Vehicle In-Transport,Angle,Four-Way Intersection,On Roadway,,Daylight,Clear,0,0,2008.0,1,0,BRANTLEY (25),NOT APPLICABLE
2018,10271,Georgia,0,2,2,May,25,Friday,3,I-16,Interstate,Urban,Interstate,State Highway Agency,101.0,32.07035833,-81.20630833,Motor Vehicle In-Transport,Angle,Not an Intersection,On Roadway,,Dark - Not Lighted,Cloudy,0,1,2006.0,0,0,CHATHAM (51),SAVANNAH
2018,10271,Georgia,0,2,2,May,25,Friday,3,I-16,Interstate,Urban,Interstate,State Highway Agency,101.0,32.07035833,-81.20630833,Motor Vehicle In-Transport,Angle,Not an Intersection,On Roadway,,Dark - Not Lighted,Cloudy,0,0,2015.0,1,0,CHATHAM (51),SAVANNAH
2018,10272,Georgia,0,2,2,May,25,Friday,9,BALL GROUND ROAD,Local Street - Municipality,Rural,Minor Arterial,City or Municipal Highway Agency,83.0,34.28871667,-84.30590833,Motor Vehicle In-Transport,Sideswipe - Same Direction,Not an Intersection,On Roadway,,Daylight,Clear,0,0,2005.0,1,1,CHEROKEE (57),BALL GROUND
2018,10273,Georgia,0,2,2,May,25,Friday,13,SR-37,State Highway,Rural,Principal Arterial - Other,State Highway Agency,126.0,31.60123333,-84.846975,Motor Vehicle In-Transport,Angle,Four-Way Intersection,On Roadway,,Daylight,Clear,0,0,2002.0,1,1,CLAY (61),NOT APPLICABLE
2018,10273,Georgia,0,2,2,May,25,Friday,13,SR-37,State Highway,Rural,Principal Arterial - Other,State Highway Agency,126.0,31.60123333,-84.846975,Motor Vehicle In-Transport,Angle,Four-Way Intersection,On Roadway,,Daylight,Clear,0,0,2018.0,0,0,CLAY (61),NOT APPLICABLE
2018,10274,Georgia,1,1,1,May,25,Friday,22,SR-42,State Highway,Urban,Principal Arterial - Other,State Highway Agency,8.0,33.70114167,-84.34954444,Pedestrian,Not a Collision with Motor Vehicle In-Transport,Not an Intersection,On Roadway,,Dark - Lighted,Rain,0,0,2000.0,1,0,DEKALB (89),NOT APPLICABLE
2018,10275,Georgia,0,1,1,May,25,Friday,24,I-285,Interstate,Urban,Principal Arterial - Freeways,State Highway Agency,193.0,33.71048333,-84.2451,Tree (Standing Only),Not a Collision with Motor Vehicle In-Transport,Not an Intersection,Gore,,Dark - Not Lighted,Cloudy,0,0,2009.0,0,0,DEKALB (89),NOT APPLICABLE
2018,10275,Georgia,0,1,1,May,25,Friday,24,I-285,Interstate,Urban,Principal Arterial - Freeways,State Highway Agency,193.0,33.71048333,-84.2451,Tree (Standing Only),Not a Collision with Motor Vehicle In-Transport,Not an Intersection,Gore,,Dark - Not Lighted,Cloudy,0,0,2002.0,1,1,DEKALB (89),NOT APPLICABLE
2018,10276,Georgia,0,1,1,May,25,Friday,15,CR-OLD JESUP ROAD,County Road,Rural,Local,County Highway Agency,45.0,31.345125,-81.60526389,Tree (Standing Only),Not a Collision with Motor Vehicle In-Transport,Not an Intersection,On Roadside,,Daylight,Clear,0,0,2017.0,0,1,GLYNN (127),NOT APPLICABLE
2018,10276,Georgia,0,1,1,May,25,Friday,15,CR-OLD JESUP ROAD,County Road,Rural,Local,County Highway Agency,45.0,31.345125,-81.60526389,Tree (Standing Only),Not a Collision with Motor Vehicle In-Transport,Not an Intersection,On Roadside,,Daylight,Clear,0,0,2007.0,1,0,GLYNN (127),NOT APPLICABLE
2018,10277,Georgia,0,2,4,May,25,Friday,18,CR-OGLETHORPE ROAD,County Road,Rural,Minor Collector,County Highway Agency,0.0,31.68308333,-81.91892222,Motor Vehicle In-Transport,Front-to-Front,Not an Intersection,On Roadway,,Daylight,Cloudy,0,0,2017.0,1,0,WAYNE (305),NOT APPLICABLE
2018,10277,Georgia,0,2,4,May,25,Friday,18,CR-OGLETHORPE ROAD,County Road,Rural,Minor Collector,County Highway Agency,0.0,31.68308333,-81.91892222,Motor Vehicle In-Transport,Front-to-Front,Not an Intersection,On Roadway,,Daylight,Cloudy,0,0,2005.0,0,0,WAYNE (305),NOT APPLICABLE
2018,10278,Georgia,0,2,5,May,26,Saturday,22,HOUSTON AVENUE,Local Street - Municipality,Urban,Minor Arterial,City or Municipal Highway Agency,36.0,32.81952222,-83.63957778,Motor Vehicle In-Transport,Front-to-Front,Four-Way Intersection,On Roadway,,Dark - Not Lighted,Cloudy,0,0,2004.0,0,0,BIBB (21),MACON
2018,10279,Georgia,0,1,2,May,26,Saturday,23,CR-HIRAM LITHIA SPRINGS ROAD,County Road,Urban,Local,County Highway Agency,6.0,33.86105556,-84.71980278,Tree (Standing Only),Not a Collision with Motor Vehicle In-Transport,Not an Intersection,On Roadside,,Dark - Not Lighted,Clear,0,0,2004.0,1,0,COBB (67),NOT APPLICABLE
2018,10279,Georgia,0,1,2,May,26,Saturday,23,CR-HIRAM LITHIA SPRINGS ROAD,County Road,Urban,Local,County Highway Agency,6.0,33.86105556,-84.71980278,Tree (Standing Only),Not a Collision with Motor Vehicle In-Transport,Not an Intersection,On Roadside,,Dark - Not Lighted,Clear,0,0,2001.0,0,0,COBB (67),NOT APPLICABLE
2018,10280,Georgia,0,2,3,May,26,Saturday,10,SR-20,State Highway,Urban,Principal Arterial - Other,State Highway Agency,99.0,34.18239444,-84.13709722,Motor Vehicle In-Transport,Front-to-Front,T-Intersection,On Roadway,,Daylight,Clear,0,0,1997.0,0,1,FORSYTH (117),NOT APPLICABLE
2018,10281,Georgia,0,2,2,May,27,Sunday,10,CR-BELLS FERRY ROAD,County Road,Urban,Minor Arterial,County Highway Agency,27.0,34.11182222,-84.58174444,Motor Vehicle In-Transport,Angle,Four-Way Intersection,On Roadway,,Daylight,Cloudy,0,0,2005.0,1,0,CHEROKEE (57),NOT APPLICABLE
2018,10282,Georgia,1,1,4,May,27,Sunday,11,I-85,Interstate,Urban,Interstate,State Highway Agency,188.0,33.67588889,-84.41320556,Pedestrian,Not a Collision with Motor Vehicle In-Transport,Not an Intersection,On Roadway,,Daylight,Clear,0,0,2006.0,1,0,FULTON (121),NOT APPLICABLE
2018,10283,Georgia,0,1,1,May,28,Monday,15,CR-JOHN CARTER ROAD,County Road,Rural,Major Collector,County Highway Agency,1.0,32.08794722,-81.35549722,Rollover/Overturn,Not a Collision with Motor Vehicle In-Transport,Not an Intersection,On Roadside,,Daylight,Cloudy,0,0,2017.0,1,1,CHATHAM (51),NOT APPLICABLE
2018,10284,Georgia,1,1,1,May,28,Monday,17,DONALD LEE HOLLOWELL PARKWAY,Local Street - Municipality,Urban,Principal Arterial - Other,City or Municipal Highway Agency,25.0,33.77595556,-84.47302778,Pedestrian,Not a Collision with Motor Vehicle In-Transport,T-Intersection,On Roadway,,Daylight,Cloudy,0,0,2008.0,1,0,FULTON (121),ATLANTA
2018,10284,Georgia,1,1,1,May,28,Monday,17,DONALD LEE HOLLOWELL PARKWAY,Local Street - Municipality,Urban,Principal Arterial - Other,City or Municipal Highway Agency,25.0,33.77595556,-84.47302778,Pedestrian,Not a Collision with Motor Vehicle In-Transport,T-Intersection,On Roadway,,Daylight,Cloudy,0,0,2005.0,0,0,FULTON (121),ATLANTA
2018,10285,Georgia,1,1,1,May,28,Monday,2,MACON ROAD,Local Street - Municipality,Urban,Principal Arterial - Other,City or Municipal Highway Agency,187.0,32.54596389,-84.72252222,Pedestrian,Not a Collision with Motor Vehicle In-Transport,Not an Intersection,On Roadway,,Dark - Not Lighted,Rain,0,0,2015.0,1,0,MUSCOGEE (215),COLUMBUS
2018,10285,Georgia,1,1,1,May,28,Monday,2,MACON ROAD,Local Street - Municipality,Urban,Principal Arterial - Other,City or Municipal Highway Agency,187.0,32.54596389,-84.72252222,Pedestrian,Not a Collision with Motor Vehicle In-Transport,Not an Intersection,On Roadway,,Dark - Not Lighted,Rain,0,0,2010.0,0,0,MUSCOGEE (215),COLUMBUS
2018,10286,Georgia,0,2,3,May,29,Tuesday,9,I-85 RAMP,Interstate,Rural,Interstate,State Highway Agency,49.0,34.29670556,-83.40811944,Motor Vehicle In-Transport,Front-to-Rear,Not an Intersection,On Roadway,,Daylight,Rain,0,0,2009.0,1,0,BANKS (11),NOT APPLICABLE
2018,10286,Georgia,0,2,3,May,29,Tuesday,9,I-85 RAMP,Interstate,Rural,Interstate,State Highway Agency,49.0,34.29670556,-83.40811944,Motor Vehicle In-Transport,Front-to-Rear,Not an Intersection,On Roadway,,Daylight,Rain,0,0,2004.0,0,0,BANKS (11),NOT APPLICABLE
2018,10287,Georgia,0,1,1,May,29,Tuesday,10,SR-20,State Highway,Urban,Principal Arterial - Other,State Highway Agency,80.0,34.222225,-84.90855,Tree (Standing Only),Not a Collision with Motor Vehicle In-Transport,Not an Intersection,On Roadside,,Daylight,Rain,0,0,2005.0,1,0,BARTOW (15),NOT APPLICABLE
2018,10288,Georgia,0,4,5,May,29,Tuesday,11,SR-49,State Highway,Rural,Local,State Highway Agency,4.0,32.41759167,-84.01929722,Motor Vehicle In-Transport,Front-to-Front,Not an Intersection,On Roadway,,Daylight,Cloudy,0,0,2003.0,1,1,MACON (193),NOT APPLICABLE
2018,10289,Georgia,3,4,4,May,30,Wednesday,5,CR-UNIVERSITY PARKWAY,County Road,Urban,Principal Arterial - Other,County Highway Agency,108.0,33.95595833,-83.65589167,Motor Vehicle In-Transport,Front-to-Rear,Four-Way Intersection,On Roadway,,Dark - Not Lighted,Cloudy,0,0,2013.0,1,1,BARROW (13),NOT APPLICABLE
2018,10290,Georgia,0,2,3,May,30,Wednesday,15,SR-13,State Highway,Urban,Minor Arterial,State Highway Agency,94.0,34.10806111,-84.00115,Motor Vehicle In-Transport,Angle,Four-Way Intersection,On Roadway,,Daylight,Cloudy,0,0,2018.0,1,0,GWINNETT (135),NOT APPLICABLE
2018,10291,Georgia,1,1,2,May,31,Thursday,11,SR-211,State Highway,Rural,Minor Arterial,State Highway Agency,190.0,34.06358056,-83.78355556,Pedalcyclist,Not a Collision with Motor Vehicle In-Transport,Not an Intersection,On Roadway,,Daylight,Cloudy,0,0,2001.0,1,0,BARROW (13),NOT APPLICABLE
2018,10291,Georgia,1,1,2,May,31,Thursday,11,SR-211,State Highway,Rural,Minor Arterial,State Highway Agency,190.0,34.06358056,-83.78355556,Pedalcyclist,Not a Collision with Motor Vehicle In-Transport,Not an Intersection,On Roadway,,Daylight,Cloudy,0,0,2005.0,0,0,BARROW (13),NOT APPLICABLE
2018,10292,Georgia,0,2,3,May,31,Thursday,14,SR-10,State Highway,Urban,Principal Arterial - Other,State Highway Agency,35.0,33.94670556,-83.44934722,Guardrail Face,Not a Collision with Motor Vehicle In-Transport,Not an Intersection,On Roadside,Construction,Daylight,Clear,0,0,1986.0,1,0,CLARKE (59),ATHENS
2018,10292,Georgia,0,2,3,May,31,Thursday,14,SR-10,State Highway,Urban,Principal Arterial - Other,State Highway Agency,35.0,33.94670556,-83.44934722,Guardrail Face,Not a Collision with Motor Vehicle In-Transport,Not an Intersection,On Roadside,Construction,Daylight,Clear,0,0,1995.0,0,0,CLARKE (59),ATHENS
2018,10293,Georgia,2,1,1,May,7,Monday,22,SPRINGDALE RD,Local Street - Municipality,Urban,Local,City or Municipal Highway Agency,12.0,33.61523611,-84.37383056,Pedestrian,Not a Collision with Motor Vehicle In-Transport,Not an Intersection,On Roadway,,Dark - Lighted,Clear,0,0,2008.0,1,0,CLAYTON (63),FOREST PARK
2018,10293,Georgia,2,1,1,May,7,Monday,22,SPRINGDALE RD,Local Street - Municipality,Urban,Local,City or Municipal Highway Agency,12.0,33.61523611,-84.37383056,Pedestrian,Not a Collision with Motor Vehicle In-Transport,Not an Intersection,On Roadway,,Dark - Lighted,Clear,0,0,2015.0,0,0,CLAYTON (63),FOREST PARK
2018,10293,Georgia,2,1,1,May,7,Monday,22,SPRINGDALE RD,Local Street - Municipality,Urban,Local,City or Municipal Highway Agency,12.0,33.61523611,-84.37383056,Pedestrian,Not a Collision with Motor Vehicle In-Transport,Not an Intersection,On Roadway,,Dark - Lighted,Clear,0,0,2015.0,0,0,CLAYTON (63),FOREST PARK
2018,10294,Georgia,0,1,2,June,1,Friday,11,CR-200 BROW RD,County Road,Rural,Major Collector,County Highway Agency,41.0,34.92511111,-85.52819444,Tree (Standing Only),Not a Collision with Motor Vehicle In-Transport,Not an Intersection,On Roadside,,Daylight,Cloudy,0,0,2007.0,1,0,DADE (83),NOT APPLICABLE
2018,10295,Georgia,0,1,1,June,1,Friday,12,SR-83,State Highway,Rural,Minor Arterial,State Highway Agency,197.0,33.36886111,-83.62146389,Embankment,Not a Collision with Motor Vehicle In-Transport,Not an Intersection,On Roadside,,Daylight,Clear,0,0,2017.0,0,0,JASPER (159),NOT APPLICABLE
2018,10295,Georgia,0,1,1,June,1,Friday,12,SR-83,State Highway,Rural,Minor Arterial,State Highway Agency,197.0,33.36886111,-83.62146389,Embankment,Not a Collision with Motor Vehicle In-Transport,Not an Intersection,On Roadside,,Daylight,Clear,0,0,2002.0,1,1,JASPER (159),NOT APPLICABLE
2018,10296,Georgia,0,1,2,June,1,Friday,20,SR-22,State Highway,Rural,Major Collector,State Highway Agency,182.0,33.67888333,-82.93018056,Rollover/Overturn,Not a Collision with Motor Vehicle In-Transport,Not an Intersection,On Roadside,,Daylight,Rain,0,0,2007.0,1,1,TALIAFERRO (265),NOT APPLICABLE