YEAR,ST_CASE,STATENAME,NUM_PEDS,NUM_VEHC,PERSONS,MONTHNAME,DAYNAME,DAY_WEEKNAME,HOUR,ROAD_NAME,ROUTENAME,RUR_URBNAME,FUNC_SYSNAME,RD_OWNERNAME,MILE_MARKER,LATITUDE,LONGITUD,HARM_EVNAME,COLLISION_TYPE,TYP_INTNAME,REL_ROADNAME,WRK_ZONENAME,LGT_CONDNAME,WEATHERNAME,SCH_BUS,HIT_RUN,MOD_YEAR,DEATHS,DR_DRINK,COUNTYNAME,CITYNAME
2018,10296,Georgia,0,1,2,June,1,Friday,20,SR-22,State Highway,Rural,Major Collector,State Highway Agency,182.0,33.67888333,-82.93018056,Rollover/Overturn,Not a Collision with Motor Vehicle In-Transport,Not an Intersection,On Roadside,,Daylight,Rain,0,0,2015.0,0,0,TALIAFERRO (265),NOT APPLICABLE
2018,10297,Georgia,0,2,5,June,2,Saturday,20,US-29 SR-316,U.S. Highway,Urban,Principal Arterial - Other,State Highway Agency,149.0,33.97337778,-83.86109444,Motor Vehicle In-Transport,Front-to-Rear,Not an Intersection,On Roadway,,Daylight,Clear,0,0,2004.0,1,0,GWINNETT (135),NOT APPLICABLE
2018,10297,Georgia,0,2,5,June,2,Saturday,20,US-29 SR-316,U.S. Highway,Urban,Principal Arterial - Other,State Highway Agency,149.0,33.97337778,-83.86109444,Motor Vehicle In-Transport,Front-to-Rear,Not an Intersection,On Roadway,,Daylight,Clear,0,0,2015.0,0,0,GWINNETT (135),NOT APPLICABLE
2018,10298,Georgia,0,2,3,June,2,Saturday,24,US-1 GORDON HWY,U.S. Highway,Urban,Principal Arterial - Other,State Highway Agency,153.0,33.442375,-81.98101667,Guardrail Face,Not a Collision with Motor Vehicle In-Transport,Not an Intersection,On Roadside,,Dark - Not Lighted,Clear,0,0,2002.0,1,0,RICHMOND (245),AUGUSTA
2018,10299,Georgia,0,1,1,June,2,Saturday,1,US-29 SR-14,U.S. Highway,Urban,Minor Arterial,State Highway Agency,99.0,32.99473611,-85.12595556,Tree (Standing Only),Not a Collision with Motor Vehicle In-Transport,Not an Intersection,On Roadside,,Dark - Not Lighted,Cloudy,0,0,1997.0,2,1,TROUP (285),LA GRANGE
2018,10299,Georgia,0,1,1,June,2,Saturday,1,US-29 SR-14,U.S. Highway,Urban,Minor Arterial,State Highway Agency,99.0,32.99473611,-85.12595556,Tree (Standing Only),Not a Collision with Motor Vehicle In-Transport,Not an Intersection,On Roadside,,Dark - Not Lighted,Cloudy,0,0,2007.0,1,1,TROUP (285),LA GRANGE
2018,10300,Georgia,0,2,3,June,3,Sunday,7,CR-611 LAKE HARBIN RD,County Road,Urban,Local,County Highway Agency,4.0,33.58301389,-84.31298333,Motor Vehicle In-Transport,Angle,Four-Way Intersection,On Roadway,,Daylight,Clear,0,0,2011.0,1,0,CLAYTON (63),NOT APPLICABLE
2018,10300,Georgia,0,2,3,June,3,Sunday,7,CR-611 LAKE HARBIN RD,County Road,Urban,Local,County Highway Agency,4.0,33.58301389,-84.31298333,Motor Vehicle In-Transport,Angle,Four-Way Intersection,On Roadway,,Daylight,Clear,0,0,2017.0,0,0,CLAYTON (63),NOT APPLICABLE
2018,10301,Georgia,1,1,1,June,3,Sunday,23,CR-5189 ROCKBRIDGE RD,County Road,Urban,Minor Arterial,County Highway Agency,51.0,33.78667778,-84.15841944,Pedestrian,Not a Collision with Motor Vehicle In-Transport,Not an Intersection,On Roadway,,Dark - Not Lighted,Clear,0,0,2006.0,1,0,DEKALB (89),NOT APPLICABLE
2018,10302,Georgia,0,1,2,June,3,Sunday,22,I-85,Interstate,Urban,Interstate,State Highway Agency,192.0,33.68426944,-84.40791111,Guardrail Face,Not a Collision with Motor Vehicle In-Transport,Not an Intersection,On Median,,Dark - Lighted,Cloudy,0,0,2017.0,0,0,FULTON (121),ATLANTA
2018,10303,Georgia,0,2,2,June,3,Sunday,7,SR-172,State Highway,Rural,Major Collector,State Highway Agency,45.0,34.28196111,-82.96041111,Motor Vehicle In-Transport,Angle,Four-Way Intersection,On Roadway,,Daylight,Clear,0,0,2007.0,1,1,HART (147),NOT APPLICABLE
2018,10304,Georgia,0,1,1,June,3,Sunday,10,CR-196 PERKINS GREENFORK RD,County Road,Rural,Major Collector,County Highway Agency,64.0,32.90786111,-81.85507222,Ditch,Not a Collision with Motor Vehicle In-Transport,Not an Intersection,On Roadside,,Daylight,Clear,0,0,2016.0,1,0,JENKINS (165),NOT APPLICABLE
2018,10305,Georgia,0,1,1,June,3,Sunday,9,CR-264 JOHNSON RD,County Road,Urban,Major Collector,County Highway Agency,0.0,34.91874722,-85.31154167,Embankment,Not a Collision with Motor Vehicle In-Transport,T-Intersection,On Roadside,,Daylight,Clear,0,0,2009.0,1,1,WALKER (295),NOT APPLICABLE
2018,10306,Georgia,0,2,2,June,4,Monday,15,CR-225 ROSEMARY CHURCH RD,County Road,Rural,Major Collector,County Highway Agency,76.0,32.47233889,-82.0333,Motor Vehicle In-Transport,Angle,Not an Intersection,On Roadway,,Daylight,Clear,0,0,2016.0,1,0,CANDLER (43),NOT APPLICABLE
2018,10307,Georgia,1,1,2,June,5,Tuesday,22,SR-204 ABERCORN ST,State Highway,Urban,Principal Arterial - Other,State Highway Agency,167.0,31.98084167,-81.14578056,Pedestrian,Not a Collision with Motor Vehicle In-Transport,Not an Intersection,On Roadway,,Dark - Lighted,Clear,0,0,2006.0,1,0,CHATHAM (51),SAVANNAH
2018,10307,Georgia,1,1,2,June,5,Tuesday,22,SR-204 ABERCORN ST,State Highway,Urban,Principal Arterial - Other,State Highway Agency,167.0,31.98084167,-81.14578056,Pedestrian,Not a Collision with Motor Vehicle In-Transport,Not an Intersection,On Roadway,,Dark - Lighted,Clear,0,0,1999.0,0,0,CHATHAM (51),SAVANNAH
2018,10308,Georgia,0,2,5,June,5,Tuesday,15,SR-234 GILLIONVILLE RD,State Highway,Urban,Minor Arterial,State Highway Agency,143.0,31.58573889,-84.21944722,Motor Vehicle In-Transport,Angle,Four-Way Intersection,On Roadway,,Daylight,Clear,0,0,2012.0,3,0,DOUGHERTY (95),ALBANY
2018,10309,Georgia,1,2,2,June,5,Tuesday,1,I-75,Interstate,Urban,Interstate,State Highway Agency,67.0,33.74185,-84.392,Pedestrian,Not a Collision with Motor Vehicle In-Transport,Not an Intersection,On Roadway,,Dark - Lighted,Clear,0,0,2014.0,2,0,FULTON (121),ATLANTA
2018,10309,Georgia,1,2,2,June,5,Tuesday,1,I-75,Interstate,Urban,Interstate,State Highway Agency,67.0,33.74185,-84.392,Pedestrian,Not a Collision with Motor Vehicle In-Transport,Not an Intersection,On Roadway,,Dark - Lighted,Clear,0,0,2017.0,0,0,FULTON (121),ATLANTA
2018,10312,Georgia,1,1,1,June,6,Wednesday,24,US-19 LIBERTY EXPY RAMP,U.S. Highway,Urban,Principal Arterial - Freeways,State Highway Agency,37.0,31.61521944,-84.17339444,Pedestrian,Not a Collision with Motor Vehicle In-Transport,Not an Intersection,On Roadway,,Dark - Not Lighted,Clear,0,0,2006.0,1,0,DOUGHERTY (95),ALBANY
2018,10313,Georgia,1,2,1,June,6,Wednesday,5,US-84 SR-38,U.S. Highway,Urban,Principal Arterial - Other,State Highway Agency,129.0,31.76369444,-81.65131111,Motor Vehicle In-Transport,Front-to-Rear,Not an Intersection,On Roadway,,Daylight,Clear,0,0,2007.0,0,0,LONG (183),NOT APPLICABLE
2018,10314,Georgia,0,2,2,June,7,Thursday,7,CR-145 RIVER RD,County Road,Urban,Minor Arterial,County Highway Agency,25.0,33.67405833,-84.26584722,Motor Vehicle In-Transport,Angle,T-Intersection,On Roadway,,Daylight,Clear,0,0,2006.0,1,1,DEKALB (89),NOT APPLICABLE
2018,10315,Georgia,0,1,1,June,7,Thursday,5,US-129 SR-11,U.S. Highway,Urban,Principal Arterial - Other,State Highway Agency,130.0,34.1703,-83.67916111,"Road Ruts, Potholes, or Grates",Not a Collision with Motor Vehicle In-Transport,Not an Intersection,On Roadway,Construction,Dark - Not Lighted,Clear,0,0,2008.0,1,0,JACKSON (157),NOT APPLICABLE
2018,10316,Georgia,1,1,2,June,7,Thursday,24,SR-22SP BUENA VISTA RD,State Highway,Urban,Principal Arterial - Other,State Highway Agency,8.0,32.46799444,-84.973125,Pedestrian,Not a Collision with Motor Vehicle In-Transport,Not an Intersection,On Roadway,,Dark - Lighted,Clear,0,0,1997.0,1,0,MUSCOGEE (215),COLUMBUS
2018,10317,Georgia,0,1,1,June,7,Thursday,23,SR-28,State Highway,Rural,Major Collector,State Highway Agency,71.0,34.99240556,-83.19352778,Other Fixed Object,Not a Collision with Motor Vehicle In-Transport,Not an Intersection,On Roadside,,Dark - Not Lighted,Clear,0,0,2007.0,0,0,RABUN (241),NOT APPLICABLE
2018,10318,Georgia,0,2,4,June,7,Thursday,8,US-301 SR-73,U.S. Highway,Rural,Minor Arterial,State Highway Agency,46.0,32.00322778,-81.91678889,Motor Vehicle In-Transport,Other,Not an Intersection,On Roadway,,Daylight,Clear,0,0,1998.0,0,0,TATTNALL (267),NOT APPLICABLE
2018,10318,Georgia,0,2,4,June,7,Thursday,8,US-301 SR-73,U.S. Highway,Rural,Minor Arterial,State Highway Agency,46.0,32.00322778,-81.91678889,Motor Vehicle In-Transport,Other,Not an Intersection,On Roadway,,Daylight,Clear,0,0,2004.0,1,0,TATTNALL (267),NOT APPLICABLE
2018,10319,Georgia,0,2,6,June,7,Thursday,11,SR-219,State Highway,Rural,Major Collector,State Highway Agency,178.0,33.1059,-85.07521944,Motor Vehicle In-Transport,Angle,Four-Way Intersection,On Roadway,,Daylight,Clear,0,0,2006.0,1,1,TROUP (285),NOT APPLICABLE
2018,10320,Georgia,0,2,2,June,8,Friday,6,US-41 SR-3,U.S. Highway,Urban,Minor Arterial,State Highway Agency,264.0,34.37698056,-84.93258889,Motor Vehicle In-Transport,Angle,Four-Way Intersection,On Roadway,,Daylight,Clear,0,0,2016.0,1,0,BARTOW (15),ADAIRSVILLE
2018,10321,Georgia,0,2,3,June,8,Friday,18,SR-168,State Highway,Rural,Major Collector,State Highway Agency,59.0,31.186025,-83.15499444,Motor Vehicle In-Transport,Angle,T-Intersection,On Roadway,,Daylight,Clear,0,0,2017.0,1,1,BERRIEN (19),NOT APPLICABLE
2018,10322,Georgia,0,2,4,June,8,Friday,16,SR-33 SR-133,State Highway,Urban,Minor Arterial,State Highway Agency,130.0,31.21638056,-83.78583889,Motor Vehicle In-Transport,Angle,Not an Intersection,On Roadway,,Daylight,Clear,0,0,1997.0,2,1,COLQUITT (71),NOT APPLICABLE
2018,10323,Georgia,0,1,1,June,8,Friday,24,I-20,Interstate,Urban,Interstate,State Highway Agency,101.0,33.73290278,-84.73744444,Rollover/Overturn,Not a Collision with Motor Vehicle In-Transport,Not an Intersection,On Roadway,,Dark - Lighted,Cloudy,0,0,2011.0,1,1,DOUGLAS (97),DOUGLASVILLE
2018,10324,Georgia,0,2,5,June,8,Friday,18,SR-5,State Highway,Rural,Principal Arterial - Other,State Highway Agency,49.0,33.65536944,-84.81936944,Motor Vehicle In-Transport,Front-to-Front,Not an Intersection,On Roadway,,Daylight,Clear,0,0,2004.0,1,0,DOUGLAS (97),NOT APPLICABLE
2018,10325,Georgia,0,2,2,June,8,Friday,10,US-278 SR-12,U.S. Highway,Rural,Minor Arterial,State Highway Agency,102.0,33.57623333,-83.19533333,Motor Vehicle In-Transport,Angle,Four-Way Intersection,On Roadway,,Daylight,Cloudy,0,0,2001.0,2,0,GREENE (133),GREENSBORO
2018,10326,Georgia,0,1,1,June,8,Friday,13,CR-336 OLD RIVER RD,County Road,Rural,Major Collector,County Highway Agency,27.0,31.98401944,-82.43551667,Rollover/Overturn,Not a Collision with Motor Vehicle In-Transport,Not an Intersection,On Roadway,,Daylight,Clear,0,0,2002.0,1,0,TOOMBS (279),NOT APPLICABLE
2018,10326,Georgia,0,1,1,June,8,Friday,13,CR-336 OLD RIVER RD,County Road,Rural,Major Collector,County Highway Agency,27.0,31.98401944,-82.43551667,Rollover/Overturn,Not a Collision with Motor Vehicle In-Transport,Not an Intersection,On Roadway,,Daylight,Clear,0,0,2017.0,0,0,TOOMBS (279),NOT APPLICABLE
2018,10327,Georgia,0,3,10,June,8,Friday,20,SR-23 SR-38,State Highway,Urban,Principal Arterial - Other,State Highway Agency,204.0,31.63280833,-81.86353333,Motor Vehicle In-Transport,Angle,Four-Way Intersection,On Roadway,,Dusk,Clear,0,0,1997.0,1,0,WAYNE (305),JESUP
2018,10328,Georgia,1,1,1,June,9,Saturday,23,SR-53,State Highway,Urban,Principal Arterial - Other,State Highway Agency,176.0,34.34005,-84.0227,Pedestrian,Not a Collision with Motor Vehicle In-Transport,Not an Intersection,On Roadway,,Dark - Not Lighted,Cloudy,0,1,2006.0,0,0,DAWSON (85),NOT APPLICABLE
2018,10329,Georgia,0,2,2,June,9,Saturday,19,SR-9,State Highway,Urban,Principal Arterial - Other,State Highway Agency,76.0,33.99356111,-84.35137778,Motor Vehicle In-Transport,Angle,Not an Intersection,On Roadway,,Daylight,Rain,0,0,2001.0,1,0,FULTON (121),SANDY SPRINGS
2018,10329,Georgia,0,2,2,June,9,Saturday,19,SR-9,State Highway,Urban,Principal Arterial - Other,State Highway Agency,76.0,33.99356111,-84.35137778,Motor Vehicle In-Transport,Angle,Not an Intersection,On Roadway,,Daylight,Rain,0,0,2013.0,0,0,FULTON (121),SANDY SPRINGS
2018,10330,Georgia,1,2,1,June,9,Saturday,4,I-85,Interstate,Urban,Interstate,State Highway Agency,165.0,33.65903889,-84.43160833,Motor Vehicle In-Transport,Front-to-Rear,Not an Intersection,On Roadway,,Dark - Not Lighted,Clear,0,0,2016.0,1,0,FULTON (121),ATLANTA
2018,10330,Georgia,1,2,1,June,9,Saturday,4,I-85,Interstate,Urban,Interstate,State Highway Agency,165.0,33.65903889,-84.43160833,Motor Vehicle In-Transport,Front-to-Rear,Not an Intersection,On Roadway,,Dark - Not Lighted,Clear,0,0,2016.0,0,0,FULTON (121),ATLANTA
2018,10330,Georgia,1,2,1,June,9,Saturday,4,I-85,Interstate,Urban,Interstate,State Highway Agency,165.0,33.65903889,-84.43160833,Motor Vehicle In-Transport,Front-to-Rear,Not an Intersection,On Roadway,,Dark - Not Lighted,Clear,0,0,2014.0,0,0,FULTON (121),ATLANTA
2018,10331,Georgia,0,1,1,June,9,Saturday,4,CR-586 OLD JESUP RD,County Road,Urban,Minor Arterial,County Highway Agency,4.0,31.22136389,-81.50289167,Tree (Standing Only),Not a Collision with Motor Vehicle In-Transport,Not an Intersection,On Roadside,,Dark - Not Lighted,Clear,0,0,1993.0,1,0,GLYNN (127),NOT APPLICABLE
2018,10332,Georgia,0,1,2,June,9,Saturday,12,SR-136,State Highway,Rural,Major Collector,State Highway Agency,25.0,34.59412222,-85.02473889,Embankment,Not a Collision with Motor Vehicle In-Transport,Not an Intersection,On Roadside,,Daylight,Clear,0,0,2003.0,1,1,GORDON (129),NOT APPLICABLE
2018,10333,Georgia,0,1,1,June,10,Sunday,21,SR-335,State Highway,Rural,Major Collector,State Highway Agency,55.0,34.11538889,-83.47861944,Tree (Standing Only),Not a Collision with Motor Vehicle In-Transport,Not an Intersection,On Roadside,,Dark - Not Lighted,Clear,0,0,2005.0,1,0,JACKSON (157),NOT APPLICABLE
2018,10333,Georgia,0,1,1,June,10,Sunday,21,SR-335,State Highway,Rural,Major Collector,State Highway Agency,55.0,34.11538889,-83.47861944,Tree (Standing Only),Not a Collision with Motor Vehicle In-Transport,Not an Intersection,On Roadside,,Dark - Not Lighted,Clear,0,0,2002.0,0,0,JACKSON (157),NOT APPLICABLE
2018,10333,Georgia,0,1,1,June,10,Sunday,21,SR-335,State Highway,Rural,Major Collector,State Highway Agency,55.0,34.11538889,-83.47861944,Tree (Standing Only),Not a Collision with Motor Vehicle In-Transport,Not an Intersection,On Roadside,,Dark - Not Lighted,Clear,0,0,2013.0,0,0,JACKSON (157),NOT APPLICABLE
2018,10333,Georgia,0,1,1,June,10,Sunday,21,SR-335,State Highway,Rural,Major Collector,State Highway Agency,55.0,34.11538889,-83.47861944,Tree (Standing Only),Not a Collision with Motor Vehicle In-Transport,Not an Intersection,On Roadside,,Dark - Not Lighted,Clear,0,0,2013.0,0,0,JACKSON (157),NOT APPLICABLE
2018,10333,Georgia,0,1,1,June,10,Sunday,21,SR-335,State Highway,Rural,Major Collector,State Highway Agency,55.0,34.11538889,-83.47861944,Tree (Standing Only),Not a Collision with Motor Vehicle In-Transport,Not an Intersection,On Roadside,,Dark - Not Lighted,Clear,0,0,2006.0,0,0,JACKSON (157),NOT APPLICABLE
2018,10334,Georgia,0,1,1,June,9,Saturday,10,CR-203 ALTAMAHA RD,County Road,Rural,Major Collector,County Highway Agency,33.0,31.89093333,-82.52988056,Tree (Standing Only),Not a Collision with Motor Vehicle In-Transport,Not an Intersection,On Roadside,,Daylight,Clear,0,0,2004.0,1,0,JEFF DAVIS (161),NOT APPLICABLE
2018,10335,Georgia,0,1,1,June,10,Sunday,20,CR-212 SPREAD OAK RD,County Road,Rural,Local,County Highway Agency,3.0,33.14213611,-82.04106944,Embankment,Not a Collision with Motor Vehicle In-Transport,Not an Intersection,On Roadside,,Dusk,Clear,0,0,2004.0,0,0,BURKE (33),NOT APPLICABLE
2018,10335,Georgia,0,1,1,June,10,Sunday,20,CR-212 SPREAD OAK RD,County Road,Rural,Local,County Highway Agency,3.0,33.14213611,-82.04106944,Embankment,Not a Collision with Motor Vehicle In-Transport,Not an Intersection,On Roadside,,Dusk,Clear,0,0,2010.0,1,0,BURKE (33),NOT APPLICABLE
2018,10336,Georgia,0,2,2,June,10,Sunday,17,SR-101,State Highway,Rural,Minor Arterial,State Highway Agency,62.0,33.79788056,-84.97194722,Motor Vehicle In-Transport,Angle,T-Intersection,On Roadway,,Daylight,Clear,0,0,1998.0,1,1,CARROLL (45),NOT APPLICABLE
2018,10337,Georgia,0,2,3,June,10,Sunday,14,CR-235 LENT STEPHENS RD,County Road,Urban,Local,County Highway Agency,4.0,32.25255556,-82.42570556,Motor Vehicle In-Transport,Front-to-Front,Not an Intersection,On Roadway,,Daylight,Clear,0,0,2004.0,0,0,TOOMBS (279),NOT APPLICABLE
2018,10337,Georgia,0,2,3,June,10,Sunday,14,CR-235 LENT STEPHENS RD,County Road,Urban,Local,County Highway Agency,4.0,32.25255556,-82.42570556,Motor Vehicle In-Transport,Front-to-Front,Not an Intersection,On Roadway,,Daylight,Clear,0,0,2015.0,2,0,TOOMBS (279),NOT APPLICABLE
2018,10338,Georgia,0,2,3,June,10,Sunday,18,FORREST AVE,Local Street - Municipality,Urban,Local,City or Municipal Highway Agency,2.0,33.01744722,-85.04585,Motor Vehicle In-Transport,Angle,Four-Way Intersection,On Roadway,,Daylight,Clear,0,0,2009.0,0,0,TROUP (285),LA GRANGE
2018,10338,Georgia,0,2,3,June,10,Sunday,18,FORREST AVE,Local Street - Municipality,Urban,Local,City or Municipal Highway Agency,2.0,33.01744722,-85.04585,Motor Vehicle In-Transport,Angle,Four-Way Intersection,On Roadway,,Daylight,Clear,0,0,2017.0,1,0,TROUP (285),LA GRANGE
2018,10339,Georgia,0,1,1,June,11,Monday,18,CR-233 LANGSTON CHAPEL RD,County Road,Urban,Minor Arterial,County Highway Agency,19.0,32.39359444,-81.76993056,Embankment,Not a Collision with Motor Vehicle In-Transport,Not an Intersection,On Roadside,,Daylight,Clear,0,0,2004.0,1,0,BULLOCH (31),NOT APPLICABLE
2018,10339,Georgia,0,1,1,June,11,Monday,18,CR-233 LANGSTON CHAPEL RD,County Road,Urban,Minor Arterial,County Highway Agency,19.0,32.39359444,-81.76993056,Embankment,Not a Collision with Motor Vehicle In-Transport,Not an Intersection,On Roadside,,Daylight,Clear,0,0,1994.0,0,0,BULLOCH (31),NOT APPLICABLE
2018,10340,Georgia,1,1,3,June,11,Monday,18,SR-212,State Highway,Urban,Minor Arterial,State Highway Agency,110.0,33.45446944,-83.8834,Pedestrian,Not a Collision with Motor Vehicle In-Transport,Not an Intersection,On Roadside,,Daylight,Rain,0,0,2014.0,1,0,NEWTON (217),NOT APPLICABLE
2018,10341,Georgia,0,1,1,June,11,Monday,3,CR-43 GROOVERVILLE RD,County Road,Rural,Minor Collector,County Highway Agency,14.0,30.76666111,-83.76925278,Utility Pole/Light Support,Not a Collision with Motor Vehicle In-Transport,Not an Intersection,On Roadside,,Dark - Not Lighted,Clear,0,0,2003.0,0,0,THOMAS (275),NOT APPLICABLE
2018,10341,Georgia,0,1,1,June,11,Monday,3,CR-43 GROOVERVILLE RD,County Road,Rural,Minor Collector,County Highway Agency,14.0,30.76666111,-83.76925278,Utility Pole/Light Support,Not a Collision with Motor Vehicle In-Transport,Not an Intersection,On Roadside,,Dark - Not Lighted,Clear,0,0,2018.0,1,0,THOMAS (275),NOT APPLICABLE
2018,10342,Georgia,0,1,2,June,13,Wednesday,15,I-95,Interstate,Urban,Interstate,State Highway Agency,62.0,32.05554167,-81.25516667,Traffic Sign Support,Not a Collision with Motor Vehicle In-Transport,Not an Intersection,On Roadside,,Daylight,Rain,0,0,1995.0,0,0,CHATHAM (51),POOLER
2018,10342,Georgia,0,1,2,June,13,Wednesday,15,I-95,Interstate,Urban,Interstate,State Highway Agency,62.0,32.05554167,-81.25516667,Traffic Sign Support,Not a Collision with Motor Vehicle In-Transport,Not an Intersection,On Roadside,,Daylight,Rain,0,0,2018.0,1,0,CHATHAM (51),POOLER
2018,10343,Georgia,0,2,2,June,13,Wednesday,9,CR-168 HALE CROSSING RD,County Road,Rural,Local,County Highway Agency,20.0,34.29050833,-83.18485278,Motor Vehicle In-Transport,Front-to-Front,Not an Intersection,On Roadway,,Daylight,Cloudy,0,0,2005.0,0,0,FRANKLIN (119),NOT APPLICABLE
2018,10344,Georgia,0,1,2,June,14,Thursday,23,SR-42,State Highway,Rural,Major Collector,State Highway Agency,70.0,32.68078056,-83.90471944,Tree (Standing Only),Not a Collision with Motor Vehicle In-Transport,Not an Intersection,On Roadside,,Dark - Not Lighted,Clear,0,0,2006.0,0,1,CRAWFORD (79),NOT APPLICABLE
2018,10344,Georgia,0,1,2,June,14,Thursday,23,SR-42,State Highway,Rural,Major Collector,State Highway Agency,70.0,32.68078056,-83.90471944,Tree (Standing Only),Not a Collision with Motor Vehicle In-Transport,Not an Intersection,On Roadside,,Dark - Not Lighted,Clear,0,0,2009.0,1,1,CRAWFORD (79),NOT APPLICABLE
2018,10345,Georgia,1,1,1,June,14,Thursday,5,I-75,Interstate,Urban,Interstate,State Highway Agency,23.0,33.68111944,-84.39836944,Pedestrian,Not a Collision with Motor Vehicle In-Transport,Not an Intersection,On Roadway,,Dark - Lighted,Clear,0,0,2010.0,1,0,FULTON (121),ATLANTA
2018,10345,Georgia,1,1,1,June,14,Thursday,5,I-75,Interstate,Urban,Interstate,State Highway Agency,23.0,33.68111944,-84.39836944,Pedestrian,Not a Collision with Motor Vehicle In-Transport,Not an Intersection,On Roadway,,Dark - Lighted,Clear,0,0,2017.0,0,0,FULTON (121),ATLANTA
2018,10346,Georgia,0,1,4,June,13,Wednesday,17,CR-560 INDIAN TRL LILBURN RD,County Road,Urban,Minor Arterial,County Highway Agency,8.0,33.90051944,-84.14883889,Tree (Standing Only),Not a Collision with Motor Vehicle In-Transport,Not an Intersection,On Roadside,,Daylight,Rain,0,0,1994.0,1,1,GWINNETT (135),LILBURN
2018,10347,Georgia,0,1,2,June,14,Thursday,11,US-129 ATHENS HWY,U.S. Highway,Urban,Principal Arterial - Other,State Highway Agency,63.0,34.275775,-83.78187222,Traffic Sign Support,Not a Collision with Motor Vehicle In-Transport,Not an Intersection,On Roadside,,Daylight,Cloudy,0,0,2006.0,1,0,HALL (139),NOT APPLICABLE
2018,10347,Georgia,0,1,2,June,14,Thursday,11,US-129 ATHENS HWY,U.S. Highway,Urban,Principal Arterial - Other,State Highway Agency,63.0,34.275775,-83.78187222,Traffic Sign Support,Not a Collision with Motor Vehicle In-Transport,Not an Intersection,On Roadside,,Daylight,Cloudy,0,0,2008.0,0,0,HALL (139),NOT APPLICABLE
2018,10348,Georgia,0,1,1,June,14,Thursday,19,CR-311 HOLLY CREEK CH RD,County Road,Rural,Minor Collector,County Highway Agency,39.0,34.09403056,-83.10026667,Tree (Standing Only),Not a Collision with Motor Vehicle In-Transport,T-Intersection,On Roadside,,Daylight,Clear,0,0,1997.0,1,0,MADISON (195),NOT APPLICABLE
2018,10348,Georgia,0,1,1,June,14,Thursday,19,CR-311 HOLLY CREEK CH RD,County Road,Rural,Minor Collector,County Highway Agency,39.0,34.09403056,-83.10026667,Tree (Standing Only),Not a Collision with Motor Vehicle In-Transport,T-Intersection,On Roadside,,Daylight,Clear,0,0,2012.0,0,0,MADISON (195),NOT APPLICABLE
2018,10349,Georgia,0,2,2,June,14,Thursday,19,CR-466 DUE WEST RD,County Road,Urban,Minor Collector,County Highway Agency,19.0,33.96683333,-84.76233611,Rollover/Overturn,Not a Collision with Motor Vehicle In-Transport,Not an Intersection,On Roadway,,Daylight,Clear,0,0,1994.0,0,0,PAULDING (223),NOT APPLICABLE
2018,10350,Georgia,0,1,4,June,14,Thursday,22,CR-600 KIMWOOD DR,County Road,Urban,Local,County Highway Agency,4.0,34.02612222,-85.239475,Mail Box,Not a Collision with Motor Vehicle In-Transport,Not an Intersection,On Roadside,,Dark - Not Lighted,Cloudy,0,0,2016.0,1,1,POLK (233),NOT APPLICABLE
2018,10350,Georgia,0,1,4,June,14,Thursday,22,CR-600 KIMWOOD DR,County Road,Urban,Local,County Highway Agency,4.0,34.02612222,-85.239475,Mail Box,Not a Collision with Motor Vehicle In-Transport,Not an Intersection,On Roadside,,Dark - Not Lighted,Cloudy,0,0,1997.0,1,0,POLK (233),NOT APPLICABLE
2018,10351,Georgia,0,1,1,June,15,Friday,13,I-75,Interstate,Urban,Interstate,State Highway Agency,177.0,34.26109722,-84.80031944,Tree (Standing Only),Not a Collision with Motor Vehicle In-Transport,Not an Intersection,On Roadside,,Daylight,Clear,0,0,2013.0,1,1,BARTOW (15),NOT APPLICABLE
2018,10352,Georgia,0,1,1,June,15,Friday,17,2ND AVE,Local Street - Municipality,Urban,Minor Arterial,City or Municipal Highway Agency,11.0,32.47093889,-84.99033333,Rollover/Overturn,Not a Collision with Motor Vehicle In-Transport,Not an Intersection,On Roadway,,Daylight,Clear,0,0,2001.0,1,0,MUSCOGEE (215),COLUMBUS
2018,10352,Georgia,0,1,1,June,15,Friday,17,2ND AVE,Local Street - Municipality,Urban,Minor Arterial,City or Municipal Highway Agency,11.0,32.47093889,-84.99033333,Rollover/Overturn,Not a Collision with Motor Vehicle In-Transport,Not an Intersection,On Roadway,,Daylight,Clear,0,0,2015.0,0,0,MUSCOGEE (215),COLUMBUS
2018,10353,Georgia,0,2,2,June,10,Sunday,14,PIO NONA AVENUE,Local Street - Municipality,Urban,Minor Arterial,City or Municipal Highway Agency,106.0,32.80574167,-83.66311389,Motor Vehicle In-Transport,Front-to-Front,Not an Intersection,On Roadway,,Daylight,Clear,0,0,2000.0,1,0,BIBB (21),MACON
2018,10354,Georgia,0,2,2,June,16,Saturday,1,CR-BROWNS MILL ROAD,County Road,Urban,Minor Arterial,County Highway Agency,11.0,33.671025,-84.179325,Motor Vehicle In-Transport,Angle,Four-Way Intersection,On Roadway,,Dark - Not Lighted,Clear,0,0,2013.0,1,1,DEKALB (89),NOT APPLICABLE
2018,10354,Georgia,0,2,2,June,16,Saturday,1,CR-BROWNS MILL ROAD,County Road,Urban,Minor Arterial,County Highway Agency,11.0,33.671025,-84.179325,Motor Vehicle In-Transport,Angle,Four-Way Intersection,On Roadway,,Dark - Not Lighted,Clear,0,0,1997.0,0,0,DEKALB (89),NOT APPLICABLE