YEAR,ST_CASE,STATENAME,NUM_PEDS,NUM_VEHC,PERSONS,MONTHNAME,DAYNAME,DAY_WEEKNAME,HOUR,ROAD_NAME,ROUTENAME,RUR_URBNAME,FUNC_SYSNAME,RD_OWNERNAME,MILE_MARKER,LATITUDE,LONGITUD,HARM_EVNAME,COLLISION_TYPE,TYP_INTNAME,REL_ROADNAME,WRK_ZONENAME,LGT_CONDNAME,WEATHERNAME,SCH_BUS,HIT_RUN,MOD_YEAR,DEATHS,DR_DRINK,COUNTYNAME,CITYNAME
2018,10464,Georgia,0,2,1,July,15,Sunday,24,I-85,Interstate,Urban,Interstate,State Highway Agency,12.0,33.64021944,-84.45441944,Parked Motor Vehicle,Not a Collision with Motor Vehicle In-Transport,Not an Intersection,Gore,,Dark - Not Lighted,Clear,0,0,2017.0,0,0,CLAYTON (63),COLLEGE PARK
2018,10465,Georgia,0,1,2,July,15,Sunday,12,I-75,Interstate,Urban,Interstate,State Highway Agency,155.0,34.05605833,-84.59680556,Tree (Standing Only),Not a Collision with Motor Vehicle In-Transport,Not an Intersection,On Median,Construction,Daylight,Clear,0,0,2004.0,1,0,COBB (67),NOT APPLICABLE
2018,10466,Georgia,0,1,3,July,15,Sunday,22,SR-157,State Highway,Rural,Major Collector,State Highway Agency,247.0,34.89692778,-85.39971667,Guardrail Face,Not a Collision with Motor Vehicle In-Transport,Not an Intersection,On Roadside,,Dark - Not Lighted,Clear,0,0,2014.0,1,0,WALKER (295),NOT APPLICABLE
2018,10467,Georgia,0,3,5,July,15,Sunday,15,SR-33,State Highway,Rural,Minor Arterial,State Highway Agency,293.0,31.75546944,-83.80826389,Motor Vehicle In-Transport,Front-to-Front,Not an Intersection,On Roadway,,Daylight,Clear,0,0,2000.0,1,0,WORTH (321),NOT APPLICABLE
2018,10467,Georgia,0,3,5,July,15,Sunday,15,SR-33,State Highway,Rural,Minor Arterial,State Highway Agency,293.0,31.75546944,-83.80826389,Motor Vehicle In-Transport,Front-to-Front,Not an Intersection,On Roadway,,Daylight,Clear,0,0,2004.0,0,0,WORTH (321),NOT APPLICABLE
2018,10468,Georgia,0,1,2,July,16,Monday,24,SR-136,State Highway,Rural,Minor Arterial,State Highway Agency,58.0,34.845225,-85.50078333,Embankment,Not a Collision with Motor Vehicle In-Transport,Not an Intersection,On Roadside,,Dark - Not Lighted,Clear,0,0,2006.0,0,0,DADE (83),NOT APPLICABLE
2018,10468,Georgia,0,1,2,July,16,Monday,24,SR-136,State Highway,Rural,Minor Arterial,State Highway Agency,58.0,34.845225,-85.50078333,Embankment,Not a Collision with Motor Vehicle In-Transport,Not an Intersection,On Roadside,,Dark - Not Lighted,Clear,0,0,2000.0,1,0,DADE (83),NOT APPLICABLE
2018,10469,Georgia,0,1,1,July,16,Monday,8,US-19 SR-300,U.S. Highway,Urban,Principal Arterial - Other,State Highway Agency,187.0,31.30345278,-84.17995278,Other Object (not fixed),Not a Collision with Motor Vehicle In-Transport,Not an Intersection,On Roadside,,Daylight,Clear,0,0,2002.0,1,0,MITCHELL (205),NOT APPLICABLE
2018,10470,Georgia,0,2,3,July,16,Monday,18,CR-1507 WALTON WAY,County Road,Urban,Minor Arterial,County Highway Agency,10.0,33.4758,-82.005175,Motor Vehicle In-Transport,Front-to-Front,T-Intersection,On Roadway,,Daylight,Rain,0,0,2001.0,1,0,RICHMOND (245),AUGUSTA
2018,10470,Georgia,0,2,3,July,16,Monday,18,CR-1507 WALTON WAY,County Road,Urban,Minor Arterial,County Highway Agency,10.0,33.4758,-82.005175,Motor Vehicle In-Transport,Front-to-Front,T-Intersection,On Roadway,,Daylight,Rain,0,0,2019.0,0,0,RICHMOND (245),AUGUSTA
2018,10471,Georgia,0,1,3,July,17,Tuesday,11,SR-293 KINGSTON HWY,State Highway,Rural,Major Collector,State Highway Agency,11.0,34.2483,-85.04448889,Traffic Sign Support,Not a Collision with Motor Vehicle In-Transport,Not an Intersection,On Roadside,,Daylight,Clear,0,0,2011.0,1,0,FLOYD (115),ROME
2018,10472,Georgia,1,1,1,July,17,Tuesday,10,CR-611 JULEE EMILYN DR,County Road,Urban,Local,County Highway Agency,2.0,32.56146944,-83.61531944,Pedalcyclist,Not a Collision with Motor Vehicle In-Transport,Not an Intersection,On Roadway,,Daylight,Cloudy,0,0,2008.0,1,0,HOUSTON (153),NOT APPLICABLE
2018,10473,Georgia,0,2,5,July,17,Tuesday,14,CR-256 CAMPBELL RD,County Road,Rural,Local,County Highway Agency,3.0,33.41866389,-83.85379167,Motor Vehicle In-Transport,Angle,Four-Way Intersection,On Roadway,,Daylight,Clear,0,0,2018.0,1,0,NEWTON (217),NOT APPLICABLE
2018,10473,Georgia,0,2,5,July,17,Tuesday,14,CR-256 CAMPBELL RD,County Road,Rural,Local,County Highway Agency,3.0,33.41866389,-83.85379167,Motor Vehicle In-Transport,Angle,Four-Way Intersection,On Roadway,,Daylight,Clear,0,0,2013.0,0,0,NEWTON (217),NOT APPLICABLE
2018,10474,Georgia,1,1,1,May,3,Thursday,4,I-20,Interstate,Urban,Interstate,State Highway Agency,94.0,33.71646944,-85.02738056,Pedestrian,Not a Collision with Motor Vehicle In-Transport,Not an Intersection,On Roadway,,Dark - Unknown Lighting,Not Reported,0,0,2008.0,1,1,CARROLL (45),TEMPLE
2018,10474,Georgia,1,1,1,May,3,Thursday,4,I-20,Interstate,Urban,Interstate,State Highway Agency,94.0,33.71646944,-85.02738056,Pedestrian,Not a Collision with Motor Vehicle In-Transport,Not an Intersection,On Roadway,,Dark - Unknown Lighting,Not Reported,0,0,2012.0,0,0,CARROLL (45),TEMPLE
2018,10475,Georgia,0,5,8,July,5,Thursday,10,CR-FLAT SHOALS ROAD,County Road,Urban,Minor Arterial,County Highway Agency,11.0,33.58502778,-84.513975,Motor Vehicle In-Transport,Sideswipe - Same Direction,Not an Intersection,On Roadway,,Daylight,Clear,0,0,2003.0,0,0,FULTON (121),NOT APPLICABLE
2018,10475,Georgia,0,5,8,July,5,Thursday,10,CR-FLAT SHOALS ROAD,County Road,Urban,Minor Arterial,County Highway Agency,11.0,33.58502778,-84.513975,Motor Vehicle In-Transport,Sideswipe - Same Direction,Not an Intersection,On Roadway,,Daylight,Clear,0,0,1999.0,1,0,FULTON (121),NOT APPLICABLE
2018,10476,Georgia,0,1,1,July,17,Tuesday,5,CR-OCONEE SPRINGS ROAD,County Road,Rural,Minor Arterial,County Highway Agency,15.0,33.32861389,-83.35892778,Culvert,Not a Collision with Motor Vehicle In-Transport,Not an Intersection,On Roadside,,Dark - Not Lighted,Cloudy,0,0,2012.0,1,1,PUTNAM (237),EATONTON
2018,10477,Georgia,1,1,1,July,17,Tuesday,23,US-SR92,U.S. Highway,Urban,Principal Arterial - Other,State Highway Agency,7.0,33.25779167,-84.28836667,Pedestrian,Not a Collision with Motor Vehicle In-Transport,Not an Intersection,On Roadway,,Dark - Not Lighted,Clear,0,0,2005.0,1,1,SPALDING (255),NOT APPLICABLE
2018,10477,Georgia,1,1,1,July,17,Tuesday,23,US-SR92,U.S. Highway,Urban,Principal Arterial - Other,State Highway Agency,7.0,33.25779167,-84.28836667,Pedestrian,Not a Collision with Motor Vehicle In-Transport,Not an Intersection,On Roadway,,Dark - Not Lighted,Clear,0,0,2010.0,0,0,SPALDING (255),NOT APPLICABLE
2018,10478,Georgia,0,1,1,July,18,Wednesday,2,CR-OLD MILFORD ROAD,County Road,Rural,Minor Arterial,County Highway Agency,208.0,31.458,-84.51318333,Rollover/Overturn,Not a Collision with Motor Vehicle In-Transport,Not an Intersection,On Roadway,,Dark - Not Lighted,Clear,0,0,2012.0,1,0,CALHOUN (37),NOT APPLICABLE
2018,10478,Georgia,0,1,1,July,18,Wednesday,2,CR-OLD MILFORD ROAD,County Road,Rural,Minor Arterial,County Highway Agency,208.0,31.458,-84.51318333,Rollover/Overturn,Not a Collision with Motor Vehicle In-Transport,Not an Intersection,On Roadway,,Dark - Not Lighted,Clear,0,0,2018.0,0,0,CALHOUN (37),NOT APPLICABLE
2018,10478,Georgia,0,1,1,July,18,Wednesday,2,CR-OLD MILFORD ROAD,County Road,Rural,Minor Arterial,County Highway Agency,208.0,31.458,-84.51318333,Rollover/Overturn,Not a Collision with Motor Vehicle In-Transport,Not an Intersection,On Roadway,,Dark - Not Lighted,Clear,0,0,2006.0,0,0,CALHOUN (37),NOT APPLICABLE
2018,10479,Georgia,0,2,2,July,18,Wednesday,19,CR-AKERS MILL ROAD,County Road,Urban,Minor Arterial,County Highway Agency,5.0,33.88481944,-84.46006111,Motor Vehicle In-Transport,Angle,Four-Way Intersection,On Roadway,,Daylight,Clear,0,0,1993.0,1,1,COBB (67),NOT APPLICABLE
2018,10480,Georgia,0,2,2,July,18,Wednesday,4,SR-14,State Highway,Urban,Minor Arterial,State Highway Agency,262.0,33.48648889,-84.67921111,Motor Vehicle In-Transport,Front-to-Front,Not an Intersection,On Roadway,,Dark - Not Lighted,Clear,0,0,2008.0,0,0,COWETA (77),NOT APPLICABLE
2018,10480,Georgia,0,2,2,July,18,Wednesday,4,SR-14,State Highway,Urban,Minor Arterial,State Highway Agency,262.0,33.48648889,-84.67921111,Motor Vehicle In-Transport,Front-to-Front,Not an Intersection,On Roadway,,Dark - Not Lighted,Clear,0,0,2001.0,1,0,COWETA (77),NOT APPLICABLE
2018,10481,Georgia,0,2,3,July,18,Wednesday,24,I-85,Interstate,Urban,Interstate,State Highway Agency,116.0,34.1655,-83.62517778,Motor Vehicle In-Transport,Front-to-Rear,Not an Intersection,On Roadway,,Dark - Not Lighted,Clear,0,0,2009.0,0,0,JACKSON (157),NOT APPLICABLE
2018,10482,Georgia,0,2,3,July,18,Wednesday,15,SR-11,State Highway,Rural,Principal Arterial - Other,State Highway Agency,80.0,34.61299167,-83.77933056,Motor Vehicle In-Transport,Angle,T-Intersection,On Roadway,,Daylight,Clear,0,1,2010.0,0,0,WHITE (311),NOT APPLICABLE
2018,10483,Georgia,1,1,1,July,19,Thursday,3,CR-LANIER DRIVE,County Road,Urban,Local,County Highway Agency,10.0,32.40774722,-81.78145278,Pedestrian,Not a Collision with Motor Vehicle In-Transport,Not an Intersection,On Roadway,,Dark - Lighted,Clear,0,0,2016.0,1,0,BULLOCH (31),NOT APPLICABLE
2018,10483,Georgia,1,1,1,July,19,Thursday,3,CR-LANIER DRIVE,County Road,Urban,Local,County Highway Agency,10.0,32.40774722,-81.78145278,Pedestrian,Not a Collision with Motor Vehicle In-Transport,Not an Intersection,On Roadway,,Dark - Lighted,Clear,0,0,2018.0,0,0,BULLOCH (31),NOT APPLICABLE
2018,10484,Georgia,0,2,3,July,19,Thursday,12,SR-20,State Highway,Urban,Principal Arterial - Other,State Highway Agency,44.0,34.24025833,-84.18264722,Motor Vehicle In-Transport,Front-to-Front,Not an Intersection,On Roadway,,Daylight,Clear,0,0,2009.0,1,0,FORSYTH (117),NOT APPLICABLE
2018,10485,Georgia,0,2,2,July,19,Thursday,6,SR-42,State Highway,Urban,Principal Arterial - Other,State Highway Agency,37.0,33.74146389,-84.34926944,Motor Vehicle In-Transport,Angle,Not an Intersection,On Roadway,,Dark - Lighted,Clear,0,0,2006.0,1,0,FULTON (121),ATLANTA
2018,10486,Georgia,0,1,1,July,19,Thursday,9,CR-LAWRENCEVILLE SUWANEE ROAD,County Road,Urban,Minor Arterial,County Highway Agency,52.0,33.99645278,-84.03550278,Mail Box,Not a Collision with Motor Vehicle In-Transport,Not an Intersection,On Roadside,,Daylight,Cloudy,0,0,2006.0,1,1,GWINNETT (135),NOT APPLICABLE
2018,10487,Georgia,0,2,5,July,19,Thursday,16,US-SR124,U.S. Highway,Urban,Minor Arterial,State Highway Agency,186.0,34.02056389,-83.96515833,Motor Vehicle In-Transport,Front-to-Front,Not an Intersection,On Roadway,,Daylight,Clear,0,0,2000.0,1,0,GWINNETT (135),NOT APPLICABLE
2018,10489,Georgia,0,3,7,July,19,Thursday,12,I-75,Interstate,Urban,Interstate,State Highway Agency,101.0,34.76520556,-85.00184722,Motor Vehicle In-Transport,Angle,Not an Intersection,On Roadway,,Daylight,Clear,0,0,2007.0,1,0,WHITFIELD (313),DALTON
2018,10490,Georgia,1,3,1,July,20,Friday,22,HEADLAND TERRACE,Local Street - Municipality,Urban,Local,City or Municipal Highway Agency,1.0,33.69261667,-84.46615,Parked Motor Vehicle,Not a Collision with Motor Vehicle In-Transport,Not an Intersection,In Parking Lane/Zone,,Dark - Lighted,Cloudy,0,0,2007.0,1,1,FULTON (121),EAST POINT
2018,10491,Georgia,0,1,3,July,20,Friday,23,SR-400,State Highway,Urban,Principal Arterial - Freeways,State Highway Agency,78.0,33.91723889,-84.35795833,Rollover/Overturn,Not a Collision with Motor Vehicle In-Transport,Not an Intersection,On Roadway,Construction,Dark - Not Lighted,Clear,0,0,2010.0,1,1,FULTON (121),SANDY SPRINGS
2018,10492,Georgia,1,1,1,July,20,Friday,21,CR-HARMONY CHURCH ROAD,County Road,Urban,Major Collector,County Highway Agency,22.0,34.24626667,-83.71366667,Non-Motorist on Personal Conveyance,Not a Collision with Motor Vehicle In-Transport,Not an Intersection,On Roadway,,Dark - Not Lighted,Clear,0,0,2001.0,0,1,HALL (139),NOT APPLICABLE
2018,10492,Georgia,1,1,1,July,20,Friday,21,CR-HARMONY CHURCH ROAD,County Road,Urban,Major Collector,County Highway Agency,22.0,34.24626667,-83.71366667,Non-Motorist on Personal Conveyance,Not a Collision with Motor Vehicle In-Transport,Not an Intersection,On Roadway,,Dark - Not Lighted,Clear,0,0,2007.0,1,0,HALL (139),NOT APPLICABLE
2018,10493,Georgia,0,2,3,July,21,Saturday,16,CR-SMITH MILL ROAD,County Road,Urban,Major Collector,County Highway Agency,9.0,33.93949167,-83.69148611,Motor Vehicle In-Transport,Sideswipe - Opposite Direction,Not an Intersection,On Roadway,,Daylight,Clear,0,0,1974.0,1,1,BARROW (13),NOT APPLICABLE
2018,10493,Georgia,0,2,3,July,21,Saturday,16,CR-SMITH MILL ROAD,County Road,Urban,Major Collector,County Highway Agency,9.0,33.93949167,-83.69148611,Motor Vehicle In-Transport,Sideswipe - Opposite Direction,Not an Intersection,On Roadway,,Daylight,Clear,0,0,2004.0,1,0,BARROW (13),NOT APPLICABLE
2018,10494,Georgia,0,1,1,July,21,Saturday,15,POWERS FERRY ROAD,Local Street - Municipality,Urban,Major Collector,City or Municipal Highway Agency,35.0,33.90742778,-84.46475556,Curb,Not a Collision with Motor Vehicle In-Transport,Not an Intersection,On Roadside,,Daylight,Clear,0,0,1998.0,1,1,COBB (67),MARIETTA
2018,10495,Georgia,0,2,7,July,21,Saturday,23,CR-MOULTRIE ROAD,County Road,Urban,Minor Arterial,County Highway Agency,73.0,31.53058889,-84.09013611,Motor Vehicle In-Transport,Front-to-Front,Not an Intersection,On Roadway,,Dark - Not Lighted,Clear,0,0,2007.0,1,0,DOUGHERTY (95),ALBANY
2018,10496,Georgia,0,2,4,July,22,Sunday,19,CR-MARS HILL ROAD,County Road,Urban,Minor Arterial,County Highway Agency,91.0,34.001275,-84.70336389,Motor Vehicle In-Transport,Front-to-Front,Not an Intersection,On Roadway,,Daylight,Cloudy,0,0,1993.0,0,0,COBB (67),NOT APPLICABLE
2018,10497,Georgia,1,1,1,July,22,Sunday,3,MARTIN L KING JR DRIVE,Local Street - Municipality,Urban,Minor Arterial,City or Municipal Highway Agency,126.0,33.75214167,-84.46457778,Utility Pole/Light Support,Not a Collision with Motor Vehicle In-Transport,Not an Intersection,On Roadside,,Dark - Lighted,Clear,0,0,2001.0,1,0,FULTON (121),ATLANTA
2018,10497,Georgia,1,1,1,July,22,Sunday,3,MARTIN L KING JR DRIVE,Local Street - Municipality,Urban,Minor Arterial,City or Municipal Highway Agency,126.0,33.75214167,-84.46457778,Utility Pole/Light Support,Not a Collision with Motor Vehicle In-Transport,Not an Intersection,On Roadside,,Dark - Lighted,Clear,0,0,2011.0,0,0,FULTON (121),ATLANTA
2018,10498,Georgia,0,2,2,July,22,Sunday,19,SR-8,State Highway,Urban,Minor Arterial,State Highway Agency,128.0,33.94772222,-84.00448611,Motor Vehicle In-Transport,Front-to-Front,Four-Way Intersection,On Roadway,,Dusk,Cloudy,0,0,1998.0,1,1,GWINNETT (135),LAWRENCEVILLE
2018,10499,Georgia,0,2,6,July,22,Sunday,11,SR-140,State Highway,Urban,Principal Arterial - Other,State Highway Agency,34.0,33.93338056,-84.22306111,Motor Vehicle In-Transport,Angle,Four-Way Intersection,On Roadway,,Daylight,Clear,0,0,1998.0,1,0,GWINNETT (135),NORCROSS
2018,10499,Georgia,0,2,6,July,22,Sunday,11,SR-140,State Highway,Urban,Principal Arterial - Other,State Highway Agency,34.0,33.93338056,-84.22306111,Motor Vehicle In-Transport,Angle,Four-Way Intersection,On Roadway,,Daylight,Clear,0,0,2011.0,0,0,GWINNETT (135),NORCROSS
2018,10500,Georgia,1,1,1,July,22,Sunday,6,SR-15,State Highway,Rural,Minor Arterial,State Highway Agency,82.0,33.26969722,-82.95691667,Pedestrian,Not a Collision with Motor Vehicle In-Transport,Not an Intersection,On Roadway,,Dark - Lighted,Clear,0,0,2002.0,1,0,HANCOCK (141),NOT APPLICABLE
2018,10501,Georgia,0,3,2,July,22,Sunday,20,GRANT STREET,Local Street - Municipality,Urban,Local,City or Municipal Highway Agency,2.0,32.06978889,-82.89605,Motor Vehicle In-Transport,Angle,Four-Way Intersection,On Roadway,,Dusk,Cloudy,0,0,2002.0,1,0,TELFAIR (271),MCRAE
2018,10502,Georgia,0,1,1,July,23,Monday,11,SR-150,State Highway,Urban,Minor Arterial,State Highway Agency,122.0,33.65151667,-82.22261389,Embankment,Not a Collision with Motor Vehicle In-Transport,Not an Intersection,On Roadside,,Daylight,Clear,0,0,2005.0,1,1,COLUMBIA (73),NOT APPLICABLE
2018,10503,Georgia,0,2,4,July,23,Monday,16,OLD DALTON ROAD,Local Street - Municipality,Rural,Major Collector,City or Municipal Highway Agency,49.0,34.36675278,-85.13310556,Motor Vehicle In-Transport,Front-to-Front,Not an Intersection,On Roadway,,Daylight,Clear,0,0,2011.0,0,0,FLOYD (115),ROME
2018,10504,Georgia,0,1,2,July,23,Monday,19,SR-219,State Highway,Rural,Major Collector,State Highway Agency,112.0,32.76713889,-85.02141111,Ditch,Not a Collision with Motor Vehicle In-Transport,Not an Intersection,On Roadside,,Daylight,Cloudy,0,1,2006.0,0,0,HARRIS (145),NOT APPLICABLE
2018,10505,Georgia,1,1,1,July,23,Monday,5,SR-26,State Highway,Rural,Minor Arterial,State Highway Agency,80.0,32.26734722,-84.10876389,Pedestrian,Not a Collision with Motor Vehicle In-Transport,Not an Intersection,On Roadway,,Dark - Not Lighted,"Fog, Smog, Smoke",0,0,2017.0,1,0,MACON (193),NOT APPLICABLE
2018,10505,Georgia,1,1,1,July,23,Monday,5,SR-26,State Highway,Rural,Minor Arterial,State Highway Agency,80.0,32.26734722,-84.10876389,Pedestrian,Not a Collision with Motor Vehicle In-Transport,Not an Intersection,On Roadway,,Dark - Not Lighted,"Fog, Smog, Smoke",0,0,2018.0,0,0,MACON (193),NOT APPLICABLE
2018,10505,Georgia,1,1,1,July,23,Monday,5,SR-26,State Highway,Rural,Minor Arterial,State Highway Agency,80.0,32.26734722,-84.10876389,Pedestrian,Not a Collision with Motor Vehicle In-Transport,Not an Intersection,On Roadway,,Dark - Not Lighted,"Fog, Smog, Smoke",0,0,2000.0,1,0,MACON (193),NOT APPLICABLE
2018,10505,Georgia,1,1,1,July,23,Monday,5,SR-26,State Highway,Rural,Minor Arterial,State Highway Agency,80.0,32.26734722,-84.10876389,Pedestrian,Not a Collision with Motor Vehicle In-Transport,Not an Intersection,On Roadway,,Dark - Not Lighted,"Fog, Smog, Smoke",0,0,2006.0,0,0,MACON (193),NOT APPLICABLE
2018,10506,Georgia,0,1,1,July,23,Monday,3,SR-212,State Highway,Rural,Major Collector,State Highway Agency,68.0,33.20066667,-83.42938333,Ditch,Not a Collision with Motor Vehicle In-Transport,Not an Intersection,On Roadside,,Dark - Not Lighted,Rain,0,0,2012.0,1,1,PUTNAM (237),NOT APPLICABLE
2018,10507,Georgia,0,1,2,July,24,Tuesday,1,CR-THOMPSON MILL ROAD,County Road,Urban,Local,County Highway Agency,27.0,34.10916389,-83.91709444,Tree (Standing Only),Not a Collision with Motor Vehicle In-Transport,Not an Intersection,On Roadside,,Dark - Not Lighted,Clear,0,0,2008.0,1,1,GWINNETT (135),NOT APPLICABLE
2018,10508,Georgia,0,1,1,July,24,Tuesday,3,CR-RIDGEVIEW LANE,County Road,Rural,Local,County Highway Agency,2.0,34.85589722,-84.80625556,Ditch,Not a Collision with Motor Vehicle In-Transport,Not an Intersection,On Roadside,,Dark - Not Lighted,Cloudy,0,1,2006.0,0,0,MURRAY (213),NOT APPLICABLE
2018,10508,Georgia,0,1,1,July,24,Tuesday,3,CR-RIDGEVIEW LANE,County Road,Rural,Local,County Highway Agency,2.0,34.85589722,-84.80625556,Ditch,Not a Collision with Motor Vehicle In-Transport,Not an Intersection,On Roadside,,Dark - Not Lighted,Cloudy,0,1,2006.0,0,0,MURRAY (213),NOT APPLICABLE
2018,10509,Georgia,0,2,3,July,25,Wednesday,11,SR-20,State Highway,Rural,Principal Arterial - Other,State Highway Agency,38.0,34.20816389,-84.98077778,Motor Vehicle In-Transport,Angle,T-Intersection,On Roadway,,Daylight,Clear,0,0,2001.0,0,0,BARTOW (15),NOT APPLICABLE
2018,10509,Georgia,0,2,3,July,25,Wednesday,11,SR-20,State Highway,Rural,Principal Arterial - Other,State Highway Agency,38.0,34.20816389,-84.98077778,Motor Vehicle In-Transport,Angle,T-Intersection,On Roadway,,Daylight,Clear,0,0,2006.0,1,0,BARTOW (15),NOT APPLICABLE
2018,10510,Georgia,1,1,1,July,25,Wednesday,20,SR-4,State Highway,Urban,Principal Arterial - Other,State Highway Agency,49.0,30.84269722,-82.006875,Pedalcyclist,Not a Collision with Motor Vehicle In-Transport,Not an Intersection,On Roadway,,Dusk,Clear,0,0,2014.0,1,0,CHARLTON (49),FOLKSTON
2018,10510,Georgia,1,1,1,July,25,Wednesday,20,SR-4,State Highway,Urban,Principal Arterial - Other,State Highway Agency,49.0,30.84269722,-82.006875,Pedalcyclist,Not a Collision with Motor Vehicle In-Transport,Not an Intersection,On Roadway,,Dusk,Clear,0,0,2015.0,0,0,CHARLTON (49),FOLKSTON
2018,10511,Georgia,0,2,2,July,25,Wednesday,6,CR-TARA BOULEVARD,County Road,Urban,Principal Arterial - Other,County Highway Agency,50.0,33.49730833,-84.34509167,Motor Vehicle In-Transport,Angle,Not an Intersection,On Roadway,,Daylight,Cloudy,0,0,2000.0,1,1,CLAYTON (63),NOT APPLICABLE
2018,10512,Georgia,0,2,2,July,25,Wednesday,9,SR-47,State Highway,Rural,Minor Arterial,State Highway Agency,155.0,33.69884167,-82.34323333,Guardrail Face,Not a Collision with Motor Vehicle In-Transport,Not an Intersection,On Roadside,,Daylight,Clear,0,0,2018.0,0,0,LINCOLN (181),NOT APPLICABLE
2018,10512,Georgia,0,2,2,July,25,Wednesday,9,SR-47,State Highway,Rural,Minor Arterial,State Highway Agency,155.0,33.69884167,-82.34323333,Guardrail Face,Not a Collision with Motor Vehicle In-Transport,Not an Intersection,On Roadside,,Daylight,Clear,0,0,1999.0,1,0,LINCOLN (181),NOT APPLICABLE
2018,10513,Georgia,0,1,1,July,25,Wednesday,12,CR-HELEN HIGHWAY,County Road,Rural,Minor Arterial,County Highway Agency,44.0,34.65711389,-83.72956944,Embankment,Not a Collision with Motor Vehicle In-Transport,Not an Intersection,On Roadside,,Daylight,Rain,0,0,1999.0,1,1,WHITE (311),NOT APPLICABLE
2018,10514,Georgia,0,5,6,July,26,Thursday,17,I-95,Interstate,Urban,Interstate,State Highway Agency,68.0,31.92679722,-81.33086667,Motor Vehicle In-Transport,Sideswipe - Same Direction,Not an Intersection,On Roadway,,Daylight,Clear,0,0,2005.0,1,0,BRYAN (29),RICHMOND HILL
2018,10516,Georgia,0,2,2,July,26,Thursday,9,CR-TALLOKAS ROAD,County Road,Urban,Minor Arterial,County Highway Agency,96.0,31.14355,-83.76685,Motor Vehicle In-Transport,Front-to-Front,Not an Intersection,On Roadway,,Daylight,Clear,0,0,1991.0,1,0,COLQUITT (71),NOT APPLICABLE
2018,10516,Georgia,0,2,2,July,26,Thursday,9,CR-TALLOKAS ROAD,County Road,Urban,Minor Arterial,County Highway Agency,96.0,31.14355,-83.76685,Motor Vehicle In-Transport,Front-to-Front,Not an Intersection,On Roadway,,Daylight,Clear,0,0,2010.0,0,0,COLQUITT (71),NOT APPLICABLE
2018,10517,Georgia,0,2,7,July,27,Friday,14,SR-140,State Highway,Rural,Major Collector,State Highway Agency,99.0,34.38204444,-84.8416,Motor Vehicle In-Transport,Angle,Four-Way Intersection,On Roadway,,Daylight,Clear,0,0,2004.0,1,1,BARTOW (15),NOT APPLICABLE
2018,10518,Georgia,0,3,4,July,27,Friday,20,CR-SINGLETON ROAD,County Road,Urban,Minor Collector,County Highway Agency,23.0,33.90733056,-84.19571944,Motor Vehicle In-Transport,Angle,T-Intersection,On Roadway,,Dusk,Clear,0,0,2007.0,1,0,GWINNETT (135),NOT APPLICABLE
2018,10519,Georgia,0,1,1,July,27,Friday,21,CR-JOE STEPHENS ROAD,County Road,Rural,Local,County Highway Agency,14.0,33.3557,-84.99944444,Culvert,Not a Collision with Motor Vehicle In-Transport,Not an Intersection,On Roadside,,Dark - Not Lighted,Clear,0,0,2013.0,1,0,HEARD (149),NOT APPLICABLE
2018,10519,Georgia,0,1,1,July,27,Friday,21,CR-JOE STEPHENS ROAD,County Road,Rural,Local,County Highway Agency,14.0,33.3557,-84.99944444,Culvert,Not a Collision with Motor Vehicle In-Transport,Not an Intersection,On Roadside,,Dark - Not Lighted,Clear,0,0,2015.0,0,0,HEARD (149),NOT APPLICABLE
2018,10519,Georgia,0,1,1,July,27,Friday,21,CR-JOE STEPHENS ROAD,County Road,Rural,Local,County Highway Agency,14.0,33.3557,-84.99944444,Culvert,Not a Collision with Motor Vehicle In-Transport,Not an Intersection,On Roadside,,Dark - Not Lighted,Clear,0,0,2014.0,0,0,HEARD (149),NOT APPLICABLE
2018,10519,Georgia,0,1,1,July,27,Friday,21,CR-JOE STEPHENS ROAD,County Road,Rural,Local,County Highway Agency,14.0,33.3557,-84.99944444,Culvert,Not a Collision with Motor Vehicle In-Transport,Not an Intersection,On Roadside,,Dark - Not Lighted,Clear,0,0,2008.0,0,0,HEARD (149),NOT APPLICABLE
2018,10519,Georgia,0,1,1,July,27,Friday,21,CR-JOE STEPHENS ROAD,County Road,Rural,Local,County Highway Agency,14.0,33.3557,-84.99944444,Culvert,Not a Collision with Motor Vehicle In-Transport,Not an Intersection,On Roadside,,Dark - Not Lighted,Clear,0,0,2011.0,0,0,HEARD (149),NOT APPLICABLE
2018,10520,Georgia,0,1,6,July,27,Friday,12,I-85,Interstate,Urban,Interstate,State Highway Agency,43.0,32.92323611,-85.11187778,Rollover/Overturn,Not a Collision with Motor Vehicle In-Transport,Not an Intersection,On Roadway,,Daylight,Clear,0,1,2013.0,0,0,TROUP (285),NOT APPLICABLE
2018,10520,Georgia,0,1,6,July,27,Friday,12,I-85,Interstate,Urban,Interstate,State Highway Agency,43.0,32.92323611,-85.11187778,Rollover/Overturn,Not a Collision with Motor Vehicle In-Transport,Not an Intersection,On Roadway,,Daylight,Clear,0,0,2011.0,1,0,TROUP (285),NOT APPLICABLE
2018,10520,Georgia,0,1,6,July,27,Friday,12,I-85,Interstate,Urban,Interstate,State Highway Agency,43.0,32.92323611,-85.11187778,Rollover/Overturn,Not a Collision with Motor Vehicle In-Transport,Not an Intersection,On Roadway,,Daylight,Clear,0,0,2010.0,0,0,TROUP (285),NOT APPLICABLE