YEAR,ST_CASE,STATENAME,NUM_PEDS,NUM_VEHC,PERSONS,MONTHNAME,DAYNAME,DAY_WEEKNAME,HOUR,ROAD_NAME,ROUTENAME,RUR_URBNAME,FUNC_SYSNAME,RD_OWNERNAME,MILE_MARKER,LATITUDE,LONGITUD,HARM_EVNAME,COLLISION_TYPE,TYP_INTNAME,REL_ROADNAME,WRK_ZONENAME,LGT_CONDNAME,WEATHERNAME,SCH_BUS,HIT_RUN,MOD_YEAR,DEATHS,DR_DRINK,COUNTYNAME,CITYNAME
2018,10683,Georgia,0,1,1,September,12,Wednesday,10,CR-594 SALEM RD,County Road,Urban,Major Collector,County Highway Agency,10.0,33.67844167,-84.16791944,Curb,Not a Collision with Motor Vehicle In-Transport,Not an Intersection,On Roadside,,Daylight,Clear,0,0,2002.0,0,0,DEKALB (89),NOT APPLICABLE
2018,10684,Georgia,0,1,1,September,12,Wednesday,13,NORTH AVE,Local Street - Municipality,Urban,Minor Arterial,City or Municipal Highway Agency,4.0,33.77121944,-84.37479167,Curb,Not a Collision with Motor Vehicle In-Transport,Not an Intersection,On Roadside,,Daylight,Clear,0,0,1985.0,1,0,FULTON (121),ATLANTA
2018,10684,Georgia,0,1,1,September,12,Wednesday,13,NORTH AVE,Local Street - Municipality,Urban,Minor Arterial,City or Municipal Highway Agency,4.0,33.77121944,-84.37479167,Curb,Not a Collision with Motor Vehicle In-Transport,Not an Intersection,On Roadside,,Daylight,Clear,0,0,2006.0,0,0,FULTON (121),ATLANTA
2018,10685,Georgia,0,1,1,September,12,Wednesday,13,US-84 SR-38,U.S. Highway,Rural,Principal Arterial - Other,State Highway Agency,91.0,31.01521944,-84.81938056,Ditch,Not a Collision with Motor Vehicle In-Transport,Not an Intersection,On Roadside,,Daylight,Clear,0,0,2003.0,1,0,SEMINOLE (253),NOT APPLICABLE
2018,10685,Georgia,0,1,1,September,12,Wednesday,13,US-84 SR-38,U.S. Highway,Rural,Principal Arterial - Other,State Highway Agency,91.0,31.01521944,-84.81938056,Ditch,Not a Collision with Motor Vehicle In-Transport,Not an Intersection,On Roadside,,Daylight,Clear,0,0,2010.0,0,0,SEMINOLE (253),NOT APPLICABLE
2018,10686,Georgia,0,3,3,September,13,Thursday,6,US-280 SR-30,U.S. Highway,Rural,Minor Arterial,State Highway Agency,209.0,32.18599722,-81.45178333,Motor Vehicle In-Transport,Sideswipe - Opposite Direction,Not an Intersection,On Roadway,,Dark - Not Lighted,Clear,0,0,2010.0,0,0,BRYAN (29),NOT APPLICABLE
2018,10686,Georgia,0,3,3,September,13,Thursday,6,US-280 SR-30,U.S. Highway,Rural,Minor Arterial,State Highway Agency,209.0,32.18599722,-81.45178333,Motor Vehicle In-Transport,Sideswipe - Opposite Direction,Not an Intersection,On Roadway,,Dark - Not Lighted,Clear,0,0,2000.0,1,0,BRYAN (29),NOT APPLICABLE
2018,10687,Georgia,0,2,2,September,13,Thursday,23,I-285,Interstate,Urban,Interstate,State Highway Agency,205.0,33.69883889,-84.26747778,Motor Vehicle In-Transport,Front-to-Rear,Not an Intersection,On Roadway,,Dark - Not Lighted,Clear,0,0,2014.0,1,1,DEKALB (89),NOT APPLICABLE
2018,10688,Georgia,1,1,1,September,13,Thursday,23,SR-74,State Highway,Urban,Minor Arterial,State Highway Agency,99.0,33.39252778,-84.58523056,Pedestrian,Not a Collision with Motor Vehicle In-Transport,Not an Intersection,On Roadway,,Dark - Not Lighted,Cloudy,0,0,2004.0,1,0,FAYETTE (113),PEACHTREE CITY
2018,10689,Georgia,1,1,1,September,13,Thursday,4,I-75,Interstate,Urban,Interstate,State Highway Agency,40.0,33.37023056,-84.13381389,Pedestrian,Not a Collision with Motor Vehicle In-Transport,Not an Intersection,On Roadway,,Dark - Not Lighted,Clear,0,0,2002.0,1,0,HENRY (151),NOT APPLICABLE
2018,10689,Georgia,1,1,1,September,13,Thursday,4,I-75,Interstate,Urban,Interstate,State Highway Agency,40.0,33.37023056,-84.13381389,Pedestrian,Not a Collision with Motor Vehicle In-Transport,Not an Intersection,On Roadway,,Dark - Not Lighted,Clear,0,0,2005.0,0,0,HENRY (151),NOT APPLICABLE
2018,10690,Georgia,0,2,2,September,13,Thursday,22,SR-98,State Highway,Rural,Minor Arterial,State Highway Agency,21.0,34.18115556,-83.35115556,Motor Vehicle In-Transport,Angle,Four-Way Intersection,On Roadway,,Dark - Not Lighted,Clear,0,0,2005.0,1,0,MADISON (195),NOT APPLICABLE
2018,10691,Georgia,0,1,1,September,13,Thursday,6,CR-349 JOHN M BREWTON RD,County Road,Rural,Major Collector,County Highway Agency,78.0,31.98785833,-81.89355556,Tree (Standing Only),Not a Collision with Motor Vehicle In-Transport,Not an Intersection,On Roadside,,Dark - Not Lighted,Clear,0,0,1999.0,1,1,TATTNALL (267),NOT APPLICABLE
2018,10692,Georgia,1,1,2,September,14,Friday,20,US-78 SR-10,U.S. Highway,Urban,Principal Arterial - Other,State Highway Agency,59.0,33.94826944,-83.41580833,Pedestrian,Not a Collision with Motor Vehicle In-Transport,Not an Intersection,On Roadway,,Dark - Not Lighted,Clear,0,0,2018.0,1,0,CLARKE (59),ATHENS
2018,10692,Georgia,1,1,2,September,14,Friday,20,US-78 SR-10,U.S. Highway,Urban,Principal Arterial - Other,State Highway Agency,59.0,33.94826944,-83.41580833,Pedestrian,Not a Collision with Motor Vehicle In-Transport,Not an Intersection,On Roadway,,Dark - Not Lighted,Clear,0,0,2007.0,0,0,CLARKE (59),ATHENS
2018,10693,Georgia,1,1,1,September,14,Friday,19,SR-13,State Highway,Urban,Principal Arterial - Other,State Highway Agency,16.0,33.84602778,-84.32532778,Pedestrian,Not a Collision with Motor Vehicle In-Transport,Not an Intersection,On Roadway,,Dark - Not Lighted,Clear,0,1,2006.0,0,0,DEKALB (89),Other
2018,10694,Georgia,0,2,3,September,14,Friday,19,CR-133 OLD AUGUSTA RD,County Road,Urban,Major Collector,County Highway Agency,24.0,32.28831111,-81.191375,Motor Vehicle In-Transport,Angle,Not an Intersection,On Roadway,,Daylight,Clear,0,0,2002.0,1,0,EFFINGHAM (103),NOT APPLICABLE
2018,10695,Georgia,1,1,1,September,14,Friday,20,US-23 SR-42,U.S. Highway,Urban,Principal Arterial - Other,State Highway Agency,15.0,33.71098611,-84.349525,Pedestrian,Not a Collision with Motor Vehicle In-Transport,Not an Intersection,On Roadway,,Dark - Lighted,Clear,0,0,2011.0,0,1,FULTON (121),ATLANTA
2018,10695,Georgia,1,1,1,September,14,Friday,20,US-23 SR-42,U.S. Highway,Urban,Principal Arterial - Other,State Highway Agency,15.0,33.71098611,-84.349525,Pedestrian,Not a Collision with Motor Vehicle In-Transport,Not an Intersection,On Roadway,,Dark - Lighted,Clear,0,0,2007.0,1,0,FULTON (121),ATLANTA
2018,10696,Georgia,1,1,1,September,14,Friday,19,SR-88,State Highway,Rural,Major Collector,State Highway Agency,202.0,33.21049722,-82.34754167,Pedalcyclist,Not a Collision with Motor Vehicle In-Transport,Not an Intersection,On Roadway,,Daylight,Clear,0,0,2008.0,1,0,JEFFERSON (163),NOT APPLICABLE
2018,10697,Georgia,1,1,3,September,15,Saturday,20,SR-133,State Highway,Urban,Minor Arterial,State Highway Agency,120.0,30.94658889,-83.50060833,Non-Motorist on Personal Conveyance,Not a Collision with Motor Vehicle In-Transport,Not an Intersection,On Roadway,Construction,Dark - Not Lighted,Clear,0,0,2017.0,1,0,BROOKS (27),MORVEN
2018,10698,Georgia,1,1,1,September,15,Saturday,3,I-75,Interstate,Urban,Interstate,State Highway Agency,65.0,34.9116,-85.13288611,Pedestrian,Not a Collision with Motor Vehicle In-Transport,Not an Intersection,On Roadside,,Dark - Not Lighted,Clear,0,0,1993.0,1,0,CATOOSA (47),RINGGOLD
2018,10699,Georgia,1,1,1,June,4,Monday,6,SR-279 OLD NATIONAL HWY,State Highway,Urban,Minor Arterial,State Highway Agency,44.0,33.61135,-84.47170278,Pedestrian,Not a Collision with Motor Vehicle In-Transport,Not an Intersection,On Roadway,Construction,Dawn,Clear,0,0,2006.0,1,0,FULTON (121),Other
2018,10700,Georgia,1,1,1,April,21,Saturday,21,SR-3,State Highway,Urban,Principal Arterial - Other,State Highway Agency,77.65251238499646,33.81295104525722,-83.16331036904157,Pedestrian,Not a Collision with Motor Vehicle In-Transport,Not Reported,Not Reported,,Not Reported,Not Reported,0,0,2005.0,1,0,CLAYTON (63),Not Reported
2018,10701,Georgia,0,2,2,April,27,Friday,20,CAMPBELLTON ROAD,Local Street - Municipality,Urban,Minor Arterial,County Highway Agency,77.65251238499646,33.81295104525722,-83.16331036904157,Motor Vehicle In-Transport,Not Reported,Not an Intersection,On Roadway,,Not Reported,Not Reported,0,0,2009.0,1,0,FULTON (121),ATLANTA
2018,10701,Georgia,0,2,2,April,27,Friday,20,CAMPBELLTON ROAD,Local Street - Municipality,Urban,Minor Arterial,County Highway Agency,77.65251238499646,33.81295104525722,-83.16331036904157,Motor Vehicle In-Transport,Not Reported,Not an Intersection,On Roadway,,Not Reported,Not Reported,0,0,2013.0,0,0,FULTON (121),ATLANTA
2018,10702,Georgia,0,1,2,May,10,Thursday,3,CR-FAIRBURN ROAD,County Road,Urban,Principal Arterial - Other,County Highway Agency,3.0,33.71376667,-84.50649722,Curb,Not a Collision with Motor Vehicle In-Transport,Not an Intersection,On Roadside,Construction,Dark - Not Lighted,Clear,0,0,1994.0,1,0,FULTON (121),NOT APPLICABLE
2018,10702,Georgia,0,1,2,May,10,Thursday,3,CR-FAIRBURN ROAD,County Road,Urban,Principal Arterial - Other,County Highway Agency,3.0,33.71376667,-84.50649722,Curb,Not a Collision with Motor Vehicle In-Transport,Not an Intersection,On Roadside,Construction,Dark - Not Lighted,Clear,0,0,2013.0,0,0,FULTON (121),NOT APPLICABLE
2018,10703,Georgia,1,1,1,May,20,Sunday,5,SR-279,State Highway,Urban,Minor Arterial,State Highway Agency,77.65251238499646,33.81295104525722,-83.16331036904157,Pedestrian,Not a Collision with Motor Vehicle In-Transport,Not Reported,On Roadway,,Dark - Unknown Lighting,Not Reported,0,0,2000.0,1,0,FULTON (121),Not Reported
2018,10704,Georgia,0,2,4,May,21,Monday,17,US-29 SR-14,U.S. Highway,Urban,Principal Arterial - Other,State Highway Agency,120.0,33.61262222,-84.52016667,Motor Vehicle In-Transport,Angle,T-Intersection,On Roadway,,Daylight,Not Reported,0,0,2001.0,1,0,FULTON (121),ATLANTA
2018,10705,Georgia,0,1,1,September,15,Saturday,19,US-27 SR-1,U.S. Highway,Rural,Principal Arterial - Other,State Highway Agency,72.0,34.47692222,-85.29654167,Embankment,Not a Collision with Motor Vehicle In-Transport,Not an Intersection,On Roadside,,Daylight,Clear,0,0,2006.0,2,1,CHATTOOGA (55),NOT APPLICABLE
2018,10705,Georgia,0,1,1,September,15,Saturday,19,US-27 SR-1,U.S. Highway,Rural,Principal Arterial - Other,State Highway Agency,72.0,34.47692222,-85.29654167,Embankment,Not a Collision with Motor Vehicle In-Transport,Not an Intersection,On Roadside,,Daylight,Clear,0,0,2013.0,0,0,CHATTOOGA (55),NOT APPLICABLE
2018,10706,Georgia,0,2,3,September,15,Saturday,12,CR-ANTIOCH ROAD,County Road,Urban,Minor Collector,County Highway Agency,78.0,31.11008889,-83.45517778,Motor Vehicle In-Transport,Angle,Not an Intersection,On Roadway,,Daylight,Clear,0,0,2009.0,0,0,COOK (75),NOT APPLICABLE
2018,10707,Georgia,0,1,4,September,15,Saturday,23,WITTENRIDGE DRIVE,Local Street - Municipality,Urban,Local,City or Municipal Highway Agency,0.0,34.05391111,-84.26009722,Fell/Jumped from Vehicle,Not a Collision with Motor Vehicle In-Transport,Not an Intersection,On Roadway,,Dark - Lighted,Cloudy,0,0,2003.0,1,1,FULTON (121),ALPHARETTA
2018,10708,Georgia,1,2,2,September,15,Saturday,19,SR-38,State Highway,Urban,Principal Arterial - Other,State Highway Agency,59.0,31.71283611,-81.74649722,Pedestrian,Not a Collision with Motor Vehicle In-Transport,Four-Way Intersection,On Roadway,,Daylight,Clear,0,0,2010.0,0,0,LONG (183),LUDOWICI
2018,10709,Georgia,0,2,4,September,15,Saturday,7,SR-27,State Highway,Rural,Minor Arterial,State Highway Agency,50.0,32.20795833,-83.54063611,Motor Vehicle In-Transport,Angle,Not an Intersection,On Roadway,,Daylight,Clear,0,0,2005.0,1,0,PULASKI (235),NOT APPLICABLE
2018,10709,Georgia,0,2,4,September,15,Saturday,7,SR-27,State Highway,Rural,Minor Arterial,State Highway Agency,50.0,32.20795833,-83.54063611,Motor Vehicle In-Transport,Angle,Not an Intersection,On Roadway,,Daylight,Clear,0,0,2018.0,0,0,PULASKI (235),NOT APPLICABLE
2018,10710,Georgia,0,2,2,September,15,Saturday,6,US-1 SR-4,U.S. Highway,Rural,Principal Arterial - Other,State Highway Agency,1.0,31.95411389,-82.35338611,Motor Vehicle In-Transport,Front-to-Front,Not an Intersection,On Roadway,,Dark - Not Lighted,Clear,0,0,2010.0,1,0,TOOMBS (279),NOT APPLICABLE
2018,10711,Georgia,0,2,3,September,15,Saturday,2,SR-11,State Highway,Rural,Minor Arterial,State Highway Agency,178.0,33.87572222,-83.72095,Motor Vehicle In-Transport,Front-to-Front,Not an Intersection,On Roadway,,Dark - Not Lighted,Clear,0,0,2008.0,1,0,WALTON (297),NOT APPLICABLE
2018,10711,Georgia,0,2,3,September,15,Saturday,2,SR-11,State Highway,Rural,Minor Arterial,State Highway Agency,178.0,33.87572222,-83.72095,Motor Vehicle In-Transport,Front-to-Front,Not an Intersection,On Roadway,,Dark - Not Lighted,Clear,0,0,2018.0,0,0,WALTON (297),NOT APPLICABLE
2018,10712,Georgia,0,1,1,September,16,Sunday,21,I-75 RAMP,Interstate,Urban,Interstate,State Highway Agency,67.0,33.59163611,-84.38508056,Concrete Traffic Barrier,Not a Collision with Motor Vehicle In-Transport,Not an Intersection,On Roadside,,Dark - Not Lighted,Clear,0,0,1999.0,1,1,CLAYTON (63),NOT APPLICABLE
2018,10713,Georgia,1,1,5,September,16,Sunday,10,SR-10,State Highway,Urban,Principal Arterial - Other,State Highway Agency,86.0,33.79548056,-84.22576667,Pedestrian,Not a Collision with Motor Vehicle In-Transport,T-Intersection,On Roadway,,Daylight,Cloudy,0,0,2016.0,1,0,DEKALB (89),NOT APPLICABLE
2018,10713,Georgia,1,1,5,September,16,Sunday,10,SR-10,State Highway,Urban,Principal Arterial - Other,State Highway Agency,86.0,33.79548056,-84.22576667,Pedestrian,Not a Collision with Motor Vehicle In-Transport,T-Intersection,On Roadway,,Daylight,Cloudy,0,0,2002.0,0,0,DEKALB (89),NOT APPLICABLE
2018,10714,Georgia,1,1,1,September,16,Sunday,6,I-20 SR-402,Interstate,Urban,Interstate,State Highway Agency,101.0,33.73293889,-84.73746111,Pedestrian,Not a Collision with Motor Vehicle In-Transport,Not an Intersection,On Roadway,,Dark - Not Lighted,Cloudy,0,0,2012.0,1,0,DOUGLAS (97),DOUGLASVILLE
2018,10714,Georgia,1,1,1,September,16,Sunday,6,I-20 SR-402,Interstate,Urban,Interstate,State Highway Agency,101.0,33.73293889,-84.73746111,Pedestrian,Not a Collision with Motor Vehicle In-Transport,Not an Intersection,On Roadway,,Dark - Not Lighted,Cloudy,0,0,2017.0,0,0,DOUGLAS (97),DOUGLASVILLE
2018,10715,Georgia,0,2,4,September,16,Sunday,3,EDGEWOOD AVE,Local Street - Municipality,Urban,Local,City or Municipal Highway Agency,1.0,33.75442222,-84.37943056,Motor Vehicle In-Transport,Angle,Four-Way Intersection,On Roadway,,Dark - Lighted,Clear,0,0,2006.0,1,0,FULTON (121),ATLANTA
2018,10716,Georgia,0,1,1,September,18,Tuesday,5,US-25 SR-26,U.S. Highway,Rural,Principal Arterial - Other,State Highway Agency,108.0,32.45529722,-81.78365278,Rollover/Overturn,Not a Collision with Motor Vehicle In-Transport,T-Intersection,On Roadway,,Dark - Not Lighted,Clear,0,0,2014.0,0,0,BULLOCH (31),NOT APPLICABLE
2018,10717,Georgia,0,1,1,September,18,Tuesday,18,US-17 SR-25,U.S. Highway,Rural,Minor Arterial,State Highway Agency,55.0,31.41165556,-81.43092222,Tree (Standing Only),Not a Collision with Motor Vehicle In-Transport,Not an Intersection,On Roadside,,Daylight,Clear,0,0,2012.0,1,0,MCINTOSH (191),NOT APPLICABLE
2018,10717,Georgia,0,1,1,September,18,Tuesday,18,US-17 SR-25,U.S. Highway,Rural,Minor Arterial,State Highway Agency,55.0,31.41165556,-81.43092222,Tree (Standing Only),Not a Collision with Motor Vehicle In-Transport,Not an Intersection,On Roadside,,Daylight,Clear,0,0,1996.0,0,0,MCINTOSH (191),NOT APPLICABLE
2018,10717,Georgia,0,1,1,September,18,Tuesday,18,US-17 SR-25,U.S. Highway,Rural,Minor Arterial,State Highway Agency,55.0,31.41165556,-81.43092222,Tree (Standing Only),Not a Collision with Motor Vehicle In-Transport,Not an Intersection,On Roadside,,Daylight,Clear,0,0,2013.0,0,0,MCINTOSH (191),NOT APPLICABLE
2018,10718,Georgia,0,1,3,September,18,Tuesday,7,SR-33,State Highway,Rural,Major Collector,State Highway Agency,160.0,31.02386389,-83.76074722,Culvert,Not a Collision with Motor Vehicle In-Transport,Not an Intersection,On Roadside,,Daylight,Clear,0,0,2007.0,1,0,THOMAS (275),NOT APPLICABLE
2018,10719,Georgia,1,1,1,September,18,Tuesday,18,US-319 SR-35,U.S. Highway,Urban,Principal Arterial - Other,State Highway Agency,170.0,30.91484722,-83.91883611,Pedalcyclist,Not a Collision with Motor Vehicle In-Transport,Not an Intersection,On Roadway,,Daylight,Clear,0,0,2003.0,1,0,THOMAS (275),NOT APPLICABLE
2018,10720,Georgia,0,2,2,September,19,Wednesday,13,CR-CHURCH ROAD,County Road,Urban,Local,County Highway Agency,12.0,33.87725278,-84.565975,Motor Vehicle In-Transport,Front-to-Front,Not an Intersection,On Roadway,,Daylight,Clear,0,0,2011.0,0,0,COBB (67),NOT APPLICABLE
2018,10720,Georgia,0,2,2,September,19,Wednesday,13,CR-CHURCH ROAD,County Road,Urban,Local,County Highway Agency,12.0,33.87725278,-84.565975,Motor Vehicle In-Transport,Front-to-Front,Not an Intersection,On Roadway,,Daylight,Clear,0,0,2003.0,1,1,COBB (67),NOT APPLICABLE
2018,10721,Georgia,0,2,2,September,19,Wednesday,22,I-20 SR-402,Interstate,Urban,Interstate,State Highway Agency,21.0,33.71501111,-84.30218611,Motor Vehicle In-Transport,Front-to-Rear,Not an Intersection,On Roadway,,Dark - Lighted,Clear,0,0,2017.0,1,0,DEKALB (89),DECATUR
2018,10721,Georgia,0,2,2,September,19,Wednesday,22,I-20 SR-402,Interstate,Urban,Interstate,State Highway Agency,21.0,33.71501111,-84.30218611,Motor Vehicle In-Transport,Front-to-Rear,Not an Intersection,On Roadway,,Dark - Lighted,Clear,0,0,2014.0,0,0,DEKALB (89),DECATUR
2018,10722,Georgia,0,3,4,September,19,Wednesday,23,I-20 SR-402,Interstate,Urban,Interstate,State Highway Agency,32.0,33.71812222,-84.31530556,Motor Vehicle In-Transport,Front-to-Rear,Not an Intersection,On Roadway,,Dark - Lighted,Clear,0,0,1999.0,1,0,DEKALB (89),NOT APPLICABLE
2018,10722,Georgia,0,3,4,September,19,Wednesday,23,I-20 SR-402,Interstate,Urban,Interstate,State Highway Agency,32.0,33.71812222,-84.31530556,Motor Vehicle In-Transport,Front-to-Rear,Not an Intersection,On Roadway,,Dark - Lighted,Clear,0,0,2012.0,0,0,DEKALB (89),NOT APPLICABLE
2018,10723,Georgia,0,2,5,September,19,Wednesday,6,I-85 SR-403,Interstate,Urban,Interstate,State Highway Agency,75.0,33.95638611,-84.12106944,Motor Vehicle In-Transport,Angle,Not an Intersection,On Roadway,,Dark - Lighted,Clear,0,0,2009.0,1,0,GWINNETT (135),NOT APPLICABLE
2018,10724,Georgia,0,2,2,September,19,Wednesday,13,SR-32,State Highway,Rural,Minor Arterial,State Highway Agency,169.0,31.59295556,-83.23680278,Motor Vehicle In-Transport,Front-to-Front,Not an Intersection,On Roadway,,Daylight,Cloudy,0,0,2014.0,0,0,IRWIN (155),OCILLA
2018,10724,Georgia,0,2,2,September,19,Wednesday,13,SR-32,State Highway,Rural,Minor Arterial,State Highway Agency,169.0,31.59295556,-83.23680278,Motor Vehicle In-Transport,Front-to-Front,Not an Intersection,On Roadway,,Daylight,Cloudy,0,0,2012.0,1,0,IRWIN (155),OCILLA
2018,10725,Georgia,0,1,3,September,20,Thursday,1,CR-GEORGE LUTHER DRIVE,County Road,Urban,Local,County Highway Agency,7.0,33.770875,-84.23268333,Embankment,Not a Collision with Motor Vehicle In-Transport,T-Intersection,On Roadside,,Dark - Not Lighted,Clear,0,0,2008.0,0,0,DEKALB (89),NOT APPLICABLE
2018,10726,Georgia,0,1,2,September,21,Friday,2,CR-GLADE ROAD,County Road,Urban,Minor Arterial,County Highway Agency,5.0,34.08590833,-84.67663333,Live Animal,Not a Collision with Motor Vehicle In-Transport,Not an Intersection,On Roadway,,Dark - Not Lighted,Clear,0,0,2007.0,1,1,BARTOW (15),NOT APPLICABLE
2018,10727,Georgia,0,2,2,September,21,Friday,9,US-19 SR-400,U.S. Highway,Urban,Principal Arterial - Other,State Highway Agency,23.0,34.36236944,-84.03815278,Motor Vehicle In-Transport,Angle,Four-Way Intersection,On Roadway,,Daylight,Clear,0,0,2015.0,1,0,DAWSON (85),NOT APPLICABLE
2018,10727,Georgia,0,2,2,September,21,Friday,9,US-19 SR-400,U.S. Highway,Urban,Principal Arterial - Other,State Highway Agency,23.0,34.36236944,-84.03815278,Motor Vehicle In-Transport,Angle,Four-Way Intersection,On Roadway,,Daylight,Clear,0,0,1999.0,0,0,DAWSON (85),NOT APPLICABLE
2018,10728,Georgia,0,2,6,September,21,Friday,20,US-23 SR-42,U.S. Highway,Urban,Principal Arterial - Other,State Highway Agency,1.0,33.68767222,-84.34923333,Motor Vehicle In-Transport,Angle,Not an Intersection,On Roadway,,Dark - Lighted,Clear,0,0,2005.0,0,0,FULTON (121),ATLANTA
2018,10729,Georgia,0,1,3,September,21,Friday,3,SR-15,State Highway,Urban,Principal Arterial - Other,State Highway Agency,147.0,34.20017222,-83.43286111,Tree (Standing Only),Not a Collision with Motor Vehicle In-Transport,Not an Intersection,On Roadside,Maintenance,Dark - Not Lighted,Clear,0,0,2007.0,1,0,JACKSON (157),NOT APPLICABLE
2018,10729,Georgia,0,1,3,September,21,Friday,3,SR-15,State Highway,Urban,Principal Arterial - Other,State Highway Agency,147.0,34.20017222,-83.43286111,Tree (Standing Only),Not a Collision with Motor Vehicle In-Transport,Not an Intersection,On Roadside,Maintenance,Dark - Not Lighted,Clear,0,0,2007.0,0,0,JACKSON (157),NOT APPLICABLE
2018,10730,Georgia,1,1,1,September,21,Friday,2,I-95 SR-405,Interstate,Rural,Interstate,State Highway Agency,94.0,31.46501944,-81.44660833,Pedestrian,Not a Collision with Motor Vehicle In-Transport,Not an Intersection,On Roadway,,Dark - Not Lighted,Clear,0,0,2006.0,1,0,MCINTOSH (191),NOT APPLICABLE
2018,10730,Georgia,1,1,1,September,21,Friday,2,I-95 SR-405,Interstate,Rural,Interstate,State Highway Agency,94.0,31.46501944,-81.44660833,Pedestrian,Not a Collision with Motor Vehicle In-Transport,Not an Intersection,On Roadway,,Dark - Not Lighted,Clear,0,0,2016.0,0,0,MCINTOSH (191),NOT APPLICABLE
2018,10731,Georgia,0,1,1,September,22,Saturday,17,SR-14 SPIR,State Highway,Urban,Minor Arterial,State Highway Agency,38.0,33.07513889,-84.99628056,Rollover/Overturn,Not a Collision with Motor Vehicle In-Transport,Not an Intersection,On Shoulder,,Daylight,Rain,0,0,2003.0,1,0,TROUP (285),NOT APPLICABLE
2018,10732,Georgia,0,2,3,September,22,Saturday,2,CR-COSTLEY RD,County Road,Rural,Local,County Highway Agency,19.0,33.05177778,-84.89185278,Motor Vehicle In-Transport,Front-to-Rear,Not an Intersection,On Roadway,,Dark - Not Lighted,Clear,0,0,2004.0,0,0,TROUP (285),NOT APPLICABLE
2018,10732,Georgia,0,2,3,September,22,Saturday,2,CR-COSTLEY RD,County Road,Rural,Local,County Highway Agency,19.0,33.05177778,-84.89185278,Motor Vehicle In-Transport,Front-to-Rear,Not an Intersection,On Roadway,,Dark - Not Lighted,Clear,0,0,2009.0,2,0,TROUP (285),NOT APPLICABLE
2018,10733,Georgia,0,1,1,September,22,Saturday,23,CR-PLEASANT VALLEY ROAD,County Road,Rural,Local,County Highway Agency,16.0,32.93834722,-84.47845833,Ditch,Not a Collision with Motor Vehicle In-Transport,Not an Intersection,On Roadside,,Dark - Not Lighted,Clear,0,0,2013.0,0,0,UPSON (293),NOT APPLICABLE
2018,10733,Georgia,0,1,1,September,22,Saturday,23,CR-PLEASANT VALLEY ROAD,County Road,Rural,Local,County Highway Agency,16.0,32.93834722,-84.47845833,Ditch,Not a Collision with Motor Vehicle In-Transport,Not an Intersection,On Roadside,,Dark - Not Lighted,Clear,0,0,1994.0,1,0,UPSON (293),NOT APPLICABLE
2018,10734,Georgia,1,3,7,September,23,Sunday,21,US-9 SR-400,U.S. Highway,Urban,Principal Arterial - Freeways,State Highway Agency,87.0,33.97229722,-84.34665,Pedestrian,Not a Collision with Motor Vehicle In-Transport,Not an Intersection,On Roadway,,Daylight,Clear,0,0,2007.0,1,0,FULTON (121),SANDY SPRINGS
2018,10735,Georgia,0,1,1,September,23,Sunday,24,CR-CORINTH POSEYVILLE ROAD,County Road,Rural,Local,County Highway Agency,2.0,33.76915278,-85.14676944,Tree (Standing Only),Not a Collision with Motor Vehicle In-Transport,Not an Intersection,On Roadside,,Dark - Not Lighted,Clear,0,0,1999.0,1,0,HARALSON (143),NOT APPLICABLE
2018,10735,Georgia,0,1,1,September,23,Sunday,24,CR-CORINTH POSEYVILLE ROAD,County Road,Rural,Local,County Highway Agency,2.0,33.76915278,-85.14676944,Tree (Standing Only),Not a Collision with Motor Vehicle In-Transport,Not an Intersection,On Roadside,,Dark - Not Lighted,Clear,0,0,2002.0,0,0,HARALSON (143),NOT APPLICABLE
2018,10736,Georgia,0,1,1,September,23,Sunday,20,SR-201,State Highway,Rural,Major Collector,State Highway Agency,24.0,34.755175,-85.10085,Tree (Standing Only),Not a Collision with Motor Vehicle In-Transport,Not an Intersection,On Roadside,,Dark - Not Lighted,Cloudy,0,0,2004.0,1,0,WHITFIELD (313),NOT APPLICABLE
2018,10736,Georgia,0,1,1,September,23,Sunday,20,SR-201,State Highway,Rural,Major Collector,State Highway Agency,24.0,34.755175,-85.10085,Tree (Standing Only),Not a Collision with Motor Vehicle In-Transport,Not an Intersection,On Roadside,,Dark - Not Lighted,Cloudy,0,0,2013.0,0,0,WHITFIELD (313),NOT APPLICABLE
2018,10737,Georgia,0,2,2,September,24,Monday,20,SR-6,State Highway,Urban,Principal Arterial - Other,State Highway Agency,29.0,33.78294167,-84.60943611,Motor Vehicle In-Transport,Front-to-Rear,Not an Intersection,On Roadway,,Dark - Not Lighted,Cloudy,0,0,2008.0,1,1,DOUGLAS (97),NOT APPLICABLE
2018,10738,Georgia,0,2,3,September,24,Monday,6,SR-56,State Highway,Urban,Minor Arterial,State Highway Agency,23.0,33.28730556,-81.958675,Motor Vehicle In-Transport,Angle,T-Intersection,On Roadway,,Dark - Not Lighted,Clear,0,0,2001.0,1,0,RICHMOND (245),AUGUSTA