YEAR,ST_CASE,STATENAME,NUM_PEDS,NUM_VEHC,PERSONS,MONTHNAME,DAYNAME,DAY_WEEKNAME,HOUR,ROAD_NAME,ROUTENAME,RUR_URBNAME,FUNC_SYSNAME,RD_OWNERNAME,MILE_MARKER,LATITUDE,LONGITUD,HARM_EVNAME,COLLISION_TYPE,TYP_INTNAME,REL_ROADNAME,WRK_ZONENAME,LGT_CONDNAME,WEATHERNAME,SCH_BUS,HIT_RUN,MOD_YEAR,DEATHS,DR_DRINK,COUNTYNAME,CITYNAME
2019,10068,Georgia,0,4,6,May,8,Wednesday,20,US-SR24,U.S. Highway,Rural,Principal Arterial - Other,State Highway Agency,148.0,33.353125,-83.39080278,Motor Vehicle In-Transport,Sideswipe - Opposite Direction,Not an Intersection,On Roadway,Construction,Daylight,Cloudy,0,0,2009.0,1,0,PUTNAM (237),EATONTON
2019,10068,Georgia,0,4,6,May,8,Wednesday,20,US-SR24,U.S. Highway,Rural,Principal Arterial - Other,State Highway Agency,148.0,33.353125,-83.39080278,Motor Vehicle In-Transport,Sideswipe - Opposite Direction,Not an Intersection,On Roadway,Construction,Daylight,Cloudy,0,0,2009.0,0,0,PUTNAM (237),EATONTON
2019,10068,Georgia,0,4,6,May,8,Wednesday,20,US-SR24,U.S. Highway,Rural,Principal Arterial - Other,State Highway Agency,148.0,33.353125,-83.39080278,Motor Vehicle In-Transport,Sideswipe - Opposite Direction,Not an Intersection,On Roadway,Construction,Daylight,Cloudy,0,0,2011.0,0,0,PUTNAM (237),EATONTON
2019,10069,Georgia,0,1,1,May,9,Thursday,18,US-SR73,U.S. Highway,Urban,Principal Arterial - Other,State Highway Agency,85.0,32.37773333,-81.84090833,Mail Box,Not a Collision,Not an Intersection,On Roadside,,Daylight,Clear,0,0,2014.0,0,0,BULLOCH (31),NOT APPLICABLE
2019,10069,Georgia,0,1,1,May,9,Thursday,18,US-SR73,U.S. Highway,Urban,Principal Arterial - Other,State Highway Agency,85.0,32.37773333,-81.84090833,Mail Box,Not a Collision,Not an Intersection,On Roadside,,Daylight,Clear,0,0,2007.0,1,0,BULLOCH (31),NOT APPLICABLE
2019,10070,Georgia,0,2,4,May,9,Thursday,4,I-75,Interstate,Urban,Interstate,State Highway Agency,39.0,33.70318056,-84.40416111,Motor Vehicle In-Transport,Front-to-Rear,Not an Intersection,On Roadway,,Dark - Lighted,Clear,0,0,1996.0,1,0,FULTON (121),ATLANTA
2019,10071,Georgia,0,1,1,May,9,Thursday,19,CR-22 FIELDS CROSSING RD,County Road,Rural,Local,County Highway Agency,19.0,32.27818056,-83.99707222,Rollover/Overturn,Not a Collision,Not an Intersection,On Roadside,,Daylight,Cloudy,0,0,2017.0,1,0,MACON (193),NOT APPLICABLE
2019,10072,Georgia,0,1,1,May,10,Friday,6,CR-1572 OLD ANVIL BLOCK RD,County Road,Urban,Local,County Highway Agency,2.0,33.63135278,-84.30651944,Curb,Not a Collision,Not an Intersection,On Roadside,,Dawn,Cloudy,0,0,2002.0,1,0,CLAYTON (63),NOT APPLICABLE
2019,10073,Georgia,0,2,4,May,10,Friday,12,CR-1775 N PEACHTREE RD,County Road,Urban,Minor Collector,County Highway Agency,9.0,33.91181667,-84.29845556,Motor Vehicle In-Transport,Angle,Y-Intersection,On Roadway,,Daylight,Clear,0,0,2013.0,1,0,DEKALB (89),CHAMBLEE
2019,10074,Georgia,0,1,2,May,10,Friday,24,I-285,Interstate,Urban,Interstate,State Highway Agency,24.0,33.65966111,-84.49774444,Embankment,Not a Collision,Not an Intersection,On Roadside,,Dark - Not Lighted,Cloudy,0,0,2005.0,0,0,FULTON (121),EAST POINT
2019,10074,Georgia,0,1,2,May,10,Friday,24,I-285,Interstate,Urban,Interstate,State Highway Agency,24.0,33.65966111,-84.49774444,Embankment,Not a Collision,Not an Intersection,On Roadside,,Dark - Not Lighted,Cloudy,0,0,2005.0,1,0,FULTON (121),EAST POINT
2019,10075,Georgia,0,1,2,May,11,Saturday,16,US-SR22 EISENHOWER PKWY,U.S. Highway,Urban,Minor Arterial,State Highway Agency,78.0,32.80396111,-83.73596667,Ditch,Not a Collision,Not an Intersection,On Roadside,,Daylight,Rain,0,0,2012.0,1,1,BIBB (21),MACON
2019,10076,Georgia,0,3,5,May,11,Saturday,11,SR-42,State Highway,Rural,Major Collector,State Highway Agency,33.0,32.66893889,-83.86741667,Motor Vehicle In-Transport,Front-to-Rear,Not an Intersection,On Roadway,,Daylight,Clear,0,0,2002.0,1,0,CRAWFORD (79),NOT APPLICABLE
2019,10076,Georgia,0,3,5,May,11,Saturday,11,SR-42,State Highway,Rural,Major Collector,State Highway Agency,33.0,32.66893889,-83.86741667,Motor Vehicle In-Transport,Front-to-Rear,Not an Intersection,On Roadway,,Daylight,Clear,0,0,2019.0,0,0,CRAWFORD (79),NOT APPLICABLE
2019,10077,Georgia,0,2,2,May,11,Saturday,2,I-285,Interstate,Urban,Interstate,State Highway Agency,58.0,33.86780278,-84.24928889,Motor Vehicle In-Transport,Front-to-Front,Not an Intersection,On Roadway,,Dark - Not Lighted,Cloudy,0,0,2015.0,1,0,DEKALB (89),NOT APPLICABLE
2019,10078,Georgia,0,1,2,May,11,Saturday,18,CR-1972 PLEASANT VALLEY DR,County Road,Urban,Local,County Highway Agency,0.0,33.90665,-84.26448889,Utility Pole/Light Support,Not a Collision,Not an Intersection,On Roadside,,Daylight,Clear,0,0,2001.0,0,0,DEKALB (89),NOT APPLICABLE
2019,10078,Georgia,0,1,2,May,11,Saturday,18,CR-1972 PLEASANT VALLEY DR,County Road,Urban,Local,County Highway Agency,0.0,33.90665,-84.26448889,Utility Pole/Light Support,Not a Collision,Not an Intersection,On Roadside,,Daylight,Clear,0,0,2015.0,1,0,DEKALB (89),NOT APPLICABLE
2019,10079,Georgia,0,3,3,May,11,Saturday,5,I-85,Interstate,Urban,Interstate,State Highway Agency,72.0,33.95390833,-84.12603056,Parked Motor Vehicle,Not a Collision,Not an Intersection,On Shoulder,,Dark - Lighted,Cloudy,0,0,2002.0,0,0,GWINNETT (135),NOT APPLICABLE
2019,10080,Georgia,1,1,1,May,12,Sunday,5,CR-9596 SNAPFINGER RD,County Road,Urban,Principal Arterial - Other,State Highway Agency,5.0,33.6926,-84.2033,Pedestrian,Not a Collision,Not an Intersection,On Roadway,,Dark - Not Lighted,Clear,0,0,2009.0,1,0,DEKALB (89),NOT APPLICABLE
2019,10081,Georgia,1,1,2,May,12,Sunday,24,SR-92,State Highway,Urban,Principal Arterial - Other,State Highway Agency,132.0,33.77649167,-84.74734444,Pedestrian,Not a Collision,Not an Intersection,On Roadway,Construction,Dark - Not Lighted,Rain,0,0,2015.0,1,0,DOUGLAS (97),NOT APPLICABLE
2019,10081,Georgia,1,1,2,May,12,Sunday,24,SR-92,State Highway,Urban,Principal Arterial - Other,State Highway Agency,132.0,33.77649167,-84.74734444,Pedestrian,Not a Collision,Not an Intersection,On Roadway,Construction,Dark - Not Lighted,Rain,0,0,2007.0,0,0,DOUGLAS (97),NOT APPLICABLE
2019,10082,Georgia,0,1,3,May,12,Sunday,2,CR-17 RADCLIFFE RD,County Road,Urban,Local,County Highway Agency,1.0,31.17961667,-81.593175,"Post, Pole or Other Supports",Not a Collision,Not an Intersection,On Roadside,,Dark - Not Lighted,Clear,0,0,1998.0,0,0,GLYNN (127),NOT APPLICABLE
2019,10082,Georgia,0,1,3,May,12,Sunday,2,CR-17 RADCLIFFE RD,County Road,Urban,Local,County Highway Agency,1.0,31.17961667,-81.593175,"Post, Pole or Other Supports",Not a Collision,Not an Intersection,On Roadside,,Dark - Not Lighted,Clear,0,1,2008.0,0,0,GLYNN (127),NOT APPLICABLE
2019,10083,Georgia,0,2,2,May,13,Monday,3,I-285,Interstate,Urban,Interstate,State Highway Agency,128.0,33.79930833,-84.24953611,Motor Vehicle In-Transport,Front-to-Rear,Not an Intersection,On Roadway,,Dark - Not Lighted,Clear,0,0,2015.0,1,0,DEKALB (89),NOT APPLICABLE
2019,10083,Georgia,0,2,2,May,13,Monday,3,I-285,Interstate,Urban,Interstate,State Highway Agency,128.0,33.79930833,-84.24953611,Motor Vehicle In-Transport,Front-to-Rear,Not an Intersection,On Roadway,,Dark - Not Lighted,Clear,0,0,2015.0,0,0,DEKALB (89),NOT APPLICABLE
2019,10084,Georgia,0,3,5,May,13,Monday,10,SR-236 LAVISTA RD,State Highway,Urban,Minor Arterial,State Highway Agency,65.0,33.84646111,-84.25174444,Motor Vehicle In-Transport,Angle,Four-Way Intersection,On Roadway,,Daylight,Clear,0,0,2008.0,0,0,DEKALB (89),NOT APPLICABLE
2019,10084,Georgia,0,3,5,May,13,Monday,10,SR-236 LAVISTA RD,State Highway,Urban,Minor Arterial,State Highway Agency,65.0,33.84646111,-84.25174444,Motor Vehicle In-Transport,Angle,Four-Way Intersection,On Roadway,,Daylight,Clear,0,0,1992.0,1,0,DEKALB (89),NOT APPLICABLE
2019,10085,Georgia,1,1,1,May,13,Monday,24,US-SR9 ROSWELL RD,U.S. Highway,Urban,Principal Arterial - Other,State Highway Agency,63.0,33.8561,-84.38265,Pedestrian,Not a Collision,Not an Intersection,On Roadway,,Dark - Lighted,Clear,0,0,1997.0,1,1,FULTON (121),ATLANTA
2019,10086,Georgia,0,2,2,May,14,Tuesday,12,SR-22,State Highway,Rural,Minor Arterial,State Highway Agency,134.0,33.13864444,-83.12675,Motor Vehicle In-Transport,Front-to-Front,Not an Intersection,On Roadway,,Daylight,Clear,0,0,2001.0,1,0,BALDWIN (9),NOT APPLICABLE
2019,10086,Georgia,0,2,2,May,14,Tuesday,12,SR-22,State Highway,Rural,Minor Arterial,State Highway Agency,134.0,33.13864444,-83.12675,Motor Vehicle In-Transport,Front-to-Front,Not an Intersection,On Roadway,,Daylight,Clear,0,0,1996.0,1,0,BALDWIN (9),NOT APPLICABLE
2019,10087,Georgia,1,1,1,May,14,Tuesday,3,US-SR3 TARA BLVD,U.S. Highway,Urban,Principal Arterial - Other,State Highway Agency,12.0,33.44516389,-84.32344444,Pedestrian,Not a Collision,Not an Intersection,On Roadway,Construction,Dark - Not Lighted,Clear,0,0,2014.0,1,1,CLAYTON (63),NOT APPLICABLE
2019,10089,Georgia,0,2,2,May,14,Tuesday,11,CR-2369 CHAPEL HILL RD,County Road,Urban,Minor Arterial,State Highway Agency,47.0,33.67464722,-84.719,Motor Vehicle In-Transport,Angle,T-Intersection,On Roadway,,Daylight,Clear,0,0,2004.0,0,0,DOUGLAS (97),NOT APPLICABLE
2019,10089,Georgia,0,2,2,May,14,Tuesday,11,CR-2369 CHAPEL HILL RD,County Road,Urban,Minor Arterial,State Highway Agency,47.0,33.67464722,-84.719,Motor Vehicle In-Transport,Angle,T-Intersection,On Roadway,,Daylight,Clear,0,0,2001.0,0,0,DOUGLAS (97),NOT APPLICABLE
2019,10089,Georgia,0,2,2,May,14,Tuesday,11,CR-2369 CHAPEL HILL RD,County Road,Urban,Minor Arterial,State Highway Agency,47.0,33.67464722,-84.719,Motor Vehicle In-Transport,Angle,T-Intersection,On Roadway,,Daylight,Clear,0,0,1992.0,0,0,DOUGLAS (97),NOT APPLICABLE
2019,10090,Georgia,1,1,1,May,14,Tuesday,22,I-85,Interstate,Urban,Interstate,State Highway Agency,140.0,34.02793056,-84.05070556,Pedestrian,Not a Collision,Not an Intersection,On Roadway,,Dark - Not Lighted,Clear,0,0,2003.0,1,1,GWINNETT (135),LILBURN
2019,10090,Georgia,1,1,1,May,14,Tuesday,22,I-85,Interstate,Urban,Interstate,State Highway Agency,140.0,34.02793056,-84.05070556,Pedestrian,Not a Collision,Not an Intersection,On Roadway,,Dark - Not Lighted,Clear,0,0,2004.0,0,0,GWINNETT (135),LILBURN
2019,10091,Georgia,0,2,2,May,15,Wednesday,20,SR-88,State Highway,Rural,Principal Arterial - Other,State Highway Agency,88.0,33.14403333,-82.51658333,Motor Vehicle In-Transport,Front-to-Front,Not an Intersection,On Roadway,,Dusk,Clear,0,0,2016.0,1,0,JEFFERSON (163),NOT APPLICABLE
2019,10092,Georgia,0,1,7,May,15,Wednesday,20,CR-277 BATTLE CREEK CHURCH RD,County Road,Rural,Local,County Highway Agency,34.0,31.99559444,-82.04458056,Rollover/Overturn,Not a Collision,Not an Intersection,On Roadside,,Daylight,Clear,0,0,1985.0,1,0,TATTNALL (267),NOT APPLICABLE
2019,10093,Georgia,1,1,1,May,16,Thursday,1,I-75,Interstate,Urban,Interstate,State Highway Agency,3.0,33.65284444,-84.39603333,Pedestrian,Not a Collision,Not an Intersection,On Roadway,,Dark - Lighted,Clear,0,0,2003.0,1,0,FULTON (121),ATLANTA
2019,10094,Georgia,1,1,1,May,16,Thursday,23,W LAKE AVE,Local Street - Municipality,Urban,Minor Arterial,City or Municipal Highway Agency,17.0,33.75290278,-84.44428611,Non-Motorist on Personal Conveyance,Not a Collision,Not an Intersection,On Roadway,,Dark - Lighted,Clear,0,0,2008.0,0,0,FULTON (121),ATLANTA
2019,10095,Georgia,0,2,4,May,16,Thursday,7,SR-120,State Highway,Rural,Minor Arterial,State Highway Agency,121.0,33.81614444,-85.12189722,Motor Vehicle In-Transport,Front-to-Front,Not an Intersection,On Roadway,,Daylight,Clear,0,0,1996.0,1,0,HARALSON (143),NOT APPLICABLE
2019,10096,Georgia,0,3,6,May,16,Thursday,11,I-75,Interstate,Urban,Interstate,State Highway Agency,90.0,33.42003889,-84.17202222,Motor Vehicle In-Transport,Front-to-Rear,Not an Intersection,On Roadway,,Daylight,Clear,0,0,2001.0,1,1,HENRY (151),NOT APPLICABLE
2019,10096,Georgia,0,3,6,May,16,Thursday,11,I-75,Interstate,Urban,Interstate,State Highway Agency,90.0,33.42003889,-84.17202222,Motor Vehicle In-Transport,Front-to-Rear,Not an Intersection,On Roadway,,Daylight,Clear,0,0,2015.0,2,0,HENRY (151),NOT APPLICABLE
2019,10097,Georgia,0,1,1,May,16,Thursday,18,CR-260 FIVE BRIDGES RD,County Road,Rural,Major Collector,County Highway Agency,50.0,31.53231111,-83.29629722,Ditch,Not a Collision,Not an Intersection,On Roadside,,Daylight,Clear,0,0,1995.0,1,1,IRWIN (155),NOT APPLICABLE
2019,10098,Georgia,0,2,9,May,16,Thursday,15,US-SR67,U.S. Highway,Rural,Principal Arterial - Other,State Highway Agency,28.0,32.66565,-81.9408,Motor Vehicle In-Transport,Angle,Four-Way Intersection,On Roadway,,Daylight,Clear,0,0,2015.0,1,0,JENKINS (165),NOT APPLICABLE
2019,10098,Georgia,0,2,9,May,16,Thursday,15,US-SR67,U.S. Highway,Rural,Principal Arterial - Other,State Highway Agency,28.0,32.66565,-81.9408,Motor Vehicle In-Transport,Angle,Four-Way Intersection,On Roadway,,Daylight,Clear,0,0,2003.0,0,0,JENKINS (165),NOT APPLICABLE
2019,10099,Georgia,0,2,2,May,16,Thursday,20,CR-86 HI ROC RD,County Road,Urban,Minor Collector,County Highway Agency,19.0,33.70645556,-83.99003611,Rollover/Overturn,Not a Collision,Not an Intersection,On Roadway,,Daylight,Clear,0,0,2017.0,1,0,ROCKDALE (247),NOT APPLICABLE
2019,10099,Georgia,0,2,2,May,16,Thursday,20,CR-86 HI ROC RD,County Road,Urban,Minor Collector,County Highway Agency,19.0,33.70645556,-83.99003611,Rollover/Overturn,Not a Collision,Not an Intersection,On Roadway,,Daylight,Clear,0,0,2007.0,0,0,ROCKDALE (247),NOT APPLICABLE
2019,10100,Georgia,0,2,2,May,17,Friday,4,I-675,Interstate,Urban,Interstate,State Highway Agency,16.0,33.58033333,-84.27904722,Motor Vehicle In-Transport,Front-to-Rear,Not an Intersection,On Roadway,,Dark - Not Lighted,Clear,0,0,2004.0,1,1,CLAYTON (63),NOT APPLICABLE
2019,10100,Georgia,0,2,2,May,17,Friday,4,I-675,Interstate,Urban,Interstate,State Highway Agency,16.0,33.58033333,-84.27904722,Motor Vehicle In-Transport,Front-to-Rear,Not an Intersection,On Roadway,,Dark - Not Lighted,Clear,0,0,2013.0,0,0,CLAYTON (63),NOT APPLICABLE
2019,10101,Georgia,0,1,1,May,17,Friday,16,I-85,Interstate,Rural,Interstate,State Highway Agency,127.0,34.40560278,-83.19882778,Guardrail Face,Not a Collision,Not an Intersection,On Median,,Daylight,Clear,0,0,2003.0,0,0,FRANKLIN (119),NOT APPLICABLE
2019,10101,Georgia,0,1,1,May,17,Friday,16,I-85,Interstate,Rural,Interstate,State Highway Agency,127.0,34.40560278,-83.19882778,Guardrail Face,Not a Collision,Not an Intersection,On Median,,Daylight,Clear,0,0,2003.0,0,0,FRANKLIN (119),NOT APPLICABLE
2019,10102,Georgia,0,5,7,May,17,Friday,12,I-75/85,Interstate,Urban,Interstate,State Highway Agency,53.0,33.72188333,-84.39477222,Motor Vehicle In-Transport,Front-to-Rear,Not an Intersection,On Roadway,,Daylight,Cloudy,0,1,2008.0,0,0,FULTON (121),ATLANTA
2019,10103,Georgia,0,1,1,May,17,Friday,23,I-85 RAMP,Interstate,Urban,Interstate,State Highway Agency,305.0,33.8207,-84.36055,Tree (Standing Only),Not a Collision,T-Intersection,On Roadside,,Dark - Lighted,Clear,0,0,2014.0,1,0,FULTON (121),ATLANTA
2019,10104,Georgia,0,2,3,May,17,Friday,6,US-SR12,U.S. Highway,Rural,Minor Arterial,State Highway Agency,154.0,33.60203889,-83.11599167,Motor Vehicle In-Transport,Angle,T-Intersection,On Roadway,,Daylight,Clear,0,0,2010.0,1,0,GREENE (133),NOT APPLICABLE
2019,10105,Georgia,0,1,1,May,17,Friday,14,SR-193,State Highway,Urban,Minor Collector,State Highway Agency,184.0,34.86791667,-85.36582222,Embankment,Not a Collision,Not an Intersection,On Roadside,,Daylight,Clear,0,0,2004.0,1,1,WALKER (295),NOT APPLICABLE
2019,10106,Georgia,0,1,1,March,4,Monday,17,CR-GRATTON WARD RD,County Road,Rural,Local,County Highway Agency,18.0,30.72835833,-84.54623889,Ditch,Not a Collision,Not an Intersection,On Roadside,,Dark - Unknown Lighting,Not Reported,0,0,2009.0,0,0,DECATUR (87),ATTAPULGUS
2019,10107,Georgia,0,1,3,March,10,Sunday,22,CR-ANNISTOWN RD,County Road,Urban,Minor Arterial,County Highway Agency,3.0,33.80558333,-84.0493,Fell/Jumped from Vehicle,Not a Collision,Not an Intersection,On Roadway,,Dark - Unknown Lighting,Not Reported,0,0,2008.0,1,1,GWINNETT (135),SNELLVILLE
2019,10108,Georgia,0,1,1,May,18,Saturday,14,SR-293,State Highway,Urban,Minor Collector,State Highway Agency,140.0,34.24393333,-84.91095556,Guardrail End,Not a Collision,Not an Intersection,On Roadside,,Daylight,Clear,0,0,1989.0,1,0,BARTOW (15),NOT APPLICABLE
2019,10108,Georgia,0,1,1,May,18,Saturday,14,SR-293,State Highway,Urban,Minor Collector,State Highway Agency,140.0,34.24393333,-84.91095556,Guardrail End,Not a Collision,Not an Intersection,On Roadside,,Daylight,Clear,0,0,2003.0,0,0,BARTOW (15),NOT APPLICABLE
2019,10109,Georgia,0,1,2,May,18,Saturday,19,CR-OLD RIVER RD,County Road,Rural,Local,County Highway Agency,8.0,33.53234722,-84.96430833,Embankment,Not a Collision,Not an Intersection,On Roadside,,Daylight,Clear,0,0,2018.0,1,0,CARROLL (45),NOT APPLICABLE
2019,10110,Georgia,0,4,3,May,18,Saturday,21,PULASKI ST,Local Street - Municipality,Urban,Local,City or Municipal Highway Agency,0.0,33.95752778,-83.38004167,Motor Vehicle In-Transport,Angle,Not an Intersection,On Roadway,,Dark - Lighted,Clear,0,0,1970.0,0,0,CLARKE (59),ATHENS
2019,10110,Georgia,0,4,3,May,18,Saturday,21,PULASKI ST,Local Street - Municipality,Urban,Local,City or Municipal Highway Agency,0.0,33.95752778,-83.38004167,Motor Vehicle In-Transport,Angle,Not an Intersection,On Roadway,,Dark - Lighted,Clear,0,0,2004.0,0,0,CLARKE (59),ATHENS
2019,10111,Georgia,0,1,1,May,18,Saturday,24,CEDAR AVE,Local Street - Municipality,Rural,Minor Collector,City or Municipal Highway Agency,7.0,32.15269167,-81.94178611,Ditch,Not a Collision,Not an Intersection,On Roadside,,Dark - Not Lighted,Clear,0,0,2004.0,0,0,EVANS (109),HAGAN
2019,10111,Georgia,0,1,1,May,18,Saturday,24,CEDAR AVE,Local Street - Municipality,Rural,Minor Collector,City or Municipal Highway Agency,7.0,32.15269167,-81.94178611,Ditch,Not a Collision,Not an Intersection,On Roadside,,Dark - Not Lighted,Clear,0,0,2005.0,1,0,EVANS (109),HAGAN
2019,10112,Georgia,1,1,1,May,18,Saturday,23,SR-9,State Highway,Urban,Principal Arterial - Other,State Highway Agency,192.0,34.02581944,-84.36001944,Pedestrian,Not a Collision,Not an Intersection,On Roadway,,Dark - Not Lighted,Clear,0,0,2006.0,1,1,FULTON (121),ROSWELL
2019,10112,Georgia,1,1,1,May,18,Saturday,23,SR-9,State Highway,Urban,Principal Arterial - Other,State Highway Agency,192.0,34.02581944,-84.36001944,Pedestrian,Not a Collision,Not an Intersection,On Roadway,,Dark - Not Lighted,Clear,0,0,2012.0,0,0,FULTON (121),ROSWELL
2019,10112,Georgia,1,1,1,May,18,Saturday,23,SR-9,State Highway,Urban,Principal Arterial - Other,State Highway Agency,192.0,34.02581944,-84.36001944,Pedestrian,Not a Collision,Not an Intersection,On Roadway,,Dark - Not Lighted,Clear,0,0,2014.0,0,0,FULTON (121),ROSWELL
2019,10113,Georgia,1,1,2,May,19,Sunday,2,INDIAN TRAIL RD,Local Street - Municipality,Urban,Minor Arterial,City or Municipal Highway Agency,9.0,33.90183056,-84.1501,Pedestrian,Not a Collision,T-Intersection,On Roadway,,Dark - Lighted,Clear,0,0,2002.0,1,0,GWINNETT (135),LILBURN
2019,10113,Georgia,1,1,2,May,19,Sunday,2,INDIAN TRAIL RD,Local Street - Municipality,Urban,Minor Arterial,City or Municipal Highway Agency,9.0,33.90183056,-84.1501,Pedestrian,Not a Collision,T-Intersection,On Roadway,,Dark - Lighted,Clear,0,0,1988.0,0,0,GWINNETT (135),LILBURN
2019,10114,Georgia,0,1,1,May,19,Sunday,6,SR-3,State Highway,Rural,Principal Arterial - Other,State Highway Agency,141.0,33.17740278,-84.30258333,Mail Box,Not a Collision,Not an Intersection,On Roadside,,Dawn,Clear,0,0,2003.0,1,0,PIKE (231),NOT APPLICABLE
2019,10115,Georgia,0,1,1,May,19,Sunday,24,US-SR6,U.S. Highway,Rural,Principal Arterial - Other,State Highway Agency,27.0,33.94805,-85.35979722,Tree (Standing Only),Not a Collision,Not an Intersection,On Roadside,,Dark - Not Lighted,Clear,0,0,2007.0,1,1,POLK (233),NOT APPLICABLE
2019,10115,Georgia,0,1,1,May,19,Sunday,24,US-SR6,U.S. Highway,Rural,Principal Arterial - Other,State Highway Agency,27.0,33.94805,-85.35979722,Tree (Standing Only),Not a Collision,Not an Intersection,On Roadside,,Dark - Not Lighted,Clear,0,0,2004.0,0,0,POLK (233),NOT APPLICABLE
2019,10116,Georgia,0,1,1,May,19,Sunday,9,SR-52,State Highway,Urban,Principal Arterial - Other,State Highway Agency,34.0,34.76110278,-84.94653333,"Post, Pole or Other Supports",Not a Collision,Not an Intersection,On Roadside,,Daylight,Clear,0,0,2006.0,1,1,WHITFIELD (313),DALTON
2019,10117,Georgia,0,2,2,May,19,Sunday,10,CR-POPLAR SPRINGS RD,County Road,Urban,Minor Collector,County Highway Agency,4.0,34.83503889,-84.982575,Motor Vehicle In-Transport,Angle,Four-Way Intersection,On Roadway,,Daylight,Clear,0,0,2013.0,1,1,WHITFIELD (313),NOT APPLICABLE
2019,10118,Georgia,0,1,1,May,20,Monday,9,TOWER LN,Local Street - Municipality,Rural,Local,City or Municipal Highway Agency,72.9525993883792,31.07570556,-83.10396389,Tree (Standing Only),Not a Collision,Not an Intersection,On Roadside,,Daylight,Clear,0,0,2004.0,1,0,LANIER (173),NOT APPLICABLE
2019,10119,Georgia,0,2,5,May,21,Tuesday,13,SR-520,State Highway,Rural,Principal Arterial - Other,State Highway Agency,190.0,31.28597778,-82.78485278,Motor Vehicle In-Transport,Front-to-Rear,Not an Intersection,On Roadway,,Daylight,Clear,0,0,1997.0,1,1,ATKINSON (3),NOT APPLICABLE
2019,10120,Georgia,0,1,1,May,21,Tuesday,17,I-75 SR-401,Interstate,Urban,Interstate,State Highway Agency,147.0,34.24186944,-84.76508056,Tree (Standing Only),Not a Collision,Not an Intersection,On Roadside,,Daylight,Clear,0,0,2001.0,1,0,BARTOW (15),NOT APPLICABLE
2019,10120,Georgia,0,1,1,May,21,Tuesday,17,I-75 SR-401,Interstate,Urban,Interstate,State Highway Agency,147.0,34.24186944,-84.76508056,Tree (Standing Only),Not a Collision,Not an Intersection,On Roadside,,Daylight,Clear,0,0,2015.0,0,0,BARTOW (15),NOT APPLICABLE
2019,10121,Georgia,0,2,2,May,21,Tuesday,8,SR-92,State Highway,Urban,Minor Arterial,State Highway Agency,144.0,33.48077222,-84.47653333,Motor Vehicle In-Transport,Front-to-Front,Not an Intersection,On Roadway,,Daylight,Clear,0,0,2018.0,0,0,FAYETTE (113),NOT APPLICABLE
2019,10121,Georgia,0,2,2,May,21,Tuesday,8,SR-92,State Highway,Urban,Minor Arterial,State Highway Agency,144.0,33.48077222,-84.47653333,Motor Vehicle In-Transport,Front-to-Front,Not an Intersection,On Roadway,,Daylight,Clear,0,0,1995.0,1,1,FAYETTE (113),NOT APPLICABLE
2019,10122,Georgia,0,2,2,May,22,Wednesday,8,CR-OLD GRASSDALE RD,County Road,Urban,Minor Collector,County Highway Agency,21.0,34.264575,-84.79125,Motor Vehicle In-Transport,Front-to-Front,Not an Intersection,On Roadway,,Daylight,Clear,0,0,1992.0,0,0,BARTOW (15),NOT APPLICABLE
2019,10123,Georgia,0,1,1,May,22,Wednesday,19,SR-15AL JEFFERSON RD,State Highway,Urban,Principal Arterial - Other,State Highway Agency,79.0,34.00415556,-83.45202778,Culvert,Not a Collision,T-Intersection,On Roadside,,Daylight,Clear,0,0,2015.0,1,0,CLARKE (59),ATHENS
2019,10124,Georgia,0,2,3,May,22,Wednesday,16,SR-162,State Highway,Urban,Minor Arterial,State Highway Agency,49.0,33.47103056,-83.91163889,Motor Vehicle In-Transport,Front-to-Rear,Four-Way Intersection,On Roadway,,Daylight,Clear,0,0,2010.0,1,1,NEWTON (217),NOT APPLICABLE
2019,10124,Georgia,0,2,3,May,22,Wednesday,16,SR-162,State Highway,Urban,Minor Arterial,State Highway Agency,49.0,33.47103056,-83.91163889,Motor Vehicle In-Transport,Front-to-Rear,Four-Way Intersection,On Roadway,,Daylight,Clear,0,0,1999.0,0,0,NEWTON (217),NOT APPLICABLE
2019,10125,Georgia,0,2,3,May,23,Thursday,23,SR-74 MERCER UNIVERSITY DR,State Highway,Urban,Minor Arterial,State Highway Agency,109.0,32.82100556,-83.69567222,Motor Vehicle In-Transport,Front-to-Front,Not an Intersection,On Roadway,,Dark - Lighted,Clear,0,0,2012.0,1,0,BIBB (21),MACON
2019,10126,Georgia,0,2,2,May,23,Thursday,21,I-95 SR-405,Interstate,Urban,Interstate,State Highway Agency,20.0,30.77298611,-81.65534167,Motor Vehicle In-Transport,Front-to-Rear,Not an Intersection,On Roadway,,Dark - Lighted,Clear,0,0,2008.0,0,0,CAMDEN (39),NOT APPLICABLE
2019,10127,Georgia,0,1,3,May,23,Thursday,15,SR-204,State Highway,Urban,Principal Arterial - Other,State Highway Agency,140.0,31.98375556,-81.186525,Traffic Sign Support,Not a Collision,Not an Intersection,On Roadside,,Daylight,Clear,0,0,2011.0,1,1,CHATHAM (51),NOT APPLICABLE
2019,10128,Georgia,0,1,2,May,23,Thursday,14,SR-1,State Highway,Rural,Principal Arterial - Other,State Highway Agency,308.0,31.04135556,-84.65003611,Tree (Standing Only),Not a Collision,Not an Intersection,On Roadside,,Daylight,Clear,0,0,1994.0,1,0,DECATUR (87),NOT APPLICABLE
2019,10129,Georgia,0,2,3,May,24,Friday,23,SR-40,State Highway,Urban,Principal Arterial - Other,State Highway Agency,176.0,30.78692778,-81.64707778,Rollover/Overturn,Not a Collision,Not an Intersection,On Roadway,,Dark - Lighted,Clear,0,0,2004.0,1,0,CAMDEN (39),KINGSLAND