YEAR,ST_CASE,STATENAME,NUM_PEDS,NUM_VEHC,PERSONS,MONTHNAME,DAYNAME,DAY_WEEKNAME,HOUR,ROAD_NAME,ROUTENAME,RUR_URBNAME,FUNC_SYSNAME,RD_OWNERNAME,MILE_MARKER,LATITUDE,LONGITUD,HARM_EVNAME,COLLISION_TYPE,TYP_INTNAME,REL_ROADNAME,WRK_ZONENAME,LGT_CONDNAME,WEATHERNAME,SCH_BUS,HIT_RUN,MOD_YEAR,DEATHS,DR_DRINK,COUNTYNAME,CITYNAME
2019,10130,Georgia,1,1,1,May,24,Friday,2,I-95 SR-405,Interstate,Urban,Interstate,State Highway Agency,132.0,32.16044167,-81.22603889,Pedestrian,Not a Collision,Not an Intersection,On Shoulder,,Dark - Not Lighted,Clear,0,0,2019.0,1,0,CHATHAM (51),SAVANNAH
2019,10131,Georgia,0,1,1,May,24,Friday,22,BROOK HOLLOW PKWY,Local Street - Municipality,Urban,Local,City or Municipal Highway Agency,5.0,33.92643333,-84.18536667,Curb,Not a Collision,Not an Intersection,On Roadside,,Dark - Not Lighted,Clear,0,1,2008.0,0,0,GWINNETT (135),NORCROSS
2019,10131,Georgia,0,1,1,May,24,Friday,22,BROOK HOLLOW PKWY,Local Street - Municipality,Urban,Local,City or Municipal Highway Agency,5.0,33.92643333,-84.18536667,Curb,Not a Collision,Not an Intersection,On Roadside,,Dark - Not Lighted,Clear,0,0,2005.0,1,0,GWINNETT (135),NORCROSS
2019,10132,Georgia,0,1,1,May,24,Friday,21,SR-16,State Highway,Rural,Minor Arterial,State Highway Agency,224.0,33.29908056,-82.81243056,Rollover/Overturn,Not a Collision,Not an Intersection,On Roadside,,Dark - Lighted,Clear,0,0,2010.0,1,0,HANCOCK (141),NOT APPLICABLE
2019,10132,Georgia,0,1,1,May,24,Friday,21,SR-16,State Highway,Rural,Minor Arterial,State Highway Agency,224.0,33.29908056,-82.81243056,Rollover/Overturn,Not a Collision,Not an Intersection,On Roadside,,Dark - Lighted,Clear,0,0,2016.0,0,0,HANCOCK (141),NOT APPLICABLE
2019,10133,Georgia,0,2,2,May,24,Friday,22,SR-1,State Highway,Rural,Principal Arterial - Other,State Highway Agency,92.0,33.30413333,-85.09557222,Motor Vehicle In-Transport,Front-to-Front,Not an Intersection,On Roadway,,Dark - Not Lighted,Clear,0,0,2015.0,0,1,HEARD (149),NOT APPLICABLE
2019,10133,Georgia,0,2,2,May,24,Friday,22,SR-1,State Highway,Rural,Principal Arterial - Other,State Highway Agency,92.0,33.30413333,-85.09557222,Motor Vehicle In-Transport,Front-to-Front,Not an Intersection,On Roadway,,Dark - Not Lighted,Clear,0,0,2013.0,1,0,HEARD (149),NOT APPLICABLE
2019,10134,Georgia,0,2,3,May,24,Friday,2,SR-38,State Highway,Urban,Principal Arterial - Other,State Highway Agency,20.0,31.78561111,-81.61081111,Motor Vehicle In-Transport,Angle,Not an Intersection,On Roadway,,Dark - Lighted,Clear,0,0,2016.0,1,0,LIBERTY (179),HINESVILLE
2019,10135,Georgia,0,2,8,May,24,Friday,22,I-75,Interstate,Rural,Interstate,State Highway Agency,26.0,30.66365278,-83.20869722,Motor Vehicle In-Transport,Sideswipe - Same Direction,Not an Intersection,On Roadway,,Dark - Not Lighted,Clear,0,0,2004.0,1,0,LOWNDES (185),NOT APPLICABLE
2019,10136,Georgia,1,1,1,May,25,Saturday,21,SR-280,State Highway,Urban,Minor Arterial,State Highway Agency,69.0,33.90275,-84.54169722,Pedestrian,Not a Collision,Not an Intersection,On Roadway,,Dark - Lighted,Clear,0,0,2010.0,0,0,COBB (67),NOT APPLICABLE
2019,10136,Georgia,1,1,1,May,25,Saturday,21,SR-280,State Highway,Urban,Minor Arterial,State Highway Agency,69.0,33.90275,-84.54169722,Pedestrian,Not a Collision,Not an Intersection,On Roadway,,Dark - Lighted,Clear,0,0,1999.0,1,0,COBB (67),NOT APPLICABLE
2019,10137,Georgia,0,1,7,May,25,Saturday,3,I-75 SR-401,Interstate,Urban,Interstate,State Highway Agency,66.0,31.10580833,-83.42407778,Rollover/Overturn,Not a Collision,Not an Intersection,On Roadside,,Dark - Not Lighted,Clear,0,0,2015.0,1,0,COOK (75),NOT APPLICABLE
2019,10137,Georgia,0,1,7,May,25,Saturday,3,I-75 SR-401,Interstate,Urban,Interstate,State Highway Agency,66.0,31.10580833,-83.42407778,Rollover/Overturn,Not a Collision,Not an Intersection,On Roadside,,Dark - Not Lighted,Clear,0,0,2002.0,0,0,COOK (75),NOT APPLICABLE
2019,10138,Georgia,0,2,5,May,25,Saturday,4,I-85 SR-403,Interstate,Urban,Interstate,State Highway Agency,141.0,33.42459444,-84.72597222,Motor Vehicle In-Transport,Front-to-Front,Not an Intersection,On Roadway,,Dark - Not Lighted,Clear,0,0,2004.0,0,0,COWETA (77),NOT APPLICABLE
2019,10139,Georgia,3,3,3,May,25,Saturday,7,I-20 SR-402,Interstate,Rural,Interstate,State Highway Agency,153.0,33.54071944,-83.01102778,Motor Vehicle In-Transport,Front-to-Rear,Not an Intersection,On Shoulder,,Daylight,Clear,0,1,2007.0,0,0,GREENE (133),NOT APPLICABLE
2019,10139,Georgia,3,3,3,May,25,Saturday,7,I-20 SR-402,Interstate,Rural,Interstate,State Highway Agency,153.0,33.54071944,-83.01102778,Motor Vehicle In-Transport,Front-to-Rear,Not an Intersection,On Shoulder,,Daylight,Clear,0,0,2011.0,1,0,GREENE (133),NOT APPLICABLE
2019,10140,Georgia,0,1,2,May,25,Saturday,8,SR-247CO WATSON BLVD,State Highway,Urban,Principal Arterial - Other,City or Municipal Highway Agency,27.0,32.618275,-83.66701667,Utility Pole/Light Support,Not a Collision,Not an Intersection,On Roadside,,Daylight,Clear,0,0,2001.0,1,1,HOUSTON (153),WARNER ROBINS
2019,10140,Georgia,0,1,2,May,25,Saturday,8,SR-247CO WATSON BLVD,State Highway,Urban,Principal Arterial - Other,City or Municipal Highway Agency,27.0,32.618275,-83.66701667,Utility Pole/Light Support,Not a Collision,Not an Intersection,On Roadside,,Daylight,Clear,0,0,2015.0,0,0,HOUSTON (153),WARNER ROBINS
2019,10141,Georgia,0,2,3,May,25,Saturday,15,US-SR11,U.S. Highway,Rural,Principal Arterial - Other,City or Municipal Highway Agency,113.0,34.63560278,-83.82786389,Motor Vehicle In-Transport,Front-to-Front,T-Intersection,On Roadway,,Daylight,Clear,0,0,2011.0,1,0,WHITE (311),CLEVELAND
2019,10141,Georgia,0,2,3,May,25,Saturday,15,US-SR11,U.S. Highway,Rural,Principal Arterial - Other,City or Municipal Highway Agency,113.0,34.63560278,-83.82786389,Motor Vehicle In-Transport,Front-to-Front,T-Intersection,On Roadway,,Daylight,Clear,0,0,1990.0,0,0,WHITE (311),CLEVELAND
2019,10142,Georgia,0,2,3,May,26,Sunday,11,SR-61,State Highway,Urban,Principal Arterial - Other,State Highway Agency,115.0,34.21825278,-84.79174167,Motor Vehicle In-Transport,Angle,Not an Intersection,On Roadway,,Daylight,Clear,0,0,2009.0,0,0,BARTOW (15),CARTERSVILLE
2019,10142,Georgia,0,2,3,May,26,Sunday,11,SR-61,State Highway,Urban,Principal Arterial - Other,State Highway Agency,115.0,34.21825278,-84.79174167,Motor Vehicle In-Transport,Angle,Not an Intersection,On Roadway,,Daylight,Clear,0,0,1999.0,1,0,BARTOW (15),CARTERSVILLE
2019,10143,Georgia,0,1,1,May,26,Sunday,17,CR-CHEROKEE VALLEY RD,County Road,Rural,Major Collector,County Highway Agency,23.0,34.94464444,-85.08169444,Culvert,Not a Collision,Not an Intersection,On Roadside,,Daylight,Clear,0,0,2002.0,1,0,CATOOSA (47),NOT APPLICABLE
2019,10143,Georgia,0,1,1,May,26,Sunday,17,CR-CHEROKEE VALLEY RD,County Road,Rural,Major Collector,County Highway Agency,23.0,34.94464444,-85.08169444,Culvert,Not a Collision,Not an Intersection,On Roadside,,Daylight,Clear,0,0,2001.0,0,0,CATOOSA (47),NOT APPLICABLE
2019,10144,Georgia,0,1,1,May,26,Sunday,8,CR-LOWERY RD,County Road,Rural,Local,County Highway Agency,72.9525993883792,34.92044167,-84.22976111,Rollover/Overturn,Not a Collision,Not an Intersection,On Roadside,,Daylight,Clear,0,0,2001.0,1,1,FANNIN (111),NOT APPLICABLE
2019,10145,Georgia,1,1,1,May,26,Sunday,3,SR-9 DAHLONEGA HWY,State Highway,Urban,Principal Arterial - Other,City or Municipal Highway Agency,128.0,34.23079444,-84.12536111,Pedestrian,Not a Collision,Not an Intersection,On Roadway,,Dark - Lighted,Clear,0,0,2004.0,0,0,FORSYTH (117),CUMMING
2019,10145,Georgia,1,1,1,May,26,Sunday,3,SR-9 DAHLONEGA HWY,State Highway,Urban,Principal Arterial - Other,City or Municipal Highway Agency,128.0,34.23079444,-84.12536111,Pedestrian,Not a Collision,Not an Intersection,On Roadway,,Dark - Lighted,Clear,0,0,1999.0,1,1,FORSYTH (117),CUMMING
2019,10146,Georgia,0,2,2,May,26,Sunday,24,I-75 SR-401,Interstate,Urban,Interstate,State Highway Agency,28.0,33.79426389,-84.39149167,Motor Vehicle In-Transport,Sideswipe - Same Direction,Not an Intersection,On Roadway,,Dark - Lighted,Clear,0,0,2008.0,1,1,FULTON (121),ATLANTA
2019,10146,Georgia,0,2,2,May,26,Sunday,24,I-75 SR-401,Interstate,Urban,Interstate,State Highway Agency,28.0,33.79426389,-84.39149167,Motor Vehicle In-Transport,Sideswipe - Same Direction,Not an Intersection,On Roadway,,Dark - Lighted,Clear,0,0,2019.0,0,0,FULTON (121),ATLANTA
2019,10147,Georgia,0,1,2,May,26,Sunday,15,CR-ROUNDTREE RD,County Road,Rural,Local,County Highway Agency,0.0,32.37842778,-82.94416667,Ditch,Not a Collision,Not an Intersection,On Roadside,,Daylight,Clear,0,0,2006.0,0,1,LAURENS (175),NOT APPLICABLE
2019,10147,Georgia,0,1,2,May,26,Sunday,15,CR-ROUNDTREE RD,County Road,Rural,Local,County Highway Agency,0.0,32.37842778,-82.94416667,Ditch,Not a Collision,Not an Intersection,On Roadside,,Daylight,Clear,0,0,2009.0,1,0,LAURENS (175),NOT APPLICABLE
2019,10148,Georgia,0,1,1,May,26,Sunday,7,SR-313,State Highway,Rural,Major Collector,State Highway Agency,179.0,31.78579444,-83.89393333,Live Animal,Not a Collision,Not an Intersection,On Roadway,,Daylight,Clear,0,0,2018.0,1,0,WORTH (321),NOT APPLICABLE
2019,10149,Georgia,0,1,1,May,27,Monday,23,SR-6 CAMP CREEK PKWY,State Highway,Urban,Principal Arterial - Other,State Highway Agency,694.0,33.65425833,-84.49215,Tree (Standing Only),Not a Collision,Not an Intersection,On Roadside,,Dark - Lighted,Clear,0,0,2016.0,1,0,FULTON (121),EAST POINT
2019,10150,Georgia,0,2,3,May,27,Monday,16,ARNOLD MILL RD,Local Street - Municipality,Urban,Minor Arterial,City or Municipal Highway Agency,18.0,34.10131389,-84.37477222,Motor Vehicle In-Transport,Angle,Not an Intersection,On Roadway,,Daylight,Cloudy,0,0,2008.0,1,0,FULTON (121),Other
2019,10151,Georgia,0,1,1,May,27,Monday,2,CR-OAK RD,County Road,Urban,Minor Collector,County Highway Agency,30.0,33.90096667,-84.06828333,Traffic Sign Support,Not a Collision,Not an Intersection,On Roadside,,Dark - Not Lighted,Clear,0,0,2003.0,1,0,GWINNETT (135),NOT APPLICABLE
2019,10152,Georgia,0,2,2,May,28,Tuesday,17,ROCKY CREEK RD,Local Street - Municipality,Urban,Principal Arterial - Other,City or Municipal Highway Agency,23.0,32.791075,-83.67166944,Motor Vehicle In-Transport,Front-to-Front,Not an Intersection,On Roadway,,Daylight,Clear,0,0,2018.0,0,0,BIBB (21),MACON
2019,10152,Georgia,0,2,2,May,28,Tuesday,17,ROCKY CREEK RD,Local Street - Municipality,Urban,Principal Arterial - Other,City or Municipal Highway Agency,23.0,32.791075,-83.67166944,Motor Vehicle In-Transport,Front-to-Front,Not an Intersection,On Roadway,,Daylight,Clear,0,0,2004.0,0,0,BIBB (21),MACON
2019,10152,Georgia,0,2,2,May,28,Tuesday,17,ROCKY CREEK RD,Local Street - Municipality,Urban,Principal Arterial - Other,City or Municipal Highway Agency,23.0,32.791075,-83.67166944,Motor Vehicle In-Transport,Front-to-Front,Not an Intersection,On Roadway,,Daylight,Clear,0,0,2004.0,1,0,BIBB (21),MACON
2019,10153,Georgia,0,1,2,May,28,Tuesday,17,SR-1,State Highway,Rural,Principal Arterial - Other,State Highway Agency,30.0,32.27202778,-84.78404167,Rollover/Overturn,Not a Collision,Not an Intersection,On Roadway,,Daylight,Clear,0,0,2003.0,1,1,CHATTAHOOCHEE (53),NOT APPLICABLE
2019,10153,Georgia,0,1,2,May,28,Tuesday,17,SR-1,State Highway,Rural,Principal Arterial - Other,State Highway Agency,30.0,32.27202778,-84.78404167,Rollover/Overturn,Not a Collision,Not an Intersection,On Roadway,,Daylight,Clear,0,0,2017.0,0,0,CHATTAHOOCHEE (53),NOT APPLICABLE
2019,10154,Georgia,0,1,1,May,28,Tuesday,24,CR-BEVERLY PARK CT,County Road,Urban,Local,County Highway Agency,0.0,33.34013333,-84.83043611,Fire Hydrant,Not a Collision,Not an Intersection,On Roadside,,Dark - Not Lighted,Cloudy,0,0,2015.0,1,1,COWETA (77),NOT APPLICABLE
2019,10156,Georgia,0,1,2,May,29,Wednesday,13,SR-23,State Highway,Rural,Major Collector,State Highway Agency,49.0,32.98540556,-81.75490833,Culvert,Not a Collision,Not an Intersection,On Roadside,,Daylight,Clear,0,0,2010.0,1,0,BURKE (33),NOT APPLICABLE
2019,10157,Georgia,0,2,4,May,29,Wednesday,11,SR-166,State Highway,Urban,Principal Arterial - Other,State Highway Agency,210.0,33.60980278,-85.01174167,Motor Vehicle In-Transport,Angle,T-Intersection,On Roadway,,Daylight,Clear,0,0,2013.0,1,0,CARROLL (45),NOT APPLICABLE
2019,10158,Georgia,0,1,1,May,29,Wednesday,14,EAST-WEST CONNECTOR,Local Street - Municipality,Urban,Principal Arterial - Other,City or Municipal Highway Agency,4.0,33.84308889,-84.528875,Tree (Standing Only),Not a Collision,Not an Intersection,On Median,,Daylight,Clear,0,0,2003.0,0,0,COBB (67),SMYRNA
2019,10159,Georgia,0,2,2,May,29,Wednesday,23,CR-HAMBRICK RD,County Road,Urban,Major Collector,County Highway Agency,5.0,33.79454167,-84.21173056,Motor Vehicle In-Transport,Front-to-Front,Not an Intersection,On Roadway,,Dark - Lighted,Clear,0,0,2002.0,1,0,DEKALB (89),NOT APPLICABLE
2019,10159,Georgia,0,2,2,May,29,Wednesday,23,CR-HAMBRICK RD,County Road,Urban,Major Collector,County Highway Agency,5.0,33.79454167,-84.21173056,Motor Vehicle In-Transport,Front-to-Front,Not an Intersection,On Roadway,,Dark - Lighted,Clear,0,0,2011.0,0,0,DEKALB (89),NOT APPLICABLE
2019,10160,Georgia,0,2,3,May,29,Wednesday,13,CAROLINA ST,Local Street - Municipality,Rural,Local,City or Municipal Highway Agency,0.0,32.39723889,-83.15601389,Motor Vehicle In-Transport,Angle,Four-Way Intersection,On Roadway,,Daylight,Clear,0,0,2005.0,1,0,DODGE (91),CHESTER
2019,10161,Georgia,0,1,1,May,29,Wednesday,20,WILLIAMS ST,Local Street - Municipality,Urban,Major Collector,City or Municipal Highway Agency,2.0,33.76333056,-84.39051111,Curb,Not a Collision,Four-Way Intersection,On Roadside,,Dark - Lighted,Clear,0,0,2003.0,1,0,FULTON (121),ATLANTA
2019,10162,Georgia,0,3,3,May,29,Wednesday,8,SR-24,State Highway,Rural,Principal Arterial - Other,State Highway Agency,236.0,33.44437778,-83.40265556,Motor Vehicle In-Transport,Sideswipe - Opposite Direction,Not an Intersection,On Roadway,,Daylight,Clear,0,0,2001.0,1,1,PUTNAM (237),NOT APPLICABLE
2019,10163,Georgia,0,2,3,May,30,Thursday,13,WHIT DAVIS RD,Local Street - Municipality,Urban,Principal Arterial - Other,City or Municipal Highway Agency,13.0,33.90517778,-83.31608333,Motor Vehicle In-Transport,Angle,Four-Way Intersection,On Roadway,,Daylight,Cloudy,0,0,1998.0,0,1,CLARKE (59),ATHENS
2019,10163,Georgia,0,2,3,May,30,Thursday,13,WHIT DAVIS RD,Local Street - Municipality,Urban,Principal Arterial - Other,City or Municipal Highway Agency,13.0,33.90517778,-83.31608333,Motor Vehicle In-Transport,Angle,Four-Way Intersection,On Roadway,,Daylight,Cloudy,0,0,2018.0,1,0,CLARKE (59),ATHENS
2019,10164,Georgia,0,3,4,May,30,Thursday,23,I-24 SR-409,Interstate,Rural,Interstate,State Highway Agency,16.0,34.97296111,-85.42066667,Motor Vehicle In-Transport,Front-to-Front,Not an Intersection,On Roadway,,Dark - Not Lighted,Cloudy,0,0,2014.0,1,0,DADE (83),NOT APPLICABLE
2019,10165,Georgia,1,1,1,May,30,Thursday,16,ROCKBRIDGE RD,Local Street - Municipality,Urban,Minor Arterial,City or Municipal Highway Agency,47.0,33.78665278,-84.21804167,Non-Motorist on Personal Conveyance,Not a Collision,Four-Way Intersection,On Roadway,,Daylight,Clear,0,0,2016.0,1,0,DEKALB (89),STONE MOUNTAIN
2019,10166,Georgia,0,2,2,May,30,Thursday,5,SR-3,State Highway,Urban,Minor Arterial,State Highway Agency,26.0,34.438275,-84.93543889,Motor Vehicle In-Transport,Front-to-Front,Not an Intersection,On Roadway,Construction,Dark - Lighted,Clear,0,0,2009.0,2,0,GORDON (129),NOT APPLICABLE
2019,10166,Georgia,0,2,2,May,30,Thursday,5,SR-3,State Highway,Urban,Minor Arterial,State Highway Agency,26.0,34.438275,-84.93543889,Motor Vehicle In-Transport,Front-to-Front,Not an Intersection,On Roadway,Construction,Dark - Lighted,Clear,0,0,2007.0,0,0,GORDON (129),NOT APPLICABLE
2019,10168,Georgia,0,2,2,May,31,Friday,1,CR-BROWNS BRIDGE RD,County Road,Urban,Principal Arterial - Other,County Highway Agency,62.0,34.2781,-83.85520278,Motor Vehicle In-Transport,Angle,T-Intersection,On Roadway,,Dark - Not Lighted,Clear,0,0,2002.0,1,1,HALL (139),GAINESVILLE
2019,10168,Georgia,0,2,2,May,31,Friday,1,CR-BROWNS BRIDGE RD,County Road,Urban,Principal Arterial - Other,County Highway Agency,62.0,34.2781,-83.85520278,Motor Vehicle In-Transport,Angle,T-Intersection,On Roadway,,Dark - Not Lighted,Clear,0,0,2011.0,0,0,HALL (139),GAINESVILLE
2019,10169,Georgia,0,4,5,May,31,Friday,16,CR-TOBACCO RD,County Road,Urban,Principal Arterial - Other,County Highway Agency,27.0,33.37752222,-82.07710833,Motor Vehicle In-Transport,Angle,Not an Intersection,On Roadway,,Daylight,Clear,0,0,2013.0,1,1,RICHMOND (245),HEPHZIBAH
2019,10170,Georgia,1,1,1,May,31,Friday,1,SR-21,State Highway,Rural,Principal Arterial - Other,State Highway Agency,40.0,32.598075,-81.51245556,Pedestrian,Not a Collision,T-Intersection,On Roadway,,Dark - Not Lighted,Clear,0,0,2012.0,1,0,SCREVEN (251),NOT APPLICABLE
2019,10171,Georgia,1,1,1,March,11,Monday,12,CR-5151 E PONCE DE LEON AVE,County Road,Urban,Minor Arterial,County Highway Agency,38.0,33.81591111,-84.23541389,Pedestrian,Not a Collision,Not an Intersection,On Roadway,,Daylight,Cloudy,0,0,2014.0,0,1,DEKALB (89),CLARKSTON
2019,10171,Georgia,1,1,1,March,11,Monday,12,CR-5151 E PONCE DE LEON AVE,County Road,Urban,Minor Arterial,County Highway Agency,38.0,33.81591111,-84.23541389,Pedestrian,Not a Collision,Not an Intersection,On Roadway,,Daylight,Cloudy,0,0,2014.0,1,0,DEKALB (89),CLARKSTON
2019,10172,Georgia,0,3,5,May,16,Thursday,8,US-SR10,U.S. Highway,Urban,Principal Arterial - Other,State Highway Agency,70.0,33.80960556,-83.79731111,Motor Vehicle In-Transport,Angle,T-Intersection,On Roadway,,Daylight,Clear,0,0,1997.0,1,0,WALTON (297),NOT APPLICABLE
2019,10173,Georgia,0,3,5,June,1,Saturday,22,SR-211,State Highway,Urban,Major Collector,State Highway Agency,77.0,34.01589722,-83.64392778,Motor Vehicle In-Transport,Angle,Four-Way Intersection,On Roadway,,Dark - Lighted,Clear,0,0,2006.0,1,0,BARROW (13),NOT APPLICABLE
2019,10174,Georgia,0,2,2,June,1,Saturday,15,I-20,Interstate,Urban,Interstate,State Highway Agency,43.0,33.69276389,-85.09322778,Motor Vehicle In-Transport,Front-to-Rear,Not an Intersection,On Roadway,Construction,Daylight,Clear,0,0,2015.0,1,0,CARROLL (45),NOT APPLICABLE
2019,10174,Georgia,0,2,2,June,1,Saturday,15,I-20,Interstate,Urban,Interstate,State Highway Agency,43.0,33.69276389,-85.09322778,Motor Vehicle In-Transport,Front-to-Rear,Not an Intersection,On Roadway,Construction,Daylight,Clear,0,0,2002.0,0,0,CARROLL (45),NOT APPLICABLE
2019,10174,Georgia,0,2,2,June,1,Saturday,15,I-20,Interstate,Urban,Interstate,State Highway Agency,43.0,33.69276389,-85.09322778,Motor Vehicle In-Transport,Front-to-Rear,Not an Intersection,On Roadway,Construction,Daylight,Clear,0,0,2008.0,0,0,CARROLL (45),NOT APPLICABLE
2019,10175,Georgia,0,1,1,June,1,Saturday,18,US-SR1,U.S. Highway,Rural,Principal Arterial - Other,State Highway Agency,3.0,34.10634167,-85.23175,Curb,Not a Collision,Not an Intersection,On Median,,Daylight,Clear,0,0,2002.0,1,0,FLOYD (115),NOT APPLICABLE
2019,10176,Georgia,0,1,1,June,1,Saturday,4,SR-279 OLD NATIONAL HWY,State Highway,Urban,Minor Arterial,State Highway Agency,12.0,33.56557222,-84.46853611,Curb,Not a Collision,Not an Intersection,On Roadside,,Dark - Lighted,Clear,0,0,2013.0,1,1,FULTON (121),Other
2019,10177,Georgia,0,1,1,June,1,Saturday,5,SR-280 HAMILTON E HOLMES DR,State Highway,Urban,Minor Arterial,State Highway Agency,13.0,33.77029167,-84.47306667,Curb,Not a Collision,T-Intersection,On Roadside,,Dark - Lighted,Clear,0,0,2006.0,1,0,FULTON (121),ATLANTA
2019,10178,Georgia,0,2,4,June,1,Saturday,17,CR-213 OCEAN BLVD,County Road,Urban,Major Collector,County Highway Agency,6.0,31.13555833,-81.38815556,Motor Vehicle In-Transport,Front-to-Front,Not an Intersection,On Roadway,,Daylight,Clear,0,0,2016.0,0,0,GLYNN (127),SAINT SIMONS ISLAND
2019,10179,Georgia,0,2,2,June,1,Saturday,14,I-185,Interstate,Urban,Interstate,State Highway Agency,140.0,32.60058056,-84.95361944,Rollover/Overturn,Not a Collision,Not an Intersection,On Median,,Daylight,Clear,0,0,2007.0,1,0,MUSCOGEE (215),NOT APPLICABLE
2019,10180,Georgia,0,1,1,June,2,Sunday,11,PINE MEADOW RD,Local Street - Municipality,Urban,Local,City or Municipal Highway Agency,72.9525993883792,32.08495,-81.23870278,Curb,Not a Collision,Not an Intersection,On Roadside,,Daylight,Clear,0,0,2012.0,1,1,CHATHAM (51),POOLER
2019,10181,Georgia,0,2,6,June,2,Sunday,16,CR-126 BERNHARD RD,County Road,Rural,Major Collector,County Highway Agency,6.0,33.36637778,-84.49652778,Motor Vehicle In-Transport,Angle,Not an Intersection,On Roadway,,Daylight,Clear,0,0,1995.0,1,0,FAYETTE (113),NOT APPLICABLE
2019,10182,Georgia,0,1,1,June,2,Sunday,13,I-75 RAMP,Interstate,Urban,Interstate,State Highway Agency,143.0,33.83124444,-84.42716667,Concrete Traffic Barrier,Not a Collision,Not an Intersection,On Median,,Daylight,Clear,0,0,2018.0,0,0,FULTON (121),ATLANTA
2019,10182,Georgia,0,1,1,June,2,Sunday,13,I-75 RAMP,Interstate,Urban,Interstate,State Highway Agency,143.0,33.83124444,-84.42716667,Concrete Traffic Barrier,Not a Collision,Not an Intersection,On Median,,Daylight,Clear,0,0,2010.0,1,0,FULTON (121),ATLANTA
2019,10183,Georgia,0,3,4,June,2,Sunday,21,I-85,Interstate,Urban,Interstate,State Highway Agency,252.0,34.08199444,-83.87561667,Parked Motor Vehicle,Not a Collision,Not an Intersection,On Shoulder,Construction,Dark - Not Lighted,Cloudy,0,0,2012.0,1,1,GWINNETT (135),NOT APPLICABLE
2019,10184,Georgia,0,1,2,June,2,Sunday,15,US-SR22,U.S. Highway,Rural,Minor Arterial,State Highway Agency,18.0,32.71299167,-84.29209167,Rollover/Overturn,Not a Collision,Not an Intersection,On Roadway,,Daylight,Clear,0,0,2005.0,1,0,TAYLOR (269),NOT APPLICABLE
2019,10185,Georgia,0,2,2,June,2,Sunday,11,US-SR10,U.S. Highway,Urban,Principal Arterial - Other,State Highway Agency,62.0,33.81786944,-83.80768611,Motor Vehicle In-Transport,Angle,Four-Way Intersection,On Roadway,,Daylight,Clear,0,0,2013.0,0,0,WALTON (297),MONROE
2019,10186,Georgia,0,1,1,June,3,Monday,7,CR-291 CENTER POINT RD,County Road,Rural,Major Collector,County Highway Agency,36.0,33.66946111,-85.07024167,Tree (Standing Only),Not a Collision,Not an Intersection,On Roadside,,Daylight,Clear,0,0,2000.0,1,0,CARROLL (45),NOT APPLICABLE
2019,10187,Georgia,0,2,2,June,3,Monday,13,US-SR8,U.S. Highway,Urban,Major Collector,State Highway Agency,3.0,33.73194722,-85.04450556,Motor Vehicle In-Transport,Front-to-Rear,T-Intersection,On Roadway,,Daylight,Clear,0,0,1999.0,1,1,CARROLL (45),TEMPLE
2019,10188,Georgia,0,2,4,June,3,Monday,17,US-SR3 TARA BLVD,U.S. Highway,Urban,Principal Arterial - Other,State Highway Agency,26.0,33.46390556,-84.3342,Motor Vehicle In-Transport,Angle,T-Intersection,On Roadway,,Daylight,Clear,0,0,1996.0,1,0,CLAYTON (63),NOT APPLICABLE
2019,10188,Georgia,0,2,4,June,3,Monday,17,US-SR3 TARA BLVD,U.S. Highway,Urban,Principal Arterial - Other,State Highway Agency,26.0,33.46390556,-84.3342,Motor Vehicle In-Transport,Angle,T-Intersection,On Roadway,,Daylight,Clear,0,0,2004.0,1,0,CLAYTON (63),NOT APPLICABLE
2019,10188,Georgia,0,2,4,June,3,Monday,17,US-SR3 TARA BLVD,U.S. Highway,Urban,Principal Arterial - Other,State Highway Agency,26.0,33.46390556,-84.3342,Motor Vehicle In-Transport,Angle,T-Intersection,On Roadway,,Daylight,Clear,0,0,2012.0,0,0,CLAYTON (63),NOT APPLICABLE
2019,10189,Georgia,0,2,2,June,3,Monday,16,SR-2,State Highway,Rural,Minor Arterial,State Highway Agency,100.0,34.72668333,-84.50845556,Motor Vehicle In-Transport,Front-to-Front,Not an Intersection,On Roadway,,Daylight,Clear,0,0,2003.0,1,0,GILMER (123),NOT APPLICABLE
2019,10189,Georgia,0,2,2,June,3,Monday,16,SR-2,State Highway,Rural,Minor Arterial,State Highway Agency,100.0,34.72668333,-84.50845556,Motor Vehicle In-Transport,Front-to-Front,Not an Intersection,On Roadway,,Daylight,Clear,0,0,2001.0,0,0,GILMER (123),NOT APPLICABLE
2019,10189,Georgia,0,2,2,June,3,Monday,16,SR-2,State Highway,Rural,Minor Arterial,State Highway Agency,100.0,34.72668333,-84.50845556,Motor Vehicle In-Transport,Front-to-Front,Not an Intersection,On Roadway,,Daylight,Clear,0,0,2001.0,0,0,GILMER (123),NOT APPLICABLE
2019,10190,Georgia,0,1,3,June,3,Monday,8,SR-133,State Highway,Urban,Minor Arterial,State Highway Agency,12.0,31.63901111,-84.16615,Ditch,Not a Collision,Not an Intersection,On Roadside,,Daylight,Clear,0,0,2015.0,0,0,LEE (177),NOT APPLICABLE
2019,10190,Georgia,0,1,3,June,3,Monday,8,SR-133,State Highway,Urban,Minor Arterial,State Highway Agency,12.0,31.63901111,-84.16615,Ditch,Not a Collision,Not an Intersection,On Roadside,,Daylight,Clear,0,0,2015.0,0,1,LEE (177),NOT APPLICABLE
2019,10191,Georgia,0,1,2,June,4,Tuesday,13,CR-716 HARTLEY BRIDGE RD,County Road,Urban,Major Collector,County Highway Agency,18.0,32.72879444,-83.74668333,Other Fixed Object,Not a Collision,Not an Intersection,On Roadside,,Daylight,Clear,0,0,2007.0,0,0,BIBB (21),NOT APPLICABLE
2019,10191,Georgia,0,1,2,June,4,Tuesday,13,CR-716 HARTLEY BRIDGE RD,County Road,Urban,Major Collector,County Highway Agency,18.0,32.72879444,-83.74668333,Other Fixed Object,Not a Collision,Not an Intersection,On Roadside,,Daylight,Clear,0,0,2015.0,1,0,BIBB (21),NOT APPLICABLE