YEAR,ST_CASE,STATENAME,NUM_PEDS,NUM_VEHC,PERSONS,MONTHNAME,DAYNAME,DAY_WEEKNAME,HOUR,ROAD_NAME,ROUTENAME,RUR_URBNAME,FUNC_SYSNAME,RD_OWNERNAME,MILE_MARKER,LATITUDE,LONGITUD,HARM_EVNAME,COLLISION_TYPE,TYP_INTNAME,REL_ROADNAME,WRK_ZONENAME,LGT_CONDNAME,WEATHERNAME,SCH_BUS,HIT_RUN,MOD_YEAR,DEATHS,DR_DRINK,COUNTYNAME,CITYNAME
2019,10254,Georgia,0,1,2,June,21,Friday,18,SR-18,State Highway,Rural,Minor Arterial,State Highway Agency,202.0,33.00031667,-84.63757222,Embankment,Not a Collision,Not an Intersection,On Roadside,,Daylight,Clear,0,0,2019.0,0,0,MERIWETHER (199),NOT APPLICABLE
2019,10255,Georgia,0,2,2,June,22,Saturday,3,I-285 SR-407,Interstate,Urban,Interstate,State Highway Agency,44.0,33.61744722,-84.43719444,Parked Motor Vehicle,Not a Collision,Not an Intersection,On Shoulder,,Dark - Lighted,Clear,0,0,2008.0,1,0,CLAYTON (63),NOT APPLICABLE
2019,10256,Georgia,0,1,1,June,22,Saturday,24,CR-S SWEETWATER RD,County Road,Urban,Minor Arterial,County Highway Agency,9.0,33.77420278,-84.64085,Mail Box,Not a Collision,Not an Intersection,On Roadside,,Dark - Not Lighted,Clear,0,0,1993.0,1,0,DOUGLAS (97),NOT APPLICABLE
2019,10257,Georgia,0,3,6,June,22,Saturday,14,SR-20,State Highway,Urban,Principal Arterial - Other,State Highway Agency,146.0,34.27084167,-85.22165,Motor Vehicle In-Transport,Angle,Not an Intersection,On Roadway,,Daylight,Clear,0,0,2009.0,0,0,FLOYD (115),ROME
2019,10257,Georgia,0,3,6,June,22,Saturday,14,SR-20,State Highway,Urban,Principal Arterial - Other,State Highway Agency,146.0,34.27084167,-85.22165,Motor Vehicle In-Transport,Angle,Not an Intersection,On Roadway,,Daylight,Clear,0,0,2006.0,0,0,FLOYD (115),ROME
2019,10258,Georgia,0,1,2,June,22,Saturday,12,SR-24,State Highway,Rural,Principal Arterial - Other,State Highway Agency,85.0,33.21776111,-83.30565833,Rollover/Overturn,Not a Collision,Not an Intersection,On Median,,Daylight,Clear,0,0,2019.0,3,0,PUTNAM (237),NOT APPLICABLE
2019,10258,Georgia,0,1,2,June,22,Saturday,12,SR-24,State Highway,Rural,Principal Arterial - Other,State Highway Agency,85.0,33.21776111,-83.30565833,Rollover/Overturn,Not a Collision,Not an Intersection,On Median,,Daylight,Clear,0,0,2018.0,2,0,PUTNAM (237),NOT APPLICABLE
2019,10259,Georgia,0,1,4,June,22,Saturday,2,GLENWOOD SPRINGS RD,Local Street - Municipality,Rural,Major Collector,City or Municipal Highway Agency,3.0,33.29870278,-83.40824167,Embankment,Not a Collision,Not an Intersection,On Roadside,,Dark - Not Lighted,Clear,0,0,2004.0,1,1,PUTNAM (237),EATONTON
2019,10259,Georgia,0,1,4,June,22,Saturday,2,GLENWOOD SPRINGS RD,Local Street - Municipality,Rural,Major Collector,City or Municipal Highway Agency,3.0,33.29870278,-83.40824167,Embankment,Not a Collision,Not an Intersection,On Roadside,,Dark - Not Lighted,Clear,0,0,2006.0,0,0,PUTNAM (237),EATONTON
2019,10259,Georgia,0,1,4,June,22,Saturday,2,GLENWOOD SPRINGS RD,Local Street - Municipality,Rural,Major Collector,City or Municipal Highway Agency,3.0,33.29870278,-83.40824167,Embankment,Not a Collision,Not an Intersection,On Roadside,,Dark - Not Lighted,Clear,0,0,2000.0,0,0,PUTNAM (237),EATONTON
2019,10259,Georgia,0,1,4,June,22,Saturday,2,GLENWOOD SPRINGS RD,Local Street - Municipality,Rural,Major Collector,City or Municipal Highway Agency,3.0,33.29870278,-83.40824167,Embankment,Not a Collision,Not an Intersection,On Roadside,,Dark - Not Lighted,Clear,0,0,2012.0,0,0,PUTNAM (237),EATONTON
2019,10260,Georgia,0,2,2,June,23,Sunday,24,I-95 SR-405,Interstate,Urban,Interstate,State Highway Agency,73.0,31.20806667,-81.53376944,Motor Vehicle In-Transport,Front-to-Rear,Not an Intersection,On Roadway,,Dark - Not Lighted,Cloudy,0,0,2011.0,1,1,GLYNN (127),NOT APPLICABLE
2019,10260,Georgia,0,2,2,June,23,Sunday,24,I-95 SR-405,Interstate,Urban,Interstate,State Highway Agency,73.0,31.20806667,-81.53376944,Motor Vehicle In-Transport,Front-to-Rear,Not an Intersection,On Roadway,,Dark - Not Lighted,Cloudy,0,0,2010.0,1,0,GLYNN (127),NOT APPLICABLE
2019,10261,Georgia,0,2,3,June,23,Sunday,6,SR-10,State Highway,Urban,Principal Arterial - Other,State Highway Agency,102.0,33.86045556,-83.95359444,Motor Vehicle In-Transport,Front-to-Front,Not an Intersection,On Roadway,,Daylight,Clear,0,0,2016.0,1,0,GWINNETT (135),NOT APPLICABLE
2019,10262,Georgia,0,1,2,June,23,Sunday,6,I-75 SR-401,Interstate,Urban,Interstate,State Highway Agency,24.0,32.56729167,-83.74375278,Cable Barrier,Not a Collision,Not an Intersection,On Median,,Dawn,Clear,0,0,2005.0,1,0,PEACH (225),NOT APPLICABLE
2019,10262,Georgia,0,1,2,June,23,Sunday,6,I-75 SR-401,Interstate,Urban,Interstate,State Highway Agency,24.0,32.56729167,-83.74375278,Cable Barrier,Not a Collision,Not an Intersection,On Median,,Dawn,Clear,0,0,2016.0,0,0,PEACH (225),NOT APPLICABLE
2019,10263,Georgia,0,2,5,June,23,Sunday,9,I-85 SR-403,Interstate,Rural,Interstate,State Highway Agency,65.0,32.95049722,-85.09545,Motor Vehicle In-Transport,Angle,Not an Intersection,On Roadway,,Daylight,Clear,0,0,2004.0,1,0,TROUP (285),NOT APPLICABLE
2019,10263,Georgia,0,2,5,June,23,Sunday,9,I-85 SR-403,Interstate,Rural,Interstate,State Highway Agency,65.0,32.95049722,-85.09545,Motor Vehicle In-Transport,Angle,Not an Intersection,On Roadway,,Daylight,Clear,0,0,2007.0,0,0,TROUP (285),NOT APPLICABLE
2019,10264,Georgia,1,1,1,June,24,Monday,23,SR-6,State Highway,Urban,Principal Arterial - Other,State Highway Agency,32.0,33.77924167,-84.60703333,Pedestrian,Not a Collision,Four-Way Intersection,On Roadway,,Dark - Not Lighted,Cloudy,0,0,2012.0,0,0,DOUGLAS (97),NOT APPLICABLE
2019,10265,Georgia,0,2,2,June,24,Monday,21,SR-27,State Highway,Rural,Principal Arterial - Other,State Highway Agency,74.0,31.86170278,-82.57928056,Motor Vehicle In-Transport,Angle,Four-Way Intersection,On Roadway,,Dark - Not Lighted,Cloudy,0,0,2017.0,0,0,JEFF DAVIS (161),HAZLEHURST
2019,10266,Georgia,0,2,2,June,25,Tuesday,20,SR-29,State Highway,Urban,Minor Arterial,State Highway Agency,106.0,32.5268,-82.83520278,Motor Vehicle In-Transport,Sideswipe - Opposite Direction,Not an Intersection,On Roadway,,Dark - Not Lighted,Clear,0,0,1990.0,1,0,LAURENS (175),NOT APPLICABLE
2019,10266,Georgia,0,2,2,June,25,Tuesday,20,SR-29,State Highway,Urban,Minor Arterial,State Highway Agency,106.0,32.5268,-82.83520278,Motor Vehicle In-Transport,Sideswipe - Opposite Direction,Not an Intersection,On Roadway,,Dark - Not Lighted,Clear,0,0,2003.0,0,0,LAURENS (175),NOT APPLICABLE
2019,10267,Georgia,0,2,4,June,26,Wednesday,22,SR-33,State Highway,Rural,Minor Arterial,State Highway Agency,91.0,31.46223889,-83.82770278,Motor Vehicle In-Transport,Front-to-Front,Not an Intersection,On Roadway,,Dark - Not Lighted,Clear,0,0,2011.0,1,0,WORTH (321),NOT APPLICABLE
2019,10267,Georgia,0,2,4,June,26,Wednesday,22,SR-33,State Highway,Rural,Minor Arterial,State Highway Agency,91.0,31.46223889,-83.82770278,Motor Vehicle In-Transport,Front-to-Front,Not an Intersection,On Roadway,,Dark - Not Lighted,Clear,0,0,2019.0,0,0,WORTH (321),NOT APPLICABLE
2019,10268,Georgia,0,2,5,June,27,Thursday,13,US-SR30,U.S. Highway,Rural,Principal Arterial - Other,State Highway Agency,180.0,32.16545278,-81.49161389,Motor Vehicle In-Transport,Angle,Four-Way Intersection,On Roadway,,Daylight,Clear,0,0,2000.0,1,1,BRYAN (29),NOT APPLICABLE
2019,10268,Georgia,0,2,5,June,27,Thursday,13,US-SR30,U.S. Highway,Rural,Principal Arterial - Other,State Highway Agency,180.0,32.16545278,-81.49161389,Motor Vehicle In-Transport,Angle,Four-Way Intersection,On Roadway,,Daylight,Clear,0,0,2016.0,0,0,BRYAN (29),NOT APPLICABLE
2019,10269,Georgia,1,1,1,June,27,Thursday,21,SR-155 FLAT SHOALS PKWY,State Highway,Urban,Minor Arterial,State Highway Agency,77.0,33.700725,-84.267675,Pedestrian,Not a Collision,T-Intersection,On Roadway,,Dark - Not Lighted,Clear,0,0,2010.0,2,0,DEKALB (89),NOT APPLICABLE
2019,10269,Georgia,1,1,1,June,27,Thursday,21,SR-155 FLAT SHOALS PKWY,State Highway,Urban,Minor Arterial,State Highway Agency,77.0,33.700725,-84.267675,Pedestrian,Not a Collision,T-Intersection,On Roadway,,Dark - Not Lighted,Clear,0,0,2017.0,0,0,DEKALB (89),NOT APPLICABLE
2019,10269,Georgia,1,1,1,June,27,Thursday,21,SR-155 FLAT SHOALS PKWY,State Highway,Urban,Minor Arterial,State Highway Agency,77.0,33.700725,-84.267675,Pedestrian,Not a Collision,T-Intersection,On Roadway,,Dark - Not Lighted,Clear,0,0,2015.0,0,0,DEKALB (89),NOT APPLICABLE
2019,10270,Georgia,0,1,1,June,27,Thursday,18,CR-KEITH RD,County Road,Rural,Minor Collector,County Highway Agency,0.0,33.11724167,-84.86447778,Tree (Standing Only),Not a Collision,Not an Intersection,On Roadside,,Daylight,Clear,0,0,2012.0,0,1,TROUP (285),NOT APPLICABLE
2019,10270,Georgia,0,1,1,June,27,Thursday,18,CR-KEITH RD,County Road,Rural,Minor Collector,County Highway Agency,0.0,33.11724167,-84.86447778,Tree (Standing Only),Not a Collision,Not an Intersection,On Roadside,,Daylight,Clear,0,0,1986.0,1,1,TROUP (285),NOT APPLICABLE
2019,10271,Georgia,0,2,3,June,28,Friday,15,ROSWELL RD,Local Street - Municipality,Urban,Principal Arterial - Other,City or Municipal Highway Agency,1109.0,33.92289167,-84.37919167,Motor Vehicle In-Transport,Angle,Four-Way Intersection,On Roadway,,Daylight,Clear,0,0,2000.0,0,0,FULTON (121),SANDY SPRINGS
2019,10271,Georgia,0,2,3,June,28,Friday,15,ROSWELL RD,Local Street - Municipality,Urban,Principal Arterial - Other,City or Municipal Highway Agency,1109.0,33.92289167,-84.37919167,Motor Vehicle In-Transport,Angle,Four-Way Intersection,On Roadway,,Daylight,Clear,0,0,2001.0,1,1,FULTON (121),SANDY SPRINGS
2019,10272,Georgia,0,3,7,June,28,Friday,6,SR-5,State Highway,Rural,Principal Arterial - Other,State Highway Agency,8.0,34.39693611,-84.41229722,Motor Vehicle In-Transport,Front-to-Rear,Not an Intersection,On Roadway,,Daylight,Cloudy,0,0,2000.0,1,0,PICKENS (227),NOT APPLICABLE
2019,10273,Georgia,0,2,4,June,29,Saturday,15,SR-51,State Highway,Rural,Major Collector,State Highway Agency,81.0,34.331275,-83.54362222,Motor Vehicle In-Transport,Sideswipe - Opposite Direction,Not an Intersection,On Roadway,,Daylight,Clear,0,0,2003.0,2,0,BANKS (11),NOT APPLICABLE
2019,10274,Georgia,0,2,2,June,29,Saturday,17,SR-166,State Highway,Urban,Minor Arterial,State Highway Agency,222.0,33.61518611,-84.99207222,Motor Vehicle In-Transport,Front-to-Front,Not an Intersection,On Roadway,,Daylight,Clear,0,0,2005.0,1,1,CARROLL (45),NOT APPLICABLE
2019,10274,Georgia,0,2,2,June,29,Saturday,17,SR-166,State Highway,Urban,Minor Arterial,State Highway Agency,222.0,33.61518611,-84.99207222,Motor Vehicle In-Transport,Front-to-Front,Not an Intersection,On Roadway,,Daylight,Clear,0,0,2000.0,0,0,CARROLL (45),NOT APPLICABLE
2019,10274,Georgia,0,2,2,June,29,Saturday,17,SR-166,State Highway,Urban,Minor Arterial,State Highway Agency,222.0,33.61518611,-84.99207222,Motor Vehicle In-Transport,Front-to-Front,Not an Intersection,On Roadway,,Daylight,Clear,0,0,2019.0,0,0,CARROLL (45),NOT APPLICABLE
2019,10275,Georgia,0,1,1,June,29,Saturday,5,CR-HOLLAND CHATTOOGAVILLE RD,County Road,Rural,Minor Collector,County Highway Agency,17.0,34.33720278,-85.43036111,Tree (Standing Only),Not a Collision,Not an Intersection,On Roadside,,Dark - Not Lighted,Clear,0,0,2003.0,1,0,CHATTOOGA (55),NOT APPLICABLE
2019,10276,Georgia,1,1,1,June,29,Saturday,21,SR-1,State Highway,Rural,Principal Arterial - Other,State Highway Agency,2.0,30.69262778,-84.38241111,Non-Motorist on Personal Conveyance,Not a Collision,Not an Intersection,On Roadway,,Dark - Not Lighted,Cloudy,0,0,2017.0,1,0,DECATUR (87),NOT APPLICABLE
2019,10277,Georgia,1,2,1,June,29,Saturday,4,I-20 SR-402,Interstate,Urban,Interstate,State Highway Agency,6.0,33.76673056,-84.52854444,Motor Vehicle In-Transport,Sideswipe - Same Direction,Not an Intersection,On Roadway,,Dark - Not Lighted,Cloudy,0,0,2000.0,1,0,FULTON (121),NOT APPLICABLE
2019,10278,Georgia,0,1,1,June,29,Saturday,14,I-75 SR-401 RAMP,Interstate,Urban,Interstate,State Highway Agency,160.0,30.82171667,-83.31881111,Traffic Sign Support,Not a Collision,Not an Intersection,Gore,,Daylight,Clear,0,0,2013.0,0,0,LOWNDES (185),NOT APPLICABLE
2019,10278,Georgia,0,1,1,June,29,Saturday,14,I-75 SR-401 RAMP,Interstate,Urban,Interstate,State Highway Agency,160.0,30.82171667,-83.31881111,Traffic Sign Support,Not a Collision,Not an Intersection,Gore,,Daylight,Clear,0,0,1994.0,1,0,LOWNDES (185),NOT APPLICABLE
2019,10279,Georgia,0,1,1,June,30,Sunday,3,CR-PLEASANTDALE RD,County Road,Urban,Minor Arterial,County Highway Agency,30.0,33.89131389,-84.22823889,Curb,Not a Collision,Not an Intersection,On Roadside,,Dark - Lighted,Clear,0,0,2016.0,1,0,DEKALB (89),NOT APPLICABLE
2019,10279,Georgia,0,1,1,June,30,Sunday,3,CR-PLEASANTDALE RD,County Road,Urban,Minor Arterial,County Highway Agency,30.0,33.89131389,-84.22823889,Curb,Not a Collision,Not an Intersection,On Roadside,,Dark - Lighted,Clear,0,0,2019.0,0,0,DEKALB (89),NOT APPLICABLE
2019,10280,Georgia,0,1,1,June,30,Sunday,19,CR-CLYO KILDARE RD,County Road,Rural,Major Collector,County Highway Agency,320.0,32.55038056,-81.39420556,Tree (Standing Only),Not a Collision,Not an Intersection,On Roadside,,Daylight,Clear,0,0,2018.0,1,0,EFFINGHAM (103),NOT APPLICABLE
2019,10280,Georgia,0,1,1,June,30,Sunday,19,CR-CLYO KILDARE RD,County Road,Rural,Major Collector,County Highway Agency,320.0,32.55038056,-81.39420556,Tree (Standing Only),Not a Collision,Not an Intersection,On Roadside,,Daylight,Clear,0,0,2004.0,0,0,EFFINGHAM (103),NOT APPLICABLE
2019,10281,Georgia,1,1,1,June,30,Sunday,21,CLEVELAND AVE SW,Local Street - Municipality,Urban,Minor Arterial,City or Municipal Highway Agency,15.0,33.68105278,-84.39015278,Pedestrian,Not a Collision,Not an Intersection,On Roadway,,Dark - Lighted,Clear,0,0,2006.0,0,0,FULTON (121),ATLANTA
2019,10281,Georgia,1,1,1,June,30,Sunday,21,CLEVELAND AVE SW,Local Street - Municipality,Urban,Minor Arterial,City or Municipal Highway Agency,15.0,33.68105278,-84.39015278,Pedestrian,Not a Collision,Not an Intersection,On Roadway,,Dark - Lighted,Clear,0,0,2020.0,1,0,FULTON (121),ATLANTA
2019,10282,Georgia,0,2,2,June,30,Sunday,18,SR-25 SPUR,State Highway,Urban,Minor Arterial,State Highway Agency,57.0,31.26650833,-81.50025556,Motor Vehicle In-Transport,Angle,T-Intersection,On Roadway,,Daylight,Clear,0,0,2010.0,2,0,GLYNN (127),NOT APPLICABLE
2019,10282,Georgia,0,2,2,June,30,Sunday,18,SR-25 SPUR,State Highway,Urban,Minor Arterial,State Highway Agency,57.0,31.26650833,-81.50025556,Motor Vehicle In-Transport,Angle,T-Intersection,On Roadway,,Daylight,Clear,0,0,2013.0,0,0,GLYNN (127),NOT APPLICABLE
2019,10283,Georgia,0,2,2,June,30,Sunday,2,SR-124,State Highway,Urban,Principal Arterial - Other,State Highway Agency,77.0,33.87017222,-84.01514722,Motor Vehicle In-Transport,Angle,Not an Intersection,On Roadway,,Dark - Not Lighted,Clear,0,1,2011.0,0,0,GWINNETT (135),SNELLVILLE
2019,10283,Georgia,0,2,2,June,30,Sunday,2,SR-124,State Highway,Urban,Principal Arterial - Other,State Highway Agency,77.0,33.87017222,-84.01514722,Motor Vehicle In-Transport,Angle,Not an Intersection,On Roadway,,Dark - Not Lighted,Clear,0,0,2009.0,1,0,GWINNETT (135),SNELLVILLE
2019,10284,Georgia,0,2,5,June,30,Sunday,21,SR-20,State Highway,Urban,Principal Arterial - Other,State Highway Agency,127.0,34.00430833,-83.98852778,Motor Vehicle In-Transport,Angle,Not an Intersection,On Roadway,,Dark - Not Lighted,Clear,0,0,2015.0,0,1,GWINNETT (135),NOT APPLICABLE
2019,10284,Georgia,0,2,5,June,30,Sunday,21,SR-20,State Highway,Urban,Principal Arterial - Other,State Highway Agency,127.0,34.00430833,-83.98852778,Motor Vehicle In-Transport,Angle,Not an Intersection,On Roadway,,Dark - Not Lighted,Clear,0,0,2018.0,1,0,GWINNETT (135),NOT APPLICABLE
2019,10285,Georgia,0,1,2,June,30,Sunday,19,CR-PROSPECT CIR,County Road,Rural,Local,County Highway Agency,9.0,34.77918056,-85.37622778,Tree (Standing Only),Not a Collision,Not an Intersection,On Roadside,,Daylight,Clear,0,0,1999.0,2,0,WALKER (295),NOT APPLICABLE
2019,10286,Georgia,0,2,2,July,1,Monday,13,US-SR16,U.S. Highway,Rural,Minor Arterial,State Highway Agency,23.0,33.44650278,-84.88043333,Motor Vehicle In-Transport,Angle,Four-Way Intersection,On Roadway,,Daylight,Clear,0,0,2008.0,1,1,COWETA (77),NOT APPLICABLE
2019,10286,Georgia,0,2,2,July,1,Monday,13,US-SR16,U.S. Highway,Rural,Minor Arterial,State Highway Agency,23.0,33.44650278,-84.88043333,Motor Vehicle In-Transport,Angle,Four-Way Intersection,On Roadway,,Daylight,Clear,0,0,2003.0,0,0,COWETA (77),NOT APPLICABLE
2019,10287,Georgia,0,1,1,July,2,Tuesday,16,DEAN LN,Local Street - Municipality,Rural,Local,City or Municipal Highway Agency,0.0,31.40096111,-83.33013056,Tree (Standing Only),Not a Collision,T-Intersection,On Roadside,,Daylight,Clear,0,0,2008.0,1,0,BERRIEN (19),ENIGMA
2019,10287,Georgia,0,1,1,July,2,Tuesday,16,DEAN LN,Local Street - Municipality,Rural,Local,City or Municipal Highway Agency,0.0,31.40096111,-83.33013056,Tree (Standing Only),Not a Collision,T-Intersection,On Roadside,,Daylight,Clear,0,0,2002.0,0,0,BERRIEN (19),ENIGMA
2019,10288,Georgia,1,1,1,July,2,Tuesday,22,CR-1751 SMYRNA POWDER SPGS RD,County Road,Urban,Local,County Highway Agency,7.0,33.88623889,-84.55544722,Pedestrian,Not a Collision,Not an Intersection,On Roadway,,Dark - Not Lighted,Clear,0,0,2016.0,1,0,COBB (67),NOT APPLICABLE
2019,10289,Georgia,0,2,2,July,2,Tuesday,9,SR-49,State Highway,Rural,Minor Arterial,State Highway Agency,39.0,32.91558611,-83.516225,Motor Vehicle In-Transport,Front-to-Front,Not an Intersection,On Roadway,,Daylight,Clear,0,0,2003.0,1,1,JONES (169),NOT APPLICABLE
2019,10290,Georgia,0,2,2,July,4,Thursday,23,CR-5149 CLIFTON CHURCH RD,County Road,Urban,Minor Arterial,County Highway Agency,15.0,33.688225,-84.31076111,Motor Vehicle In-Transport,Angle,Not an Intersection,On Roadway,,Dark - Lighted,Clear,0,0,1994.0,1,0,DEKALB (89),NOT APPLICABLE
2019,10291,Georgia,0,1,1,July,4,Thursday,10,SR-9 DAHLONEGA HWY,State Highway,Urban,Minor Arterial,State Highway Agency,151.0,34.25705833,-84.10491111,Fence,Not a Collision,Not an Intersection,Off Roadway-Location Unknown,,Daylight,Clear,0,0,2003.0,1,1,FORSYTH (117),NOT APPLICABLE
2019,10292,Georgia,0,1,1,July,4,Thursday,8,CR-137 CHAPPELL MILL RD,County Road,Rural,Major Collector,County Highway Agency,11.0,33.19007778,-84.10868056,Ditch,Not a Collision,Not an Intersection,On Roadside,,Daylight,Clear,0,0,2018.0,1,0,LAMAR (171),NOT APPLICABLE
2019,10293,Georgia,1,1,1,July,4,Thursday,16,CR-349 N LAKE DR,County Road,Urban,Local,County Highway Agency,0.0,33.55828056,-83.90453056,Pedestrian,Not a Collision,Not an Intersection,On Roadway,,Daylight,Clear,0,0,2002.0,2,1,NEWTON (217),NOT APPLICABLE
2019,10294,Georgia,0,2,4,July,4,Thursday,16,SR-61,State Highway,Urban,Minor Arterial,State Highway Agency,142.0,33.95611111,-84.85095,Motor Vehicle In-Transport,Angle,Four-Way Intersection,On Roadway,,Daylight,Clear,0,0,2004.0,1,1,PAULDING (223),NOT APPLICABLE
2019,10295,Georgia,0,1,2,July,4,Thursday,16,CREST HILL RD,Local Street - Municipality,Rural,Local,City or Municipal Highway Agency,0.0,32.55902222,-84.09033611,Railway Vehicle,Not a Collision,Not an Intersection,On Roadway,,Daylight,Clear,0,0,2012.0,1,0,TAYLOR (269),REYNOLDS
2019,10296,Georgia,0,2,2,July,4,Thursday,23,SR-88,State Highway,Rural,Principal Arterial - Other,State Highway Agency,5.0,32.99523056,-82.76313333,Motor Vehicle In-Transport,Front-to-Front,Not an Intersection,On Roadway,,Dark - Not Lighted,Clear,0,0,1994.0,1,0,WASHINGTON (303),NOT APPLICABLE
2019,10297,Georgia,0,1,3,July,4,Thursday,21,SR-286,State Highway,Rural,Minor Arterial,State Highway Agency,4.0,34.78867222,-84.88910556,Live Animal,Not a Collision,Not an Intersection,On Roadway,,Dark - Not Lighted,Clear,0,0,2001.0,0,1,WHITFIELD (313),NOT APPLICABLE
2019,10297,Georgia,0,1,3,July,4,Thursday,21,SR-286,State Highway,Rural,Minor Arterial,State Highway Agency,4.0,34.78867222,-84.88910556,Live Animal,Not a Collision,Not an Intersection,On Roadway,,Dark - Not Lighted,Clear,0,0,2016.0,1,0,WHITFIELD (313),NOT APPLICABLE
2019,10297,Georgia,0,1,3,July,4,Thursday,21,SR-286,State Highway,Rural,Minor Arterial,State Highway Agency,4.0,34.78867222,-84.88910556,Live Animal,Not a Collision,Not an Intersection,On Roadway,,Dark - Not Lighted,Clear,0,0,2012.0,0,0,WHITFIELD (313),NOT APPLICABLE
2019,10298,Georgia,1,1,1,July,5,Friday,23,SR-139 RIVERDALE RD,State Highway,Urban,Minor Arterial,State Highway Agency,12.0,33.58726389,-84.42199167,Pedestrian,Not a Collision,Not an Intersection,Continuous Left - Turn Lane,,Dark - Not Lighted,Cloudy,0,0,2011.0,0,0,CLAYTON (63),NOT APPLICABLE
2019,10298,Georgia,1,1,1,July,5,Friday,23,SR-139 RIVERDALE RD,State Highway,Urban,Minor Arterial,State Highway Agency,12.0,33.58726389,-84.42199167,Pedestrian,Not a Collision,Not an Intersection,Continuous Left - Turn Lane,,Dark - Not Lighted,Cloudy,0,0,2002.0,1,0,CLAYTON (63),NOT APPLICABLE
2019,10299,Georgia,0,1,1,July,5,Friday,15,SR-54,State Highway,Rural,Major Collector,State Highway Agency,18.0,33.24607778,-84.72956667,Ditch,Not a Collision,Not an Intersection,On Roadside,,Daylight,Cloudy,0,0,2007.0,1,0,COWETA (77),NOT APPLICABLE
2019,10299,Georgia,0,1,1,July,5,Friday,15,SR-54,State Highway,Rural,Major Collector,State Highway Agency,18.0,33.24607778,-84.72956667,Ditch,Not a Collision,Not an Intersection,On Roadside,,Daylight,Cloudy,0,0,2007.0,0,0,COWETA (77),NOT APPLICABLE
2019,10300,Georgia,0,1,1,July,5,Friday,1,CR-389 POST RD,County Road,Rural,Major Collector,County Highway Agency,29.0,31.36500556,-81.70878889,Tree (Standing Only),Not a Collision,Not an Intersection,On Roadside,,Dark - Not Lighted,Cloudy,0,0,1999.0,0,0,WAYNE (305),NOT APPLICABLE
2019,10300,Georgia,0,1,1,July,5,Friday,1,CR-389 POST RD,County Road,Rural,Major Collector,County Highway Agency,29.0,31.36500556,-81.70878889,Tree (Standing Only),Not a Collision,Not an Intersection,On Roadside,,Dark - Not Lighted,Cloudy,0,0,2007.0,1,0,WAYNE (305),NOT APPLICABLE
2019,10301,Georgia,0,1,1,July,6,Saturday,21,CR-1427 WILLIAM FEW PKWY,County Road,Urban,Local,County Highway Agency,59.0,33.52236667,-82.233925,Tree (Standing Only),Not a Collision,Not an Intersection,On Roadside,,Dark - Not Lighted,Cloudy,0,0,2007.0,1,1,COLUMBIA (73),NOT APPLICABLE
2019,10301,Georgia,0,1,1,July,6,Saturday,21,CR-1427 WILLIAM FEW PKWY,County Road,Urban,Local,County Highway Agency,59.0,33.52236667,-82.233925,Tree (Standing Only),Not a Collision,Not an Intersection,On Roadside,,Dark - Not Lighted,Cloudy,0,0,2008.0,0,0,COLUMBIA (73),NOT APPLICABLE
2019,10302,Georgia,0,5,24,July,6,Saturday,13,I-85,Interstate,Rural,Interstate,State Highway Agency,41.0,34.33579722,-83.34225556,Cable Barrier,Not a Collision,Not an Intersection,On Median,,Daylight,Clear,0,0,2019.0,0,0,FRANKLIN (119),NOT APPLICABLE
2019,10302,Georgia,0,5,24,July,6,Saturday,13,I-85,Interstate,Rural,Interstate,State Highway Agency,41.0,34.33579722,-83.34225556,Cable Barrier,Not a Collision,Not an Intersection,On Median,,Daylight,Clear,0,0,2010.0,0,0,FRANKLIN (119),NOT APPLICABLE
2019,10302,Georgia,0,5,24,July,6,Saturday,13,I-85,Interstate,Rural,Interstate,State Highway Agency,41.0,34.33579722,-83.34225556,Cable Barrier,Not a Collision,Not an Intersection,On Median,,Daylight,Clear,0,0,2018.0,0,0,FRANKLIN (119),NOT APPLICABLE
2019,10303,Georgia,1,1,1,July,6,Saturday,21,US-SR247,U.S. Highway,Urban,Principal Arterial - Other,State Highway Agency,154.0,32.57568056,-83.59016111,Pedestrian,Not a Collision,Not an Intersection,On Roadway,,Dark - Not Lighted,Cloudy,0,0,2004.0,1,0,HOUSTON (153),NOT APPLICABLE
2019,10304,Georgia,0,1,1,July,6,Saturday,23,US-SR6,U.S. Highway,Urban,Principal Arterial - Other,State Highway Agency,252.0,33.99774444,-85.02568889,Embankment,Not a Collision,Not an Intersection,On Roadside,,Dark - Not Lighted,Cloudy,0,0,2013.0,1,0,POLK (233),ROCKMART
2019,10305,Georgia,0,2,2,July,7,Sunday,20,CR-2894 HICKS RD,County Road,Urban,Major Collector,County Highway Agency,17.0,33.86475,-84.57713889,Motor Vehicle In-Transport,Angle,Four-Way Intersection,On Roadway,,Dark - Lighted,Cloudy,0,0,2000.0,1,0,COBB (67),NOT APPLICABLE
2019,10306,Georgia,0,2,2,July,7,Sunday,2,I-20,Interstate,Urban,Interstate,State Highway Agency,12.0,33.77516944,-84.58175,Motor Vehicle In-Transport,Front-to-Rear,Not an Intersection,On Roadway,,Dark - Not Lighted,Cloudy,0,0,2015.0,1,0,COBB (67),NOT APPLICABLE
2019,10307,Georgia,0,2,3,July,7,Sunday,13,SR-53 N BROAD ST,State Highway,Urban,Principal Arterial - Other,State Highway Agency,226.0,34.26666111,-85.15554722,Motor Vehicle In-Transport,Angle,Four-Way Intersection,On Roadway,,Daylight,Clear,0,0,2018.0,0,0,FLOYD (115),ROME
2019,10307,Georgia,0,2,3,July,7,Sunday,13,SR-53 N BROAD ST,State Highway,Urban,Principal Arterial - Other,State Highway Agency,226.0,34.26666111,-85.15554722,Motor Vehicle In-Transport,Angle,Four-Way Intersection,On Roadway,,Daylight,Clear,0,0,2008.0,1,0,FLOYD (115),ROME
2019,10308,Georgia,0,1,1,July,7,Sunday,3,CR-545 HOPEWELL RD,County Road,Urban,Major Collector,County Highway Agency,24.0,34.31358889,-84.08009444,Curb,Not a Collision,Traffic Circle,Separator,,Dark - Lighted,Clear,0,0,2008.0,1,0,FORSYTH (117),CUMMING