YEAR,ST_CASE,STATENAME,NUM_PEDS,NUM_VEHC,PERSONS,MONTHNAME,DAYNAME,DAY_WEEKNAME,HOUR,ROAD_NAME,ROUTENAME,RUR_URBNAME,FUNC_SYSNAME,RD_OWNERNAME,MILE_MARKER,LATITUDE,LONGITUD,HARM_EVNAME,COLLISION_TYPE,TYP_INTNAME,REL_ROADNAME,WRK_ZONENAME,LGT_CONDNAME,WEATHERNAME,SCH_BUS,HIT_RUN,MOD_YEAR,DEATHS,DR_DRINK,COUNTYNAME,CITYNAME
2019,10309,Georgia,0,1,1,July,7,Sunday,18,US-SR3 METROPOLITAN PKWY,U.S. Highway,Urban,Minor Arterial,State Highway Agency,31.0,33.68408056,-84.40782778,Bridge Pier or Support,Not a Collision,Four-Way Intersection,On Roadside,,Daylight,Clear,0,0,2005.0,0,0,FULTON (121),ATLANTA
2019,10309,Georgia,0,1,1,July,7,Sunday,18,US-SR3 METROPOLITAN PKWY,U.S. Highway,Urban,Minor Arterial,State Highway Agency,31.0,33.68408056,-84.40782778,Bridge Pier or Support,Not a Collision,Four-Way Intersection,On Roadside,,Daylight,Clear,0,0,2000.0,1,0,FULTON (121),ATLANTA
2019,10309,Georgia,0,1,1,July,7,Sunday,18,US-SR3 METROPOLITAN PKWY,U.S. Highway,Urban,Minor Arterial,State Highway Agency,31.0,33.68408056,-84.40782778,Bridge Pier or Support,Not a Collision,Four-Way Intersection,On Roadside,,Daylight,Clear,0,0,2010.0,0,0,FULTON (121),ATLANTA
2019,10310,Georgia,0,2,3,July,7,Sunday,20,CR-547 DICKENS RD,County Road,Urban,Local,County Highway Agency,21.0,33.90887222,-84.14740833,Motor Vehicle In-Transport,Front-to-Front,T-Intersection,On Roadway,,Dusk,Clear,0,0,2011.0,0,0,GWINNETT (135),NOT APPLICABLE
2019,10311,Georgia,0,1,1,July,7,Sunday,21,CR-258 ISLAND CREEK DR,County Road,Rural,Local,County Highway Agency,19.0,33.19809444,-83.21285556,Embankment,Not a Collision,Not an Intersection,On Roadside,,Dark - Not Lighted,Clear,0,0,2009.0,1,1,HANCOCK (141),NOT APPLICABLE
2019,10312,Georgia,0,2,2,July,7,Sunday,8,SR-120,State Highway,Rural,Minor Arterial,State Highway Agency,133.0,33.81681389,-85.10013889,Rollover/Overturn,Not a Collision,Four-Way Intersection,On Roadway,,Daylight,Clear,0,0,2007.0,1,0,HARALSON (143),NOT APPLICABLE
2019,10313,Georgia,0,1,5,July,7,Sunday,9,US-SR4,U.S. Highway,Rural,Principal Arterial - Other,State Highway Agency,235.0,33.26124167,-82.31155,Rollover/Overturn,Not a Collision,Not an Intersection,On Median,,Daylight,Clear,0,0,2017.0,2,0,JEFFERSON (163),NOT APPLICABLE
2019,10313,Georgia,0,1,5,July,7,Sunday,9,US-SR4,U.S. Highway,Rural,Principal Arterial - Other,State Highway Agency,235.0,33.26124167,-82.31155,Rollover/Overturn,Not a Collision,Not an Intersection,On Median,,Daylight,Clear,0,0,2009.0,0,0,JEFFERSON (163),NOT APPLICABLE
2019,10314,Georgia,0,1,2,July,8,Monday,17,I-75,Interstate,Urban,Interstate,State Highway Agency,273.0,34.35876111,-84.89018889,Rollover/Overturn,Not a Collision,Not an Intersection,On Roadway,,Daylight,Clear,0,0,2015.0,0,0,BARTOW (15),NOT APPLICABLE
2019,10314,Georgia,0,1,2,July,8,Monday,17,I-75,Interstate,Urban,Interstate,State Highway Agency,273.0,34.35876111,-84.89018889,Rollover/Overturn,Not a Collision,Not an Intersection,On Roadway,,Daylight,Clear,0,0,2008.0,1,0,BARTOW (15),NOT APPLICABLE
2019,10315,Georgia,0,1,1,July,8,Monday,9,CR-767 FERGUSON AVE,County Road,Urban,Minor Arterial,County Highway Agency,18.0,31.96526389,-81.09171667,"Road Ruts, Potholes, or Grates",Not a Collision,Not an Intersection,On Roadway,Utility,Daylight,Clear,0,0,2009.0,1,0,CHATHAM (51),NOT APPLICABLE
2019,10315,Georgia,0,1,1,July,8,Monday,9,CR-767 FERGUSON AVE,County Road,Urban,Minor Arterial,County Highway Agency,18.0,31.96526389,-81.09171667,"Road Ruts, Potholes, or Grates",Not a Collision,Not an Intersection,On Roadway,Utility,Daylight,Clear,0,0,2008.0,0,0,CHATHAM (51),NOT APPLICABLE
2019,10316,Georgia,0,1,1,July,8,Monday,18,US-SR410 STONE MOUNTAIN FRWY,U.S. Highway,Urban,Principal Arterial - Freeways,State Highway Agency,21.0,33.81224444,-84.25866944,Guardrail Face,Not a Collision,Not an Intersection,On Roadside,,Daylight,Clear,0,0,2000.0,1,0,DEKALB (89),NOT APPLICABLE
2019,10317,Georgia,1,2,4,July,8,Monday,22,I-285,Interstate,Urban,Interstate,State Highway Agency,61.0,33.90116111,-84.27111944,Pedestrian,Not a Collision,Not an Intersection,On Roadway,,Dark - Not Lighted,Clear,0,0,2008.0,0,0,DEKALB (89),NOT APPLICABLE
2019,10318,Georgia,0,3,3,July,8,Monday,5,US-SR82,U.S. Highway,Urban,Minor Arterial,State Highway Agency,37.0,34.08388611,-83.56560278,Motor Vehicle In-Transport,Angle,Four-Way Intersection,On Roadway,,Dark - Not Lighted,Clear,0,0,2010.0,0,1,JACKSON (157),NOT APPLICABLE
2019,10319,Georgia,0,2,2,July,9,Tuesday,16,SR-129,State Highway,Rural,Major Collector,State Highway Agency,10.0,32.29193889,-82.03925833,Motor Vehicle In-Transport,Angle,T-Intersection,On Roadway,,Daylight,Clear,0,0,2006.0,0,1,CANDLER (43),NOT APPLICABLE
2019,10319,Georgia,0,2,2,July,9,Tuesday,16,SR-129,State Highway,Rural,Major Collector,State Highway Agency,10.0,32.29193889,-82.03925833,Motor Vehicle In-Transport,Angle,T-Intersection,On Roadway,,Daylight,Clear,0,0,2008.0,1,0,CANDLER (43),NOT APPLICABLE
2019,10320,Georgia,1,1,2,July,9,Tuesday,23,US-SR3,U.S. Highway,Urban,Principal Arterial - Other,State Highway Agency,101.0,33.9802,-84.55628056,Pedestrian,Not a Collision,Not an Intersection,On Roadway,,Dark - Lighted,Clear,0,0,2005.0,1,0,COBB (67),NOT APPLICABLE
2019,10320,Georgia,1,1,2,July,9,Tuesday,23,US-SR3,U.S. Highway,Urban,Principal Arterial - Other,State Highway Agency,101.0,33.9802,-84.55628056,Pedestrian,Not a Collision,Not an Intersection,On Roadway,,Dark - Lighted,Clear,0,0,1999.0,0,0,COBB (67),NOT APPLICABLE
2019,10321,Georgia,0,2,3,July,9,Tuesday,21,US-SR38,U.S. Highway,Urban,Principal Arterial - Other,State Highway Agency,72.0,30.93389722,-84.64865833,Motor Vehicle In-Transport,Angle,Four-Way Intersection,On Roadway,,Dark - Not Lighted,Clear,0,0,2010.0,1,1,DECATUR (87),NOT APPLICABLE
2019,10322,Georgia,0,2,2,July,9,Tuesday,12,CR-33 FRANCIS RD,County Road,Urban,Local,County Highway Agency,3.0,34.14376111,-84.25433611,Shrubbery,Not a Collision,T-Intersection,Off Roadway-Location Unknown,,Daylight,Clear,0,0,2001.0,1,1,FORSYTH (117),NOT APPLICABLE
2019,10322,Georgia,0,2,2,July,9,Tuesday,12,CR-33 FRANCIS RD,County Road,Urban,Local,County Highway Agency,3.0,34.14376111,-84.25433611,Shrubbery,Not a Collision,T-Intersection,Off Roadway-Location Unknown,,Daylight,Clear,0,0,2018.0,0,0,FORSYTH (117),NOT APPLICABLE
2019,10323,Georgia,0,2,4,July,9,Tuesday,9,SR-154 CAMPBELLTON RD,State Highway,Urban,Major Collector,State Highway Agency,49.0,33.69088333,-84.6113,Motor Vehicle In-Transport,Front-to-Rear,Reported as Unknown,On Roadway,,Daylight,Clear,0,0,2012.0,1,0,FULTON (121),NOT APPLICABLE
2019,10323,Georgia,0,2,4,July,9,Tuesday,9,SR-154 CAMPBELLTON RD,State Highway,Urban,Major Collector,State Highway Agency,49.0,33.69088333,-84.6113,Motor Vehicle In-Transport,Front-to-Rear,Reported as Unknown,On Roadway,,Daylight,Clear,0,0,2017.0,0,0,FULTON (121),NOT APPLICABLE
2019,10324,Georgia,0,2,6,July,10,Wednesday,19,SR-17,State Highway,Rural,Major Collector,State Highway Agency,99.0,32.26890833,-81.38922222,Motor Vehicle In-Transport,Angle,Four-Way Intersection,On Roadway,,Daylight,Clear,0,0,2005.0,1,0,EFFINGHAM (103),NOT APPLICABLE
2019,10325,Georgia,0,2,4,July,10,Wednesday,16,SR-97,State Highway,Rural,Minor Arterial,State Highway Agency,64.0,31.16875833,-84.39172222,Motor Vehicle In-Transport,Angle,Four-Way Intersection,On Roadway,,Daylight,Cloudy,0,0,2012.0,2,0,MITCHELL (205),NOT APPLICABLE
2019,10325,Georgia,0,2,4,July,10,Wednesday,16,SR-97,State Highway,Rural,Minor Arterial,State Highway Agency,64.0,31.16875833,-84.39172222,Motor Vehicle In-Transport,Angle,Four-Way Intersection,On Roadway,,Daylight,Cloudy,0,0,2019.0,0,0,MITCHELL (205),NOT APPLICABLE
2019,10326,Georgia,0,1,1,July,11,Thursday,17,SR-151,State Highway,Rural,Minor Arterial,State Highway Agency,36.0,34.81866944,-85.140675,Embankment,Not a Collision,Not an Intersection,On Roadside,,Daylight,Cloudy,0,0,2010.0,0,1,CATOOSA (47),NOT APPLICABLE
2019,10326,Georgia,0,1,1,July,11,Thursday,17,SR-151,State Highway,Rural,Minor Arterial,State Highway Agency,36.0,34.81866944,-85.140675,Embankment,Not a Collision,Not an Intersection,On Roadside,,Daylight,Cloudy,0,0,2010.0,1,0,CATOOSA (47),NOT APPLICABLE
2019,10326,Georgia,0,1,1,July,11,Thursday,17,SR-151,State Highway,Rural,Minor Arterial,State Highway Agency,36.0,34.81866944,-85.140675,Embankment,Not a Collision,Not an Intersection,On Roadside,,Daylight,Cloudy,0,0,2012.0,0,0,CATOOSA (47),NOT APPLICABLE
2019,10327,Georgia,0,2,2,July,11,Thursday,21,SR-17,State Highway,Urban,Principal Arterial - Other,State Highway Agency,119.0,34.11246944,-82.87051944,Curb,Not a Collision,Not an Intersection,On Roadside,,Dark - Lighted,Cloudy,0,0,2015.0,1,0,ELBERT (105),ELBERTON
2019,10328,Georgia,1,1,1,July,11,Thursday,13,SR-9 ROSWELL RD,State Highway,Urban,Principal Arterial - Other,State Highway Agency,115.0,33.929475,-84.37924167,Pedestrian,Not a Collision,T-Intersection,On Roadway,,Daylight,Clear,0,0,2002.0,1,0,FULTON (121),SANDY SPRINGS
2019,10328,Georgia,1,1,1,July,11,Thursday,13,SR-9 ROSWELL RD,State Highway,Urban,Principal Arterial - Other,State Highway Agency,115.0,33.929475,-84.37924167,Pedestrian,Not a Collision,T-Intersection,On Roadway,,Daylight,Clear,0,0,2018.0,0,0,FULTON (121),SANDY SPRINGS
2019,10329,Georgia,1,1,1,July,11,Thursday,5,CR-602 N BERKELEY LAKE,County Road,Urban,Local,County Highway Agency,6.0,33.96914167,-84.14727778,Non-Motorist on Personal Conveyance,Not a Collision,Not an Intersection,On Roadway,,Dark - Not Lighted,Clear,0,0,2010.0,2,0,GWINNETT (135),DULUTH
2019,10329,Georgia,1,1,1,July,11,Thursday,5,CR-602 N BERKELEY LAKE,County Road,Urban,Local,County Highway Agency,6.0,33.96914167,-84.14727778,Non-Motorist on Personal Conveyance,Not a Collision,Not an Intersection,On Roadway,,Dark - Not Lighted,Clear,0,0,2008.0,0,0,GWINNETT (135),DULUTH
2019,10330,Georgia,0,2,2,July,11,Thursday,13,CR-265 J A YAWN RD,County Road,Rural,Local,County Highway Agency,6.0,31.89416944,-82.57815556,Motor Vehicle In-Transport,Sideswipe - Same Direction,Not an Intersection,On Roadway,,Daylight,Clear,0,0,2002.0,1,1,JEFF DAVIS (161),NOT APPLICABLE
2019,10331,Georgia,0,1,1,July,11,Thursday,20,CR-392 OLD GA 2,County Road,Rural,Local,County Highway Agency,25.0,34.94398333,-84.69628056,Rollover/Overturn,Not a Collision,Not an Intersection,On Roadside,,Daylight,Cloudy,0,1,2003.0,0,1,MURRAY (213),NOT APPLICABLE
2019,10331,Georgia,0,1,1,July,11,Thursday,20,CR-392 OLD GA 2,County Road,Rural,Local,County Highway Agency,25.0,34.94398333,-84.69628056,Rollover/Overturn,Not a Collision,Not an Intersection,On Roadside,,Daylight,Cloudy,0,0,1997.0,2,0,MURRAY (213),NOT APPLICABLE
2019,10332,Georgia,0,2,2,July,11,Thursday,20,US-SR4 DEANS BRIDGE RD,U.S. Highway,Urban,Principal Arterial - Other,State Highway Agency,156.0,33.40703056,-82.09883333,Motor Vehicle In-Transport,Front-to-Rear,Not an Intersection,On Roadway,,Dusk,Cloudy,0,0,2018.0,1,0,RICHMOND (245),HEPHZIBAH
2019,10332,Georgia,0,2,2,July,11,Thursday,20,US-SR4 DEANS BRIDGE RD,U.S. Highway,Urban,Principal Arterial - Other,State Highway Agency,156.0,33.40703056,-82.09883333,Motor Vehicle In-Transport,Front-to-Rear,Not an Intersection,On Roadway,,Dusk,Cloudy,0,0,2016.0,0,0,RICHMOND (245),HEPHZIBAH
2019,10333,Georgia,0,1,1,July,12,Friday,23,US-SR67BYP VETERANS MEM PKWY,U.S. Highway,Urban,Principal Arterial - Other,State Highway Agency,62.0,32.46812778,-81.81289722,Rollover/Overturn,Not a Collision,Not an Intersection,On Median,,Dark - Not Lighted,Clear,0,0,2007.0,1,0,BULLOCH (31),NOT APPLICABLE
2019,10334,Georgia,0,1,3,July,12,Friday,23,CR-18 KNIGHTS ACADEMY RD,County Road,Urban,Major Collector,County Highway Agency,41.0,30.92052222,-83.191425,Culvert,Not a Collision,Not an Intersection,On Roadside,,Dark - Not Lighted,Cloudy,0,0,2009.0,1,1,LOWNDES (185),NOT APPLICABLE
2019,10335,Georgia,0,2,5,July,12,Friday,22,US-SR10 GORDON HWY,U.S. Highway,Urban,Principal Arterial - Other,State Highway Agency,136.0,33.43796389,-82.00776944,Motor Vehicle In-Transport,Front-to-Rear,Not an Intersection,On Roadway,,Dark - Lighted,Clear,0,0,2014.0,1,0,RICHMOND (245),AUGUSTA
2019,10336,Georgia,0,3,5,July,13,Saturday,4,I-16,Interstate,Urban,Interstate,State Highway Agency,71.0,32.0749,-81.25419722,Parked Motor Vehicle,Not a Collision,Not an Intersection,On Shoulder,,Dark - Not Lighted,Clear,0,0,2014.0,0,0,CHATHAM (51),POOLER
2019,10337,Georgia,0,3,6,July,13,Saturday,20,SR-20 KNOX BRIDGE HWY,State Highway,Rural,Principal Arterial - Other,State Highway Agency,22.0,34.222875,-84.61929444,Motor Vehicle In-Transport,Angle,Not an Intersection,On Roadway,,Dark - Not Lighted,Rain,0,0,2008.0,1,0,CHEROKEE (57),NOT APPLICABLE
2019,10338,Georgia,0,2,2,July,13,Saturday,1,PARKWOOD DR,Local Street - Municipality,Urban,Minor Arterial,City or Municipal Highway Agency,10.0,31.17395,-81.48587222,Motor Vehicle In-Transport,Front-to-Front,Not an Intersection,On Roadway,,Dark - Lighted,Clear,0,0,2018.0,1,1,GLYNN (127),BRUNSWICK
2019,10339,Georgia,0,1,1,July,14,Sunday,6,CR-244 MILLER ACADEMY RD,County Road,Rural,Local,County Highway Agency,10.0,33.64279167,-85.10994167,Embankment,Not a Collision,Not an Intersection,On Roadside,,Dawn,Cloudy,0,0,2015.0,0,0,CARROLL (45),NOT APPLICABLE
2019,10340,Georgia,0,2,2,July,14,Sunday,13,SR-268,State Highway,Rural,Major Collector,State Highway Agency,47.0,31.60982778,-82.95120833,Motor Vehicle In-Transport,Angle,Four-Way Intersection,On Roadway,,Daylight,Clear,0,0,2001.0,2,0,COFFEE (69),NOT APPLICABLE
2019,10341,Georgia,1,2,2,July,14,Sunday,23,I-85 SR-403,Interstate,Urban,Interstate,State Highway Agency,63.0,33.88566111,-84.25181111,Pedestrian,Not a Collision,Not an Intersection,On Roadway,,Dark - Lighted,Clear,0,0,1998.0,1,1,DEKALB (89),NOT APPLICABLE
2019,10341,Georgia,1,2,2,July,14,Sunday,23,I-85 SR-403,Interstate,Urban,Interstate,State Highway Agency,63.0,33.88566111,-84.25181111,Pedestrian,Not a Collision,Not an Intersection,On Roadway,,Dark - Lighted,Clear,0,0,2015.0,0,0,DEKALB (89),NOT APPLICABLE
2019,10342,Georgia,1,1,1,July,14,Sunday,24,CAMPBELLTON ROAD,Local Street - Municipality,Urban,Minor Arterial,City or Municipal Highway Agency,274.0,33.70551389,-84.46006111,Pedestrian,Not a Collision,Not an Intersection,On Roadway,,Dark - Lighted,Clear,0,0,1999.0,1,1,FULTON (121),ATLANTA
2019,10343,Georgia,0,2,3,July,14,Sunday,20,CR-YELLOW BLUFF RD,County Road,Rural,Local,County Highway Agency,7.0,31.290375,-82.35287222,Motor Vehicle In-Transport,Angle,Four-Way Intersection,On Roadway,,Daylight,Clear,0,0,2003.0,1,0,PIERCE (229),NOT APPLICABLE
2019,10344,Georgia,0,1,3,July,14,Sunday,14,SR-14,State Highway,Rural,Minor Arterial,State Highway Agency,301.0,33.17749444,-84.91360556,Tree (Standing Only),Not a Collision,Y-Intersection,On Roadside,,Daylight,Clear,0,0,2016.0,1,1,TROUP (285),HOGANSVILLE
2019,10344,Georgia,0,1,3,July,14,Sunday,14,SR-14,State Highway,Rural,Minor Arterial,State Highway Agency,301.0,33.17749444,-84.91360556,Tree (Standing Only),Not a Collision,Y-Intersection,On Roadside,,Daylight,Clear,0,0,2013.0,0,0,TROUP (285),HOGANSVILLE
2019,10345,Georgia,0,2,2,July,14,Sunday,17,SR-520,State Highway,Urban,Principal Arterial - Other,State Highway Agency,263.0,31.19546389,-82.29584444,Motor Vehicle In-Transport,Angle,Not an Intersection,On Roadway,,Daylight,Clear,0,0,2014.0,1,1,WARE (299),NOT APPLICABLE
2019,10345,Georgia,0,2,2,July,14,Sunday,17,SR-520,State Highway,Urban,Principal Arterial - Other,State Highway Agency,263.0,31.19546389,-82.29584444,Motor Vehicle In-Transport,Angle,Not an Intersection,On Roadway,,Daylight,Clear,0,0,2010.0,0,0,WARE (299),NOT APPLICABLE
2019,10346,Georgia,0,2,10,July,15,Monday,14,ROYAL SOUTH PARKWAY,Local Street - Municipality,Urban,Local,City or Municipal Highway Agency,11.0,33.59598889,-84.49956667,Motor Vehicle In-Transport,Front-to-Rear,Not an Intersection,On Roadway,,Daylight,Cloudy,0,0,2011.0,0,0,FULTON (121),UNION CITY
2019,10347,Georgia,0,1,2,July,15,Monday,15,I-20 SR-402,Interstate,Urban,Interstate,State Highway Agency,0.0,33.69078056,-84.07063056,Guardrail Face,Not a Collision,Not an Intersection,On Roadside,,Daylight,Clear,0,0,2000.0,1,0,ROCKDALE (247),CONYERS
2019,10348,Georgia,0,2,7,July,15,Monday,9,SR-29,State Highway,Rural,Principal Arterial - Other,State Highway Agency,23.0,32.82153889,-83.07866667,Motor Vehicle In-Transport,Angle,Four-Way Intersection,On Roadway,,Daylight,Clear,0,0,2008.0,1,0,WILKINSON (319),NOT APPLICABLE
2019,10348,Georgia,0,2,7,July,15,Monday,9,SR-29,State Highway,Rural,Principal Arterial - Other,State Highway Agency,23.0,32.82153889,-83.07866667,Motor Vehicle In-Transport,Angle,Four-Way Intersection,On Roadway,,Daylight,Clear,0,0,2006.0,0,0,WILKINSON (319),NOT APPLICABLE
2019,10349,Georgia,0,2,3,July,16,Tuesday,23,I-85 SR-403,Interstate,Urban,Interstate,State Highway Agency,20.0,34.10142222,-83.79234722,Motor Vehicle In-Transport,Front-to-Rear,Not an Intersection,On Roadway,Construction,Dark - Unknown Lighting,Clear,0,0,2013.0,1,0,BARROW (13),Other
2019,10350,Georgia,1,1,1,July,16,Tuesday,5,SR-3 COBB PARKWAY,State Highway,Urban,Principal Arterial - Other,State Highway Agency,183.0,34.03501667,-84.67985556,Pedestrian,Not a Collision,Four-Way Intersection,On Roadway,,Dark - Not Lighted,Clear,0,0,2000.0,0,0,COBB (67),ACWORTH
2019,10351,Georgia,0,3,5,July,16,Tuesday,24,I-285 SR-407,Interstate,Urban,Interstate,State Highway Agency,114.0,33.786925,-84.49310833,Motor Vehicle In-Transport,Sideswipe - Same Direction,Not an Intersection,On Roadway,,Dark - Not Lighted,Clear,0,0,2000.0,1,1,FULTON (121),ATLANTA
2019,10352,Georgia,1,1,1,July,17,Wednesday,24,SR-5,State Highway,Urban,Minor Arterial,State Highway Agency,109.0,33.92811667,-84.55118056,Pedestrian,Not a Collision,Not an Intersection,On Roadway,Construction,Dark - Not Lighted,Clear,0,0,2003.0,1,0,COBB (67),NOT APPLICABLE
2019,10353,Georgia,0,1,1,July,17,Wednesday,17,CR-RIVER ROAD,County Road,Rural,Major Collector,County Highway Agency,51.0,33.12950278,-81.77849722,Tree (Standing Only),Not a Collision,Not an Intersection,On Roadside,,Daylight,Clear,0,1,2017.0,0,0,BURKE (33),NOT APPLICABLE
2019,10353,Georgia,0,1,1,July,17,Wednesday,17,CR-RIVER ROAD,County Road,Rural,Major Collector,County Highway Agency,51.0,33.12950278,-81.77849722,Tree (Standing Only),Not a Collision,Not an Intersection,On Roadside,,Daylight,Clear,0,0,2012.0,1,0,BURKE (33),NOT APPLICABLE
2019,10353,Georgia,0,1,1,July,17,Wednesday,17,CR-RIVER ROAD,County Road,Rural,Major Collector,County Highway Agency,51.0,33.12950278,-81.77849722,Tree (Standing Only),Not a Collision,Not an Intersection,On Roadside,,Daylight,Clear,0,0,2008.0,0,0,BURKE (33),NOT APPLICABLE
2019,10354,Georgia,0,1,2,July,17,Wednesday,15,ARTHUR LANGFORD PARKWAY,Local Street - Municipality,Urban,Principal Arterial - Freeways,City or Municipal Highway Agency,253.0,33.69902222,-84.45828333,Tree (Standing Only),Not a Collision,Not an Intersection,On Roadside,,Daylight,Rain,0,0,2009.0,1,0,FULTON (121),ATLANTA
2019,10355,Georgia,1,1,1,July,17,Wednesday,22,WEST PEACHTREE STREET NE,Local Street - Municipality,Urban,Minor Arterial,City or Municipal Highway Agency,12.0,33.78853056,-84.38778333,Non-Motorist on Personal Conveyance,Not a Collision,T-Intersection,On Roadway,Construction,Dark - Lighted,Clear,0,0,2007.0,1,0,FULTON (121),ATLANTA
2019,10355,Georgia,1,1,1,July,17,Wednesday,22,WEST PEACHTREE STREET NE,Local Street - Municipality,Urban,Minor Arterial,City or Municipal Highway Agency,12.0,33.78853056,-84.38778333,Non-Motorist on Personal Conveyance,Not a Collision,T-Intersection,On Roadway,Construction,Dark - Lighted,Clear,0,0,2020.0,0,0,FULTON (121),ATLANTA
2019,10356,Georgia,1,1,1,July,17,Wednesday,4,ROSWELL RD,Local Street - Municipality,Urban,Principal Arterial - Other,City or Municipal Highway Agency,139.0,33.95992222,-84.36549167,Pedalcyclist,Not a Collision,Four-Way Intersection,On Roadway,,Dark - Not Lighted,Clear,0,0,2019.0,0,0,FULTON (121),SANDY SPRINGS
2019,10356,Georgia,1,1,1,July,17,Wednesday,4,ROSWELL RD,Local Street - Municipality,Urban,Principal Arterial - Other,City or Municipal Highway Agency,139.0,33.95992222,-84.36549167,Pedalcyclist,Not a Collision,Four-Way Intersection,On Roadway,,Dark - Not Lighted,Clear,0,0,1999.0,1,0,FULTON (121),SANDY SPRINGS
2019,10357,Georgia,0,1,1,July,18,Thursday,2,CR-POST ROAD,County Road,Urban,Minor Arterial,County Highway Agency,73.0,33.7178,-84.8336,Traffic Sign Support,Not a Collision,Not an Intersection,Outside Trafficway,Construction,Dark - Not Lighted,Clear,0,1,2008.0,0,0,DOUGLAS (97),NOT APPLICABLE
2019,10358,Georgia,0,2,2,July,18,Thursday,23,I-20 SR-402,Interstate,Urban,Interstate,State Highway Agency,124.0,33.75363056,-84.70736944,Motor Vehicle In-Transport,Front-to-Rear,Not an Intersection,On Roadway,,Dark - Not Lighted,Clear,0,0,2015.0,1,0,DOUGLAS (97),DOUGLASVILLE
2019,10359,Georgia,0,2,5,July,20,Saturday,23,SR-139,State Highway,Urban,Minor Arterial,State Highway Agency,158.0,33.76588333,-84.51110278,Motor Vehicle In-Transport,Angle,T-Intersection,On Roadway,,Dark - Lighted,Clear,0,0,2011.0,0,0,FULTON (121),ATLANTA
2019,10359,Georgia,0,2,5,July,20,Saturday,23,SR-139,State Highway,Urban,Minor Arterial,State Highway Agency,158.0,33.76588333,-84.51110278,Motor Vehicle In-Transport,Angle,T-Intersection,On Roadway,,Dark - Lighted,Clear,0,0,2005.0,1,0,FULTON (121),ATLANTA
2019,10360,Georgia,1,1,1,July,20,Saturday,23,SR-378 BEAVER RUIN ROAD,State Highway,Urban,Minor Arterial,State Highway Agency,40.0,33.92872222,-84.14010278,Pedestrian,Not a Collision,Not an Intersection,On Roadway,,Dark - Not Lighted,Clear,0,0,2016.0,0,1,GWINNETT (135),NOT APPLICABLE
2019,10360,Georgia,1,1,1,July,20,Saturday,23,SR-378 BEAVER RUIN ROAD,State Highway,Urban,Minor Arterial,State Highway Agency,40.0,33.92872222,-84.14010278,Pedestrian,Not a Collision,Not an Intersection,On Roadway,,Dark - Not Lighted,Clear,0,0,2017.0,4,0,GWINNETT (135),NOT APPLICABLE
2019,10361,Georgia,1,1,2,July,20,Saturday,1,SR-155,State Highway,Urban,Minor Arterial,State Highway Agency,13.0,33.35496667,-84.17937778,Pedalcyclist,Not a Collision,Not an Intersection,On Roadway,,Dark - Not Lighted,Cloudy,0,0,1999.0,1,0,HENRY (151),NOT APPLICABLE
2019,10362,Georgia,0,1,2,July,20,Saturday,6,SR-26,State Highway,Rural,Minor Arterial,State Highway Agency,54.0,32.24696944,-84.32338333,Tree (Standing Only),Not a Collision,Not an Intersection,On Roadside,,Daylight,"Fog, Smog, Smoke",0,0,2000.0,1,1,SCHLEY (249),NOT APPLICABLE
2019,10363,Georgia,0,2,2,July,20,Saturday,12,SR-115,State Highway,Rural,Minor Arterial,State Highway Agency,108.0,34.59232222,-83.71663889,Jackknife (harmful to this vehicle),Not a Collision,Not an Intersection,On Roadway,,Daylight,Cloudy,0,0,2019.0,1,0,WHITE (311),NOT APPLICABLE
2019,10364,Georgia,0,2,4,July,21,Sunday,21,CR-HAMBRICK ROAD,County Road,Urban,Minor Collector,County Highway Agency,2.0,33.80407778,-84.205725,Motor Vehicle In-Transport,Front-to-Front,T-Intersection,On Roadway,,Dark - Not Lighted,Clear,0,0,2014.0,1,1,DEKALB (89),NOT APPLICABLE
2019,10364,Georgia,0,2,4,July,21,Sunday,21,CR-HAMBRICK ROAD,County Road,Urban,Minor Collector,County Highway Agency,2.0,33.80407778,-84.205725,Motor Vehicle In-Transport,Front-to-Front,T-Intersection,On Roadway,,Dark - Not Lighted,Clear,0,0,2006.0,2,1,DEKALB (89),NOT APPLICABLE
2019,10365,Georgia,1,1,2,July,21,Sunday,21,US-SR520 VICTORY DRIVE,U.S. Highway,Urban,Principal Arterial - Other,City or Municipal Highway Agency,55.0,32.40538333,-84.93004444,Pedestrian,Not a Collision,T-Intersection,On Roadway,,Dark - Lighted,Clear,0,0,2012.0,0,0,MUSCOGEE (215),COLUMBUS
2019,10365,Georgia,1,1,2,July,21,Sunday,21,US-SR520 VICTORY DRIVE,U.S. Highway,Urban,Principal Arterial - Other,City or Municipal Highway Agency,55.0,32.40538333,-84.93004444,Pedestrian,Not a Collision,T-Intersection,On Roadway,,Dark - Lighted,Clear,0,0,2015.0,1,0,MUSCOGEE (215),COLUMBUS
2019,10365,Georgia,1,1,2,July,21,Sunday,21,US-SR520 VICTORY DRIVE,U.S. Highway,Urban,Principal Arterial - Other,City or Municipal Highway Agency,55.0,32.40538333,-84.93004444,Pedestrian,Not a Collision,T-Intersection,On Roadway,,Dark - Lighted,Clear,0,0,2013.0,0,0,MUSCOGEE (215),COLUMBUS
2019,10366,Georgia,0,1,2,July,22,Monday,14,SR-20,State Highway,Rural,Principal Arterial - Other,State Highway Agency,6.0,34.20597222,-85.03914722,Rollover/Overturn,Not a Collision,Not an Intersection,On Roadside,,Daylight,Clear,0,0,2018.0,3,1,BARTOW (15),NOT APPLICABLE
2019,10367,Georgia,0,2,2,July,22,Monday,17,SR-219,State Highway,Rural,Minor Arterial,State Highway Agency,10.0,32.60985833,-85.02661667,Motor Vehicle In-Transport,Front-to-Front,Not an Intersection,On Roadway,Construction,Daylight,Cloudy,0,0,2017.0,0,0,HARRIS (145),NOT APPLICABLE