YEAR,ST_CASE,STATENAME,NUM_PEDS,NUM_VEHC,PERSONS,MONTHNAME,DAYNAME,DAY_WEEKNAME,HOUR,ROAD_NAME,ROUTENAME,RUR_URBNAME,FUNC_SYSNAME,RD_OWNERNAME,MILE_MARKER,LATITUDE,LONGITUD,HARM_EVNAME,COLLISION_TYPE,TYP_INTNAME,REL_ROADNAME,WRK_ZONENAME,LGT_CONDNAME,WEATHERNAME,SCH_BUS,HIT_RUN,MOD_YEAR,DEATHS,DR_DRINK,COUNTYNAME,CITYNAME
2019,10367,Georgia,0,2,2,July,22,Monday,17,SR-219,State Highway,Rural,Minor Arterial,State Highway Agency,10.0,32.60985833,-85.02661667,Motor Vehicle In-Transport,Front-to-Front,Not an Intersection,On Roadway,Construction,Daylight,Cloudy,0,0,2006.0,1,0,HARRIS (145),NOT APPLICABLE
2019,10368,Georgia,0,2,3,July,22,Monday,14,SR-28,State Highway,Urban,Principal Arterial - Other,City or Municipal Highway Agency,46.0,33.47588056,-81.97361667,Motor Vehicle In-Transport,Angle,Four-Way Intersection,On Roadway,,Daylight,Cloudy,0,0,2000.0,0,0,RICHMOND (245),AUGUSTA
2019,10369,Georgia,0,3,7,July,23,Tuesday,21,CR-MABLETON PARKWAY,County Road,Urban,Minor Arterial,County Highway Agency,4.0,33.78913056,-84.54903333,Motor Vehicle In-Transport,Front-to-Front,Not an Intersection,On Roadway,,Dark - Lighted,Clear,0,1,2008.0,0,0,COBB (67),NOT APPLICABLE
2019,10370,Georgia,0,1,1,July,23,Tuesday,7,SR-87,State Highway,Rural,Major Collector,State Highway Agency,115.0,32.14174167,-83.21010833,Culvert,Not a Collision,Not an Intersection,On Roadside,,Daylight,Clear,0,0,2010.0,1,0,DODGE (91),NOT APPLICABLE
2019,10370,Georgia,0,1,1,July,23,Tuesday,7,SR-87,State Highway,Rural,Major Collector,State Highway Agency,115.0,32.14174167,-83.21010833,Culvert,Not a Collision,Not an Intersection,On Roadside,,Daylight,Clear,0,0,2015.0,2,0,DODGE (91),NOT APPLICABLE
2019,10371,Georgia,0,2,2,July,24,Wednesday,14,SR-150,State Highway,Rural,Major Collector,State Highway Agency,39.0,33.61175278,-82.35509167,Motor Vehicle In-Transport,Front-to-Front,Not an Intersection,On Roadway,,Daylight,Clear,0,1,2002.0,0,0,COLUMBIA (73),NOT APPLICABLE
2019,10372,Georgia,0,2,2,July,24,Wednesday,19,SR-120,State Highway,Urban,Minor Arterial,State Highway Agency,96.0,33.9686,-84.03271111,Motor Vehicle In-Transport,Front-to-Front,T-Intersection,On Roadway,,Daylight,Clear,0,0,2008.0,1,0,GWINNETT (135),NOT APPLICABLE
2019,10373,Georgia,0,1,1,July,24,Wednesday,23,OLD MCINTYRE ROAD,Local Street - Municipality,Rural,Local,City or Municipal Highway Agency,0.0,32.833775,-83.16958889,Ditch,Not a Collision,Not an Intersection,On Roadside,,Dark - Not Lighted,Clear,0,0,1996.0,0,0,WILKINSON (319),MCINTYRE
2019,10373,Georgia,0,1,1,July,24,Wednesday,23,OLD MCINTYRE ROAD,Local Street - Municipality,Rural,Local,City or Municipal Highway Agency,0.0,32.833775,-83.16958889,Ditch,Not a Collision,Not an Intersection,On Roadside,,Dark - Not Lighted,Clear,0,0,2019.0,0,0,WILKINSON (319),MCINTYRE
2019,10374,Georgia,0,1,2,July,25,Thursday,16,SR-54,State Highway,Rural,Major Collector,State Highway Agency,91.0,33.31701944,-84.65195,Ditch,Not a Collision,Not an Intersection,On Roadside,,Daylight,Clear,0,0,2000.0,1,0,COWETA (77),NOT APPLICABLE
2019,10375,Georgia,0,1,1,July,25,Thursday,10,MCCOMBS ROAD,Local Street - Municipality,Urban,Local,City or Municipal Highway Agency,12.0,33.24013333,-81.99026111,Rollover/Overturn,Not a Collision,Not an Intersection,On Roadway,,Daylight,Clear,0,0,2015.0,0,0,RICHMOND (245),AUGUSTA
2019,10376,Georgia,0,2,2,July,25,Thursday,11,WEST ROAD,Local Street - Municipality,Urban,Local,City or Municipal Highway Agency,1.0,33.51125278,-82.05674444,Motor Vehicle In-Transport,Angle,Four-Way Intersection,On Roadway,,Daylight,Clear,0,0,2000.0,1,0,RICHMOND (245),AUGUSTA
2019,10376,Georgia,0,2,2,July,25,Thursday,11,WEST ROAD,Local Street - Municipality,Urban,Local,City or Municipal Highway Agency,1.0,33.51125278,-82.05674444,Motor Vehicle In-Transport,Angle,Four-Way Intersection,On Roadway,,Daylight,Clear,0,0,2013.0,0,0,RICHMOND (245),AUGUSTA
2019,10377,Georgia,1,1,1,July,26,Friday,23,CR-LOWER MEIGS ROAD,County Road,Rural,Major Collector,County Highway Agency,95.0,31.11135833,-83.88578611,Pedestrian,Not a Collision,Not an Intersection,On Roadway,,Dark - Not Lighted,Clear,0,0,2010.0,1,0,COLQUITT (71),NOT APPLICABLE
2019,10377,Georgia,1,1,1,July,26,Friday,23,CR-LOWER MEIGS ROAD,County Road,Rural,Major Collector,County Highway Agency,95.0,31.11135833,-83.88578611,Pedestrian,Not a Collision,Not an Intersection,On Roadway,,Dark - Not Lighted,Clear,0,0,2012.0,0,0,COLQUITT (71),NOT APPLICABLE
2019,10377,Georgia,1,1,1,July,26,Friday,23,CR-LOWER MEIGS ROAD,County Road,Rural,Major Collector,County Highway Agency,95.0,31.11135833,-83.88578611,Pedestrian,Not a Collision,Not an Intersection,On Roadway,,Dark - Not Lighted,Clear,0,0,2018.0,0,0,COLQUITT (71),NOT APPLICABLE
2019,10378,Georgia,0,4,8,July,27,Saturday,8,CR-POWDER SPRINGS ROAD,County Road,Urban,Minor Arterial,County Highway Agency,33.0,33.89863056,-84.60725556,Motor Vehicle In-Transport,Angle,Not an Intersection,On Roadway,,Daylight,Clear,0,0,2004.0,1,1,COBB (67),NOT APPLICABLE
2019,10379,Georgia,0,2,2,July,27,Saturday,19,I-20 SR-402,Interstate,Urban,Interstate,State Highway Agency,20.0,33.715225,-84.30198889,Motor Vehicle In-Transport,Sideswipe - Same Direction,Not an Intersection,On Roadway,,Dark - Not Lighted,Cloudy,0,0,2001.0,1,0,DEKALB (89),ATLANTA
2019,10379,Georgia,0,2,2,July,27,Saturday,19,I-20 SR-402,Interstate,Urban,Interstate,State Highway Agency,20.0,33.715225,-84.30198889,Motor Vehicle In-Transport,Sideswipe - Same Direction,Not an Intersection,On Roadway,,Dark - Not Lighted,Cloudy,0,0,2015.0,0,0,DEKALB (89),ATLANTA
2019,10380,Georgia,1,1,1,July,27,Saturday,21,14TH STREET,Local Street - Municipality,Urban,Minor Arterial,City or Municipal Highway Agency,1.0,33.78664167,-84.38464722,Non-Motorist on Personal Conveyance,Not a Collision,Not an Intersection,On Roadway,,Dark - Lighted,Clear,0,0,1997.0,1,0,FULTON (121),ATLANTA
2019,10381,Georgia,0,1,1,July,27,Saturday,5,CR-ZEBINA ROAD,County Road,Rural,Minor Collector,County Highway Agency,150.0,33.19145278,-82.36617778,Rollover/Overturn,Not a Collision,Not an Intersection,On Roadside,,Dawn,Clear,0,0,2012.0,0,0,JEFFERSON (163),NOT APPLICABLE
2019,10381,Georgia,0,1,1,July,27,Saturday,5,CR-ZEBINA ROAD,County Road,Rural,Minor Collector,County Highway Agency,150.0,33.19145278,-82.36617778,Rollover/Overturn,Not a Collision,Not an Intersection,On Roadside,,Dawn,Clear,0,0,2014.0,1,0,JEFFERSON (163),NOT APPLICABLE
2019,10382,Georgia,0,1,1,July,27,Saturday,11,CR-GRANDVIEW ROAD,County Road,Rural,Minor Collector,County Highway Agency,18.0,34.48934722,-84.38052778,Guardrail Face,Not a Collision,Not an Intersection,On Roadside,,Daylight,Cloudy,0,0,2004.0,0,1,PICKENS (227),NOT APPLICABLE
2019,10382,Georgia,0,1,1,July,27,Saturday,11,CR-GRANDVIEW ROAD,County Road,Rural,Minor Collector,County Highway Agency,18.0,34.48934722,-84.38052778,Guardrail Face,Not a Collision,Not an Intersection,On Roadside,,Daylight,Cloudy,0,0,2015.0,0,0,PICKENS (227),NOT APPLICABLE
2019,10382,Georgia,0,1,1,July,27,Saturday,11,CR-GRANDVIEW ROAD,County Road,Rural,Minor Collector,County Highway Agency,18.0,34.48934722,-84.38052778,Guardrail Face,Not a Collision,Not an Intersection,On Roadside,,Daylight,Cloudy,0,0,2012.0,2,0,PICKENS (227),NOT APPLICABLE
2019,10383,Georgia,0,1,2,July,28,Sunday,1,US-SR10,U.S. Highway,Urban,Principal Arterial - Other,State Highway Agency,69.0,33.97066667,-83.40131111,Culvert,Not a Collision,Not an Intersection,On Roadside,,Dark - Not Lighted,Clear,0,1,2011.0,0,1,CLARKE (59),ATHENS
2019,10383,Georgia,0,1,2,July,28,Sunday,1,US-SR10,U.S. Highway,Urban,Principal Arterial - Other,State Highway Agency,69.0,33.97066667,-83.40131111,Culvert,Not a Collision,Not an Intersection,On Roadside,,Dark - Not Lighted,Clear,0,0,2013.0,1,0,CLARKE (59),ATHENS
2019,10383,Georgia,0,1,2,July,28,Sunday,1,US-SR10,U.S. Highway,Urban,Principal Arterial - Other,State Highway Agency,69.0,33.97066667,-83.40131111,Culvert,Not a Collision,Not an Intersection,On Roadside,,Dark - Not Lighted,Clear,0,0,2007.0,0,0,CLARKE (59),ATHENS
2019,10384,Georgia,0,2,2,July,28,Sunday,5,I-75 SR-401,Interstate,Urban,Interstate,State Highway Agency,24.0,33.56229167,-84.31559167,Motor Vehicle In-Transport,Front-to-Rear,Not an Intersection,On Roadway,,Dark - Not Lighted,Clear,0,0,2014.0,1,0,CLAYTON (63),NOT APPLICABLE
2019,10385,Georgia,0,1,1,July,28,Sunday,3,I-85,Interstate,Urban,Interstate,State Highway Agency,110.0,33.61978889,-84.48453333,Rollover/Overturn,Not a Collision,Not an Intersection,On Roadside,,Dark - Not Lighted,Clear,0,0,2008.0,0,0,FULTON (121),COLLEGE PARK
2019,10385,Georgia,0,1,1,July,28,Sunday,3,I-85,Interstate,Urban,Interstate,State Highway Agency,110.0,33.61978889,-84.48453333,Rollover/Overturn,Not a Collision,Not an Intersection,On Roadside,,Dark - Not Lighted,Clear,0,0,2006.0,1,0,FULTON (121),COLLEGE PARK
2019,10386,Georgia,1,1,1,July,29,Monday,2,I-20 SR-402,Interstate,Urban,Interstate,State Highway Agency,13.0,33.77576944,-84.58704444,Pedestrian,Not a Collision,Not an Intersection,On Roadway,,Dark - Not Lighted,Cloudy,0,0,2005.0,1,1,COBB (67),NOT APPLICABLE
2019,10387,Georgia,0,1,1,July,29,Monday,16,SR-33,State Highway,Rural,Minor Arterial,State Highway Agency,28.0,31.85068056,-83.77905556,Culvert,Not a Collision,Not an Intersection,On Roadside,,Daylight,Clear,0,0,2017.0,1,0,CRISP (81),NOT APPLICABLE
2019,10387,Georgia,0,1,1,July,29,Monday,16,SR-33,State Highway,Rural,Minor Arterial,State Highway Agency,28.0,31.85068056,-83.77905556,Culvert,Not a Collision,Not an Intersection,On Roadside,,Daylight,Clear,0,0,2018.0,0,0,CRISP (81),NOT APPLICABLE
2019,10387,Georgia,0,1,1,July,29,Monday,16,SR-33,State Highway,Rural,Minor Arterial,State Highway Agency,28.0,31.85068056,-83.77905556,Culvert,Not a Collision,Not an Intersection,On Roadside,,Daylight,Clear,0,0,2018.0,0,0,CRISP (81),NOT APPLICABLE
2019,10388,Georgia,0,1,1,July,29,Monday,24,CR-PARKWOOD ROAD,County Road,Urban,Local,County Highway Agency,3.0,33.831125,-84.03439722,Other Object (not fixed),Not a Collision,Not an Intersection,On Roadside,,Dark - Not Lighted,Clear,0,0,1994.0,1,0,GWINNETT (135),NOT APPLICABLE
2019,10389,Georgia,1,4,2,July,31,Wednesday,14,I-75 SR-401 GORE,Interstate,Urban,Interstate,State Highway Agency,95.0,33.97688056,-84.53495,Parked Motor Vehicle,Not a Collision,Not an Intersection,Gore,,Daylight,Clear,0,0,2008.0,1,1,COBB (67),MARIETTA
2019,10389,Georgia,1,4,2,July,31,Wednesday,14,I-75 SR-401 GORE,Interstate,Urban,Interstate,State Highway Agency,95.0,33.97688056,-84.53495,Parked Motor Vehicle,Not a Collision,Not an Intersection,Gore,,Daylight,Clear,0,0,2015.0,0,0,COBB (67),MARIETTA
2019,10390,Georgia,0,1,1,July,31,Wednesday,14,SR-136,State Highway,Rural,Major Collector,State Highway Agency,16.0,34.53098333,-84.57051667,Rollover/Overturn,Not a Collision,Not an Intersection,On Roadside,,Daylight,Clear,0,0,2003.0,0,0,PICKENS (227),NOT APPLICABLE
2019,10390,Georgia,0,1,1,July,31,Wednesday,14,SR-136,State Highway,Rural,Major Collector,State Highway Agency,16.0,34.53098333,-84.57051667,Rollover/Overturn,Not a Collision,Not an Intersection,On Roadside,,Daylight,Clear,0,0,2018.0,0,0,PICKENS (227),NOT APPLICABLE
2019,10390,Georgia,0,1,1,July,31,Wednesday,14,SR-136,State Highway,Rural,Major Collector,State Highway Agency,16.0,34.53098333,-84.57051667,Rollover/Overturn,Not a Collision,Not an Intersection,On Roadside,,Daylight,Clear,0,0,2018.0,0,0,PICKENS (227),NOT APPLICABLE
2019,10390,Georgia,0,1,1,July,31,Wednesday,14,SR-136,State Highway,Rural,Major Collector,State Highway Agency,16.0,34.53098333,-84.57051667,Rollover/Overturn,Not a Collision,Not an Intersection,On Roadside,,Daylight,Clear,0,0,2015.0,0,0,PICKENS (227),NOT APPLICABLE
2019,10390,Georgia,0,1,1,July,31,Wednesday,14,SR-136,State Highway,Rural,Major Collector,State Highway Agency,16.0,34.53098333,-84.57051667,Rollover/Overturn,Not a Collision,Not an Intersection,On Roadside,,Daylight,Clear,0,0,2016.0,1,0,PICKENS (227),NOT APPLICABLE
2019,10391,Georgia,0,2,2,July,1,Monday,23,I-75,Interstate,Urban,Interstate,State Highway Agency,28.0,33.33746111,-84.12287778,Motor Vehicle In-Transport,Front-to-Rear,Not an Intersection,On Roadway,Construction,Dark - Not Lighted,Clear,0,0,2009.0,1,1,HENRY (151),NOT APPLICABLE
2019,10392,Georgia,0,2,3,July,30,Tuesday,14,BARRETT PKWY,Local Street - Municipality,Urban,Principal Arterial - Other,City or Municipal Highway Agency,14.0,33.99527778,-84.59176389,Motor Vehicle In-Transport,Angle,Four-Way Intersection,On Roadway,,Daylight,Clear,0,0,1999.0,1,0,COBB (67),KENNESAW
2019,10392,Georgia,0,2,3,July,30,Tuesday,14,BARRETT PKWY,Local Street - Municipality,Urban,Principal Arterial - Other,City or Municipal Highway Agency,14.0,33.99527778,-84.59176389,Motor Vehicle In-Transport,Angle,Four-Way Intersection,On Roadway,,Daylight,Clear,0,0,2011.0,0,0,COBB (67),KENNESAW
2019,10392,Georgia,0,2,3,July,30,Tuesday,14,BARRETT PKWY,Local Street - Municipality,Urban,Principal Arterial - Other,City or Municipal Highway Agency,14.0,33.99527778,-84.59176389,Motor Vehicle In-Transport,Angle,Four-Way Intersection,On Roadway,,Daylight,Clear,0,0,2016.0,0,0,COBB (67),KENNESAW
2019,10393,Georgia,1,1,3,August,1,Thursday,20,US-SR11 E E BUTLER PKWY,U.S. Highway,Urban,Principal Arterial - Other,State Highway Agency,93.0,34.2971,-83.820475,Pedestrian,Not a Collision,Not an Intersection,On Roadway,,Dark - Lighted,Rain,0,0,2003.0,1,0,HALL (139),GAINESVILLE
2019,10394,Georgia,0,2,2,August,1,Thursday,12,I-85,Interstate,Urban,Interstate,State Highway Agency,126.0,33.00474722,-85.00518611,Rollover/Overturn,Not a Collision,Not an Intersection,On Roadway,Construction,Daylight,Clear,0,0,2017.0,1,1,TROUP (285),NOT APPLICABLE
2019,10395,Georgia,0,1,3,August,1,Thursday,19,CR-49 AMBOY REBECCA RD,County Road,Rural,Local,County Highway Agency,50.0,31.78271389,-83.57378056,Culvert,Not a Collision,Not an Intersection,On Roadside,,Daylight,Cloudy,0,0,2004.0,1,0,TURNER (287),NOT APPLICABLE
2019,10395,Georgia,0,1,3,August,1,Thursday,19,CR-49 AMBOY REBECCA RD,County Road,Rural,Local,County Highway Agency,50.0,31.78271389,-83.57378056,Culvert,Not a Collision,Not an Intersection,On Roadside,,Daylight,Cloudy,0,0,2006.0,0,0,TURNER (287),NOT APPLICABLE
2019,10396,Georgia,0,2,2,August,2,Friday,18,SR-97,State Highway,Rural,Minor Arterial,State Highway Agency,80.0,30.74742222,-84.67068333,Motor Vehicle In-Transport,Front-to-Front,Not an Intersection,On Roadway,,Daylight,Clear,0,0,2009.0,1,0,DECATUR (87),NOT APPLICABLE
2019,10397,Georgia,0,1,1,August,2,Friday,9,CR-9518 W PONCE DE LEON AVE,County Road,Urban,Minor Arterial,County Highway Agency,0.0,33.77366944,-84.31241944,Curb,Not a Collision,Not an Intersection,On Roadside,,Daylight,Cloudy,0,0,2006.0,0,1,DEKALB (89),DECATUR
2019,10398,Georgia,0,1,1,August,2,Friday,19,CR-267 MT SHADY CHURCH RD,County Road,Urban,Local,County Highway Agency,35.0,32.56543056,-82.26908333,Rollover/Overturn,Not a Collision,Not an Intersection,On Roadway,,Daylight,Clear,0,0,2007.0,1,0,EMANUEL (107),NOT APPLICABLE
2019,10399,Georgia,0,2,4,August,2,Friday,20,CR-65 UNION GROVE RD,County Road,Urban,Major Collector,County Highway Agency,9.0,34.44224722,-84.91448333,Motor Vehicle In-Transport,Angle,Four-Way Intersection,On Roadway,Construction,Dusk,Cloudy,0,0,2008.0,1,0,GORDON (129),NOT APPLICABLE
2019,10400,Georgia,0,1,2,August,2,Friday,13,CR-7238 RONALD REAGAN PKWY,County Road,Urban,Principal Arterial - Freeways,County Highway Agency,64.0,33.87628333,-84.02423333,Tree (Standing Only),Not a Collision,Not an Intersection,On Roadside,,Daylight,Clear,0,0,2010.0,1,0,GWINNETT (135),SNELLVILLE
2019,10401,Georgia,0,1,2,August,2,Friday,20,US-84 SR38,U.S. Highway,Urban,Principal Arterial - Other,State Highway Agency,84.0,31.85905556,-81.56287778,Curb,Not a Collision,Not an Intersection,On Roadside,,Daylight,Cloudy,0,0,2013.0,2,0,LIBERTY (179),FLEMINGTON
2019,10402,Georgia,0,1,2,August,2,Friday,23,CR-18 TOM BUFFINGTON RD,County Road,Rural,Local,County Highway Agency,10.0,32.75636389,-84.51483889,Rollover/Overturn,Not a Collision,Not an Intersection,On Roadside,,Dark - Not Lighted,Cloudy,0,0,2001.0,1,1,TALBOT (263),NOT APPLICABLE
2019,10403,Georgia,0,1,1,August,2,Friday,23,CR-187 RIDGE RD,County Road,Rural,Major Collector,County Highway Agency,47.0,32.81732778,-83.47055556,Tree (Standing Only),Not a Collision,Not an Intersection,On Roadside,,Dark - Not Lighted,Cloudy,0,0,2002.0,2,1,TWIGGS (289),NOT APPLICABLE
2019,10404,Georgia,0,1,1,August,3,Saturday,17,SR-5BU RIVERSTONE PKWY,State Highway,Urban,Minor Arterial,State Highway Agency,30.0,34.24556667,-84.48237778,Curb,Not a Collision,T-Intersection,On Roadside,,Daylight,Cloudy,0,0,2019.0,0,0,CHEROKEE (57),CANTON
2019,10404,Georgia,0,1,1,August,3,Saturday,17,SR-5BU RIVERSTONE PKWY,State Highway,Urban,Minor Arterial,State Highway Agency,30.0,34.24556667,-84.48237778,Curb,Not a Collision,T-Intersection,On Roadside,,Daylight,Cloudy,0,0,2012.0,2,0,CHEROKEE (57),CANTON
2019,10404,Georgia,0,1,1,August,3,Saturday,17,SR-5BU RIVERSTONE PKWY,State Highway,Urban,Minor Arterial,State Highway Agency,30.0,34.24556667,-84.48237778,Curb,Not a Collision,T-Intersection,On Roadside,,Daylight,Cloudy,0,0,2018.0,0,0,CHEROKEE (57),CANTON
2019,10405,Georgia,0,2,2,August,3,Saturday,23,I-20,Interstate,Urban,Interstate,State Highway Agency,23.0,33.72685833,-84.32405833,Parked Motor Vehicle,Not a Collision,Not an Intersection,On Roadside,,Dark - Lighted,Clear,0,0,2008.0,1,0,DEKALB (89),NOT APPLICABLE
2019,10405,Georgia,0,2,2,August,3,Saturday,23,I-20,Interstate,Urban,Interstate,State Highway Agency,23.0,33.72685833,-84.32405833,Parked Motor Vehicle,Not a Collision,Not an Intersection,On Roadside,,Dark - Lighted,Clear,0,0,2008.0,0,0,DEKALB (89),NOT APPLICABLE
2019,10406,Georgia,0,2,3,August,3,Saturday,6,US-SR8,U.S. Highway,Urban,Minor Arterial,State Highway Agency,111.0,33.70514167,-85.17951389,Motor Vehicle In-Transport,Front-to-Front,Not an Intersection,On Roadway,,Dark - Not Lighted,Clear,0,0,2007.0,1,0,HARALSON (143),WACO
2019,10406,Georgia,0,2,3,August,3,Saturday,6,US-SR8,U.S. Highway,Urban,Minor Arterial,State Highway Agency,111.0,33.70514167,-85.17951389,Motor Vehicle In-Transport,Front-to-Front,Not an Intersection,On Roadway,,Dark - Not Lighted,Clear,0,0,2009.0,0,0,HARALSON (143),WACO
2019,10407,Georgia,0,1,1,August,3,Saturday,6,US-SR2,U.S. Highway,Rural,Principal Arterial - Other,State Highway Agency,57.0,34.96870556,-83.81853611,Other Fixed Object,Not a Collision,Not an Intersection,On Roadside,,Dawn,Clear,0,0,2018.0,1,1,TOWNS (281),NOT APPLICABLE
2019,10408,Georgia,0,2,3,August,4,Sunday,18,US-SR42,U.S. Highway,Urban,Minor Arterial,State Highway Agency,62.0,33.28055556,-83.92303333,Motor Vehicle In-Transport,Front-to-Front,Not an Intersection,On Roadway,,Daylight,Clear,0,0,2004.0,1,1,BUTTS (35),NOT APPLICABLE
2019,10409,Georgia,0,1,1,August,4,Sunday,2,I-285 RAMP,Interstate,Urban,Interstate,State Highway Agency,97.0,33.76491111,-84.49313889,Concrete Traffic Barrier,Not a Collision,Not an Intersection,On Roadside,,Dark - Lighted,Clear,0,0,2005.0,0,0,FULTON (121),ATLANTA
2019,10410,Georgia,0,1,1,August,4,Sunday,5,I-20,Interstate,Urban,Interstate,State Highway Agency,27.0,33.7646,-84.49305,Concrete Traffic Barrier,Not a Collision,Not an Intersection,On Median,,Dark - Lighted,Clear,0,0,2000.0,2,0,FULTON (121),ATLANTA
2019,10410,Georgia,0,1,1,August,4,Sunday,5,I-20,Interstate,Urban,Interstate,State Highway Agency,27.0,33.7646,-84.49305,Concrete Traffic Barrier,Not a Collision,Not an Intersection,On Median,,Dark - Lighted,Clear,0,0,2015.0,0,0,FULTON (121),ATLANTA
2019,10411,Georgia,0,2,2,August,4,Sunday,8,US-SR11,U.S. Highway,Rural,Minor Arterial,State Highway Agency,89.0,32.24773889,-83.47305556,Motor Vehicle In-Transport,Angle,Four-Way Intersection,On Roadway,,Daylight,Clear,0,0,2014.0,1,1,PULASKI (235),NOT APPLICABLE
2019,10412,Georgia,0,1,1,August,5,Monday,2,SR-92 CAMPBELLTON FAIRBURN RD,State Highway,Urban,Principal Arterial - Other,State Highway Agency,115.0,33.64198056,-84.64516944,Tree (Standing Only),Not a Collision,Not an Intersection,On Roadside,,Dark - Not Lighted,Clear,0,0,1987.0,1,0,FULTON (121),Other
2019,10412,Georgia,0,1,1,August,5,Monday,2,SR-92 CAMPBELLTON FAIRBURN RD,State Highway,Urban,Principal Arterial - Other,State Highway Agency,115.0,33.64198056,-84.64516944,Tree (Standing Only),Not a Collision,Not an Intersection,On Roadside,,Dark - Not Lighted,Clear,0,0,2017.0,0,0,FULTON (121),Other
2019,10412,Georgia,0,1,1,August,5,Monday,2,SR-92 CAMPBELLTON FAIRBURN RD,State Highway,Urban,Principal Arterial - Other,State Highway Agency,115.0,33.64198056,-84.64516944,Tree (Standing Only),Not a Collision,Not an Intersection,On Roadside,,Dark - Not Lighted,Clear,0,0,2005.0,0,0,FULTON (121),Other
2019,10413,Georgia,0,2,2,August,5,Monday,1,US-SR400,U.S. Highway,Urban,Principal Arterial - Freeways,State Highway Agency,127.0,33.98198889,-84.34176944,Motor Vehicle In-Transport,Front-to-Rear,Not an Intersection,On Roadway,,Dark - Not Lighted,Clear,0,0,1994.0,1,1,FULTON (121),SANDY SPRINGS
2019,10414,Georgia,1,1,1,August,6,Tuesday,5,US-SR14,U.S. Highway,Urban,Principal Arterial - Other,State Highway Agency,142.0,33.37323333,-84.80065556,Pedestrian,Not a Collision,Not an Intersection,On Roadway,,Dark - Not Lighted,"Fog, Smog, Smoke",0,0,2001.0,0,0,COWETA (77),NEWNAN
2019,10415,Georgia,0,1,2,August,6,Tuesday,15,CR-1199 BENTLEY LN,County Road,Urban,Local,County Highway Agency,1.0,34.24384444,-85.24170833,Tree (Standing Only),Not a Collision,Not an Intersection,On Roadside,,Daylight,Clear,0,0,2011.0,1,0,FLOYD (115),NOT APPLICABLE
2019,10416,Georgia,1,1,1,August,6,Tuesday,6,NORMAN BERRY DR,Local Street - Municipality,Urban,Major Collector,City or Municipal Highway Agency,48.0,33.68588611,-84.44740556,Non-Motorist on Personal Conveyance,Not a Collision,Four-Way Intersection,On Roadway,,Dark - Not Lighted,Clear,0,0,2001.0,1,0,FULTON (121),EAST POINT
2019,10417,Georgia,0,1,3,August,6,Tuesday,10,CR-472 RIDGE RD,County Road,Urban,Minor Arterial,County Highway Agency,65.0,33.830575,-84.78563611,Tree (Standing Only),Not a Collision,Not an Intersection,On Roadside,,Daylight,Cloudy,0,0,2013.0,2,0,PAULDING (223),NOT APPLICABLE
2019,10417,Georgia,0,1,3,August,6,Tuesday,10,CR-472 RIDGE RD,County Road,Urban,Minor Arterial,County Highway Agency,65.0,33.830575,-84.78563611,Tree (Standing Only),Not a Collision,Not an Intersection,On Roadside,,Daylight,Cloudy,0,0,2003.0,1,0,PAULDING (223),NOT APPLICABLE
2019,10418,Georgia,0,2,3,August,6,Tuesday,9,US-SR11,U.S. Highway,Rural,Principal Arterial - Other,State Highway Agency,3.0,34.50804722,-83.75639722,Motor Vehicle In-Transport,Front-to-Front,Four-Way Intersection,On Roadway,,Daylight,Clear,0,0,2001.0,1,0,WHITE (311),CLEVELAND
2019,10419,Georgia,1,1,2,August,7,Wednesday,22,SR-120 S MARIETTA PKWY,State Highway,Urban,Principal Arterial - Other,State Highway Agency,120.0,33.94255,-84.53158056,Pedestrian,Not a Collision,Not an Intersection,On Roadway,,Dark - Lighted,Clear,0,0,2016.0,1,0,COBB (67),MARIETTA
2019,10419,Georgia,1,1,2,August,7,Wednesday,22,SR-120 S MARIETTA PKWY,State Highway,Urban,Principal Arterial - Other,State Highway Agency,120.0,33.94255,-84.53158056,Pedestrian,Not a Collision,Not an Intersection,On Roadway,,Dark - Lighted,Clear,0,0,2003.0,0,0,COBB (67),MARIETTA
2019,10420,Georgia,0,2,2,August,7,Wednesday,7,CR-2564 MAXHAM RD,County Road,Urban,Minor Arterial,County Highway Agency,0.0,33.80148889,-84.62005,Motor Vehicle In-Transport,Angle,Four-Way Intersection,On Roadway,,Daylight,Clear,0,0,1995.0,1,1,COBB (67),NOT APPLICABLE
2019,10420,Georgia,0,2,2,August,7,Wednesday,7,CR-2564 MAXHAM RD,County Road,Urban,Minor Arterial,County Highway Agency,0.0,33.80148889,-84.62005,Motor Vehicle In-Transport,Angle,Four-Way Intersection,On Roadway,,Daylight,Clear,0,0,2015.0,0,0,COBB (67),NOT APPLICABLE
2019,10420,Georgia,0,2,2,August,7,Wednesday,7,CR-2564 MAXHAM RD,County Road,Urban,Minor Arterial,County Highway Agency,0.0,33.80148889,-84.62005,Motor Vehicle In-Transport,Angle,Four-Way Intersection,On Roadway,,Daylight,Clear,0,0,2018.0,0,0,COBB (67),NOT APPLICABLE
2019,10421,Georgia,1,1,1,August,7,Wednesday,1,CR-1962 MCGINNIS FERRY RD,County Road,Urban,Minor Arterial,County Highway Agency,5.0,34.02833333,-84.05865,Pedestrian,Not a Collision,Not an Intersection,On Roadway,,Dark - Not Lighted,Clear,0,0,1997.0,1,0,GWINNETT (135),SUWANEE
2019,10421,Georgia,1,1,1,August,7,Wednesday,1,CR-1962 MCGINNIS FERRY RD,County Road,Urban,Minor Arterial,County Highway Agency,5.0,34.02833333,-84.05865,Pedestrian,Not a Collision,Not an Intersection,On Roadway,,Dark - Not Lighted,Clear,0,0,1995.0,0,0,GWINNETT (135),SUWANEE
2019,10422,Georgia,0,1,2,August,7,Wednesday,6,LIGHTS FERRY RD,Local Street - Municipality,Urban,Local,City or Municipal Highway Agency,0.0,34.18244167,-83.92678889,Railway Vehicle,Not a Collision,Not an Intersection,On Roadway,,Daylight,Clear,0,0,2018.0,1,0,HALL (139),FLOWERY BRANCH