YEAR,ST_CASE,STATENAME,NUM_PEDS,NUM_VEHC,PERSONS,MONTHNAME,DAYNAME,DAY_WEEKNAME,HOUR,ROAD_NAME,ROUTENAME,RUR_URBNAME,FUNC_SYSNAME,RD_OWNERNAME,MILE_MARKER,LATITUDE,LONGITUD,HARM_EVNAME,COLLISION_TYPE,TYP_INTNAME,REL_ROADNAME,WRK_ZONENAME,LGT_CONDNAME,WEATHERNAME,SCH_BUS,HIT_RUN,MOD_YEAR,DEATHS,DR_DRINK,COUNTYNAME,CITYNAME
2019,10481,Georgia,0,1,1,August,19,Monday,8,US-SR3,U.S. Highway,Urban,Principal Arterial - Other,State Highway Agency,50.0,31.60168611,-84.1478,Guardrail Face,Not a Collision,Not an Intersection,On Median,,Daylight,Not Reported,0,0,2005.0,0,0,DOUGHERTY (95),ALBANY
2019,10482,Georgia,0,2,2,August,19,Monday,6,SR-26,State Highway,Rural,Minor Arterial,State Highway Agency,295.0,32.56526389,-82.08983056,Motor Vehicle In-Transport,Front-to-Front,Not an Intersection,On Roadway,,Dark - Not Lighted,Cloudy,0,0,2007.0,1,0,EMANUEL (107),NOT APPLICABLE
2019,10482,Georgia,0,2,2,August,19,Monday,6,SR-26,State Highway,Rural,Minor Arterial,State Highway Agency,295.0,32.56526389,-82.08983056,Motor Vehicle In-Transport,Front-to-Front,Not an Intersection,On Roadway,,Dark - Not Lighted,Cloudy,0,0,2013.0,0,0,EMANUEL (107),NOT APPLICABLE
2019,10482,Georgia,0,2,2,August,19,Monday,6,SR-26,State Highway,Rural,Minor Arterial,State Highway Agency,295.0,32.56526389,-82.08983056,Motor Vehicle In-Transport,Front-to-Front,Not an Intersection,On Roadway,,Dark - Not Lighted,Cloudy,0,0,2017.0,0,0,EMANUEL (107),NOT APPLICABLE
2019,10483,Georgia,0,3,7,August,19,Monday,16,US-SR1,U.S. Highway,Rural,Principal Arterial - Other,State Highway Agency,79.0,33.80351944,-85.176875,Motor Vehicle In-Transport,Angle,Four-Way Intersection,On Roadway,Construction,Daylight,Not Reported,0,0,2002.0,0,1,HARALSON (143),BUCHANAN
2019,10484,Georgia,0,1,2,August,19,Monday,10,SR-38,State Highway,Rural,Principal Arterial - Other,State Highway Agency,5.0,33.33341575136947,-85.26160784623394,Ditch,Not a Collision,Not an Intersection,On Roadside,,Daylight,Clear,0,0,2015.0,1,0,SEMINOLE (253),NOT APPLICABLE
2019,10484,Georgia,0,1,2,August,19,Monday,10,SR-38,State Highway,Rural,Principal Arterial - Other,State Highway Agency,5.0,33.33341575136947,-85.26160784623394,Ditch,Not a Collision,Not an Intersection,On Roadside,,Daylight,Clear,0,0,2017.0,0,0,SEMINOLE (253),NOT APPLICABLE
2019,10485,Georgia,0,2,3,August,20,Tuesday,17,CR-EMORY GRIFFIN ROAD,County Road,Rural,Minor Collector,County Highway Agency,19.0,34.27972222,-83.64485556,Motor Vehicle In-Transport,Angle,Four-Way Intersection,On Roadway,,Daylight,Cloudy,0,0,2000.0,0,0,HALL (139),NOT APPLICABLE
2019,10486,Georgia,0,1,2,August,20,Tuesday,5,SR-92,State Highway,Rural,Minor Arterial,State Highway Agency,49.0,33.29121667,-84.335725,Rollover/Overturn,Not a Collision,Not an Intersection,On Roadside,,Dark - Not Lighted,"Fog, Smog, Smoke",0,0,2017.0,0,0,SPALDING (255),NOT APPLICABLE
2019,10486,Georgia,0,1,2,August,20,Tuesday,5,SR-92,State Highway,Rural,Minor Arterial,State Highway Agency,49.0,33.29121667,-84.335725,Rollover/Overturn,Not a Collision,Not an Intersection,On Roadside,,Dark - Not Lighted,"Fog, Smog, Smoke",0,0,2012.0,1,0,SPALDING (255),NOT APPLICABLE
2019,10487,Georgia,0,1,1,August,21,Wednesday,17,I-59 SR-406,Interstate,Rural,Interstate,State Highway Agency,19.0,33.33341575136947,-85.26160784623394,Guardrail Face,Not a Collision,Not an Intersection,On Roadside,,Daylight,Clear,0,0,2006.0,1,0,DADE (83),NOT APPLICABLE
2019,10487,Georgia,0,1,1,August,21,Wednesday,17,I-59 SR-406,Interstate,Rural,Interstate,State Highway Agency,19.0,33.33341575136947,-85.26160784623394,Guardrail Face,Not a Collision,Not an Intersection,On Roadside,,Daylight,Clear,0,0,2016.0,0,0,DADE (83),NOT APPLICABLE
2019,10488,Georgia,1,1,1,August,21,Wednesday,20,CR-BLOUNTS CROSSING ROAD,County Road,Rural,Local,County Highway Agency,5.0,31.39388611,-81.41913056,Pedestrian,Not a Collision,Not an Intersection,On Shoulder,,Dark - Not Lighted,Clear,0,0,2006.0,1,0,MCINTOSH (191),NOT APPLICABLE
2019,10489,Georgia,0,1,1,August,22,Thursday,16,SR-23,State Highway,Rural,Major Collector,State Highway Agency,106.0,32.42929167,-82.08703333,Traffic Sign Support,Not a Collision,Not an Intersection,On Roadside,,Daylight,Clear,0,0,1995.0,1,1,CANDLER (43),NOT APPLICABLE
2019,10489,Georgia,0,1,1,August,22,Thursday,16,SR-23,State Highway,Rural,Major Collector,State Highway Agency,106.0,32.42929167,-82.08703333,Traffic Sign Support,Not a Collision,Not an Intersection,On Roadside,,Daylight,Clear,0,0,2010.0,0,0,CANDLER (43),NOT APPLICABLE
2019,10490,Georgia,0,2,2,August,22,Thursday,16,CR-NORTH DECATUR ROAD,County Road,Urban,Minor Arterial,County Highway Agency,15.0,33.79366667,-84.26955556,Motor Vehicle In-Transport,Angle,Four-Way Intersection,On Roadway,,Daylight,Clear,0,0,1999.0,1,0,DEKALB (89),NOT APPLICABLE
2019,10491,Georgia,0,1,1,August,22,Thursday,22,CR-HARDUP ROAD,County Road,Rural,Local,County Highway Agency,3.0,31.44141667,-84.21149167,"Post, Pole or Other Supports",Not a Collision,T-Intersection,On Roadside,,Dark - Not Lighted,Rain,0,0,2008.0,1,0,DOUGHERTY (95),NOT APPLICABLE
2019,10492,Georgia,0,2,2,August,22,Thursday,24,FULTON INDUSTRIAL BOULEVARD,Local Street - Municipality,Urban,Minor Arterial,City or Municipal Highway Agency,275.0,33.74494444,-84.55971389,Motor Vehicle In-Transport,Angle,Four-Way Intersection,On Roadway,,Dark - Not Lighted,Clear,0,0,2007.0,0,0,FULTON (121),ATLANTA
2019,10492,Georgia,0,2,2,August,22,Thursday,24,FULTON INDUSTRIAL BOULEVARD,Local Street - Municipality,Urban,Minor Arterial,City or Municipal Highway Agency,275.0,33.74494444,-84.55971389,Motor Vehicle In-Transport,Angle,Four-Way Intersection,On Roadway,,Dark - Not Lighted,Clear,0,0,2010.0,0,0,FULTON (121),ATLANTA
2019,10493,Georgia,1,1,1,August,22,Thursday,22,SR-154 LANKFORD PARKWAY,State Highway,Urban,Principal Arterial - Freeways,State Highway Agency,249.0,33.69006944,-84.49989167,Pedestrian,Not a Collision,Not an Intersection,On Roadway,,Dark - Not Lighted,Clear,0,0,2008.0,1,0,FULTON (121),ATLANTA
2019,10493,Georgia,1,1,1,August,22,Thursday,22,SR-154 LANKFORD PARKWAY,State Highway,Urban,Principal Arterial - Freeways,State Highway Agency,249.0,33.69006944,-84.49989167,Pedestrian,Not a Collision,Not an Intersection,On Roadway,,Dark - Not Lighted,Clear,0,0,2017.0,0,0,FULTON (121),ATLANTA
2019,10494,Georgia,1,1,1,August,23,Friday,23,CR-FLOYD ROAD,County Road,Urban,Minor Arterial,County Highway Agency,12.0,33.83559722,-84.57625833,Pedestrian,Not a Collision,Not an Intersection,On Roadway,,Dark - Not Lighted,Clear,0,0,2011.0,1,1,COBB (67),NOT APPLICABLE
2019,10495,Georgia,0,1,1,August,23,Friday,9,SR-101,State Highway,Rural,Minor Arterial,State Highway Agency,104.0,33.93928889,-84.99730833,Tree (Standing Only),Not a Collision,Not an Intersection,On Roadside,,Daylight,Cloudy,0,0,2008.0,1,0,PAULDING (223),NOT APPLICABLE
2019,10496,Georgia,0,1,2,August,24,Saturday,19,I-95 SR-405,Interstate,Urban,Interstate,State Highway Agency,75.0,32.07928333,-81.24327222,Tree (Standing Only),Not a Collision,Not an Intersection,On Roadside,,Dark - Not Lighted,Cloudy,0,0,2002.0,1,0,CHATHAM (51),POOLER
2019,10497,Georgia,0,1,1,August,24,Saturday,2,CR-CHARLES W GRANT PKWY,County Road,Urban,Local,County Highway Agency,72.9525993883792,33.64101389,-84.401975,Other Traffic Barrier,Not a Collision,T-Intersection,On Roadside,,Dark - Not Lighted,Clear,0,0,2006.0,0,0,CLAYTON (63),NOT APPLICABLE
2019,10497,Georgia,0,1,1,August,24,Saturday,2,CR-CHARLES W GRANT PKWY,County Road,Urban,Local,County Highway Agency,72.9525993883792,33.64101389,-84.401975,Other Traffic Barrier,Not a Collision,T-Intersection,On Roadside,,Dark - Not Lighted,Clear,0,0,2016.0,1,0,CLAYTON (63),NOT APPLICABLE
2019,10498,Georgia,0,1,1,August,24,Saturday,13,SR-329,State Highway,Rural,Major Collector,State Highway Agency,22.0,32.28816667,-83.82714167,Ditch,Not a Collision,Not an Intersection,On Roadside,,Daylight,Clear,0,0,2004.0,1,0,DOOLY (93),NOT APPLICABLE
2019,10499,Georgia,1,1,1,August,24,Saturday,21,SR-30,State Highway,Rural,Principal Arterial - Other,State Highway Agency,13.0,32.02003611,-83.04943056,Pedestrian,Not a Collision,Not an Intersection,On Roadway,,Dark - Not Lighted,Cloudy,0,0,2010.0,1,0,TELFAIR (271),MILAN
2019,10500,Georgia,0,1,4,August,24,Saturday,17,SR-54,State Highway,Rural,Major Collector,State Highway Agency,41.0,33.18643333,-84.96564722,Rollover/Overturn,Not a Collision,Not an Intersection,On Roadway,,Daylight,Cloudy,0,0,2008.0,1,0,TROUP (285),NOT APPLICABLE
2019,10501,Georgia,0,2,2,August,25,Sunday,16,CR-FLAT SHOALS ROAD,County Road,Urban,Minor Arterial,County Highway Agency,10.0,33.58548889,-84.514925,Motor Vehicle In-Transport,Angle,Four-Way Intersection,On Roadway,,Daylight,Clear,0,0,1995.0,1,0,FULTON (121),NOT APPLICABLE
2019,10502,Georgia,0,2,1,August,25,Sunday,2,BOLTON ROAD,Local Street - Municipality,Urban,Major Collector,City or Municipal Highway Agency,4.0,33.77703333,-84.50165833,Parked Motor Vehicle,Not a Collision,Not an Intersection,Outside Trafficway,,Dark - Not Lighted,Cloudy,0,0,2017.0,1,0,FULTON (121),ATLANTA
2019,10502,Georgia,0,2,1,August,25,Sunday,2,BOLTON ROAD,Local Street - Municipality,Urban,Major Collector,City or Municipal Highway Agency,4.0,33.77703333,-84.50165833,Parked Motor Vehicle,Not a Collision,Not an Intersection,Outside Trafficway,,Dark - Not Lighted,Cloudy,0,0,2018.0,0,0,FULTON (121),ATLANTA
2019,10503,Georgia,0,1,1,August,25,Sunday,7,SR-4,State Highway,Rural,Principal Arterial - Other,State Highway Agency,258.0,33.17419167,-82.38113333,Utility Pole/Light Support,Not a Collision,Not an Intersection,On Roadside,,Daylight,Cloudy,0,0,2004.0,1,1,JEFFERSON (163),NOT APPLICABLE
2019,10504,Georgia,0,1,1,August,26,Monday,12,I-75 HOV RAMP,Interstate,Urban,Interstate,State Highway Agency,7.0,33.886425,-84.45790556,Bridge Rail (Includes parapet),Not a Collision,Not an Intersection,On Roadside,,Daylight,Cloudy,0,0,2018.0,1,1,COBB (67),NOT APPLICABLE
2019,10505,Georgia,1,2,3,August,26,Monday,20,NORTH HAIRSTON ROAD,Local Street - Municipality,Urban,Principal Arterial - Other,City or Municipal Highway Agency,2.0,33.82248333,-84.19490556,Pedestrian,Not a Collision,Four-Way Intersection,On Roadway,,Dark - Not Lighted,Rain,0,0,2005.0,0,0,DEKALB (89),TUCKER
2019,10506,Georgia,0,2,2,August,26,Monday,10,CR-VETERANS PARKWAY,County Road,Urban,Minor Arterial,County Highway Agency,36.0,33.49721111,-84.50834722,Motor Vehicle In-Transport,Front-to-Front,Not an Intersection,On Roadway,,Daylight,Cloudy,0,0,1999.0,1,0,FAYETTE (113),NOT APPLICABLE
2019,10506,Georgia,0,2,2,August,26,Monday,10,CR-VETERANS PARKWAY,County Road,Urban,Minor Arterial,County Highway Agency,36.0,33.49721111,-84.50834722,Motor Vehicle In-Transport,Front-to-Front,Not an Intersection,On Roadway,,Daylight,Cloudy,0,0,2001.0,0,0,FAYETTE (113),NOT APPLICABLE
2019,10506,Georgia,0,2,2,August,26,Monday,10,CR-VETERANS PARKWAY,County Road,Urban,Minor Arterial,County Highway Agency,36.0,33.49721111,-84.50834722,Motor Vehicle In-Transport,Front-to-Front,Not an Intersection,On Roadway,,Daylight,Cloudy,0,0,2012.0,0,0,FAYETTE (113),NOT APPLICABLE
2019,10507,Georgia,0,1,2,August,27,Tuesday,16,CR-BOULDERCREST ROAD,County Road,Urban,Minor Arterial,County Highway Agency,9.0,33.62332778,-84.28448333,Mail Box,Not a Collision,Not an Intersection,On Roadside,,Daylight,Clear,0,0,2011.0,0,0,CLAYTON (63),NOT APPLICABLE
2019,10507,Georgia,0,1,2,August,27,Tuesday,16,CR-BOULDERCREST ROAD,County Road,Urban,Minor Arterial,County Highway Agency,9.0,33.62332778,-84.28448333,Mail Box,Not a Collision,Not an Intersection,On Roadside,,Daylight,Clear,0,0,2015.0,1,1,CLAYTON (63),NOT APPLICABLE
2019,10508,Georgia,0,2,3,August,27,Tuesday,15,CR-STEVE REYNOLDS BOULEVARD,County Road,Urban,Local,County Highway Agency,11.0,33.95121111,-84.13945,Motor Vehicle In-Transport,Angle,Four-Way Intersection,On Roadway,,Daylight,Clear,0,0,1995.0,0,0,GWINNETT (135),NOT APPLICABLE
2019,10509,Georgia,0,1,1,August,27,Tuesday,11,SR-10,State Highway,Urban,Principal Arterial - Other,State Highway Agency,64.0,33.85599444,-84.02492222,Cargo/Equipment Movement,Not a Collision,Four-Way Intersection,On Roadway,,Daylight,Cloudy,0,0,2007.0,1,0,GWINNETT (135),SNELLVILLE
2019,10509,Georgia,0,1,1,August,27,Tuesday,11,SR-10,State Highway,Urban,Principal Arterial - Other,State Highway Agency,64.0,33.85599444,-84.02492222,Cargo/Equipment Movement,Not a Collision,Four-Way Intersection,On Roadway,,Daylight,Cloudy,0,0,2018.0,0,0,GWINNETT (135),SNELLVILLE
2019,10511,Georgia,0,3,2,August,29,Thursday,10,SANDERS STREET,Local Street - Municipality,Urban,Local,City or Municipal Highway Agency,0.0,32.02448333,-81.09251389,Motor Vehicle In-Transport,Angle,Four-Way Intersection,On Roadway,,Daylight,Clear,0,0,2000.0,0,0,CHATHAM (51),SAVANNAH
2019,10511,Georgia,0,3,2,August,29,Thursday,10,SANDERS STREET,Local Street - Municipality,Urban,Local,City or Municipal Highway Agency,0.0,32.02448333,-81.09251389,Motor Vehicle In-Transport,Angle,Four-Way Intersection,On Roadway,,Daylight,Clear,0,0,2008.0,1,0,CHATHAM (51),SAVANNAH
2019,10512,Georgia,0,2,2,August,29,Thursday,19,AIRWAYS AVENUE,Local Street - Municipality,Urban,Local,City or Municipal Highway Agency,12.0,32.13825833,-81.22680833,Motor Vehicle In-Transport,Angle,Four-Way Intersection,On Roadway,,Dark - Not Lighted,Clear,0,0,2001.0,1,1,CHATHAM (51),SAVANNAH
2019,10512,Georgia,0,2,2,August,29,Thursday,19,AIRWAYS AVENUE,Local Street - Municipality,Urban,Local,City or Municipal Highway Agency,12.0,32.13825833,-81.22680833,Motor Vehicle In-Transport,Angle,Four-Way Intersection,On Roadway,,Dark - Not Lighted,Clear,0,0,2007.0,0,0,CHATHAM (51),SAVANNAH
2019,10513,Georgia,0,1,1,August,29,Thursday,9,CR-DUBLIN EASTMAN ROAD,County Road,Rural,Major Collector,County Highway Agency,12.0,32.37987778,-83.09275,Tree (Standing Only),Not a Collision,Not an Intersection,On Roadside,,Daylight,Clear,0,0,2013.0,1,1,LAURENS (175),NOT APPLICABLE
2019,10514,Georgia,0,2,2,August,30,Friday,10,CR-POWDER SPRINGS ROAD,County Road,Urban,Minor Arterial,City or Municipal Highway Agency,34.0,33.89973333,-84.60670556,Motor Vehicle In-Transport,Front-to-Rear,T-Intersection,On Roadway,,Daylight,Clear,0,0,2001.0,1,0,COBB (67),NOT APPLICABLE
2019,10515,Georgia,1,1,1,August,30,Friday,1,SR-6,State Highway,Urban,Principal Arterial - Other,State Highway Agency,40.0,33.76955,-84.60145833,Pedestrian,Not a Collision,Not an Intersection,On Roadway,,Dark - Not Lighted,Clear,0,0,2015.0,0,0,DOUGLAS (97),NOT APPLICABLE
2019,10515,Georgia,1,1,1,August,30,Friday,1,SR-6,State Highway,Urban,Principal Arterial - Other,State Highway Agency,40.0,33.76955,-84.60145833,Pedestrian,Not a Collision,Not an Intersection,On Roadway,,Dark - Not Lighted,Clear,0,0,2001.0,1,0,DOUGLAS (97),NOT APPLICABLE
2019,10515,Georgia,1,1,1,August,30,Friday,1,SR-6,State Highway,Urban,Principal Arterial - Other,State Highway Agency,40.0,33.76955,-84.60145833,Pedestrian,Not a Collision,Not an Intersection,On Roadway,,Dark - Not Lighted,Clear,0,0,2010.0,0,0,DOUGLAS (97),NOT APPLICABLE
2019,10516,Georgia,0,2,4,August,30,Friday,20,SR-41,State Highway,Rural,Minor Arterial,State Highway Agency,45.0,32.87907778,-84.66237778,Motor Vehicle In-Transport,Front-to-Front,Not an Intersection,On Roadway,,Dark - Not Lighted,Clear,0,0,2011.0,0,0,MERIWETHER (199),NOT APPLICABLE
2019,10518,Georgia,0,1,1,August,31,Saturday,21,INNER LOOP 10,Local Street - Municipality,Urban,Local,City or Municipal Highway Agency,0.0,33.99437222,-83.33409444,Traffic Sign Support,Not a Collision,T-Intersection,On Median,,Dark - Lighted,Clear,0,0,2005.0,1,0,CLARKE (59),ATHENS
2019,10519,Georgia,0,3,6,August,31,Saturday,21,SR-300,State Highway,Rural,Principal Arterial - Other,State Highway Agency,53.0,31.72623889,-83.98730278,Motor Vehicle In-Transport,Angle,Four-Way Intersection,On Roadway,,Dark - Not Lighted,Rain,0,0,2012.0,0,1,WORTH (321),NOT APPLICABLE
2019,10519,Georgia,0,3,6,August,31,Saturday,21,SR-300,State Highway,Rural,Principal Arterial - Other,State Highway Agency,53.0,31.72623889,-83.98730278,Motor Vehicle In-Transport,Angle,Four-Way Intersection,On Roadway,,Dark - Not Lighted,Rain,0,0,2007.0,1,0,WORTH (321),NOT APPLICABLE
2019,10520,Georgia,0,1,1,July,21,Sunday,12,SR-121,State Highway,Rural,Principal Arterial - Other,State Highway Agency,180.0,33.17661389,-82.03984722,Embankment,Not a Collision,Not an Intersection,On Roadside,,Daylight,Clear,0,0,1994.0,2,0,BURKE (33),NOT APPLICABLE
2019,10520,Georgia,0,1,1,July,21,Sunday,12,SR-121,State Highway,Rural,Principal Arterial - Other,State Highway Agency,180.0,33.17661389,-82.03984722,Embankment,Not a Collision,Not an Intersection,On Roadside,,Daylight,Clear,0,0,2001.0,0,0,BURKE (33),NOT APPLICABLE
2019,10521,Georgia,0,1,4,August,8,Thursday,20,SR-240,State Highway,Rural,Major Collector,State Highway Agency,21.0,32.53693056,-84.50209444,Ditch,Not a Collision,Not an Intersection,On Roadside,,Dark - Not Lighted,Clear,0,0,2000.0,1,0,MARION (197),NOT APPLICABLE
2019,10522,Georgia,0,1,3,September,1,Sunday,17,I-16,Interstate,Rural,Interstate,State Highway Agency,25.0,32.37624167,-82.18288333,Tree (Standing Only),Not a Collision,Not an Intersection,On Median,,Daylight,Rain,0,0,2007.0,0,0,CANDLER (43),NOT APPLICABLE
2019,10522,Georgia,0,1,3,September,1,Sunday,17,I-16,Interstate,Rural,Interstate,State Highway Agency,25.0,32.37624167,-82.18288333,Tree (Standing Only),Not a Collision,Not an Intersection,On Median,,Daylight,Rain,0,0,2019.0,1,0,CANDLER (43),NOT APPLICABLE
2019,10523,Georgia,0,1,2,September,1,Sunday,17,I-16,Interstate,Rural,Interstate,State Highway Agency,63.0,32.38371111,-82.24664167,Tree (Standing Only),Not a Collision,Not an Intersection,On Median,,Daylight,Rain,0,0,2012.0,1,0,EMANUEL (107),NOT APPLICABLE
2019,10523,Georgia,0,1,2,September,1,Sunday,17,I-16,Interstate,Rural,Interstate,State Highway Agency,63.0,32.38371111,-82.24664167,Tree (Standing Only),Not a Collision,Not an Intersection,On Median,,Daylight,Rain,0,0,2001.0,0,0,EMANUEL (107),NOT APPLICABLE
2019,10524,Georgia,0,2,4,September,1,Sunday,12,COX RD,Local Street - Municipality,Urban,Local,City or Municipal Highway Agency,9.0,34.09280833,-84.40378056,Motor Vehicle In-Transport,Angle,T-Intersection,On Roadway,,Daylight,Clear,0,0,2017.0,1,0,FULTON (121),ROSWELL
2019,10524,Georgia,0,2,4,September,1,Sunday,12,COX RD,Local Street - Municipality,Urban,Local,City or Municipal Highway Agency,9.0,34.09280833,-84.40378056,Motor Vehicle In-Transport,Angle,T-Intersection,On Roadway,,Daylight,Clear,0,0,2012.0,1,1,FULTON (121),ROSWELL
2019,10524,Georgia,0,2,4,September,1,Sunday,12,COX RD,Local Street - Municipality,Urban,Local,City or Municipal Highway Agency,9.0,34.09280833,-84.40378056,Motor Vehicle In-Transport,Angle,T-Intersection,On Roadway,,Daylight,Clear,0,0,2012.0,0,0,FULTON (121),ROSWELL
2019,10525,Georgia,0,1,1,September,1,Sunday,4,CR-156 ERWIN ST,County Road,Urban,Local,County Highway Agency,0.0,34.48047778,-84.93585556,Tree (Standing Only),Not a Collision,Not an Intersection,On Roadside,,Dark - Not Lighted,Clear,0,0,1999.0,1,1,GORDON (129),CALHOUN
2019,10525,Georgia,0,1,1,September,1,Sunday,4,CR-156 ERWIN ST,County Road,Urban,Local,County Highway Agency,0.0,34.48047778,-84.93585556,Tree (Standing Only),Not a Collision,Not an Intersection,On Roadside,,Dark - Not Lighted,Clear,0,0,2002.0,0,0,GORDON (129),CALHOUN
2019,10526,Georgia,0,1,1,September,1,Sunday,19,US-SR3,U.S. Highway,Urban,Principal Arterial - Other,State Highway Agency,151.0,34.78385556,-84.91822222,Rollover/Overturn,Not a Collision,Not an Intersection,On Roadside,,Daylight,Clear,0,0,2009.0,1,1,WHITFIELD (313),NOT APPLICABLE
2019,10527,Georgia,0,1,2,September,2,Monday,9,CR-288 OLD TENNESSEE HWY,County Road,Rural,Local,County Highway Agency,15.0,34.30930833,-84.73305556,Rollover/Overturn,Not a Collision,Not an Intersection,On Roadway,,Daylight,Clear,0,0,2016.0,0,0,BARTOW (15),NOT APPLICABLE
2019,10528,Georgia,0,1,1,September,2,Monday,14,US-SR11,U.S. Highway,Urban,Principal Arterial - Other,State Highway Agency,29.0,34.23528611,-83.75588333,Embankment,Not a Collision,T-Intersection,On Roadside,Construction,Daylight,Clear,0,0,2004.0,0,1,HALL (139),NOT APPLICABLE
2019,10528,Georgia,0,1,1,September,2,Monday,14,US-SR11,U.S. Highway,Urban,Principal Arterial - Other,State Highway Agency,29.0,34.23528611,-83.75588333,Embankment,Not a Collision,T-Intersection,On Roadside,Construction,Daylight,Clear,0,0,2001.0,1,0,HALL (139),NOT APPLICABLE
2019,10529,Georgia,0,2,2,September,3,Tuesday,20,CR-7939 BROCKETT RD,County Road,Urban,Minor Arterial,County Highway Agency,9.0,33.82504167,-84.23334444,Rollover/Overturn,Not a Collision,Not an Intersection,On Roadway,,Dark - Lighted,Clear,0,0,2009.0,1,1,DEKALB (89),TUCKER
2019,10529,Georgia,0,2,2,September,3,Tuesday,20,CR-7939 BROCKETT RD,County Road,Urban,Minor Arterial,County Highway Agency,9.0,33.82504167,-84.23334444,Rollover/Overturn,Not a Collision,Not an Intersection,On Roadway,,Dark - Lighted,Clear,0,0,2018.0,3,0,DEKALB (89),TUCKER
2019,10530,Georgia,0,2,2,September,3,Tuesday,16,I-85,Interstate,Urban,Interstate,State Highway Agency,14.0,32.89136944,-85.13699167,Motor Vehicle In-Transport,Front-to-Rear,Not an Intersection,On Roadway,,Daylight,Clear,0,0,2008.0,1,0,TROUP (285),NOT APPLICABLE
2019,10531,Georgia,0,2,4,September,4,Wednesday,15,SR-67,State Highway,Urban,Minor Arterial,State Highway Agency,165.0,32.40114722,-81.75886667,Motor Vehicle In-Transport,Angle,Not an Intersection,Continuous Left - Turn Lane,,Daylight,Clear,0,1,2008.0,0,0,BULLOCH (31),NOT APPLICABLE
2019,10532,Georgia,1,1,1,September,5,Thursday,15,I-85,Interstate,Urban,Interstate,State Highway Agency,13.0,33.83382222,-84.33131111,Pedestrian,Not a Collision,Not an Intersection,On Roadway,,Daylight,Clear,0,0,2015.0,1,0,DEKALB (89),NOT APPLICABLE
2019,10532,Georgia,1,1,1,September,5,Thursday,15,I-85,Interstate,Urban,Interstate,State Highway Agency,13.0,33.83382222,-84.33131111,Pedestrian,Not a Collision,Not an Intersection,On Roadway,,Daylight,Clear,0,0,2020.0,1,0,DEKALB (89),NOT APPLICABLE
2019,10532,Georgia,1,1,1,September,5,Thursday,15,I-85,Interstate,Urban,Interstate,State Highway Agency,13.0,33.83382222,-84.33131111,Pedestrian,Not a Collision,Not an Intersection,On Roadway,,Daylight,Clear,0,0,2015.0,0,0,DEKALB (89),NOT APPLICABLE
2019,10532,Georgia,1,1,1,September,5,Thursday,15,I-85,Interstate,Urban,Interstate,State Highway Agency,13.0,33.83382222,-84.33131111,Pedestrian,Not a Collision,Not an Intersection,On Roadway,,Daylight,Clear,0,0,2013.0,0,0,DEKALB (89),NOT APPLICABLE
2019,10532,Georgia,1,1,1,September,5,Thursday,15,I-85,Interstate,Urban,Interstate,State Highway Agency,13.0,33.83382222,-84.33131111,Pedestrian,Not a Collision,Not an Intersection,On Roadway,,Daylight,Clear,0,0,2002.0,0,0,DEKALB (89),NOT APPLICABLE
2019,10533,Georgia,1,1,1,September,5,Thursday,6,SR-53,State Highway,Urban,Principal Arterial - Other,State Highway Agency,116.0,34.24669444,-83.88507778,Pedestrian,Not a Collision,Not an Intersection,On Roadway,,Dark - Not Lighted,Clear,0,0,2006.0,1,1,HALL (139),OAKWOOD
2019,10534,Georgia,0,2,4,September,6,Friday,14,SR-234 OAKRIDGE DR,State Highway,Urban,Principal Arterial - Other,State Highway Agency,204.0,31.55278333,-84.15385556,Motor Vehicle In-Transport,Front-to-Rear,Not an Intersection,On Roadway,,Daylight,Clear,0,1,2001.0,0,0,DOUGHERTY (95),ALBANY
2019,10535,Georgia,0,2,2,September,6,Friday,10,US-SR14 ROOSEVELT HWY,U.S. Highway,Urban,Minor Arterial,State Highway Agency,24.0,33.53390278,-84.64683611,Motor Vehicle In-Transport,Front-to-Front,Not an Intersection,On Roadway,,Daylight,Clear,0,0,2017.0,1,0,FULTON (121),PALMETTO
2019,10536,Georgia,1,1,1,September,6,Friday,8,US-SR8,U.S. Highway,Urban,Principal Arterial - Other,State Highway Agency,29.0,33.77616389,-84.46625556,Pedestrian,Not a Collision,Not an Intersection,On Roadway,,Daylight,Clear,0,0,2019.0,0,0,FULTON (121),ATLANTA
2019,10537,Georgia,0,1,1,September,7,Saturday,21,CR-205 BLACK SPRINGS RD,County Road,Rural,Local,County Highway Agency,32.0,33.11151111,-83.1684,Tree (Standing Only),Not a Collision,Not an Intersection,On Roadside,,Dark - Not Lighted,Clear,0,0,2018.0,0,0,BALDWIN (9),NOT APPLICABLE
2019,10537,Georgia,0,1,1,September,7,Saturday,21,CR-205 BLACK SPRINGS RD,County Road,Rural,Local,County Highway Agency,32.0,33.11151111,-83.1684,Tree (Standing Only),Not a Collision,Not an Intersection,On Roadside,,Dark - Not Lighted,Clear,0,0,2018.0,1,1,BALDWIN (9),NOT APPLICABLE
2019,10537,Georgia,0,1,1,September,7,Saturday,21,CR-205 BLACK SPRINGS RD,County Road,Rural,Local,County Highway Agency,32.0,33.11151111,-83.1684,Tree (Standing Only),Not a Collision,Not an Intersection,On Roadside,,Dark - Not Lighted,Clear,0,0,2013.0,0,0,BALDWIN (9),NOT APPLICABLE