YEAR,ST_CASE,STATENAME,NUM_PEDS,NUM_VEHC,PERSONS,MONTHNAME,DAYNAME,DAY_WEEKNAME,HOUR,ROAD_NAME,ROUTENAME,RUR_URBNAME,FUNC_SYSNAME,RD_OWNERNAME,MILE_MARKER,LATITUDE,LONGITUD,HARM_EVNAME,COLLISION_TYPE,TYP_INTNAME,REL_ROADNAME,WRK_ZONENAME,LGT_CONDNAME,WEATHERNAME,SCH_BUS,HIT_RUN,MOD_YEAR,DEATHS,DR_DRINK,COUNTYNAME,CITYNAME
2019,10658,Georgia,0,1,1,October,11,Friday,19,CR-160 MCALPINE RD,County Road,Rural,Local,County Highway Agency,0.0,33.78686667,-85.35402222,Rollover/Overturn,Not a Collision,Not an Intersection,On Roadside,,Dark - Not Lighted,Clear,0,0,2002.0,1,0,HARALSON (143),NOT APPLICABLE
2019,10659,Georgia,0,2,2,October,11,Friday,5,SR-11 SOCIAL CIRCLE PKWY,State Highway,Rural,Minor Arterial,State Highway Agency,25.0,33.66710556,-83.69361389,Motor Vehicle In-Transport,Front-to-Front,Not an Intersection,On Roadway,,Dark - Not Lighted,Cloudy,0,0,2008.0,1,0,WALTON (297),SOCIAL CIRCLE
2019,10660,Georgia,0,2,3,October,11,Friday,20,US-SR4,U.S. Highway,Urban,Principal Arterial - Other,State Highway Agency,134.0,31.10733889,-82.23996389,Motor Vehicle In-Transport,Front-to-Front,Not an Intersection,On Roadway,,Dark - Not Lighted,Clear,0,0,2014.0,1,0,WARE (299),NOT APPLICABLE
2019,10660,Georgia,0,2,3,October,11,Friday,20,US-SR4,U.S. Highway,Urban,Principal Arterial - Other,State Highway Agency,134.0,31.10733889,-82.23996389,Motor Vehicle In-Transport,Front-to-Front,Not an Intersection,On Roadway,,Dark - Not Lighted,Clear,0,0,2016.0,0,0,WARE (299),NOT APPLICABLE
2019,10661,Georgia,1,2,2,October,12,Saturday,5,I-75,Interstate,Urban,Interstate,State Highway Agency,130.0,32.85234167,-83.64139722,Pedestrian,Not a Collision,Not an Intersection,On Roadway,Construction,Dark - Not Lighted,Clear,0,0,2007.0,1,1,BIBB (21),MACON
2019,10661,Georgia,1,2,2,October,12,Saturday,5,I-75,Interstate,Urban,Interstate,State Highway Agency,130.0,32.85234167,-83.64139722,Pedestrian,Not a Collision,Not an Intersection,On Roadway,Construction,Dark - Not Lighted,Clear,0,0,2013.0,1,0,BIBB (21),MACON
2019,10662,Georgia,1,1,1,October,12,Saturday,2,US-SR29 RAMP,U.S. Highway,Urban,Principal Arterial - Other,State Highway Agency,100.0,33.97893056,-83.35293056,Pedestrian,Not a Collision,Not an Intersection,On Roadway,,Dark - Unknown Lighting,Clear,0,0,2009.0,0,0,CLARKE (59),ATHENS
2019,10662,Georgia,1,1,1,October,12,Saturday,2,US-SR29 RAMP,U.S. Highway,Urban,Principal Arterial - Other,State Highway Agency,100.0,33.97893056,-83.35293056,Pedestrian,Not a Collision,Not an Intersection,On Roadway,,Dark - Unknown Lighting,Clear,0,0,2003.0,1,0,CLARKE (59),ATHENS
2019,10663,Georgia,1,1,1,October,12,Saturday,5,US-SR3 TARA BLVD,U.S. Highway,Urban,Principal Arterial - Other,State Highway Agency,108.0,33.5737,-84.371925,Pedestrian,Not a Collision,Not an Intersection,On Roadway,,Dark - Not Lighted,Clear,0,0,2001.0,1,1,CLAYTON (63),JONESBORO
2019,10664,Georgia,0,1,2,October,12,Saturday,1,I-75,Interstate,Rural,Interstate,State Highway Agency,191.0,31.29742222,-83.47721111,Guardrail Face,Not a Collision,Not an Intersection,On Roadside,,Dark - Not Lighted,Clear,0,0,2019.0,1,1,COOK (75),NOT APPLICABLE
2019,10665,Georgia,0,2,2,October,12,Saturday,16,US-SR1,U.S. Highway,Urban,Principal Arterial - Other,State Highway Agency,129.0,30.81970833,-84.52348611,Motor Vehicle In-Transport,Angle,Four-Way Intersection,On Roadway,,Daylight,Clear,0,0,2011.0,0,0,DECATUR (87),NOT APPLICABLE
2019,10665,Georgia,0,2,2,October,12,Saturday,16,US-SR1,U.S. Highway,Urban,Principal Arterial - Other,State Highway Agency,129.0,30.81970833,-84.52348611,Motor Vehicle In-Transport,Angle,Four-Way Intersection,On Roadway,,Daylight,Clear,0,0,1996.0,0,0,DECATUR (87),NOT APPLICABLE
2019,10666,Georgia,0,4,11,October,12,Saturday,21,E OAKRIDGE DR,Local Street - Municipality,Urban,Minor Arterial,City or Municipal Highway Agency,4.0,31.55253889,-84.14538333,Motor Vehicle In-Transport,Sideswipe - Same Direction,Not an Intersection,On Roadway,,Dark - Not Lighted,Clear,0,0,1998.0,1,0,DOUGHERTY (95),ALBANY
2019,10667,Georgia,1,1,1,October,12,Saturday,6,US-SR3 CROWN RD,U.S. Highway,Urban,Minor Arterial,State Highway Agency,3.0,33.65196389,-84.394375,Pedalcyclist,Not a Collision,Not an Intersection,On Roadway,Construction,Dark - Lighted,Clear,0,0,2001.0,1,1,FULTON (121),ATLANTA
2019,10668,Georgia,0,2,6,October,12,Saturday,7,I-16,Interstate,Rural,Interstate,State Highway Agency,102.0,32.50917222,-83.050225,Motor Vehicle In-Transport,Front-to-Rear,Not an Intersection,On Roadway,,Dawn,Clear,0,0,2002.0,1,0,LAURENS (175),NOT APPLICABLE
2019,10669,Georgia,1,1,3,October,12,Saturday,19,SR-190 HILL ST,State Highway,Rural,Minor Arterial,State Highway Agency,31.0,32.85678889,-84.60463333,Pedestrian,Not a Collision,Not an Intersection,On Roadway,,Dark - Lighted,Clear,0,0,2006.0,1,1,MERIWETHER (199),MANCHESTER
2019,10670,Georgia,0,1,1,October,12,Saturday,8,US-1 SR-4,U.S. Highway,Rural,Principal Arterial - Other,State Highway Agency,134.0,32.12667778,-82.36043333,Guardrail End,Not a Collision,Not an Intersection,On Roadside,,Daylight,Clear,0,0,2008.0,0,0,TOOMBS (279),NOT APPLICABLE
2019,10670,Georgia,0,1,1,October,12,Saturday,8,US-1 SR-4,U.S. Highway,Rural,Principal Arterial - Other,State Highway Agency,134.0,32.12667778,-82.36043333,Guardrail End,Not a Collision,Not an Intersection,On Roadside,,Daylight,Clear,0,0,2018.0,1,0,TOOMBS (279),NOT APPLICABLE
2019,10671,Georgia,0,3,2,October,12,Saturday,10,CR-358 E WARING ST,County Road,Urban,Major Collector,County Highway Agency,9.0,31.24095556,-82.36816111,Motor Vehicle In-Transport,Angle,Four-Way Intersection,On Roadway,,Daylight,Clear,0,0,1999.0,1,1,WARE (299),NOT APPLICABLE
2019,10672,Georgia,0,4,4,October,12,Saturday,9,SR-57,State Highway,Rural,Minor Arterial,State Highway Agency,217.0,32.79650833,-83.03840278,Motor Vehicle In-Transport,Front-to-Front,T-Intersection,On Roadway,,Daylight,Clear,0,0,1996.0,1,1,WILKINSON (319),NOT APPLICABLE
2019,10673,Georgia,0,1,4,October,13,Sunday,14,CR-7109 OAKLAND RD,County Road,Urban,Local,County Highway Agency,10.0,33.95935278,-84.07697222,Ditch,Not a Collision,Not an Intersection,On Roadside,,Daylight,Rain,0,0,2015.0,1,0,GWINNETT (135),NOT APPLICABLE
2019,10673,Georgia,0,1,4,October,13,Sunday,14,CR-7109 OAKLAND RD,County Road,Urban,Local,County Highway Agency,10.0,33.95935278,-84.07697222,Ditch,Not a Collision,Not an Intersection,On Roadside,,Daylight,Rain,0,0,2017.0,0,0,GWINNETT (135),NOT APPLICABLE
2019,10674,Georgia,0,1,4,October,13,Sunday,22,US-SR31,U.S. Highway,Rural,Principal Arterial - Other,State Highway Agency,183.0,32.44805278,-82.94479444,Culvert,Not a Collision,Not an Intersection,On Roadside,,Dark - Lighted,Clear,0,0,2004.0,1,0,LAURENS (175),NOT APPLICABLE
2019,10675,Georgia,0,2,2,October,14,Monday,7,US-SR3 COBB PKWY,U.S. Highway,Urban,Principal Arterial - Other,State Highway Agency,226.0,34.0774,-84.72866389,Motor Vehicle In-Transport,Angle,Four-Way Intersection,On Roadway,,Daylight,Clear,0,0,2017.0,0,1,COBB (67),NOT APPLICABLE
2019,10676,Georgia,1,1,1,October,14,Monday,19,US-SR30 16TH AVE,U.S. Highway,Urban,Principal Arterial - Other,State Highway Agency,89.0,31.96351667,-83.78855556,Pedestrian,Not a Collision,Not an Intersection,On Roadway,,Dark - Not Lighted,Clear,0,0,2016.0,1,1,CRISP (81),CORDELE
2019,10676,Georgia,1,1,1,October,14,Monday,19,US-SR30 16TH AVE,U.S. Highway,Urban,Principal Arterial - Other,State Highway Agency,89.0,31.96351667,-83.78855556,Pedestrian,Not a Collision,Not an Intersection,On Roadway,,Dark - Not Lighted,Clear,0,0,2008.0,0,0,CRISP (81),CORDELE
2019,10677,Georgia,0,1,5,October,14,Monday,7,SR-97,State Highway,Rural,Minor Arterial,State Highway Agency,364.0,31.05399444,-84.431975,Tree (Standing Only),Not a Collision,Not an Intersection,On Roadside,,Dawn,Clear,0,0,2012.0,1,0,DECATUR (87),NOT APPLICABLE
2019,10678,Georgia,0,2,2,October,15,Tuesday,11,SR-54,State Highway,Urban,Principal Arterial - Other,State Highway Agency,141.0,33.47450556,-84.41251944,Motor Vehicle In-Transport,Front-to-Front,Not an Intersection,On Roadway,Construction,Daylight,Cloudy,0,0,2013.0,1,1,FAYETTE (113),NOT APPLICABLE
2019,10678,Georgia,0,2,2,October,15,Tuesday,11,SR-54,State Highway,Urban,Principal Arterial - Other,State Highway Agency,141.0,33.47450556,-84.41251944,Motor Vehicle In-Transport,Front-to-Front,Not an Intersection,On Roadway,Construction,Daylight,Cloudy,0,0,2015.0,0,0,FAYETTE (113),NOT APPLICABLE
2019,10679,Georgia,0,1,1,October,15,Tuesday,9,CR-RIVER ROAD,County Road,Rural,Minor Collector,County Highway Agency,23.0,31.08159444,-83.04411667,Embankment,Not a Collision,Not an Intersection,On Roadside,,Daylight,Cloudy,0,0,2006.0,0,0,LANIER (173),NOT APPLICABLE
2019,10679,Georgia,0,1,1,October,15,Tuesday,9,CR-RIVER ROAD,County Road,Rural,Minor Collector,County Highway Agency,23.0,31.08159444,-83.04411667,Embankment,Not a Collision,Not an Intersection,On Roadside,,Daylight,Cloudy,0,0,2018.0,1,0,LANIER (173),NOT APPLICABLE
2019,10680,Georgia,1,2,4,October,15,Tuesday,19,CR-OLD DALTON ELLIJAY RD,County Road,Rural,Local,County Highway Agency,8.0,34.77856667,-84.78395,Pedestrian,Not a Collision,Four-Way Intersection,On Roadway,,Dark - Not Lighted,Cloudy,0,0,2014.0,1,0,MURRAY (213),NOT APPLICABLE
2019,10681,Georgia,1,1,1,October,15,Tuesday,4,SR-1,State Highway,Urban,Principal Arterial - Other,State Highway Agency,107.0,34.02116667,-85.22043889,Pedestrian,Not a Collision,Not an Intersection,On Roadway,,Dark - Not Lighted,Clear,0,0,2016.0,1,1,POLK (233),NOT APPLICABLE
2019,10681,Georgia,1,1,1,October,15,Tuesday,4,SR-1,State Highway,Urban,Principal Arterial - Other,State Highway Agency,107.0,34.02116667,-85.22043889,Pedestrian,Not a Collision,Not an Intersection,On Roadway,,Dark - Not Lighted,Clear,0,0,2013.0,0,0,POLK (233),NOT APPLICABLE
2019,10682,Georgia,0,1,1,October,15,Tuesday,7,CR-AMERSON MILL RD,County Road,Rural,Local,County Highway Agency,3.0,33.07520556,-82.76374167,Embankment,Not a Collision,Not an Intersection,On Roadside,,Daylight,Cloudy,0,0,2017.0,1,1,WASHINGTON (303),NOT APPLICABLE
2019,10683,Georgia,0,2,3,October,16,Wednesday,6,US-SR15,U.S. Highway,Urban,Minor Arterial,State Highway Agency,8.0,33.91640556,-83.40510833,Other Traffic Barrier,Not a Collision,Not an Intersection,On Median,,Dark - Not Lighted,Rain,0,0,2001.0,0,0,CLARKE (59),ATHENS
2019,10684,Georgia,0,2,3,October,17,Thursday,20,CR-HALL STATION ROAD,County Road,Urban,Minor Collector,County Highway Agency,91.0,34.36380278,-84.94382778,Motor Vehicle In-Transport,Front-to-Front,Not an Intersection,On Roadway,,Dark - Not Lighted,Clear,0,0,2014.0,1,0,BARTOW (15),NOT APPLICABLE
2019,10684,Georgia,0,2,3,October,17,Thursday,20,CR-HALL STATION ROAD,County Road,Urban,Minor Collector,County Highway Agency,91.0,34.36380278,-84.94382778,Motor Vehicle In-Transport,Front-to-Front,Not an Intersection,On Roadway,,Dark - Not Lighted,Clear,0,0,1994.0,0,0,BARTOW (15),NOT APPLICABLE
2019,10685,Georgia,0,1,2,October,17,Thursday,22,SR-166 BYPASS,State Highway,Urban,Minor Arterial,State Highway Agency,9.0,33.61825278,-85.07943611,Curb,Not a Collision,Not an Intersection,On Roadside,,Dark - Lighted,Cloudy,0,0,2006.0,0,0,CARROLL (45),NOT APPLICABLE
2019,10685,Georgia,0,1,2,October,17,Thursday,22,SR-166 BYPASS,State Highway,Urban,Minor Arterial,State Highway Agency,9.0,33.61825278,-85.07943611,Curb,Not a Collision,Not an Intersection,On Roadside,,Dark - Lighted,Cloudy,0,0,2002.0,1,1,CARROLL (45),NOT APPLICABLE
2019,10686,Georgia,1,1,1,October,17,Thursday,4,I-285 SR-407,Interstate,Urban,Interstate,State Highway Agency,56.0,33.88051667,-84.47307778,Pedestrian,Not a Collision,Not an Intersection,On Roadway,,Dark - Not Lighted,Clear,0,0,2002.0,1,0,COBB (67),NOT APPLICABLE
2019,10687,Georgia,1,1,1,October,17,Thursday,21,SR-383,State Highway,Urban,Principal Arterial - Other,State Highway Agency,7.0,33.48467222,-82.13256667,Pedestrian,Not a Collision,Not an Intersection,On Roadway,Construction,Dark - Not Lighted,Clear,0,0,2017.0,1,0,COLUMBIA (73),NOT APPLICABLE
2019,10688,Georgia,0,2,1,October,17,Thursday,17,SR-1,State Highway,Rural,Minor Arterial,State Highway Agency,200.0,32.864025,-84.85393611,Tree (Standing Only),Not a Collision,Not an Intersection,On Roadside,,Daylight,Clear,0,0,2016.0,1,0,HARRIS (145),NOT APPLICABLE
2019,10688,Georgia,0,2,1,October,17,Thursday,17,SR-1,State Highway,Rural,Minor Arterial,State Highway Agency,200.0,32.864025,-84.85393611,Tree (Standing Only),Not a Collision,Not an Intersection,On Roadside,,Daylight,Clear,0,0,2006.0,0,0,HARRIS (145),NOT APPLICABLE
2019,10689,Georgia,1,1,1,October,18,Friday,22,CR-FLINT RIVER ROAD,County Road,Urban,Minor Arterial,County Highway Agency,23.0,33.51806389,-84.38701944,Pedestrian,Not a Collision,Not an Intersection,On Roadway,,Dark - Not Lighted,Clear,0,0,1977.0,1,0,CLAYTON (63),NOT APPLICABLE
2019,10689,Georgia,1,1,1,October,18,Friday,22,CR-FLINT RIVER ROAD,County Road,Urban,Minor Arterial,County Highway Agency,23.0,33.51806389,-84.38701944,Pedestrian,Not a Collision,Not an Intersection,On Roadway,,Dark - Not Lighted,Clear,0,0,2017.0,0,0,CLAYTON (63),NOT APPLICABLE
2019,10690,Georgia,0,1,1,October,18,Friday,17,CR-CLOVERDALE ROAD,County Road,Rural,Minor Collector,County Highway Agency,1.0,34.73390556,-85.536,Tree (Standing Only),Not a Collision,Not an Intersection,On Roadside,,Daylight,Clear,0,0,2001.0,1,1,DADE (83),NOT APPLICABLE
2019,10691,Georgia,0,1,1,October,19,Saturday,13,I-75 SR-401,Interstate,Urban,Interstate,State Highway Agency,104.0,33.99175278,-84.55238333,Concrete Traffic Barrier,Not a Collision,Not an Intersection,On Median,,Daylight,Rain,0,0,2017.0,1,0,COBB (67),NOT APPLICABLE
2019,10691,Georgia,0,1,1,October,19,Saturday,13,I-75 SR-401,Interstate,Urban,Interstate,State Highway Agency,104.0,33.99175278,-84.55238333,Concrete Traffic Barrier,Not a Collision,Not an Intersection,On Median,,Daylight,Rain,0,0,2006.0,0,0,COBB (67),NOT APPLICABLE
2019,10692,Georgia,0,1,2,October,19,Saturday,9,SR-400 RAMP,State Highway,Urban,Principal Arterial - Freeways,State Highway Agency,53.0,34.156625,-84.17428611,Utility Pole/Light Support,Not a Collision,Not an Intersection,On Roadside,,Daylight,Cloudy,0,0,1996.0,1,0,FORSYTH (117),NOT APPLICABLE
2019,10693,Georgia,0,3,3,October,20,Sunday,22,I-75 SR-401,Interstate,Urban,Interstate,State Highway Agency,36.0,33.57694167,-84.34186667,Motor Vehicle In-Transport,Front-to-Rear,Not an Intersection,On Roadway,,Dark - Lighted,Clear,0,0,2006.0,1,1,CLAYTON (63),NOT APPLICABLE
2019,10694,Georgia,0,1,2,October,21,Monday,10,I-24 SR-409,Interstate,Urban,Interstate,State Highway Agency,40.0,34.97197222,-85.42144167,Embankment,Not a Collision,Not an Intersection,On Median,,Daylight,Clear,0,0,2006.0,1,1,DADE (83),NOT APPLICABLE
2019,10694,Georgia,0,1,2,October,21,Monday,10,I-24 SR-409,Interstate,Urban,Interstate,State Highway Agency,40.0,34.97197222,-85.42144167,Embankment,Not a Collision,Not an Intersection,On Median,,Daylight,Clear,0,0,1995.0,2,0,DADE (83),NOT APPLICABLE
2019,10695,Georgia,0,1,1,October,21,Monday,16,CR-PROSPECT ROAD,County Road,Rural,Minor Collector,County Highway Agency,39.0,34.39905,-83.34834444,Rollover/Overturn,Not a Collision,Not an Intersection,On Roadside,,Daylight,Cloudy,0,0,2004.0,1,1,FRANKLIN (119),NOT APPLICABLE
2019,10696,Georgia,0,2,6,October,21,Monday,1,I-75 SR-401,Interstate,Urban,Interstate,State Highway Agency,111.0,34.76870833,-85.00160833,Motor Vehicle In-Transport,Sideswipe - Same Direction,Not an Intersection,On Roadway,,Dark - Not Lighted,Cloudy,0,0,2017.0,0,0,WHITFIELD (313),DALTON
2019,10697,Georgia,1,3,5,October,22,Tuesday,7,CR-GARDEN WALK BOULEVARD,County Road,Urban,Local,County Highway Agency,11.0,33.59597778,-84.41735,Pedestrian,Not a Collision,T-Intersection,On Roadway,,Dark - Not Lighted,Rain,1,0,2015.0,1,0,CLAYTON (63),NOT APPLICABLE
2019,10697,Georgia,1,3,5,October,22,Tuesday,7,CR-GARDEN WALK BOULEVARD,County Road,Urban,Local,County Highway Agency,11.0,33.59597778,-84.41735,Pedestrian,Not a Collision,T-Intersection,On Roadway,,Dark - Not Lighted,Rain,1,0,2010.0,0,0,CLAYTON (63),NOT APPLICABLE
2019,10698,Georgia,0,2,3,October,22,Tuesday,16,US-SR3,U.S. Highway,Urban,Principal Arterial - Other,State Highway Agency,66.0,34.49034722,-84.94764722,Motor Vehicle In-Transport,Front-to-Front,Four-Way Intersection,On Roadway,,Daylight,Clear,0,0,2019.0,1,0,GORDON (129),CALHOUN
2019,10699,Georgia,0,3,4,October,23,Wednesday,16,US-SR30,U.S. Highway,Rural,Principal Arterial - Other,State Highway Agency,119.0,32.14939167,-81.78786111,Motor Vehicle In-Transport,Front-to-Rear,Not an Intersection,On Roadway,,Daylight,Clear,0,0,2019.0,1,1,EVANS (109),NOT APPLICABLE
2019,10700,Georgia,0,1,1,October,23,Wednesday,5,CR-CANTON HIGHWAY,County Road,Urban,Principal Arterial - Other,County Highway Agency,14.0,34.23840278,-84.23161111,Mail Box,Not a Collision,Not an Intersection,On Roadside,,Dark - Not Lighted,Clear,0,0,2018.0,0,0,FORSYTH (117),NOT APPLICABLE
2019,10701,Georgia,0,4,5,October,23,Wednesday,16,SR-7,State Highway,Urban,Minor Arterial,State Highway Agency,0.0,33.18956944,-84.27770556,Motor Vehicle In-Transport,Angle,T-Intersection,On Roadway,,Daylight,Clear,0,0,2013.0,1,0,SPALDING (255),NOT APPLICABLE
2019,10702,Georgia,0,1,1,October,24,Thursday,18,SR-100,State Highway,Rural,Major Collector,State Highway Agency,72.0,33.87480278,-85.30201111,Rollover/Overturn,Not a Collision,Not an Intersection,On Roadside,,Dusk,Clear,0,0,2001.0,0,0,HARALSON (143),NOT APPLICABLE
2019,10703,Georgia,0,1,1,October,24,Thursday,7,CR-CEDAR PARK ROAD,County Road,Urban,Minor Collector,County Highway Agency,132.0,32.08040833,-82.92331944,Tree (Standing Only),Not a Collision,Not an Intersection,On Roadside,,Dawn,Clear,0,0,2014.0,1,0,TELFAIR (271),NOT APPLICABLE
2019,10703,Georgia,0,1,1,October,24,Thursday,7,CR-CEDAR PARK ROAD,County Road,Urban,Minor Collector,County Highway Agency,132.0,32.08040833,-82.92331944,Tree (Standing Only),Not a Collision,Not an Intersection,On Roadside,,Dawn,Clear,0,0,2014.0,0,0,TELFAIR (271),NOT APPLICABLE
2019,10704,Georgia,0,2,4,October,25,Friday,22,CR-HIRAM LITHIA SPRINGS ROAD,County Road,Urban,Local,County Highway Agency,44.0,33.824325,-84.67704444,Motor Vehicle In-Transport,Angle,Four-Way Intersection,On Roadway,,Dark - Lighted,Rain,0,0,2003.0,1,0,COBB (67),NOT APPLICABLE
2019,10705,Georgia,0,2,2,October,25,Friday,10,US-SR14 ROOSEVELT HIGHWAY,U.S. Highway,Urban,Minor Arterial,State Highway Agency,55.0,33.55349167,-84.59813889,Motor Vehicle In-Transport,Angle,T-Intersection,On Roadway,,Daylight,Cloudy,0,1,2008.0,0,0,FULTON (121),NOT APPLICABLE
2019,10706,Georgia,0,1,3,October,26,Saturday,5,I-75 SR-401,Interstate,Urban,Interstate,State Highway Agency,104.0,33.64120278,-84.40028333,Impact Attenuator/Crash Cushion,Not a Collision,Not an Intersection,On Roadside,,Dark - Not Lighted,"Fog, Smog, Smoke",0,1,2008.0,0,0,CLAYTON (63),NOT APPLICABLE
2019,10707,Georgia,0,4,6,October,26,Saturday,15,NORTH WESTOVER BOULEVARD,Local Street - Municipality,Urban,Principal Arterial - Other,City or Municipal Highway Agency,71.0,31.61086389,-84.2231,Motor Vehicle In-Transport,Front-to-Rear,Four-Way Intersection,On Roadway,,Daylight,Clear,0,0,2002.0,1,0,DOUGHERTY (95),ALBANY
2019,10708,Georgia,1,1,1,October,26,Saturday,13,I-75 SR-401,Interstate,Urban,Interstate,State Highway Agency,58.0,32.62917222,-83.74313611,Pedestrian,Not a Collision,Not an Intersection,On Shoulder,,Daylight,Clear,0,0,2017.0,0,0,PEACH (225),BYRON
2019,10708,Georgia,1,1,1,October,26,Saturday,13,I-75 SR-401,Interstate,Urban,Interstate,State Highway Agency,58.0,32.62917222,-83.74313611,Pedestrian,Not a Collision,Not an Intersection,On Shoulder,,Daylight,Clear,0,0,2004.0,1,0,PEACH (225),BYRON
2019,10709,Georgia,0,1,2,October,27,Sunday,17,SR-3 COBB PARKWAY,State Highway,Urban,Principal Arterial - Other,State Highway Agency,216.0,34.06946944,-84.72568889,Tree (Standing Only),Not a Collision,Not an Intersection,On Roadside,,Daylight,Clear,0,0,2014.0,1,0,COBB (67),NOT APPLICABLE
2019,10710,Georgia,0,4,10,October,27,Sunday,3,I-75 SR-401,Interstate,Urban,Interstate,State Highway Agency,106.0,33.64090278,-84.40039444,Motor Vehicle In-Transport,Front-to-Rear,Not an Intersection,On Roadway,,Dark - Not Lighted,Cloudy,0,0,2007.0,1,0,CLAYTON (63),NOT APPLICABLE
2019,10710,Georgia,0,4,10,October,27,Sunday,3,I-75 SR-401,Interstate,Urban,Interstate,State Highway Agency,106.0,33.64090278,-84.40039444,Motor Vehicle In-Transport,Front-to-Rear,Not an Intersection,On Roadway,,Dark - Not Lighted,Cloudy,0,0,2011.0,0,0,CLAYTON (63),NOT APPLICABLE
2019,10711,Georgia,0,2,2,October,27,Sunday,3,I-20 SR-402,Interstate,Urban,Interstate,State Highway Agency,26.0,33.76424444,-84.49193889,Motor Vehicle In-Transport,Front-to-Rear,Not an Intersection,On Roadway,,Dark - Lighted,Clear,0,0,2006.0,1,0,FULTON (121),ATLANTA
2019,10712,Georgia,1,2,3,October,28,Monday,22,I-75 SR-401,Interstate,Urban,Interstate,State Highway Agency,132.0,32.853375,-83.6414,Pedestrian,Not a Collision,Not an Intersection,On Roadway,,Dark - Not Lighted,Clear,0,0,2000.0,1,0,BIBB (21),MACON
2019,10712,Georgia,1,2,3,October,28,Monday,22,I-75 SR-401,Interstate,Urban,Interstate,State Highway Agency,132.0,32.853375,-83.6414,Pedestrian,Not a Collision,Not an Intersection,On Roadway,,Dark - Not Lighted,Clear,0,0,2010.0,0,0,BIBB (21),MACON
2019,10712,Georgia,1,2,3,October,28,Monday,22,I-75 SR-401,Interstate,Urban,Interstate,State Highway Agency,132.0,32.853375,-83.6414,Pedestrian,Not a Collision,Not an Intersection,On Roadway,,Dark - Not Lighted,Clear,0,0,2014.0,0,0,BIBB (21),MACON
2019,10713,Georgia,0,1,1,October,28,Monday,1,CR-STILESBORO ROAD,County Road,Urban,Minor Arterial,County Highway Agency,36.0,33.99787222,-84.643475,Fence,Not a Collision,T-Intersection,On Roadside,,Dark - Lighted,Cloudy,0,0,2001.0,1,1,COBB (67),NOT APPLICABLE
2019,10713,Georgia,0,1,1,October,28,Monday,1,CR-STILESBORO ROAD,County Road,Urban,Minor Arterial,County Highway Agency,36.0,33.99787222,-84.643475,Fence,Not a Collision,T-Intersection,On Roadside,,Dark - Lighted,Cloudy,0,0,2014.0,0,0,COBB (67),NOT APPLICABLE
2019,10714,Georgia,0,1,2,October,29,Tuesday,21,CR-NEW CUT ROAD,County Road,Urban,Major Collector,County Highway Agency,3.0,34.13472778,-83.76280278,Traffic Sign Support,Not a Collision,Not an Intersection,On Roadside,,Dark - Not Lighted,Cloudy,0,0,1970.0,1,0,JACKSON (157),NOT APPLICABLE
2019,10715,Georgia,0,2,3,October,29,Tuesday,6,CR-BEN HALL LAKE DRIVE,County Road,Rural,Minor Collector,County Highway Agency,7.0,32.62780556,-82.86259444,Motor Vehicle In-Transport,Angle,Not an Intersection,On Roadway,,Dark - Not Lighted,Rain,0,0,2019.0,0,0,LAURENS (175),NOT APPLICABLE
2019,10715,Georgia,0,2,3,October,29,Tuesday,6,CR-BEN HALL LAKE DRIVE,County Road,Rural,Minor Collector,County Highway Agency,7.0,32.62780556,-82.86259444,Motor Vehicle In-Transport,Angle,Not an Intersection,On Roadway,,Dark - Not Lighted,Rain,0,0,2018.0,1,0,LAURENS (175),NOT APPLICABLE
2019,10716,Georgia,0,1,1,October,29,Tuesday,2,17TH STREET,Local Street - Municipality,Urban,Minor Arterial,City or Municipal Highway Agency,16.0,32.47853056,-84.95899722,Utility Pole/Light Support,Not a Collision,Not an Intersection,On Roadside,,Dark - Lighted,Clear,0,0,2015.0,1,0,MUSCOGEE (215),COLUMBUS
2019,10717,Georgia,0,2,2,October,30,Wednesday,7,US-SR11,U.S. Highway,Urban,Principal Arterial - Other,City or Municipal Highway Agency,37.0,32.70505556,-83.66324444,Motor Vehicle In-Transport,Front-to-Front,Not an Intersection,On Roadway,,Dawn,Rain,0,0,2013.0,0,0,BIBB (21),MACON
2019,10717,Georgia,0,2,2,October,30,Wednesday,7,US-SR11,U.S. Highway,Urban,Principal Arterial - Other,City or Municipal Highway Agency,37.0,32.70505556,-83.66324444,Motor Vehicle In-Transport,Front-to-Front,Not an Intersection,On Roadway,,Dawn,Rain,0,0,2002.0,1,0,BIBB (21),MACON
2019,10718,Georgia,0,1,1,October,30,Wednesday,6,I-575 SR-417,Interstate,Urban,Interstate,State Highway Agency,114.0,34.22063333,-84.48825556,Tree (Standing Only),Not a Collision,Not an Intersection,On Roadside,,Dark - Not Lighted,Rain,0,0,1997.0,1,1,CHEROKEE (57),CANTON
2019,10718,Georgia,0,1,1,October,30,Wednesday,6,I-575 SR-417,Interstate,Urban,Interstate,State Highway Agency,114.0,34.22063333,-84.48825556,Tree (Standing Only),Not a Collision,Not an Intersection,On Roadside,,Dark - Not Lighted,Rain,0,0,2001.0,0,0,CHEROKEE (57),CANTON
2019,10719,Georgia,1,1,1,October,30,Wednesday,22,SR-3 TARA BOULEVARD,State Highway,Urban,Principal Arterial - Other,State Highway Agency,115.0,33.58136111,-84.37642778,Pedalcyclist,Not a Collision,Not an Intersection,On Roadway,,Dark - Not Lighted,Rain,0,0,1999.0,0,0,CLAYTON (63),NOT APPLICABLE
2019,10719,Georgia,1,1,1,October,30,Wednesday,22,SR-3 TARA BOULEVARD,State Highway,Urban,Principal Arterial - Other,State Highway Agency,115.0,33.58136111,-84.37642778,Pedalcyclist,Not a Collision,Not an Intersection,On Roadway,,Dark - Not Lighted,Rain,0,0,2007.0,0,0,CLAYTON (63),NOT APPLICABLE