YEAR,ST_CASE,STATENAME,NUM_PEDS,NUM_VEHC,PERSONS,MONTHNAME,DAYNAME,DAY_WEEKNAME,HOUR,ROAD_NAME,ROUTENAME,RUR_URBNAME,FUNC_SYSNAME,RD_OWNERNAME,MILE_MARKER,LATITUDE,LONGITUD,HARM_EVNAME,COLLISION_TYPE,TYP_INTNAME,REL_ROADNAME,WRK_ZONENAME,LGT_CONDNAME,WEATHERNAME,SCH_BUS,HIT_RUN,MOD_YEAR,DEATHS,DR_DRINK,COUNTYNAME,CITYNAME
2019,10775,Georgia,1,1,1,November,12,Tuesday,7,CR-2989 LITHONIA IND BLVD,County Road,Urban,Minor Arterial,County Highway Agency,10.0,33.71569722,-84.12248056,Pedestrian,Not a Collision,Not an Intersection,On Roadway,,Dark - Lighted,Rain,0,0,1980.0,1,1,DEKALB (89),NOT APPLICABLE
2019,10775,Georgia,1,1,1,November,12,Tuesday,7,CR-2989 LITHONIA IND BLVD,County Road,Urban,Minor Arterial,County Highway Agency,10.0,33.71569722,-84.12248056,Pedestrian,Not a Collision,Not an Intersection,On Roadway,,Dark - Lighted,Rain,0,0,2016.0,0,0,DEKALB (89),NOT APPLICABLE
2019,10775,Georgia,1,1,1,November,12,Tuesday,7,CR-2989 LITHONIA IND BLVD,County Road,Urban,Minor Arterial,County Highway Agency,10.0,33.71569722,-84.12248056,Pedestrian,Not a Collision,Not an Intersection,On Roadway,,Dark - Lighted,Rain,0,0,2017.0,0,0,DEKALB (89),NOT APPLICABLE
2019,10776,Georgia,0,2,2,November,12,Tuesday,11,SR-77 CO M L KING JR BLVD,State Highway,Urban,Major Collector,State Highway Agency,8.0,34.11288889,-82.85916667,Motor Vehicle In-Transport,Front-to-Front,Not an Intersection,On Roadway,,Daylight,Cloudy,0,0,2005.0,1,0,ELBERT (105),ELBERTON
2019,10776,Georgia,0,2,2,November,12,Tuesday,11,SR-77 CO M L KING JR BLVD,State Highway,Urban,Major Collector,State Highway Agency,8.0,34.11288889,-82.85916667,Motor Vehicle In-Transport,Front-to-Front,Not an Intersection,On Roadway,,Daylight,Cloudy,0,0,2006.0,0,0,ELBERT (105),ELBERTON
2019,10776,Georgia,0,2,2,November,12,Tuesday,11,SR-77 CO M L KING JR BLVD,State Highway,Urban,Major Collector,State Highway Agency,8.0,34.11288889,-82.85916667,Motor Vehicle In-Transport,Front-to-Front,Not an Intersection,On Roadway,,Daylight,Cloudy,0,0,2018.0,0,0,ELBERT (105),ELBERTON
2019,10777,Georgia,0,2,2,November,12,Tuesday,20,SR-51,State Highway,Rural,Major Collector,State Highway Agency,123.0,34.3766,-82.93992222,Motor Vehicle In-Transport,Front-to-Front,T-Intersection,On Roadway,,Dark - Not Lighted,Clear,0,0,2017.0,0,0,HART (147),NOT APPLICABLE
2019,10778,Georgia,0,2,3,November,12,Tuesday,1,I-75,Interstate,Urban,Interstate,State Highway Agency,155.0,30.797625,-83.30525278,Guardrail Face,Not a Collision,Not an Intersection,On Median,,Dark - Not Lighted,Clear,0,0,1999.0,1,0,LOWNDES (185),NOT APPLICABLE
2019,10779,Georgia,1,1,1,November,12,Tuesday,23,ILLGES RD,Local Street - Municipality,Urban,Minor Arterial,City or Municipal Highway Agency,6.0,32.46647778,-84.94706944,Pedestrian,Not a Collision,T-Intersection,On Roadway,,Dark - Lighted,Clear,0,0,2011.0,0,0,MUSCOGEE (215),COLUMBUS
2019,10779,Georgia,1,1,1,November,12,Tuesday,23,ILLGES RD,Local Street - Municipality,Urban,Minor Arterial,City or Municipal Highway Agency,6.0,32.46647778,-84.94706944,Pedestrian,Not a Collision,T-Intersection,On Roadway,,Dark - Lighted,Clear,0,0,1998.0,1,0,MUSCOGEE (215),COLUMBUS
2019,10779,Georgia,1,1,1,November,12,Tuesday,23,ILLGES RD,Local Street - Municipality,Urban,Minor Arterial,City or Municipal Highway Agency,6.0,32.46647778,-84.94706944,Pedestrian,Not a Collision,T-Intersection,On Roadway,,Dark - Lighted,Clear,0,0,2019.0,0,0,MUSCOGEE (215),COLUMBUS
2019,10779,Georgia,1,1,1,November,12,Tuesday,23,ILLGES RD,Local Street - Municipality,Urban,Minor Arterial,City or Municipal Highway Agency,6.0,32.46647778,-84.94706944,Pedestrian,Not a Collision,T-Intersection,On Roadway,,Dark - Lighted,Clear,0,0,1999.0,0,0,MUSCOGEE (215),COLUMBUS
2019,10780,Georgia,2,1,1,November,13,Wednesday,19,US-SR520,U.S. Highway,Urban,Principal Arterial - Other,State Highway Agency,129.0,31.13992222,-81.57999167,Pedestrian,Not a Collision,Four-Way Intersection,On Roadway,,Dark - Not Lighted,Cloudy,0,0,2006.0,1,0,GLYNN (127),NOT APPLICABLE
2019,10781,Georgia,1,1,1,November,14,Thursday,18,US-SR11 LIMESTONE PKWY,U.S. Highway,Urban,Principal Arterial - Other,State Highway Agency,125.0,34.32735278,-83.80565556,Pedestrian,Not a Collision,Not an Intersection,On Roadway,,Dark - Not Lighted,Cloudy,0,0,2007.0,1,0,HALL (139),GAINESVILLE
2019,10781,Georgia,1,1,1,November,14,Thursday,18,US-SR11 LIMESTONE PKWY,U.S. Highway,Urban,Principal Arterial - Other,State Highway Agency,125.0,34.32735278,-83.80565556,Pedestrian,Not a Collision,Not an Intersection,On Roadway,,Dark - Not Lighted,Cloudy,0,0,2015.0,0,0,HALL (139),GAINESVILLE
2019,10781,Georgia,1,1,1,November,14,Thursday,18,US-SR11 LIMESTONE PKWY,U.S. Highway,Urban,Principal Arterial - Other,State Highway Agency,125.0,34.32735278,-83.80565556,Pedestrian,Not a Collision,Not an Intersection,On Roadway,,Dark - Not Lighted,Cloudy,0,0,2020.0,0,0,HALL (139),GAINESVILLE
2019,10782,Georgia,1,1,1,November,14,Thursday,18,US-SR1 VETERANS PKWY,U.S. Highway,Urban,Principal Arterial - Other,State Highway Agency,123.0,32.52087222,-84.96434722,Pedestrian,Not a Collision,Not an Intersection,On Roadway,,Dark - Not Lighted,Rain,0,1,2008.0,0,0,MUSCOGEE (215),COLUMBUS
2019,10783,Georgia,1,1,1,November,15,Friday,23,SR-20,State Highway,Urban,Principal Arterial - Other,State Highway Agency,174.0,34.20663889,-84.76130278,Pedestrian,Not a Collision,Not an Intersection,On Roadway,,Dark - Not Lighted,Cloudy,0,0,2010.0,1,0,BARTOW (15),NOT APPLICABLE
2019,10784,Georgia,1,1,2,March,24,Sunday,3,SR-92,State Highway,Urban,Principal Arterial - Other,City or Municipal Highway Agency,9.0,33.26040278,-84.28880556,Pedestrian,Not a Collision,Not an Intersection,On Roadway,,Dark - Not Lighted,Clear,0,1,2008.0,0,0,SPALDING (255),GRIFFIN
2019,10785,Georgia,1,1,1,November,15,Friday,14,SR-203,State Highway,Urban,Principal Arterial - Other,City or Municipal Highway Agency,164.0,31.98288056,-81.15280556,Pedestrian,Not a Collision,Four-Way Intersection,On Roadway,,Daylight,Cloudy,0,0,2017.0,0,0,CHATHAM (51),SAVANNAH
2019,10785,Georgia,1,1,1,November,15,Friday,14,SR-203,State Highway,Urban,Principal Arterial - Other,City or Municipal Highway Agency,164.0,31.98288056,-81.15280556,Pedestrian,Not a Collision,Four-Way Intersection,On Roadway,,Daylight,Cloudy,0,0,2016.0,2,0,CHATHAM (51),SAVANNAH
2019,10785,Georgia,1,1,1,November,15,Friday,14,SR-203,State Highway,Urban,Principal Arterial - Other,City or Municipal Highway Agency,164.0,31.98288056,-81.15280556,Pedestrian,Not a Collision,Four-Way Intersection,On Roadway,,Daylight,Cloudy,0,0,2006.0,0,0,CHATHAM (51),SAVANNAH
2019,10786,Georgia,0,2,2,November,15,Friday,8,SR-139,State Highway,Urban,Minor Arterial,State Highway Agency,15.0,33.79151111,-84.55559167,Motor Vehicle In-Transport,Angle,Four-Way Intersection,On Roadway,,Daylight,Rain,0,0,2014.0,0,0,COBB (67),NOT APPLICABLE
2019,10786,Georgia,0,2,2,November,15,Friday,8,SR-139,State Highway,Urban,Minor Arterial,State Highway Agency,15.0,33.79151111,-84.55559167,Motor Vehicle In-Transport,Angle,Four-Way Intersection,On Roadway,,Daylight,Rain,0,0,2007.0,1,0,COBB (67),NOT APPLICABLE
2019,10786,Georgia,0,2,2,November,15,Friday,8,SR-139,State Highway,Urban,Minor Arterial,State Highway Agency,15.0,33.79151111,-84.55559167,Motor Vehicle In-Transport,Angle,Four-Way Intersection,On Roadway,,Daylight,Rain,0,0,2017.0,0,0,COBB (67),NOT APPLICABLE
2019,10786,Georgia,0,2,2,November,15,Friday,8,SR-139,State Highway,Urban,Minor Arterial,State Highway Agency,15.0,33.79151111,-84.55559167,Motor Vehicle In-Transport,Angle,Four-Way Intersection,On Roadway,,Daylight,Rain,0,0,2013.0,0,0,COBB (67),NOT APPLICABLE
2019,10787,Georgia,0,2,3,November,15,Friday,16,SR-117,State Highway,Rural,Principal Arterial - Other,State Highway Agency,251.0,32.25526667,-83.13982222,Motor Vehicle In-Transport,Front-to-Front,Not an Intersection,On Roadway,,Daylight,Rain,0,0,2008.0,1,0,DODGE (91),NOT APPLICABLE
2019,10788,Georgia,1,3,3,November,15,Friday,19,SR-520 BU SYLVESTER HWY,State Highway,Urban,Principal Arterial - Other,State Highway Agency,110.0,31.57258611,-84.03868056,Pedalcyclist,Not a Collision,Not an Intersection,On Roadway,,Dark - Not Lighted,Clear,0,1,2008.0,0,0,DOUGHERTY (95),NOT APPLICABLE
2019,10789,Georgia,0,1,1,November,15,Friday,8,US-SR515,U.S. Highway,Rural,Principal Arterial - Other,State Highway Agency,120.0,34.88272222,-84.16059722,Tree (Standing Only),Not a Collision,Not an Intersection,On Roadside,,Daylight,Rain,0,0,2008.0,1,0,FANNIN (111),NOT APPLICABLE
2019,10790,Georgia,0,2,4,November,15,Friday,19,CR-SPOUTS SPRINGS ROAD,County Road,Urban,Minor Arterial,County Highway Agency,22.0,34.139175,-83.88251389,Motor Vehicle In-Transport,Angle,Not an Intersection,On Roadway,,Dark - Not Lighted,Rain,0,0,1994.0,1,0,HALL (139),NOT APPLICABLE
2019,10791,Georgia,0,1,1,November,15,Friday,7,SR-330,State Highway,Rural,Major Collector,State Highway Agency,27.0,33.99306111,-83.51165833,Utility Pole/Light Support,Not a Collision,Not an Intersection,On Roadside,,Daylight,Rain,0,0,2004.0,1,1,JACKSON (157),NOT APPLICABLE
2019,10792,Georgia,0,1,1,November,15,Friday,15,SR-18,State Highway,Rural,Minor Arterial,State Highway Agency,5.0,33.07214167,-84.240525,Tree (Standing Only),Not a Collision,Not an Intersection,On Roadside,,Daylight,Rain,0,0,2001.0,1,0,LAMAR (171),NOT APPLICABLE
2019,10793,Georgia,0,1,1,November,15,Friday,9,US-SR520,U.S. Highway,Urban,Principal Arterial - Other,State Highway Agency,2.0,32.50762778,-84.99893333,Guardrail Face,Not a Collision,Not an Intersection,On Roadside,,Daylight,Rain,0,0,2015.0,2,1,MUSCOGEE (215),COLUMBUS
2019,10793,Georgia,0,1,1,November,15,Friday,9,US-SR520,U.S. Highway,Urban,Principal Arterial - Other,State Highway Agency,2.0,32.50762778,-84.99893333,Guardrail Face,Not a Collision,Not an Intersection,On Roadside,,Daylight,Rain,0,0,2007.0,0,1,MUSCOGEE (215),COLUMBUS
2019,10794,Georgia,0,2,2,November,15,Friday,15,US-SR8,U.S. Highway,Urban,Principal Arterial - Other,State Highway Agency,21.0,33.93536389,-83.54053333,Motor Vehicle In-Transport,Angle,Four-Way Intersection,On Roadway,,Daylight,Rain,0,0,1994.0,1,0,OCONEE (219),NOT APPLICABLE
2019,10795,Georgia,0,2,2,November,16,Saturday,8,SR-22,State Highway,Rural,Principal Arterial - Other,State Highway Agency,143.0,33.09186667,-83.18415,Motor Vehicle In-Transport,Angle,Not an Intersection,On Roadway,,Daylight,Cloudy,0,0,2005.0,1,0,BALDWIN (9),NOT APPLICABLE
2019,10796,Georgia,0,2,3,November,16,Saturday,12,SR-74,State Highway,Urban,Minor Arterial,State Highway Agency,28.0,32.88182222,-84.09618056,Motor Vehicle In-Transport,Angle,T-Intersection,On Roadway,,Daylight,Clear,0,0,2014.0,1,0,MONROE (207),FORSYTH
2019,10797,Georgia,0,1,1,November,17,Sunday,3,SR-21,State Highway,Urban,Principal Arterial - Other,State Highway Agency,144.0,32.19076111,-81.19438056,Curb,Not a Collision,Not an Intersection,On Roadside,,Dark - Lighted,Clear,0,0,1996.0,1,0,CHATHAM (51),PORT WENTWORTH
2019,10797,Georgia,0,1,1,November,17,Sunday,3,SR-21,State Highway,Urban,Principal Arterial - Other,State Highway Agency,144.0,32.19076111,-81.19438056,Curb,Not a Collision,Not an Intersection,On Roadside,,Dark - Lighted,Clear,0,0,1999.0,1,0,CHATHAM (51),PORT WENTWORTH
2019,10798,Georgia,0,2,2,November,17,Sunday,18,WATER WORKS RD,Local Street - Municipality,Urban,Local,City or Municipal Highway Agency,72.9525993883792,33.51700278,-84.68858056,Motor Vehicle In-Transport,Front-to-Front,Not an Intersection,On Roadway,Construction,Dark - Not Lighted,Clear,0,0,1993.0,1,0,FULTON (121),Other
2019,10799,Georgia,1,1,1,November,18,Monday,6,SR-138,State Highway,Urban,Principal Arterial - Other,State Highway Agency,7.0,33.54871944,-84.276225,Pedestrian,Not a Collision,Not an Intersection,On Roadway,,Dark - Not Lighted,Clear,0,0,2008.0,1,0,HENRY (151),STOCKBRIDGE
2019,10800,Georgia,1,1,2,November,18,Monday,17,US-27 SR-85,U.S. Highway,Urban,Principal Arterial - Freeways,State Highway Agency,100.0,32.54087222,-84.871325,Pedestrian,Not a Collision,Not an Intersection,On Roadway,,Dark - Not Lighted,Clear,0,0,2002.0,0,0,MUSCOGEE (215),COLUMBUS
2019,10801,Georgia,0,1,1,November,18,Monday,15,CR-LYNCH MOUNTAIN ROAD,County Road,Rural,Local,County Highway Agency,72.9525993883792,34.68600833,-83.66876389,Tree (Standing Only),Not a Collision,Not an Intersection,On Roadside,,Daylight,Clear,0,0,1998.0,1,1,WHITE (311),NOT APPLICABLE
2019,10802,Georgia,0,2,2,November,19,Tuesday,14,SR-89,State Highway,Rural,Principal Arterial - Other,State Highway Agency,336.0,31.04956389,-82.76414722,Motor Vehicle In-Transport,Sideswipe - Opposite Direction,Not an Intersection,On Roadway,,Daylight,Clear,0,0,2009.0,0,0,CLINCH (65),HOMERVILLE
2019,10802,Georgia,0,2,2,November,19,Tuesday,14,SR-89,State Highway,Rural,Principal Arterial - Other,State Highway Agency,336.0,31.04956389,-82.76414722,Motor Vehicle In-Transport,Sideswipe - Opposite Direction,Not an Intersection,On Roadway,,Daylight,Clear,0,0,2015.0,1,0,CLINCH (65),HOMERVILLE
2019,10803,Georgia,0,2,5,November,19,Tuesday,5,US-SR42,U.S. Highway,Urban,Principal Arterial - Other,State Highway Agency,11.0,33.70425833,-84.34964167,Motor Vehicle In-Transport,Angle,T-Intersection,On Roadway,,Dark - Not Lighted,Clear,0,0,2014.0,1,1,DEKALB (89),NOT APPLICABLE
2019,10803,Georgia,0,2,5,November,19,Tuesday,5,US-SR42,U.S. Highway,Urban,Principal Arterial - Other,State Highway Agency,11.0,33.70425833,-84.34964167,Motor Vehicle In-Transport,Angle,T-Intersection,On Roadway,,Dark - Not Lighted,Clear,0,0,2003.0,0,0,DEKALB (89),NOT APPLICABLE
2019,10804,Georgia,1,1,2,November,19,Tuesday,21,JEFF DAVIS DRIVE,Local Street - Municipality,Urban,Minor Arterial,City or Municipal Highway Agency,4.0,33.45834722,-84.45028611,Pedestrian,Not a Collision,Not an Intersection,On Roadway,Construction,Dark - Lighted,Clear,0,0,1992.0,1,0,FAYETTE (113),FAYETTEVILLE
2019,10805,Georgia,0,2,5,November,19,Tuesday,15,SR-98,State Highway,Rural,Minor Arterial,State Highway Agency,85.0,34.15145556,-83.24733333,Motor Vehicle In-Transport,Angle,T-Intersection,On Roadway,,Daylight,Clear,0,0,2016.0,1,0,MADISON (195),NOT APPLICABLE
2019,10806,Georgia,1,1,2,November,20,Wednesday,19,RIVERSTONE PARKWAY,Local Street - Municipality,Urban,Minor Arterial,City or Municipal Highway Agency,23.0,34.24402222,-84.49053056,Pedestrian,Not a Collision,Not an Intersection,On Roadway,,Dark - Lighted,Clear,0,0,2011.0,1,0,CHEROKEE (57),CANTON
2019,10806,Georgia,1,1,2,November,20,Wednesday,19,RIVERSTONE PARKWAY,Local Street - Municipality,Urban,Minor Arterial,City or Municipal Highway Agency,23.0,34.24402222,-84.49053056,Pedestrian,Not a Collision,Not an Intersection,On Roadway,,Dark - Lighted,Clear,0,0,2001.0,0,0,CHEROKEE (57),CANTON
2019,10807,Georgia,0,2,2,November,20,Wednesday,16,CR-TIRED CREEK ROAD,County Road,Rural,Minor Collector,County Highway Agency,87.0,30.83174167,-84.24920278,Motor Vehicle In-Transport,Angle,Not an Intersection,On Roadway,,Daylight,Clear,0,0,2004.0,1,0,GRADY (131),NOT APPLICABLE
2019,10807,Georgia,0,2,2,November,20,Wednesday,16,CR-TIRED CREEK ROAD,County Road,Rural,Minor Collector,County Highway Agency,87.0,30.83174167,-84.24920278,Motor Vehicle In-Transport,Angle,Not an Intersection,On Roadway,,Daylight,Clear,0,0,2019.0,0,0,GRADY (131),NOT APPLICABLE
2019,10808,Georgia,0,2,4,November,20,Wednesday,7,CR-CAMP CREEK ROAD,County Road,Urban,Minor Collector,County Highway Agency,61.0,34.535425,-83.51020833,Motor Vehicle In-Transport,Front-to-Front,Not an Intersection,On Roadway,,Daylight,Clear,0,0,1998.0,1,0,HABERSHAM (137),NOT APPLICABLE
2019,10809,Georgia,0,2,2,November,20,Wednesday,16,WINTHROPE AVENUE,Local Street - Municipality,Rural,Minor Arterial,City or Municipal Highway Agency,89.0,32.80370278,-81.93951667,Motor Vehicle In-Transport,Angle,Four-Way Intersection,On Roadway,,Daylight,Clear,0,0,1994.0,2,0,JENKINS (165),MILLEN
2019,10809,Georgia,0,2,2,November,20,Wednesday,16,WINTHROPE AVENUE,Local Street - Municipality,Rural,Minor Arterial,City or Municipal Highway Agency,89.0,32.80370278,-81.93951667,Motor Vehicle In-Transport,Angle,Four-Way Intersection,On Roadway,,Daylight,Clear,0,0,2013.0,1,0,JENKINS (165),MILLEN
2019,10810,Georgia,0,2,3,November,20,Wednesday,9,SR-83,State Highway,Rural,Major Collector,State Highway Agency,176.0,33.65969444,-83.49710556,Motor Vehicle In-Transport,Angle,Four-Way Intersection,On Roadway,,Daylight,Clear,0,0,2003.0,1,0,MORGAN (211),NOT APPLICABLE
2019,10810,Georgia,0,2,3,November,20,Wednesday,9,SR-83,State Highway,Rural,Major Collector,State Highway Agency,176.0,33.65969444,-83.49710556,Motor Vehicle In-Transport,Angle,Four-Way Intersection,On Roadway,,Daylight,Clear,0,0,1993.0,0,0,MORGAN (211),NOT APPLICABLE
2019,10811,Georgia,0,2,3,November,21,Thursday,6,SR-138,State Highway,Urban,Principal Arterial - Other,State Highway Agency,77.0,33.55111389,-84.469875,Motor Vehicle In-Transport,Front-to-Front,T-Intersection,On Roadway,,Daylight,Clear,0,0,2016.0,2,1,FULTON (121),Other
2019,10812,Georgia,0,1,1,November,21,Thursday,18,E WACONA DR,Local Street - Municipality,Urban,Local,City or Municipal Highway Agency,15.0,31.24850833,-82.37471944,Railway Vehicle,Not a Collision,Not an Intersection,On Roadway,,Dark - Not Lighted,Clear,0,0,2006.0,1,0,WARE (299),NOT APPLICABLE
2019,10813,Georgia,2,1,1,November,22,Friday,2,SR-400,State Highway,Urban,Principal Arterial - Other,State Highway Agency,160.0,34.29568611,-84.07381389,Pedestrian,Not a Collision,Not an Intersection,On Roadway,,Dark - Not Lighted,Clear,0,0,2007.0,1,0,FORSYTH (117),CUMMING
2019,10814,Georgia,0,2,3,November,22,Friday,11,SR-247,State Highway,Urban,Minor Arterial,State Highway Agency,75.0,32.46654167,-83.61629722,Motor Vehicle In-Transport,Angle,Not Reported,On Roadway,,Daylight,Clear,0,0,2004.0,1,0,HOUSTON (153),PERRY
2019,10814,Georgia,0,2,3,November,22,Friday,11,SR-247,State Highway,Urban,Minor Arterial,State Highway Agency,75.0,32.46654167,-83.61629722,Motor Vehicle In-Transport,Angle,Not Reported,On Roadway,,Daylight,Clear,0,0,2019.0,0,0,HOUSTON (153),PERRY
2019,10815,Georgia,0,2,10,November,22,Friday,6,SR-38,State Highway,Rural,Principal Arterial - Other,State Highway Agency,202.0,30.885675,-83.1366,Motor Vehicle In-Transport,Front-to-Rear,Not an Intersection,On Roadway,,Dawn,"Fog, Smog, Smoke",1,0,2008.0,1,0,LOWNDES (185),NOT APPLICABLE
2019,10815,Georgia,0,2,10,November,22,Friday,6,SR-38,State Highway,Rural,Principal Arterial - Other,State Highway Agency,202.0,30.885675,-83.1366,Motor Vehicle In-Transport,Front-to-Rear,Not an Intersection,On Roadway,,Dawn,"Fog, Smog, Smoke",1,0,2019.0,0,0,LOWNDES (185),NOT APPLICABLE
2019,10816,Georgia,0,1,2,November,22,Friday,20,SR-17,State Highway,Rural,Minor Arterial,State Highway Agency,0.0,34.80182222,-83.74298056,Tree (Standing Only),Not a Collision,Not an Intersection,On Roadside,,Dark - Not Lighted,Rain,0,0,1993.0,1,0,TOWNS (281),NOT APPLICABLE
2019,10817,Georgia,0,2,2,November,22,Friday,7,SR-81,State Highway,Urban,Minor Arterial,State Highway Agency,189.0,33.878225,-83.85631667,Motor Vehicle In-Transport,Angle,Not an Intersection,On Roadway,,Daylight,Cloudy,0,0,2010.0,1,0,WALTON (297),NOT APPLICABLE
2019,10818,Georgia,0,1,1,November,23,Saturday,24,SR-293,State Highway,Rural,Major Collector,State Highway Agency,173.0,34.23982222,-84.96215,Tree (Standing Only),Not a Collision,Not an Intersection,On Roadside,,Dark - Not Lighted,Rain,0,1,2008.0,0,0,BARTOW (15),NOT APPLICABLE
2019,10818,Georgia,0,1,1,November,23,Saturday,24,SR-293,State Highway,Rural,Major Collector,State Highway Agency,173.0,34.23982222,-84.96215,Tree (Standing Only),Not a Collision,Not an Intersection,On Roadside,,Dark - Not Lighted,Rain,0,0,2007.0,0,0,BARTOW (15),NOT APPLICABLE
2019,10819,Georgia,1,1,1,November,23,Saturday,20,CHEROKEE ROAD,Local Street - Municipality,Urban,Minor Arterial,City or Municipal Highway Agency,65.0,33.95173333,-83.298375,Pedestrian,Not a Collision,Not an Intersection,On Roadway,,Dark - Not Lighted,Cloudy,0,0,2004.0,1,0,CLARKE (59),ATHENS
2019,10819,Georgia,1,1,1,November,23,Saturday,20,CHEROKEE ROAD,Local Street - Municipality,Urban,Minor Arterial,City or Municipal Highway Agency,65.0,33.95173333,-83.298375,Pedestrian,Not a Collision,Not an Intersection,On Roadway,,Dark - Not Lighted,Cloudy,0,0,2009.0,0,0,CLARKE (59),ATHENS
2019,10820,Georgia,0,1,1,November,23,Saturday,13,CR-ELIZABETH ROAD,County Road,Rural,Local,County Highway Agency,3.0,34.34043056,-82.89778611,Tree (Standing Only),Not a Collision,Not an Intersection,On Roadside,,Daylight,Cloudy,0,0,2018.0,2,0,HART (147),NOT APPLICABLE
2019,10821,Georgia,1,1,2,November,23,Saturday,18,BRITT AVE,Local Street - Municipality,Urban,Local,City or Municipal Highway Agency,1.0,32.46883889,-84.95992222,Pedestrian,Not a Collision,Not an Intersection,On Roadway,,Dark - Not Lighted,Clear,0,0,1998.0,1,1,MUSCOGEE (215),COLUMBUS
2019,10821,Georgia,1,1,2,November,23,Saturday,18,BRITT AVE,Local Street - Municipality,Urban,Local,City or Municipal Highway Agency,1.0,32.46883889,-84.95992222,Pedestrian,Not a Collision,Not an Intersection,On Roadway,,Dark - Not Lighted,Clear,0,0,1995.0,0,0,MUSCOGEE (215),COLUMBUS
2019,10822,Georgia,0,2,3,November,23,Saturday,14,CR-DIXIE ROAD,County Road,Rural,Major Collector,County Highway Agency,68.0,33.51238889,-83.81699167,Motor Vehicle In-Transport,Angle,Not an Intersection,On Roadside,,Daylight,Rain,0,0,2004.0,1,1,NEWTON (217),NOT APPLICABLE
2019,10822,Georgia,0,2,3,November,23,Saturday,14,CR-DIXIE ROAD,County Road,Rural,Major Collector,County Highway Agency,68.0,33.51238889,-83.81699167,Motor Vehicle In-Transport,Angle,Not an Intersection,On Roadside,,Daylight,Rain,0,0,2004.0,0,0,NEWTON (217),NOT APPLICABLE
2019,10823,Georgia,0,2,4,November,23,Saturday,17,CR-EAST WACONA DRIVE,County Road,Urban,Local,County Highway Agency,21.0,31.24868056,-82.35755,Motor Vehicle In-Transport,Front-to-Rear,Not an Intersection,On Roadway,,Dark - Not Lighted,Cloudy,0,0,2010.0,1,0,WARE (299),NOT APPLICABLE
2019,10824,Georgia,1,1,2,November,24,Sunday,18,CR-MANOR DRIVE,County Road,Urban,Local,County Highway Agency,1.0,33.80435,-84.08592222,Pedestrian,Not a Collision,T-Intersection,On Roadway,,Dark - Lighted,Clear,0,0,2013.0,1,0,GWINNETT (135),NOT APPLICABLE
2019,10824,Georgia,1,1,2,November,24,Sunday,18,CR-MANOR DRIVE,County Road,Urban,Local,County Highway Agency,1.0,33.80435,-84.08592222,Pedestrian,Not a Collision,T-Intersection,On Roadway,,Dark - Lighted,Clear,0,0,2016.0,0,0,GWINNETT (135),NOT APPLICABLE
2019,10824,Georgia,1,1,2,November,24,Sunday,18,CR-MANOR DRIVE,County Road,Urban,Local,County Highway Agency,1.0,33.80435,-84.08592222,Pedestrian,Not a Collision,T-Intersection,On Roadway,,Dark - Lighted,Clear,0,0,2014.0,0,0,GWINNETT (135),NOT APPLICABLE
2019,10824,Georgia,1,1,2,November,24,Sunday,18,CR-MANOR DRIVE,County Road,Urban,Local,County Highway Agency,1.0,33.80435,-84.08592222,Pedestrian,Not a Collision,T-Intersection,On Roadway,,Dark - Lighted,Clear,0,0,2013.0,0,0,GWINNETT (135),NOT APPLICABLE
2019,10825,Georgia,1,1,1,November,25,Monday,20,SR-12 COVINGTON HIGHWAY,State Highway,Urban,Minor Arterial,State Highway Agency,55.0,33.72766389,-84.18790278,Pedestrian,Not a Collision,Not an Intersection,On Roadway,Construction,Dark - Lighted,Clear,0,0,2008.0,1,0,DEKALB (89),NOT APPLICABLE
2019,10825,Georgia,1,1,1,November,25,Monday,20,SR-12 COVINGTON HIGHWAY,State Highway,Urban,Minor Arterial,State Highway Agency,55.0,33.72766389,-84.18790278,Pedestrian,Not a Collision,Not an Intersection,On Roadway,Construction,Dark - Lighted,Clear,0,0,2004.0,0,0,DEKALB (89),NOT APPLICABLE
2019,10826,Georgia,0,1,3,November,25,Monday,16,CR-TIBET ROAD,County Road,Rural,Major Collector,County Highway Agency,6.0,31.69273056,-81.62703056,Rollover/Overturn,Not a Collision,Not an Intersection,On Roadside,,Daylight,Clear,0,0,2018.0,1,0,LONG (183),NOT APPLICABLE
2019,10826,Georgia,0,1,3,November,25,Monday,16,CR-TIBET ROAD,County Road,Rural,Major Collector,County Highway Agency,6.0,31.69273056,-81.62703056,Rollover/Overturn,Not a Collision,Not an Intersection,On Roadside,,Daylight,Clear,0,0,2008.0,0,0,LONG (183),NOT APPLICABLE
2019,10827,Georgia,0,1,1,November,25,Monday,5,SR-60 BUSINESS,State Highway,Rural,Principal Arterial - Other,State Highway Agency,29.0,34.56176944,-83.99564444,Embankment,Not a Collision,Not an Intersection,On Roadside,,Dark - Not Lighted,Cloudy,0,0,2004.0,1,0,LUMPKIN (187),NOT APPLICABLE
2019,10828,Georgia,0,2,4,November,25,Monday,17,CENTRAL AVENUE,Local Street - Municipality,Urban,Minor Arterial,City or Municipal Highway Agency,2.0,33.47067778,-82.02381667,Motor Vehicle In-Transport,Angle,T-Intersection,On Roadway,,Dark - Lighted,Clear,0,0,2010.0,1,0,RICHMOND (245),AUGUSTA
2019,10828,Georgia,0,2,4,November,25,Monday,17,CENTRAL AVENUE,Local Street - Municipality,Urban,Minor Arterial,City or Municipal Highway Agency,2.0,33.47067778,-82.02381667,Motor Vehicle In-Transport,Angle,T-Intersection,On Roadway,,Dark - Lighted,Clear,0,0,2004.0,0,0,RICHMOND (245),AUGUSTA