YEAR,ST_CASE,STATENAME,NUM_PEDS,NUM_VEHC,PERSONS,MONTHNAME,DAYNAME,DAY_WEEKNAME,HOUR,ROAD_NAME,ROUTENAME,RUR_URBNAME,FUNC_SYSNAME,RD_OWNERNAME,MILE_MARKER,LATITUDE,LONGITUD,HARM_EVNAME,COLLISION_TYPE,TYP_INTNAME,REL_ROADNAME,WRK_ZONENAME,LGT_CONDNAME,WEATHERNAME,SCH_BUS,HIT_RUN,MOD_YEAR,DEATHS,DR_DRINK,COUNTYNAME,CITYNAME
2019,20022,New Mexico,1,2,3,June,14,Friday,12,3RD ST NW,Local Street - Municipality,Urban,Principal Arterial - Other,City or Municipal Highway Agency,72.9525993883792,35.09493333,-106.6483417,Motor Vehicle In-Transport,Angle,Four-Way Intersection,On Roadway,,Daylight,Clear,0,0,2015.0,0,0,BERNALILLO (1),ALBUQUERQUE
2019,20023,New Mexico,0,1,1,June,3,Monday,11,SR-15,State Highway,Rural,Minor Arterial,State Highway Agency,72.9525993883792,32.91023333,-108.2298167,Tree (Standing Only),Not a Collision,Not an Intersection,Off Roadway-Location Unknown,,Daylight,Clear,0,0,1999.0,0,1,GRANT (17),NOT APPLICABLE
2019,20023,New Mexico,0,1,1,June,3,Monday,11,SR-15,State Highway,Rural,Minor Arterial,State Highway Agency,72.9525993883792,32.91023333,-108.2298167,Tree (Standing Only),Not a Collision,Not an Intersection,Off Roadway-Location Unknown,,Daylight,Clear,0,0,1966.0,1,1,GRANT (17),NOT APPLICABLE
2019,20024,New Mexico,0,2,9,June,26,Wednesday,5,I-40,Interstate,Rural,Interstate,State Highway Agency,72.9525993883792,35.05025,-104.3549056,Parked Motor Vehicle,Not a Collision,Not an Intersection,On Shoulder,,Daylight,Clear,0,0,2007.0,1,1,GUADALUPE (19),NOT APPLICABLE
2019,20025,New Mexico,0,1,1,June,30,Sunday,18,I-25,Interstate,Rural,Interstate,State Highway Agency,72.9525993883792,35.54805833,-106.1269333,Rollover/Overturn,Not a Collision,Not an Intersection,On Shoulder,,Daylight,Clear,0,0,2013.0,1,1,SANTA FE (49),NOT APPLICABLE
2019,20026,New Mexico,0,1,1,June,4,Tuesday,6,US-70,U.S. Highway,Rural,Principal Arterial - Other,State Highway Agency,72.9525993883792,33.84711667,-103.7566306,Fence,Not a Collision,Not an Intersection,On Roadside,,Daylight,Clear,0,0,2014.0,1,0,ROOSEVELT (41),NOT APPLICABLE
2019,20029,New Mexico,0,1,1,June,13,Thursday,6,SR-4,State Highway,Rural,Minor Arterial,State Highway Agency,72.9525993883792,35.87071944,-106.2140944,Rollover/Overturn,Not a Collision,Not an Intersection,On Roadside,,Dawn,Clear,0,0,2014.0,2,1,SANTA FE (49),NOT APPLICABLE
2019,20030,New Mexico,1,1,1,June,25,Tuesday,22,MENAUL BLVD NE,Local Street - Municipality,Urban,Principal Arterial - Other,City or Municipal Highway Agency,72.9525993883792,35.10881389,-106.5286472,Pedestrian,Not a Collision,T-Intersection,On Roadway,,Dark - Lighted,Clear,0,0,2006.0,1,0,BERNALILLO (1),ALBUQUERQUE
2019,20031,New Mexico,0,3,3,June,11,Tuesday,5,US-60,U.S. Highway,Rural,Principal Arterial - Other,State Highway Agency,72.9525993883792,34.42511667,-103.7467528,Motor Vehicle In-Transport,Sideswipe - Opposite Direction,Not an Intersection,On Roadway,,Dawn,Clear,0,0,2008.0,0,1,ROOSEVELT (41),NOT APPLICABLE
2019,20032,New Mexico,0,1,2,June,16,Sunday,15,I-25,Interstate,Rural,Interstate,State Highway Agency,72.9525993883792,36.59668333,-104.5297556,Ditch,Not a Collision,Not an Intersection,On Median,,Daylight,Clear,0,0,2001.0,1,0,COLFAX (7),NOT APPLICABLE
2019,20033,New Mexico,0,1,1,June,24,Monday,9,FRONTAGE ROAD 2137,Unknown,Rural,Minor Collector,State Highway Agency,72.9525993883792,35.52513056,-105.2379472,Embankment,Not a Collision,Not an Intersection,On Roadside,,Daylight,Clear,0,0,2019.0,1,0,SAN MIGUEL (47),NOT APPLICABLE
2019,20033,New Mexico,0,1,1,June,24,Monday,9,FRONTAGE ROAD 2137,Unknown,Rural,Minor Collector,State Highway Agency,72.9525993883792,35.52513056,-105.2379472,Embankment,Not a Collision,Not an Intersection,On Roadside,,Daylight,Clear,0,0,2016.0,0,0,SAN MIGUEL (47),NOT APPLICABLE
2019,20034,New Mexico,0,1,2,June,16,Sunday,7,US-70,U.S. Highway,Rural,Principal Arterial - Other,State Highway Agency,72.9525993883792,33.36574167,-104.9486528,Rollover/Overturn,Not a Collision,Not an Intersection,On Median,,Daylight,Clear,0,0,2007.0,1,1,LINCOLN (27),NOT APPLICABLE
2019,20035,New Mexico,0,2,2,June,6,Thursday,16,SR-53,State Highway,Rural,Major Collector,State Highway Agency,72.9525993883792,35.10730556,-108.5894583,Motor Vehicle In-Transport,Front-to-Front,Not an Intersection,On Roadway,,Daylight,Clear,0,0,1996.0,1,0,MCKINLEY (31),ZUNI
2019,20035,New Mexico,0,2,2,June,6,Thursday,16,SR-53,State Highway,Rural,Major Collector,State Highway Agency,72.9525993883792,35.10730556,-108.5894583,Motor Vehicle In-Transport,Front-to-Front,Not an Intersection,On Roadway,,Daylight,Clear,0,0,2000.0,0,0,MCKINLEY (31),ZUNI
2019,20036,New Mexico,0,1,2,July,16,Tuesday,17,SR-47,State Highway,Rural,Major Collector,State Highway Agency,72.9525993883792,34.51946944,-106.60925,Rollover/Overturn,Not a Collision,T-Intersection,On Roadside,,Daylight,Clear,0,0,2001.0,2,1,VALENCIA (61),BELEN
2019,20037,New Mexico,1,1,1,July,20,Saturday,3,SR-118,State Highway,Urban,Principal Arterial - Other,State Highway Agency,72.9525993883792,35.53248889,-108.6567556,Pedestrian,Not a Collision,Not an Intersection,On Roadway,,Dark - Not Lighted,Clear,0,1,2013.0,0,0,MCKINLEY (31),NOT APPLICABLE
2019,20038,New Mexico,0,2,3,July,8,Monday,14,SR-47,State Highway,Urban,Principal Arterial - Other,State Highway Agency,72.9525993883792,34.85638611,-106.6906333,Motor Vehicle In-Transport,Front-to-Front,Not an Intersection,On Roadway,,Daylight,Clear,0,0,2002.0,1,0,VALENCIA (61),BOSQUE FARMS
2019,20039,New Mexico,0,2,5,July,26,Friday,10,SR-213,State Highway,Urban,Principal Arterial - Other,State Highway Agency,72.9525993883792,32.02329722,-106.4560417,Motor Vehicle In-Transport,Front-to-Front,Not an Intersection,On Roadway,,Daylight,Clear,0,0,2006.0,0,0,DONA ANA (13),NOT APPLICABLE
2019,20039,New Mexico,0,2,5,July,26,Friday,10,SR-213,State Highway,Urban,Principal Arterial - Other,State Highway Agency,72.9525993883792,32.02329722,-106.4560417,Motor Vehicle In-Transport,Front-to-Front,Not an Intersection,On Roadway,,Daylight,Clear,0,0,2018.0,1,0,DONA ANA (13),NOT APPLICABLE
2019,20039,New Mexico,0,2,5,July,26,Friday,10,SR-213,State Highway,Urban,Principal Arterial - Other,State Highway Agency,72.9525993883792,32.02329722,-106.4560417,Motor Vehicle In-Transport,Front-to-Front,Not an Intersection,On Roadway,,Daylight,Clear,0,0,2017.0,0,0,DONA ANA (13),NOT APPLICABLE
2019,20040,New Mexico,1,1,1,July,2,Tuesday,4,I-40,Interstate,Rural,Interstate,State Highway Agency,72.9525993883792,35.38191389,-108.1244194,Pedestrian,Not a Collision,Not an Intersection,On Roadway,,Dark - Not Lighted,Clear,0,0,2013.0,1,0,MCKINLEY (31),NOT APPLICABLE
2019,20041,New Mexico,0,1,1,July,11,Thursday,18,BOLLOON MUSEUM DRNE,Local Street - Municipality,Urban,Minor Collector,City or Municipal Highway Agency,72.9525993883792,35.19026667,-106.5963111,Curb,Not a Collision,Not an Intersection,On Roadside,,Daylight,Clear,0,0,2007.0,0,0,BERNALILLO (1),ALBUQUERQUE
2019,20041,New Mexico,0,1,1,July,11,Thursday,18,BOLLOON MUSEUM DRNE,Local Street - Municipality,Urban,Minor Collector,City or Municipal Highway Agency,72.9525993883792,35.19026667,-106.5963111,Curb,Not a Collision,Not an Intersection,On Roadside,,Daylight,Clear,0,0,1994.0,1,0,BERNALILLO (1),ALBUQUERQUE
2019,20042,New Mexico,1,1,1,July,26,Friday,20,S CANYON ST,Local Street - Municipality,Urban,Minor Arterial,City or Municipal Highway Agency,72.9525993883792,32.40990556,-104.2278389,Pedestrian,Not a Collision,Four-Way Intersection,On Roadway,,Dark - Lighted,Clear,0,0,2015.0,0,0,EDDY (15),CARLSBAD
2019,20042,New Mexico,1,1,1,July,26,Friday,20,S CANYON ST,Local Street - Municipality,Urban,Minor Arterial,City or Municipal Highway Agency,72.9525993883792,32.40990556,-104.2278389,Pedestrian,Not a Collision,Four-Way Intersection,On Roadway,,Dark - Lighted,Clear,0,0,2018.0,2,0,EDDY (15),CARLSBAD
2019,20043,New Mexico,0,2,5,July,11,Thursday,7,SR-128,State Highway,Rural,Major Collector,State Highway Agency,72.9525993883792,32.123,-103.1247306,Motor Vehicle In-Transport,Front-to-Front,Not an Intersection,On Roadway,,Daylight,Clear,0,0,2015.0,0,0,LEA (25),NOT APPLICABLE
2019,20043,New Mexico,0,2,5,July,11,Thursday,7,SR-128,State Highway,Rural,Major Collector,State Highway Agency,72.9525993883792,32.123,-103.1247306,Motor Vehicle In-Transport,Front-to-Front,Not an Intersection,On Roadway,,Daylight,Clear,0,0,2019.0,1,0,LEA (25),NOT APPLICABLE
2019,20044,New Mexico,0,2,2,April,12,Friday,15,AIRPORT RD,Local Street - Municipality,Urban,Principal Arterial - Other,City or Municipal Highway Agency,72.9525993883792,35.63220556,-106.0711111,Motor Vehicle In-Transport,Angle,Four-Way Intersection,On Roadway,,Daylight,Clear,0,0,2015.0,0,0,SANTA FE (49),SANTA FE
2019,20045,New Mexico,0,2,3,April,11,Thursday,14,I-25,Interstate,Rural,Interstate,State Highway Agency,72.9525993883792,34.19905833,-106.9250444,Motor Vehicle In-Transport,Front-to-Rear,Not an Intersection,On Roadway,,Daylight,Clear,0,0,2005.0,0,1,SOCORRO (53),NOT APPLICABLE
2019,20045,New Mexico,0,2,3,April,11,Thursday,14,I-25,Interstate,Rural,Interstate,State Highway Agency,72.9525993883792,34.19905833,-106.9250444,Motor Vehicle In-Transport,Front-to-Rear,Not an Intersection,On Roadway,,Daylight,Clear,0,0,2006.0,1,1,SOCORRO (53),NOT APPLICABLE
2019,20046,New Mexico,0,3,6,July,1,Monday,12,US-84,U.S. Highway,Rural,Minor Arterial,State Highway Agency,72.9525993883792,36.14901944,-106.1741194,Motor Vehicle In-Transport,Sideswipe - Opposite Direction,Not an Intersection,On Roadway,,Daylight,Clear,0,0,2009.0,1,1,RIO ARRIBA (39),NOT APPLICABLE
2019,20046,New Mexico,0,3,6,July,1,Monday,12,US-84,U.S. Highway,Rural,Minor Arterial,State Highway Agency,72.9525993883792,36.14901944,-106.1741194,Motor Vehicle In-Transport,Sideswipe - Opposite Direction,Not an Intersection,On Roadway,,Daylight,Clear,0,0,1975.0,0,0,RIO ARRIBA (39),NOT APPLICABLE
2019,20047,New Mexico,0,2,4,July,24,Wednesday,5,US-62,U.S. Highway,Rural,Principal Arterial - Other,State Highway Agency,72.9525993883792,32.69543889,-103.3826667,Motor Vehicle In-Transport,Angle,T-Intersection,On Roadway,,Dark - Not Lighted,Clear,0,0,2000.0,1,0,LEA (25),NOT APPLICABLE
2019,20048,New Mexico,0,1,3,July,3,Wednesday,21,I-25,Interstate,Rural,Interstate,State Highway Agency,72.9525993883792,34.59944722,-106.7877778,Rollover/Overturn,Not a Collision,Not an Intersection,On Median,,Dark - Not Lighted,Clear,0,0,2007.0,0,0,VALENCIA (61),BELEN
2019,20048,New Mexico,0,1,3,July,3,Wednesday,21,I-25,Interstate,Rural,Interstate,State Highway Agency,72.9525993883792,34.59944722,-106.7877778,Rollover/Overturn,Not a Collision,Not an Intersection,On Median,,Dark - Not Lighted,Clear,0,0,2004.0,1,0,VALENCIA (61),BELEN
2019,20049,New Mexico,0,2,3,July,17,Wednesday,8,US-550,U.S. Highway,Rural,Principal Arterial - Other,State Highway Agency,72.9525993883792,36.96462222,-107.8863389,Motor Vehicle In-Transport,Front-to-Rear,T-Intersection,On Roadway,,Daylight,Clear,0,0,2005.0,1,0,SAN JUAN (45),NOT APPLICABLE
2019,20050,New Mexico,1,1,1,July,17,Wednesday,24,SR-45,State Highway,Urban,Principal Arterial - Other,State Highway Agency,72.9525993883792,35.20553889,-106.6591333,Pedestrian,Not a Collision,Four-Way Intersection,On Roadway,,Dark - Lighted,Clear,0,0,2007.0,1,1,BERNALILLO (1),ALBUQUERQUE
2019,20051,New Mexico,0,1,1,July,14,Sunday,5,I-25,Interstate,Urban,Interstate,State Highway Agency,72.9525993883792,35.60223889,-106.0404611,"Post, Pole or Other Supports",Not a Collision,Not an Intersection,Gore,,Daylight,Clear,0,0,2014.0,0,0,SANTA FE (49),NOT APPLICABLE
2019,20052,New Mexico,0,3,3,July,13,Saturday,17,I-40,Interstate,Rural,Interstate,State Highway Agency,72.9525993883792,35.51975833,-108.5684306,Motor Vehicle In-Transport,Front-to-Rear,Not an Intersection,On Roadway,Construction,Daylight,Clear,0,0,2001.0,1,0,MCKINLEY (31),NOT APPLICABLE
2019,20054,New Mexico,0,1,1,July,3,Wednesday,17,SR-47,State Highway,Urban,Principal Arterial - Other,State Highway Agency,72.9525993883792,35.11834444,-106.6392639,Railway Vehicle,Not a Collision,Not an Intersection,On Roadway,,Daylight,Clear,0,0,2018.0,1,0,BERNALILLO (1),ALBUQUERQUE
2019,20055,New Mexico,1,1,2,July,19,Friday,22,SR-516,State Highway,Urban,Principal Arterial - Other,State Highway Agency,72.9525993883792,36.743325,-108.1671611,Pedestrian,Not a Collision,Not an Intersection,On Roadway,,Dark - Not Lighted,Clear,0,0,2008.0,1,1,SAN JUAN (45),FARMINGTON
2019,20056,New Mexico,0,2,3,July,29,Monday,8,ROSS,Local Street - Municipality,Urban,Major Collector,City or Municipal Highway Agency,72.9525993883792,34.41758889,-103.19775,Motor Vehicle In-Transport,Angle,Four-Way Intersection,On Roadway,,Daylight,Clear,0,0,2005.0,1,1,CURRY (9),CLOVIS
2019,20056,New Mexico,0,2,3,July,29,Monday,8,ROSS,Local Street - Municipality,Urban,Major Collector,City or Municipal Highway Agency,72.9525993883792,34.41758889,-103.19775,Motor Vehicle In-Transport,Angle,Four-Way Intersection,On Roadway,,Daylight,Clear,0,0,2015.0,0,0,CURRY (9),CLOVIS
2019,20057,New Mexico,0,1,6,July,6,Saturday,2,I-25,Interstate,Rural,Interstate,State Highway Agency,72.9525993883792,32.46163889,-106.8807639,Rollover/Overturn,Not a Collision,Not an Intersection,On Roadway,,Dark - Not Lighted,Clear,0,0,2015.0,2,1,DONA ANA (13),NOT APPLICABLE
2019,20058,New Mexico,0,1,1,July,26,Friday,2,I-40,Interstate,Urban,Interstate,State Highway Agency,72.9525993883792,35.06618611,-106.42405,Concrete Traffic Barrier,Not a Collision,Not an Intersection,On Median,,Dark - Not Lighted,Clear,0,0,2008.0,1,0,BERNALILLO (1),ALBUQUERQUE
2019,20058,New Mexico,0,1,1,July,26,Friday,2,I-40,Interstate,Urban,Interstate,State Highway Agency,72.9525993883792,35.06618611,-106.42405,Concrete Traffic Barrier,Not a Collision,Not an Intersection,On Median,,Dark - Not Lighted,Clear,0,0,2018.0,0,0,BERNALILLO (1),ALBUQUERQUE
2019,20058,New Mexico,0,1,1,July,26,Friday,2,I-40,Interstate,Urban,Interstate,State Highway Agency,72.9525993883792,35.06618611,-106.42405,Concrete Traffic Barrier,Not a Collision,Not an Intersection,On Median,,Dark - Not Lighted,Clear,0,0,2006.0,0,0,BERNALILLO (1),ALBUQUERQUE
2019,20059,New Mexico,0,1,1,July,20,Saturday,16,1700 BLOCK OF SOUTH 2ND STREET,Other,Rural,Principal Arterial - Other,State Highway Agency,72.9525993883792,36.86758056,-104.4400889,Rollover/Overturn,Not a Collision,Not an Intersection,On Roadway,,Daylight,Clear,0,0,2018.0,1,0,COLFAX (7),RATON
2019,20060,New Mexico,0,1,1,July,26,Friday,13,SR-104,State Highway,Rural,Major Collector,State Highway Agency,72.9525993883792,35.50748611,-104.6395944,Rollover/Overturn,Not a Collision,Not an Intersection,On Roadside,,Daylight,Clear,0,0,2003.0,0,0,SAN MIGUEL (47),NOT APPLICABLE
2019,20060,New Mexico,0,1,1,July,26,Friday,13,SR-104,State Highway,Rural,Major Collector,State Highway Agency,72.9525993883792,35.50748611,-104.6395944,Rollover/Overturn,Not a Collision,Not an Intersection,On Roadside,,Daylight,Clear,0,0,1999.0,1,0,SAN MIGUEL (47),NOT APPLICABLE
2019,20061,New Mexico,0,2,5,July,6,Saturday,10,SR-53,State Highway,Rural,Principal Arterial - Other,State Highway Agency,72.9525993883792,35.09692222,-108.7472889,Motor Vehicle In-Transport,Front-to-Front,Not an Intersection,On Roadway,,Daylight,Clear,0,0,2015.0,1,0,MCKINLEY (31),ZUNI
2019,20061,New Mexico,0,2,5,July,6,Saturday,10,SR-53,State Highway,Rural,Principal Arterial - Other,State Highway Agency,72.9525993883792,35.09692222,-108.7472889,Motor Vehicle In-Transport,Front-to-Front,Not an Intersection,On Roadway,,Daylight,Clear,0,0,2007.0,0,0,MCKINLEY (31),ZUNI
2019,20062,New Mexico,0,2,3,July,6,Saturday,12,SR-502,State Highway,Rural,Principal Arterial - Other,State Highway Agency,72.9525993883792,35.87310278,-106.2335833,Motor Vehicle In-Transport,Angle,Not an Intersection,On Roadway,,Daylight,Clear,0,0,2008.0,0,0,SANTA FE (49),NOT APPLICABLE
2019,20063,New Mexico,1,1,1,July,8,Monday,1,SR-45,State Highway,Urban,Principal Arterial - Other,State Highway Agency,72.9525993883792,35.04514722,-106.7097139,Pedestrian,Not a Collision,Not an Intersection,On Roadway,,Dark - Not Lighted,Clear,0,0,2005.0,1,1,BERNALILLO (1),ALBUQUERQUE
2019,20064,New Mexico,0,2,2,July,18,Thursday,13,I-10,Interstate,Rural,Interstate,State Highway Agency,72.9525993883792,32.22253611,-108.1379944,Rollover/Overturn,Not a Collision,Not an Intersection,On Roadway,,Daylight,Clear,0,0,2018.0,1,0,LUNA (29),NOT APPLICABLE
2019,20064,New Mexico,0,2,2,July,18,Thursday,13,I-10,Interstate,Rural,Interstate,State Highway Agency,72.9525993883792,32.22253611,-108.1379944,Rollover/Overturn,Not a Collision,Not an Intersection,On Roadway,,Daylight,Clear,0,0,2005.0,0,0,LUNA (29),NOT APPLICABLE
2019,20065,New Mexico,1,1,1,July,3,Wednesday,24,SR-68,State Highway,Urban,Principal Arterial - Other,State Highway Agency,72.9525993883792,35.99181944,-106.0679389,Pedestrian,Not a Collision,Not Reported,Not Reported,,Dark - Lighted,Clear,0,0,1994.0,1,1,RIO ARRIBA (39),SANTA CLARA PUEBLO
2019,20065,New Mexico,1,1,1,July,3,Wednesday,24,SR-68,State Highway,Urban,Principal Arterial - Other,State Highway Agency,72.9525993883792,35.99181944,-106.0679389,Pedestrian,Not a Collision,Not Reported,Not Reported,,Dark - Lighted,Clear,0,0,2007.0,0,0,RIO ARRIBA (39),SANTA CLARA PUEBLO
2019,20066,New Mexico,0,2,2,July,19,Friday,9,SR-467,State Highway,Rural,Major Collector,State Highway Agency,72.9525993883792,34.36153333,-103.3055167,Motor Vehicle In-Transport,Front-to-Front,Not an Intersection,On Roadway,,Daylight,Clear,0,0,2015.0,1,1,CURRY (9),NOT APPLICABLE
2019,20066,New Mexico,0,2,2,July,19,Friday,9,SR-467,State Highway,Rural,Major Collector,State Highway Agency,72.9525993883792,34.36153333,-103.3055167,Motor Vehicle In-Transport,Front-to-Front,Not an Intersection,On Roadway,,Daylight,Clear,0,0,1998.0,0,0,CURRY (9),NOT APPLICABLE
2019,20067,New Mexico,1,1,1,July,30,Tuesday,5,SR-6,State Highway,Rural,Minor Arterial,State Highway Agency,72.9525993883792,34.82872222,-107.0457139,Pedestrian,Not a Collision,Not an Intersection,On Roadway,,Dark - Not Lighted,Clear,0,0,2014.0,1,0,VALENCIA (61),Other
2020,10001,Florida,0,1,1,November,19,Thursday,11,CR-280,County Road,Rural,Local,Not Reported,285.6623516720604,30.69281111,-86.30587778,"Post, Pole or Other Supports",Not a Collision,Not an Intersection,On Roadside,,Daylight,Clear,0,0,1997.0,3,1,WALTON (131),NOT APPLICABLE
2020,10002,Florida,0,2,2,December,20,Sunday,4,I-75,Interstate,Urban,Interstate,State Highway Agency,285.6623516720604,27.48233611,-82.46765556,Motor Vehicle In-Transport,Sideswipe - Same Direction,Not an Intersection,On Roadway,"Work Zone, Type Unknown",Dark - Lighted,Clear,0,0,1993.0,1,0,MANATEE (81),NOT APPLICABLE
2020,10002,Florida,0,2,2,December,20,Sunday,4,I-75,Interstate,Urban,Interstate,State Highway Agency,285.6623516720604,27.48233611,-82.46765556,Motor Vehicle In-Transport,Sideswipe - Same Direction,Not an Intersection,On Roadway,"Work Zone, Type Unknown",Dark - Lighted,Clear,0,0,2007.0,0,0,MANATEE (81),NOT APPLICABLE
2020,10002,Florida,0,2,2,December,20,Sunday,4,I-75,Interstate,Urban,Interstate,State Highway Agency,285.6623516720604,27.48233611,-82.46765556,Motor Vehicle In-Transport,Sideswipe - Same Direction,Not an Intersection,On Roadway,"Work Zone, Type Unknown",Dark - Lighted,Clear,0,0,2004.0,0,0,MANATEE (81),NOT APPLICABLE
2020,10002,Florida,0,2,2,December,20,Sunday,4,I-75,Interstate,Urban,Interstate,State Highway Agency,285.6623516720604,27.48233611,-82.46765556,Motor Vehicle In-Transport,Sideswipe - Same Direction,Not an Intersection,On Roadway,"Work Zone, Type Unknown",Dark - Lighted,Clear,0,0,2006.0,0,0,MANATEE (81),NOT APPLICABLE
2020,10003,Florida,1,2,2,December,29,Tuesday,20,US-441,U.S. Highway,Urban,Principal Arterial - Other,State Highway Agency,285.6623516720604,26.20961944,-80.20416667,Pedestrian,Not a Collision,Not an Intersection,On Roadway,,Dark - Lighted,Clear,0,0,1995.0,1,0,BROWARD (11),NORTH LAUDERDALE
2020,10003,Florida,1,2,2,December,29,Tuesday,20,US-441,U.S. Highway,Urban,Principal Arterial - Other,State Highway Agency,285.6623516720604,26.20961944,-80.20416667,Pedestrian,Not a Collision,Not an Intersection,On Roadway,,Dark - Lighted,Clear,0,0,2016.0,0,0,BROWARD (11),NORTH LAUDERDALE
2020,10004,Florida,0,2,3,December,22,Tuesday,13,W PARK RD,Local Street - Municipality,Urban,Minor Collector,City or Municipal Highway Agency,285.6623516720604,26.02883889,-80.18103056,Motor Vehicle In-Transport,Angle,Four-Way Intersection,On Roadway,,Daylight,Clear,0,0,2007.0,1,0,BROWARD (11),HOLLYWOOD
2020,10005,Florida,0,2,3,December,23,Wednesday,21,OAKLAND PARK BLVD,Local Street - Municipality,Urban,Principal Arterial - Other,City or Municipal Highway Agency,285.6623516720604,26.16841944,-80.30551389,Motor Vehicle In-Transport,Angle,T-Intersection,On Roadway,,Dark - Lighted,Clear,0,0,2013.0,1,0,BROWARD (11),SUNRISE
2020,10006,Florida,0,1,1,December,21,Monday,17,SR-429,State Highway,Urban,Principal Arterial - Freeways,State Highway Agency,285.6623516720604,28.42053056,-81.63256667,Guardrail Face,Not a Collision,Not an Intersection,On Roadside,,Dark - Not Lighted,Clear,0,0,2005.0,1,0,ORANGE (95),NOT APPLICABLE
2020,10006,Florida,0,1,1,December,21,Monday,17,SR-429,State Highway,Urban,Principal Arterial - Freeways,State Highway Agency,285.6623516720604,28.42053056,-81.63256667,Guardrail Face,Not a Collision,Not an Intersection,On Roadside,,Dark - Not Lighted,Clear,0,0,2014.0,0,0,ORANGE (95),NOT APPLICABLE
2020,10007,Florida,0,2,2,December,21,Monday,16,SR-607 EMERSON AVENUE,State Highway,Urban,Minor Arterial,State Highway Agency,285.6623516720604,27.53753056,-80.41469722,Motor Vehicle In-Transport,Front-to-Rear,Not an Intersection,On Roadway,,Daylight,Clear,0,0,2014.0,0,0,ST. LUCIE (111),NOT APPLICABLE
2020,10008,Florida,0,2,4,December,12,Saturday,21,CR-578,County Road,Urban,Minor Arterial,Not Reported,285.6623516720604,28.43373056,-82.62736667,Motor Vehicle In-Transport,Angle,Four-Way Intersection,On Roadway,,Dark - Lighted,Clear,0,0,1997.0,1,0,PASCO (101),NOT APPLICABLE
2020,10008,Florida,0,2,4,December,12,Saturday,21,CR-578,County Road,Urban,Minor Arterial,Not Reported,285.6623516720604,28.43373056,-82.62736667,Motor Vehicle In-Transport,Angle,Four-Way Intersection,On Roadway,,Dark - Lighted,Clear,0,0,2007.0,0,0,PASCO (101),NOT APPLICABLE
2020,10009,Florida,1,1,2,December,22,Tuesday,18,US-41,U.S. Highway,Urban,Principal Arterial - Other,State Highway Agency,285.6623516720604,28.80414444,-82.31085556,Pedalcyclist,Not a Collision,Not an Intersection,On Roadway,,Dark - Not Lighted,Clear,0,0,2001.0,0,0,CITRUS (17),NOT APPLICABLE
2020,10009,Florida,1,1,2,December,22,Tuesday,18,US-41,U.S. Highway,Urban,Principal Arterial - Other,State Highway Agency,285.6623516720604,28.80414444,-82.31085556,Pedalcyclist,Not a Collision,Not an Intersection,On Roadway,,Dark - Not Lighted,Clear,0,0,2014.0,1,0,CITRUS (17),NOT APPLICABLE
2020,10010,Florida,0,2,3,December,20,Sunday,13,CR-505,County Road,Urban,Major Collector,Not Reported,285.6623516720604,27.81915556,-80.50425556,Motor Vehicle In-Transport,Angle,Four-Way Intersection,On Roadway,,Daylight,Clear,0,0,1998.0,1,0,INDIAN RIVER (61),NOT APPLICABLE
2020,10010,Florida,0,2,3,December,20,Sunday,13,CR-505,County Road,Urban,Major Collector,Not Reported,285.6623516720604,27.81915556,-80.50425556,Motor Vehicle In-Transport,Angle,Four-Way Intersection,On Roadway,,Daylight,Clear,0,0,2001.0,0,0,INDIAN RIVER (61),NOT APPLICABLE
2020,10011,Florida,0,2,3,December,17,Thursday,11,US-98,U.S. Highway,Urban,Principal Arterial - Other,State Highway Agency,285.6623516720604,30.26175833,-85.95911667,Parked Motor Vehicle,Not a Collision,Not an Intersection,On Roadside,,Daylight,Clear,0,0,2013.0,1,0,BAY (5),NOT APPLICABLE
2020,10011,Florida,0,2,3,December,17,Thursday,11,US-98,U.S. Highway,Urban,Principal Arterial - Other,State Highway Agency,285.6623516720604,30.26175833,-85.95911667,Parked Motor Vehicle,Not a Collision,Not an Intersection,On Roadside,,Daylight,Clear,0,0,2017.0,0,0,BAY (5),NOT APPLICABLE
2020,10012,Florida,0,4,7,December,9,Wednesday,13,SR-70,State Highway,Urban,Principal Arterial - Other,State Highway Agency,285.6623516720604,27.43185,-82.41222778,Motor Vehicle In-Transport,Sideswipe - Same Direction,T-Intersection,On Roadway,,Daylight,Clear,0,0,2018.0,0,0,MANATEE (81),NOT APPLICABLE
2020,10012,Florida,0,4,7,December,9,Wednesday,13,SR-70,State Highway,Urban,Principal Arterial - Other,State Highway Agency,285.6623516720604,27.43185,-82.41222778,Motor Vehicle In-Transport,Sideswipe - Same Direction,T-Intersection,On Roadway,,Daylight,Clear,0,0,2001.0,1,0,MANATEE (81),NOT APPLICABLE
2020,10013,Florida,1,1,1,December,29,Tuesday,22,DONALD ROSS RD,Local Street - Municipality,Urban,Minor Arterial,Not Reported,285.6623516720604,26.88291667,-80.10748056,Pedestrian,Not a Collision,Not an Intersection,On Roadway,,Dark - Not Lighted,Clear,0,0,2011.0,0,0,PALM BEACH (99),NOT APPLICABLE