YEAR,ST_CASE,STATENAME,NUM_PEDS,NUM_VEHC,PERSONS,MONTHNAME,DAYNAME,DAY_WEEKNAME,HOUR,ROAD_NAME,ROUTENAME,RUR_URBNAME,FUNC_SYSNAME,RD_OWNERNAME,MILE_MARKER,LATITUDE,LONGITUD,HARM_EVNAME,COLLISION_TYPE,TYP_INTNAME,REL_ROADNAME,WRK_ZONENAME,LGT_CONDNAME,WEATHERNAME,SCH_BUS,HIT_RUN,MOD_YEAR,DEATHS,DR_DRINK,COUNTYNAME,CITYNAME
2020,10178,Florida,0,2,2,December,20,Sunday,17,PROVIDENCE RD,Other,Urban,Minor Arterial,County Highway Agency,285.6623516720604,27.90464722,-82.31871944,Rollover/Overturn,Not a Collision,Not an Intersection,On Roadway,,Dusk,Rain,0,0,2010.0,1,0,HILLSBOROUGH (57),NOT APPLICABLE
2020,10178,Florida,0,2,2,December,20,Sunday,17,PROVIDENCE RD,Other,Urban,Minor Arterial,County Highway Agency,285.6623516720604,27.90464722,-82.31871944,Rollover/Overturn,Not a Collision,Not an Intersection,On Roadway,,Dusk,Rain,0,0,2003.0,0,0,HILLSBOROUGH (57),NOT APPLICABLE
2020,10179,Florida,0,2,2,December,21,Monday,21,CYPRESS PKWY,Unknown,Urban,Major Collector,Not Reported,285.6623516720604,28.14268889,-81.48427778,Motor Vehicle In-Transport,Front-to-Front,Not an Intersection,On Roadway,,Dark - Not Lighted,Cloudy,0,0,2013.0,1,0,POLK (105),NOT APPLICABLE
2020,10179,Florida,0,2,2,December,21,Monday,21,CYPRESS PKWY,Unknown,Urban,Major Collector,Not Reported,285.6623516720604,28.14268889,-81.48427778,Motor Vehicle In-Transport,Front-to-Front,Not an Intersection,On Roadway,,Dark - Not Lighted,Cloudy,0,0,2012.0,0,0,POLK (105),NOT APPLICABLE
2020,10180,Florida,0,2,4,April,28,Tuesday,12,SR-816 W OAKLAND PARK BLVD,State Highway,Urban,Principal Arterial - Other,State Highway Agency,285.6623516720604,26.16470833,-80.23204722,Motor Vehicle In-Transport,Angle,Four-Way Intersection,On Roadway,,Daylight,Clear,0,0,1998.0,1,0,BROWARD (11),LAUDERHILL
2020,10181,Florida,0,2,2,October,16,Friday,1,SR-26 W UNIVERSITY AVE,State Highway,Urban,Principal Arterial - Other,State Highway Agency,285.6623516720604,29.65208611,-82.35363611,Motor Vehicle In-Transport,Angle,T-Intersection,On Roadway,,Dark - Lighted,Clear,0,0,2008.0,0,0,ALACHUA (1),GAINESVILLE
2020,10181,Florida,0,2,2,October,16,Friday,1,SR-26 W UNIVERSITY AVE,State Highway,Urban,Principal Arterial - Other,State Highway Agency,285.6623516720604,29.65208611,-82.35363611,Motor Vehicle In-Transport,Angle,T-Intersection,On Roadway,,Dark - Lighted,Clear,0,0,2006.0,1,0,ALACHUA (1),GAINESVILLE
2020,10182,Florida,1,2,2,October,17,Saturday,12,KELLY ST,Local Street - Municipality,Urban,Local,City or Municipal Highway Agency,285.6623516720604,30.40260556,-86.48394167,Pedalcyclist,Not a Collision,T-Intersection,On Roadway,,Daylight,Clear,0,0,2003.0,1,0,OKALOOSA (91),DESTIN
2020,10183,Florida,0,2,3,December,5,Saturday,4,SR-818 GRIFFIN RD,State Highway,Urban,Principal Arterial - Other,State Highway Agency,285.6623516720604,26.06508333,-80.23209444,Motor Vehicle In-Transport,Angle,Four-Way Intersection,On Roadway,,Dark - Lighted,Clear,0,0,2000.0,1,0,BROWARD (11),DAVIE
2020,10183,Florida,0,2,3,December,5,Saturday,4,SR-818 GRIFFIN RD,State Highway,Urban,Principal Arterial - Other,State Highway Agency,285.6623516720604,26.06508333,-80.23209444,Motor Vehicle In-Transport,Angle,Four-Way Intersection,On Roadway,,Dark - Lighted,Clear,0,0,2013.0,0,0,BROWARD (11),DAVIE
2020,10184,Florida,1,1,1,June,15,Monday,17,CR-503 DIXON BLVD,County Road,Urban,Minor Arterial,County Highway Agency,285.6623516720604,28.37308333,-80.75503056,Pedestrian,Not a Collision,Not an Intersection,On Roadway,,Daylight,Clear,0,0,2016.0,1,1,BREVARD (9),COCOA
2020,10185,Florida,0,2,3,July,14,Tuesday,4,SR-524,State Highway,Urban,Minor Arterial,State Highway Agency,285.6623516720604,28.37374444,-80.80570556,Parked Motor Vehicle,Not a Collision,Not an Intersection,On Roadside,,Dark - Lighted,Clear,0,0,2015.0,1,1,BREVARD (9),COCOA
2020,10186,Florida,0,1,1,December,2,Wednesday,24,2ND AVE,Local Street - Municipality,Urban,Major Collector,City or Municipal Highway Agency,285.6623516720604,25.78498333,-80.19853333,Fence,Not a Collision,T-Intersection,Outside Trafficway,,Dark - Lighted,Clear,0,0,2018.0,0,0,MIAMI-DADE (86),MIAMI
2020,10187,Florida,1,1,2,February,24,Monday,20,US-1 S  DIXIE HWY,U.S. Highway,Urban,Principal Arterial - Other,State Highway Agency,285.6623516720604,25.57969444,-80.36863333,Pedestrian,Not a Collision,Four-Way Intersection,On Roadway,,Dark - Lighted,Clear,0,0,2013.0,1,1,MIAMI-DADE (86),CUTLER BAY
2020,10188,Florida,0,1,2,May,18,Monday,1,19TH AVE,Local Street - Municipality,Urban,Local,Not Reported,285.6623516720604,25.78849444,-80.22719167,Fell/Jumped from Vehicle,Not a Collision,Not an Intersection,On Roadway,,Dark - Unknown Lighting,Cloudy,0,0,2008.0,1,0,MIAMI-DADE (86),MIAMI
2020,10190,Florida,0,2,3,December,5,Saturday,8,NW 11TH ST,Local Street - Municipality,Urban,Major Collector,City or Municipal Highway Agency,285.6623516720604,25.78301667,-80.23942222,Motor Vehicle In-Transport,Angle,Four-Way Intersection,On Roadway,,Daylight,Clear,0,0,2016.0,0,0,MIAMI-DADE (86),MIAMI
2020,10191,Florida,0,1,3,November,15,Sunday,19,SW 104TH ST,Other,Rural,Local,"State Park, Forest, or Reservation Agency",285.6623516720604,25.66720278,-80.50041667,Other Traffic Barrier,Not a Collision,Four-Way Intersection,On Median,,Dark - Lighted,Clear,0,0,1996.0,1,0,MIAMI-DADE (86),NOT APPLICABLE
2020,10192,Florida,1,1,1,November,26,Thursday,21,SW 97TH AVE,Other,Urban,Major Collector,County Highway Agency,285.6623516720604,25.75675833,-80.352025,Pedestrian,Not a Collision,Not an Intersection,On Roadway,,Dark - Lighted,Clear,0,0,2002.0,0,0,MIAMI-DADE (86),NOT APPLICABLE
2020,10192,Florida,1,1,1,November,26,Thursday,21,SW 97TH AVE,Other,Urban,Major Collector,County Highway Agency,285.6623516720604,25.75675833,-80.352025,Pedestrian,Not a Collision,Not an Intersection,On Roadway,,Dark - Lighted,Clear,0,0,2015.0,0,0,MIAMI-DADE (86),NOT APPLICABLE
2020,10192,Florida,1,1,1,November,26,Thursday,21,SW 97TH AVE,Other,Urban,Major Collector,County Highway Agency,285.6623516720604,25.75675833,-80.352025,Pedestrian,Not a Collision,Not an Intersection,On Roadway,,Dark - Lighted,Clear,0,0,2018.0,2,0,MIAMI-DADE (86),NOT APPLICABLE
2020,10193,Florida,0,2,2,December,11,Friday,24,62ND AVE,Local Street - Municipality,Urban,Minor Arterial,Not Reported,285.6623516720604,27.82828333,-82.70801389,Rollover/Overturn,Not a Collision,T-Intersection,On Roadway,,Dark - Lighted,Clear,0,0,2007.0,0,0,PINELLAS (103),PINELLAS PARK
2020,10193,Florida,0,2,2,December,11,Friday,24,62ND AVE,Local Street - Municipality,Urban,Minor Arterial,Not Reported,285.6623516720604,27.82828333,-82.70801389,Rollover/Overturn,Not a Collision,T-Intersection,On Roadway,,Dark - Lighted,Clear,0,0,1990.0,1,0,PINELLAS (103),PINELLAS PARK
2020,10194,Florida,0,2,2,July,25,Saturday,9,HAMILTON BRIDGE RD,Local Street - Municipality,Urban,Major Collector,City or Municipal Highway Agency,285.6623516720604,30.62205556,-87.06033611,Motor Vehicle In-Transport,Angle,T-Intersection,On Roadway,,Daylight,Clear,0,0,2004.0,1,0,SANTA ROSA (113),MILTON
2020,10195,Florida,2,1,2,December,22,Tuesday,19,US-27,U.S. Highway,Urban,Principal Arterial - Other,State Highway Agency,285.6623516720604,28.52724444,-81.73236667,Pedestrian,Not a Collision,Four-Way Intersection,On Roadway,,Dark - Lighted,Clear,0,0,2012.0,0,0,LAKE (69),CLERMONT
2020,10196,Florida,2,1,1,December,26,Saturday,17,SOUTHGATE BLVD,Local Street - Municipality,Urban,Minor Arterial,City or Municipal Highway Agency,285.6623516720604,26.22821944,-80.20646667,Pedestrian,Not a Collision,Four-Way Intersection,On Roadway,,Dark - Lighted,Clear,0,0,2012.0,1,0,BROWARD (11),HAMMONDVILLE
2020,10197,Florida,0,1,5,December,31,Thursday,22,MACOMB ST,Local Street - Municipality,Urban,Major Collector,City or Municipal Highway Agency,285.6623516720604,30.43854444,-84.28900556,Curb,Not a Collision,Four-Way Intersection,On Roadside,,Dark - Lighted,Clear,0,0,2007.0,0,0,LEON (73),TALLAHASSEE
2020,10197,Florida,0,1,5,December,31,Thursday,22,MACOMB ST,Local Street - Municipality,Urban,Major Collector,City or Municipal Highway Agency,285.6623516720604,30.43854444,-84.28900556,Curb,Not a Collision,Four-Way Intersection,On Roadside,,Dark - Lighted,Clear,0,0,2004.0,1,0,LEON (73),TALLAHASSEE
2020,10198,Florida,1,2,1,November,3,Tuesday,12,I-95,Interstate,Urban,Interstate,State Highway Agency,285.6623516720604,30.33133056,-81.67350833,Parked Motor Vehicle,Not a Collision,Not an Intersection,On Median,"Work Zone, Type Unknown",Daylight,Clear,0,0,2019.0,0,0,DUVAL (31),JACKSONVILLE
2020,10198,Florida,1,2,1,November,3,Tuesday,12,I-95,Interstate,Urban,Interstate,State Highway Agency,285.6623516720604,30.33133056,-81.67350833,Parked Motor Vehicle,Not a Collision,Not an Intersection,On Median,"Work Zone, Type Unknown",Daylight,Clear,0,0,2016.0,1,0,DUVAL (31),JACKSONVILLE
2020,10199,Florida,0,1,3,December,20,Sunday,3,US-41,U.S. Highway,Urban,Principal Arterial - Other,State Highway Agency,285.6623516720604,27.32906667,-82.53088056,Utility Pole/Light Support,Not a Collision,Y-Intersection,Separator,,Dark - Lighted,Clear,0,0,2014.0,0,0,SARASOTA (115),SARASOTA
2020,10199,Florida,0,1,3,December,20,Sunday,3,US-41,U.S. Highway,Urban,Principal Arterial - Other,State Highway Agency,285.6623516720604,27.32906667,-82.53088056,Utility Pole/Light Support,Not a Collision,Y-Intersection,Separator,,Dark - Lighted,Clear,0,0,2009.0,0,0,SARASOTA (115),SARASOTA
2020,10199,Florida,0,1,3,December,20,Sunday,3,US-41,U.S. Highway,Urban,Principal Arterial - Other,State Highway Agency,285.6623516720604,27.32906667,-82.53088056,Utility Pole/Light Support,Not a Collision,Y-Intersection,Separator,,Dark - Lighted,Clear,0,0,2008.0,0,0,SARASOTA (115),SARASOTA
2020,10199,Florida,0,1,3,December,20,Sunday,3,US-41,U.S. Highway,Urban,Principal Arterial - Other,State Highway Agency,285.6623516720604,27.32906667,-82.53088056,Utility Pole/Light Support,Not a Collision,Y-Intersection,Separator,,Dark - Lighted,Clear,0,0,1999.0,1,0,SARASOTA (115),SARASOTA
2020,10200,Florida,1,1,1,December,29,Tuesday,18,US-1 BROADWAY AVE,U.S. Highway,Urban,Minor Arterial,State Highway Agency,285.6623516720604,26.77760556,-80.05491111,Pedestrian,Not a Collision,Not an Intersection,On Roadway,,Dark - Not Lighted,Clear,0,0,2008.0,1,1,PALM BEACH (99),RIVIERA BEACH
2020,10200,Florida,1,1,1,December,29,Tuesday,18,US-1 BROADWAY AVE,U.S. Highway,Urban,Minor Arterial,State Highway Agency,285.6623516720604,26.77760556,-80.05491111,Pedestrian,Not a Collision,Not an Intersection,On Roadway,,Dark - Not Lighted,Clear,0,0,2017.0,0,0,PALM BEACH (99),RIVIERA BEACH
2020,10201,Florida,1,1,2,November,30,Monday,17,SR-807 CONGRESS AVE,State Highway,Urban,Principal Arterial - Other,State Highway Agency,285.6623516720604,26.66598889,-80.08803333,Pedalcyclist,Not a Collision,Not an Intersection,On Roadside,,Dusk,Cloudy,0,1,2008.0,0,0,PALM BEACH (99),RIVIERA BEACH
2020,10201,Florida,1,1,2,November,30,Monday,17,SR-807 CONGRESS AVE,State Highway,Urban,Principal Arterial - Other,State Highway Agency,285.6623516720604,26.66598889,-80.08803333,Pedalcyclist,Not a Collision,Not an Intersection,On Roadside,,Dusk,Cloudy,0,0,2000.0,1,0,PALM BEACH (99),RIVIERA BEACH
2020,10202,Florida,0,1,1,August,30,Sunday,6,OLD KISSIMMEE RD,Other,Rural,Local,County Highway Agency,285.6623516720604,28.24176389,-81.56095,Tree (Standing Only),Not a Collision,Not an Intersection,On Roadside,,Dark - Not Lighted,Rain,0,0,2015.0,1,0,POLK (105),NOT APPLICABLE
2020,10203,Florida,0,2,2,November,25,Wednesday,12,US-441 W SANTA FE BLVD,U.S. Highway,Rural,Principal Arterial - Other,State Highway Agency,285.6623516720604,29.830325,-82.59531389,Motor Vehicle In-Transport,Sideswipe - Same Direction,Four-Way Intersection,On Roadway,,Daylight,Clear,0,0,2003.0,1,0,ALACHUA (1),HIGH SPRINGS
2020,10204,Florida,0,2,3,December,12,Saturday,20,US-41 N TAMIAMI TRAIL,U.S. Highway,Urban,Principal Arterial - Other,State Highway Agency,285.6623516720604,27.38080556,-82.55641389,Motor Vehicle In-Transport,Front-to-Rear,T-Intersection,On Roadway,,Dark - Lighted,Clear,0,0,2015.0,1,0,SARASOTA (115),SARASOTA
2020,10205,Florida,0,1,1,August,8,Saturday,17,SR-A1A ROOSEVELT BLVD,State Highway,Urban,Principal Arterial - Other,State Highway Agency,285.6623516720604,24.56603611,-81.75104444,Curb,Not a Collision,T-Intersection,On Roadside,,Daylight,Clear,0,0,2001.0,1,0,MONROE (87),KEY WEST
2020,10206,Florida,1,1,1,December,23,Wednesday,19,SR-932 NW 103RD ST,State Highway,Urban,Principal Arterial - Other,State Highway Agency,285.6623516720604,25.86831389,-80.23838333,Pedestrian,Not a Collision,Four-Way Intersection,On Roadway,,Dark - Lighted,Clear,0,0,2007.0,1,1,MIAMI-DADE (86),NOT APPLICABLE
2020,10207,Florida,0,2,3,November,26,Thursday,1,US-41 TAMIAMI TRL,U.S. Highway,Urban,Principal Arterial - Other,State Highway Agency,285.6623516720604,26.19750278,-81.80028056,Motor Vehicle In-Transport,Front-to-Rear,Four-Way Intersection,On Roadway,,Dark - Lighted,Clear,0,0,2019.0,1,0,COLLIER (21),NAPLES
2020,10207,Florida,0,2,3,November,26,Thursday,1,US-41 TAMIAMI TRL,U.S. Highway,Urban,Principal Arterial - Other,State Highway Agency,285.6623516720604,26.19750278,-81.80028056,Motor Vehicle In-Transport,Front-to-Rear,Four-Way Intersection,On Roadway,,Dark - Lighted,Clear,0,0,2015.0,0,0,COLLIER (21),NAPLES
2020,10208,Florida,0,1,1,February,25,Tuesday,16,SR-22,State Highway,Urban,Minor Arterial,State Highway Agency,285.6623516720604,30.15298611,-85.59138611,Curb,Not a Collision,Not an Intersection,On Median,,Daylight,Cloudy,0,0,2000.0,1,0,BAY (5),CALLAWAY
2020,10209,Florida,1,1,1,July,4,Saturday,21,S OCEAN BLVD,Other,Urban,Major Collector,State Highway Agency,200.0,26.60751667,-80.03819444,Pedestrian,Not a Collision,Not an Intersection,On Roadway,,Dark - Lighted,Rain,0,1,2010.0,0,1,PALM BEACH (99),PALM BEACH
2020,10210,Florida,1,4,4,September,6,Sunday,5,S CYPRESS RD,Local Street - Municipality,Urban,Major Collector,City or Municipal Highway Agency,285.6623516720604,26.223375,-80.12325833,Pedestrian,Not a Collision,Not an Intersection,On Roadway,,Dark - Unknown Lighting,Rain,0,0,2019.0,1,0,BROWARD (11),POMPANO BEACH
2020,10211,Florida,0,1,1,December,25,Friday,20,OPA LOCKA BLVD,Local Street - Municipality,Urban,Local,City or Municipal Highway Agency,285.6623516720604,25.90118333,-80.25043889,Railway Vehicle,Not a Collision,Not an Intersection,On Roadway,,Dark - Lighted,Clear,0,0,2015.0,1,0,MIAMI-DADE (86),OPA-LOCKA
2020,10211,Florida,0,1,1,December,25,Friday,20,OPA LOCKA BLVD,Local Street - Municipality,Urban,Local,City or Municipal Highway Agency,285.6623516720604,25.90118333,-80.25043889,Railway Vehicle,Not a Collision,Not an Intersection,On Roadway,,Dark - Lighted,Clear,0,0,2008.0,0,0,MIAMI-DADE (86),OPA-LOCKA
2020,10212,Florida,0,2,2,December,28,Monday,14,US-301 GALL BLVD,U.S. Highway,Urban,Principal Arterial - Other,State Highway Agency,285.6623516720604,28.24990556,-82.18850833,Motor Vehicle In-Transport,Angle,Not an Intersection,On Roadway,,Daylight,Clear,0,0,2001.0,1,0,PASCO (101),ZEPHYRHILLS
2020,10213,Florida,0,3,4,December,29,Tuesday,19,ANDERSON RD,Other,Urban,Minor Arterial,County Highway Agency,285.6623516720604,28.02551111,-82.53753333,Motor Vehicle In-Transport,Front-to-Rear,Four-Way Intersection,On Roadway,,Dark - Lighted,Clear,0,0,1998.0,1,1,HILLSBOROUGH (57),NOT APPLICABLE
2020,10214,Florida,0,2,2,August,17,Monday,23,I-95,Interstate,Urban,Interstate,State Highway Agency,285.6623516720604,27.36373333,-80.414175,Motor Vehicle In-Transport,Angle,Four-Way Intersection,On Roadway,,Dark - Lighted,Clear,0,0,2007.0,1,0,ST. LUCIE (111),PORT SAINT LUCIE
2020,10215,Florida,0,1,2,September,7,Monday,22,NW 106TH TER,Local Street - Municipality,Urban,Local,City or Municipal Highway Agency,285.6623516720604,26.12976667,-80.29156111,Fell/Jumped from Vehicle,Not a Collision,Not an Intersection,On Roadway,,Dark - Lighted,Clear,0,0,2016.0,1,1,BROWARD (11),PLANTATION
2020,10216,Florida,1,1,1,July,2,Thursday,23,CR-913 CRANDON BLVD,County Road,Urban,Minor Arterial,County Highway Agency,285.6623516720604,25.69928056,-80.16216111,Pedestrian,Not a Collision,Four-Way Intersection,On Roadway,,Dark - Lighted,Clear,0,0,2009.0,1,0,MIAMI-DADE (86),KEY BISCAYNE
2020,10217,Florida,0,1,1,October,27,Tuesday,22,SR-821,State Highway,Urban,Principal Arterial - Freeways,State Highway Agency,285.6623516720604,25.81039444,-80.38670278,Rollover/Overturn,Not a Collision,Not an Intersection,On Roadside,"Work Zone, Type Unknown",Dark - Not Lighted,Clear,0,0,2019.0,2,0,MIAMI-DADE (86),NOT APPLICABLE
2020,10218,Florida,1,1,1,August,22,Saturday,18,COLLINS AVE,Local Street - Municipality,Urban,Local,City or Municipal Highway Agency,285.6623516720604,25.89700833,-80.12430278,Pedalcyclist,Not a Collision,Not an Intersection,On Roadway,,Daylight,Cloudy,0,0,2014.0,0,0,MIAMI-DADE (86),BAL HARBOUR
2020,10218,Florida,1,1,1,August,22,Saturday,18,COLLINS AVE,Local Street - Municipality,Urban,Local,City or Municipal Highway Agency,285.6623516720604,25.89700833,-80.12430278,Pedalcyclist,Not a Collision,Not an Intersection,On Roadway,,Daylight,Cloudy,0,0,2016.0,1,0,MIAMI-DADE (86),BAL HARBOUR
2020,10219,Florida,0,2,3,June,27,Saturday,22,US-441 SR-7,U.S. Highway,Urban,Principal Arterial - Other,State Highway Agency,285.6623516720604,26.114175,-80.20182222,Motor Vehicle In-Transport,Front-to-Front,T-Intersection,On Roadway,,Dark - Lighted,Clear,0,0,2005.0,1,0,BROWARD (11),Other
2020,10220,Florida,0,2,3,March,4,Wednesday,2,US-92 N DALE MABRY HWY,U.S. Highway,Urban,Principal Arterial - Other,State Highway Agency,285.6623516720604,27.98801667,-82.50525556,Motor Vehicle In-Transport,Front-to-Rear,Not an Intersection,On Roadway,,Dark - Lighted,Clear,0,0,2008.0,2,0,HILLSBOROUGH (57),TAMPA
2020,10221,Florida,0,1,1,December,29,Tuesday,18,NE 26TH AVE,Local Street - Municipality,Urban,Minor Collector,City or Municipal Highway Agency,285.6623516720604,26.23741667,-80.09800833,Curb,Not a Collision,Roundabout,Pedestrian Refuge Island or Traffic Island,,Dark - Lighted,Clear,0,0,2017.0,1,0,BROWARD (11),POMPANO BEACH
2020,10222,Florida,0,3,3,May,31,Sunday,18,CR-867A DEL PRADO BLVD,County Road,Urban,Principal Arterial - Other,County Highway Agency,285.6623516720604,26.62220556,-81.94076111,Motor Vehicle In-Transport,Angle,Four-Way Intersection,On Roadway,,Daylight,Clear,0,0,2002.0,1,0,LEE (71),CAPE CORAL
2020,10222,Florida,0,3,3,May,31,Sunday,18,CR-867A DEL PRADO BLVD,County Road,Urban,Principal Arterial - Other,County Highway Agency,285.6623516720604,26.62220556,-81.94076111,Motor Vehicle In-Transport,Angle,Four-Way Intersection,On Roadway,,Daylight,Clear,0,0,2011.0,0,0,LEE (71),CAPE CORAL
2020,10223,Florida,0,2,3,June,14,Sunday,17,W MARION AVE,Local Street - Municipality,Urban,Major Collector,City or Municipal Highway Agency,285.6623516720604,26.92481944,-82.06376944,Curb,Not a Collision,Not an Intersection,On Median,,Daylight,Clear,0,0,2018.0,1,1,CHARLOTTE (15),PUNTA GORDA
2020,10224,Florida,0,1,1,January,19,Sunday,20,BEACH ST,Other,Urban,Minor Collector,County Highway Agency,285.6623516720604,29.21514167,-81.02086667,Curb,Not a Collision,Not an Intersection,On Roadside,,Dark - Lighted,Rain,0,0,1968.0,1,0,VOLUSIA (127),DAYTONA BEACH
2020,10225,Florida,1,1,1,February,14,Friday,17,SR-944 NW 54TH ST,State Highway,Urban,Minor Arterial,State Highway Agency,285.6623516720604,25.82368056,-80.24890278,Pedestrian,Not a Collision,Not an Intersection,On Roadway,,Daylight,Clear,0,0,2005.0,1,0,MIAMI-DADE (86),NOT APPLICABLE
2020,10226,Florida,0,2,2,April,13,Monday,8,SW 220TH ST,Other,Urban,Major Collector,County Highway Agency,285.6623516720604,25.56253056,-80.38541944,Motor Vehicle In-Transport,Angle,Four-Way Intersection,On Roadway,,Daylight,Clear,0,0,2002.0,1,0,MIAMI-DADE (86),NOT APPLICABLE
2020,10226,Florida,0,2,2,April,13,Monday,8,SW 220TH ST,Other,Urban,Major Collector,County Highway Agency,285.6623516720604,25.56253056,-80.38541944,Motor Vehicle In-Transport,Angle,Four-Way Intersection,On Roadway,,Daylight,Clear,0,0,2015.0,0,0,MIAMI-DADE (86),NOT APPLICABLE
2020,10227,Florida,0,3,6,November,6,Friday,22,SR-436 SEMORAN BLVD,State Highway,Urban,Principal Arterial - Other,State Highway Agency,285.6623516720604,28.46046111,-81.31015556,Motor Vehicle In-Transport,Front-to-Rear,Four-Way Intersection,On Roadway,,Dark - Lighted,Clear,0,0,1995.0,1,0,ORANGE (95),ORLANDO
2020,10228,Florida,0,2,3,December,23,Wednesday,10,SR-806 ATLANTIC AVE,State Highway,Urban,Principal Arterial - Other,State Highway Agency,285.6623516720604,26.457825,-80.12258056,Motor Vehicle In-Transport,Angle,Four-Way Intersection,On Roadway,,Daylight,Clear,0,0,2011.0,0,0,PALM BEACH (99),DELRAY BEACH
2020,10228,Florida,0,2,3,December,23,Wednesday,10,SR-806 ATLANTIC AVE,State Highway,Urban,Principal Arterial - Other,State Highway Agency,285.6623516720604,26.457825,-80.12258056,Motor Vehicle In-Transport,Angle,Four-Way Intersection,On Roadway,,Daylight,Clear,0,0,2006.0,1,0,PALM BEACH (99),DELRAY BEACH
2020,10229,Florida,0,2,2,October,29,Thursday,9,SR-37 S FLORIDA AVE,State Highway,Urban,Minor Arterial,State Highway Agency,285.6623516720604,27.94086667,-81.97383889,Motor Vehicle In-Transport,Angle,Not an Intersection,On Roadway,,Daylight,Clear,0,0,2004.0,2,1,POLK (105),NOT APPLICABLE
2020,10230,Florida,0,2,3,December,16,Wednesday,15,US-92,U.S. Highway,Urban,Principal Arterial - Other,State Highway Agency,285.6623516720604,28.04780833,-81.86125556,Motor Vehicle In-Transport,Front-to-Rear,Not an Intersection,On Roadway,,Daylight,Rain,0,0,1999.0,1,0,POLK (105),NOT APPLICABLE
2020,10231,Florida,0,3,3,February,26,Wednesday,16,I-75,Interstate,Rural,Interstate,State Highway Agency,285.6623516720604,29.41690278,-82.25500556,Motor Vehicle In-Transport,Angle,Not an Intersection,On Roadway,,Dark - Lighted,Clear,0,0,2008.0,1,1,MARION (83),NOT APPLICABLE
2020,10232,Florida,0,1,3,February,17,Monday,14,SR-82 MARTIN LUTHER KING BLVD,State Highway,Urban,Principal Arterial - Other,State Highway Agency,285.6623516720604,26.64120556,-81.82853611,Tree (Standing Only),Not a Collision,Not an Intersection,On Roadside,,Daylight,Clear,0,0,2001.0,1,0,LEE (71),FORT MYERS
2020,10232,Florida,0,1,3,February,17,Monday,14,SR-82 MARTIN LUTHER KING BLVD,State Highway,Urban,Principal Arterial - Other,State Highway Agency,285.6623516720604,26.64120556,-81.82853611,Tree (Standing Only),Not a Collision,Not an Intersection,On Roadside,,Daylight,Clear,0,0,2017.0,0,0,LEE (71),FORT MYERS
2020,10233,Florida,1,1,1,November,26,Thursday,21,US-1 BISCAYNE BLVD,U.S. Highway,Urban,Principal Arterial - Other,State Highway Agency,285.6623516720604,25.87667222,-80.1689,Pedestrian,Not a Collision,Not an Intersection,On Roadway,,Dark - Not Lighted,Clear,0,0,2003.0,0,1,MIAMI-DADE (86),NOT APPLICABLE
2020,10233,Florida,1,1,1,November,26,Thursday,21,US-1 BISCAYNE BLVD,U.S. Highway,Urban,Principal Arterial - Other,State Highway Agency,285.6623516720604,25.87667222,-80.1689,Pedestrian,Not a Collision,Not an Intersection,On Roadway,,Dark - Not Lighted,Clear,0,0,2008.0,1,0,MIAMI-DADE (86),NOT APPLICABLE
2020,10234,Florida,0,2,2,April,16,Thursday,15,SR-17,State Highway,Urban,Major Collector,State Highway Agency,285.6623516720604,27.5408,-81.45336944,Motor Vehicle In-Transport,Angle,T-Intersection,On Roadway,,Daylight,Rain,0,0,1991.0,1,0,HIGHLANDS (55),NOT APPLICABLE
2020,10235,Georgia,0,1,1,January,1,Wednesday,13,SR-120 S MARIETTA PKWY,State Highway,Urban,Principal Arterial - Other,State Highway Agency,139.0,33.94429444,-84.49736944,Guardrail Face,Not a Collision,Not an Intersection,On Roadside,,Daylight,Clear,0,0,2010.0,1,0,COBB (67),MARIETTA
2020,10236,Georgia,1,1,1,January,1,Wednesday,15,SR-8 LAWRENCEVILLE HWY,State Highway,Urban,Principal Arterial - Other,State Highway Agency,102.0,33.85003056,-84.21829722,Pedestrian,Not a Collision,Not an Intersection,On Roadway,,Daylight,Clear,0,0,2014.0,0,1,DEKALB (89),NOT APPLICABLE
2020,10236,Georgia,1,1,1,January,1,Wednesday,15,SR-8 LAWRENCEVILLE HWY,State Highway,Urban,Principal Arterial - Other,State Highway Agency,102.0,33.85003056,-84.21829722,Pedestrian,Not a Collision,Not an Intersection,On Roadway,,Daylight,Clear,0,0,2008.0,1,0,DEKALB (89),NOT APPLICABLE
2020,10237,Georgia,1,1,1,January,1,Wednesday,1,SR-25,State Highway,Urban,Principal Arterial - Other,State Highway Agency,172.0,31.22231389,-81.49448333,Pedestrian,Not a Collision,Not an Intersection,On Roadway,,Dark - Not Lighted,Clear,0,0,2015.0,1,0,GLYNN (127),NOT APPLICABLE
2020,10238,Georgia,0,2,2,January,2,Thursday,5,SR-316 UNIVERSITY PKWY,State Highway,Urban,Principal Arterial - Other,State Highway Agency,72.0,33.942,-83.71601944,Motor Vehicle In-Transport,Angle,Four-Way Intersection,On Roadway,,Dark - Not Lighted,Cloudy,0,0,2010.0,0,0,BARROW (13),BETHLEHEM
2020,10239,Georgia,0,2,2,January,2,Thursday,7,SR-3,State Highway,Urban,Principal Arterial - Other,State Highway Agency,102.0,34.19270833,-84.78918333,Motor Vehicle In-Transport,Angle,T-Intersection,On Roadway,,Dark - Lighted,Rain,0,0,2004.0,0,0,BARTOW (15),NOT APPLICABLE