YEAR,ST_CASE,STATENAME,NUM_PEDS,NUM_VEHC,PERSONS,MONTHNAME,DAYNAME,DAY_WEEKNAME,HOUR,ROAD_NAME,ROUTENAME,RUR_URBNAME,FUNC_SYSNAME,RD_OWNERNAME,MILE_MARKER,LATITUDE,LONGITUD,HARM_EVNAME,COLLISION_TYPE,TYP_INTNAME,REL_ROADNAME,WRK_ZONENAME,LGT_CONDNAME,WEATHERNAME,SCH_BUS,HIT_RUN,MOD_YEAR,DEATHS,DR_DRINK,COUNTYNAME,CITYNAME
2020,10239,Georgia,0,2,2,January,2,Thursday,7,SR-3,State Highway,Urban,Principal Arterial - Other,State Highway Agency,102.0,34.19270833,-84.78918333,Motor Vehicle In-Transport,Angle,T-Intersection,On Roadway,,Dark - Lighted,Rain,0,0,2013.0,0,0,BARTOW (15),NOT APPLICABLE
2020,10239,Georgia,0,2,2,January,2,Thursday,7,SR-3,State Highway,Urban,Principal Arterial - Other,State Highway Agency,102.0,34.19270833,-84.78918333,Motor Vehicle In-Transport,Angle,T-Intersection,On Roadway,,Dark - Lighted,Rain,0,0,2005.0,0,0,BARTOW (15),NOT APPLICABLE
2020,10240,Georgia,0,2,3,January,2,Thursday,9,US-SR26,U.S. Highway,Urban,Principal Arterial - Other,State Highway Agency,232.0,32.04124722,-81.02259167,Motor Vehicle In-Transport,Angle,Four-Way Intersection,On Roadway,,Daylight,Not Reported,0,0,2001.0,1,0,CHATHAM (51),NOT APPLICABLE
2020,10240,Georgia,0,2,3,January,2,Thursday,9,US-SR26,U.S. Highway,Urban,Principal Arterial - Other,State Highway Agency,232.0,32.04124722,-81.02259167,Motor Vehicle In-Transport,Angle,Four-Way Intersection,On Roadway,,Daylight,Not Reported,0,0,2000.0,0,0,CHATHAM (51),NOT APPLICABLE
2020,10242,Georgia,1,2,2,January,2,Thursday,18,CR-495 CHAPMAN PLANTATION RD,County Road,Urban,Local,County Highway Agency,18.0,31.63941944,-81.93301944,Pedestrian,Not a Collision,Not an Intersection,On Roadway,,Dusk,Clear,0,0,2015.0,0,0,WAYNE (305),NOT APPLICABLE
2020,10243,Georgia,0,2,2,January,3,Friday,12,SR-10,State Highway,Rural,Minor Arterial,State Highway Agency,53.0,33.40641667,-82.24719167,Motor Vehicle In-Transport,Front-to-Front,Not an Intersection,On Roadway,,Daylight,Cloudy,0,0,2004.0,0,0,COLUMBIA (73),NOT APPLICABLE
2020,10244,Georgia,0,3,5,January,3,Friday,16,CR-338/HILLSIDE DR,County Road,Urban,Local,County Highway Agency,6.0,33.89196111,-83.99194722,Motor Vehicle In-Transport,Front-to-Front,Not an Intersection,On Roadway,,Daylight,Rain,0,0,2017.0,1,0,GWINNETT (135),NOT APPLICABLE
2020,10245,Georgia,0,1,1,January,3,Friday,24,I-75,Interstate,Urban,Interstate,State Highway Agency,192.0,33.54286944,-84.26944167,Guardrail Face,Not a Collision,Not an Intersection,On Roadside,,Dark - Not Lighted,Cloudy,0,0,2002.0,1,0,HENRY (151),NOT APPLICABLE
2020,10245,Georgia,0,1,1,January,3,Friday,24,I-75,Interstate,Urban,Interstate,State Highway Agency,192.0,33.54286944,-84.26944167,Guardrail Face,Not a Collision,Not an Intersection,On Roadside,,Dark - Not Lighted,Cloudy,0,0,2005.0,0,0,HENRY (151),NOT APPLICABLE
2020,10246,Georgia,0,1,1,January,3,Friday,16,CR-450 AIRLINE RD,County Road,Urban,Local,County Highway Agency,18.0,33.44605556,-84.09966111,Ditch,Not a Collision,Not an Intersection,On Roadside,,Daylight,Cloudy,0,0,2005.0,1,1,HENRY (151),MCDONOUGH
2020,10247,Georgia,1,1,1,January,3,Friday,18,SR-10,State Highway,Urban,Principal Arterial - Other,State Highway Agency,14.0,33.83324444,-83.88439722,Pedestrian,Not a Collision,Four-Way Intersection,On Roadway,,Dark - Lighted,Rain,0,0,2018.0,1,0,WALTON (297),LOGANVILLE
2020,10248,Georgia,0,2,3,January,3,Friday,16,SR-300,State Highway,Rural,Principal Arterial - Other,State Highway Agency,138.0,31.83148056,-83.92658056,Motor Vehicle In-Transport,Angle,Four-Way Intersection,On Roadway,,Daylight,Rain,0,0,1998.0,0,0,WORTH (321),WARWICK
2020,10249,Georgia,0,2,4,January,4,Saturday,10,US-29,U.S. Highway,Urban,Minor Arterial,State Highway Agency,100.0,34.02207778,-83.32019167,Motor Vehicle In-Transport,Angle,T-Intersection,On Roadway,,Daylight,Cloudy,0,0,2012.0,0,0,CLARKE (59),ATHENS
2020,10249,Georgia,0,2,4,January,4,Saturday,10,US-29,U.S. Highway,Urban,Minor Arterial,State Highway Agency,100.0,34.02207778,-83.32019167,Motor Vehicle In-Transport,Angle,T-Intersection,On Roadway,,Daylight,Cloudy,0,0,1994.0,1,0,CLARKE (59),ATHENS
2020,10249,Georgia,0,2,4,January,4,Saturday,10,US-29,U.S. Highway,Urban,Minor Arterial,State Highway Agency,100.0,34.02207778,-83.32019167,Motor Vehicle In-Transport,Angle,T-Intersection,On Roadway,,Daylight,Cloudy,0,0,2020.0,0,0,CLARKE (59),ATHENS
2020,10250,Georgia,1,1,1,January,4,Saturday,6,CS-139405/CAMPBELLTON RD,Local Street - Municipality,Urban,Minor Arterial,City or Municipal Highway Agency,17.0,33.70816667,-84.45306389,Pedestrian,Not a Collision,T-Intersection,On Roadway,,Dark - Lighted,Clear,0,0,2019.0,1,0,FULTON (121),ATLANTA
2020,10251,Georgia,0,2,3,January,5,Sunday,12,SR-16,State Highway,Rural,Minor Arterial,State Highway Agency,47.0,33.28130833,-84.04322778,Motor Vehicle In-Transport,Angle,Four-Way Intersection,On Roadway,,Daylight,Clear,0,0,2019.0,1,0,BUTTS (35),NOT APPLICABLE
2020,10252,Georgia,0,2,4,January,5,Sunday,7,SR-92,State Highway,Urban,Principal Arterial - Other,State Highway Agency,285.6623516720604,34.03773611,-84.73646944,Motor Vehicle In-Transport,Front-to-Front,Not an Intersection,On Roadway,,Daylight,Clear,0,0,2014.0,0,0,COBB (67),NOT APPLICABLE
2020,10252,Georgia,0,2,4,January,5,Sunday,7,SR-92,State Highway,Urban,Principal Arterial - Other,State Highway Agency,285.6623516720604,34.03773611,-84.73646944,Motor Vehicle In-Transport,Front-to-Front,Not an Intersection,On Roadway,,Daylight,Clear,0,0,2012.0,1,0,COBB (67),NOT APPLICABLE
2020,10253,Georgia,0,2,5,January,5,Sunday,18,SR-515,State Highway,Urban,Principal Arterial - Other,State Highway Agency,51.0,34.47581667,-84.46557778,Motor Vehicle In-Transport,Angle,Four-Way Intersection,On Roadway,,Dusk,Cloudy,0,0,2017.0,2,0,PICKENS (227),JASPER
2020,10254,Georgia,0,2,2,January,6,Monday,23,SR-2,State Highway,Urban,Minor Arterial,State Highway Agency,85.0,34.91868889,-85.12547222,Motor Vehicle In-Transport,Front-to-Front,Not an Intersection,On Roadway,,Dark - Not Lighted,Clear,0,0,2013.0,1,1,CATOOSA (47),RINGGOLD
2020,10255,Georgia,1,1,1,January,6,Monday,10,CS-061721/LESTER RD,Local Street - Municipality,Urban,Local,City or Municipal Highway Agency,0.0,33.54684722,-84.52189444,Pedestrian,Not a Collision,Not an Intersection,On Shoulder,,Daylight,Clear,0,0,2000.0,1,0,FULTON (121),UNION CITY
2020,10255,Georgia,1,1,1,January,6,Monday,10,CS-061721/LESTER RD,Local Street - Municipality,Urban,Local,City or Municipal Highway Agency,0.0,33.54684722,-84.52189444,Pedestrian,Not a Collision,Not an Intersection,On Shoulder,,Daylight,Clear,0,0,2011.0,0,0,FULTON (121),UNION CITY
2020,10256,Georgia,0,1,2,January,7,Tuesday,4,I-20,Interstate,Urban,Interstate,State Highway Agency,14.0,33.68575,-85.15753889,Rollover/Overturn,Not a Collision,Not an Intersection,On Roadside,,Dark - Not Lighted,Cloudy,0,0,2016.0,0,0,CARROLL (45),Other
2020,10256,Georgia,0,1,2,January,7,Tuesday,4,I-20,Interstate,Urban,Interstate,State Highway Agency,14.0,33.68575,-85.15753889,Rollover/Overturn,Not a Collision,Not an Intersection,On Roadside,,Dark - Not Lighted,Cloudy,0,0,1989.0,1,0,CARROLL (45),Other
2020,10257,Georgia,0,2,3,January,8,Wednesday,10,SR-113,State Highway,Rural,Major Collector,State Highway Agency,66.0,33.68176944,-85.02530278,Motor Vehicle In-Transport,Front-to-Front,T-Intersection,On Roadway,,Daylight,Clear,1,0,2001.0,0,0,CARROLL (45),NOT APPLICABLE
2020,10257,Georgia,0,2,3,January,8,Wednesday,10,SR-113,State Highway,Rural,Major Collector,State Highway Agency,66.0,33.68176944,-85.02530278,Motor Vehicle In-Transport,Front-to-Front,T-Intersection,On Roadway,,Daylight,Clear,1,0,1995.0,1,0,CARROLL (45),NOT APPLICABLE
2020,10258,Georgia,0,1,1,January,8,Wednesday,22,SR-42,State Highway,Rural,Major Collector,State Highway Agency,194.0,33.09538889,-83.944675,Tree (Standing Only),Not a Collision,Not an Intersection,On Roadside,,Dark - Not Lighted,Clear,0,0,2004.0,1,0,MONROE (207),NOT APPLICABLE
2020,10259,Georgia,1,2,1,January,9,Thursday,11,SR-1,State Highway,Rural,Principal Arterial - Other,State Highway Agency,78.0,33.80160833,-85.17627222,Pedestrian,Not a Collision,Not an Intersection,On Roadway,,Daylight,Clear,0,0,2015.0,1,1,HARALSON (143),BUCHANAN
2020,10260,Georgia,0,1,1,January,10,Friday,23,I-20,Interstate,Urban,Interstate,State Highway Agency,24.0,33.68555278,-85.13538611,Other Object (not fixed),Not a Collision,Not an Intersection,On Roadside,Construction,Dark - Not Lighted,Rain,0,0,2005.0,1,0,CARROLL (45),NOT APPLICABLE
2020,10260,Georgia,0,1,1,January,10,Friday,23,I-20,Interstate,Urban,Interstate,State Highway Agency,24.0,33.68555278,-85.13538611,Other Object (not fixed),Not a Collision,Not an Intersection,On Roadside,Construction,Dark - Not Lighted,Rain,0,0,2012.0,0,0,CARROLL (45),NOT APPLICABLE
2020,10260,Georgia,0,1,1,January,10,Friday,23,I-20,Interstate,Urban,Interstate,State Highway Agency,24.0,33.68555278,-85.13538611,Other Object (not fixed),Not a Collision,Not an Intersection,On Roadside,Construction,Dark - Not Lighted,Rain,0,0,2018.0,0,0,CARROLL (45),NOT APPLICABLE
2020,10261,Georgia,1,1,1,January,10,Friday,19,SR-280 S COBB DR,State Highway,Urban,Minor Arterial,State Highway Agency,38.0,33.86146667,-84.51903889,Pedestrian,Not a Collision,Not an Intersection,On Roadway,,Dark - Not Lighted,Cloudy,0,1,2016.0,0,0,COBB (67),SMYRNA
2020,10262,Georgia,1,1,1,January,10,Friday,18,SR-8,State Highway,Urban,Minor Arterial,State Highway Agency,33.0,33.89021944,-84.14321389,Pedestrian,Not a Collision,Not an Intersection,On Roadway,,Dark - Lighted,Clear,0,0,2003.0,1,0,GWINNETT (135),LILBURN
2020,10263,Georgia,0,1,2,January,10,Friday,21,I-20,Interstate,Rural,Interstate,State Highway Agency,51.0,33.53005556,-82.91959167,Culvert,Not a Collision,Not an Intersection,On Median,,Dark - Not Lighted,Cloudy,0,0,2005.0,1,0,TALIAFERRO (265),NOT APPLICABLE
2020,10263,Georgia,0,1,2,January,10,Friday,21,I-20,Interstate,Rural,Interstate,State Highway Agency,51.0,33.53005556,-82.91959167,Culvert,Not a Collision,Not an Intersection,On Median,,Dark - Not Lighted,Cloudy,0,0,2007.0,0,0,TALIAFERRO (265),NOT APPLICABLE
2020,10264,Georgia,0,2,2,January,10,Friday,15,SR-31,State Highway,Rural,Principal Arterial - Other,State Highway Agency,2.0,31.79475278,-82.98094444,Motor Vehicle In-Transport,Angle,Not an Intersection,On Roadway,,Daylight,Clear,0,0,2009.0,1,0,TELFAIR (271),NOT APPLICABLE
2020,10264,Georgia,0,2,2,January,10,Friday,15,SR-31,State Highway,Rural,Principal Arterial - Other,State Highway Agency,2.0,31.79475278,-82.98094444,Motor Vehicle In-Transport,Angle,Not an Intersection,On Roadway,,Daylight,Clear,0,0,2017.0,0,0,TELFAIR (271),NOT APPLICABLE
2020,10265,Georgia,0,1,3,January,10,Friday,21,SR-2,State Highway,Rural,Principal Arterial - Other,State Highway Agency,2.0,34.87723056,-84.10481667,Tree (Standing Only),Not a Collision,Not an Intersection,On Roadside,,Dark - Not Lighted,Cloudy,0,0,1998.0,1,1,UNION (291),NOT APPLICABLE
2020,10266,Georgia,0,1,1,January,10,Friday,8,I-75,Interstate,Urban,Interstate,State Highway Agency,161.0,34.83191389,-85.01805833,Tree (Standing Only),Not a Collision,Not an Intersection,On Median,,Daylight,Cloudy,0,0,2001.0,1,1,WHITFIELD (313),NOT APPLICABLE
2020,10267,Georgia,0,2,5,January,11,Saturday,14,SR-196,State Highway,Rural,Principal Arterial - Other,State Highway Agency,207.0,31.82845,-81.49072778,Motor Vehicle In-Transport,Front-to-Front,Not an Intersection,On Roadway,,Daylight,Cloudy,0,0,2000.0,1,1,LIBERTY (179),NOT APPLICABLE
2020,10267,Georgia,0,2,5,January,11,Saturday,14,SR-196,State Highway,Rural,Principal Arterial - Other,State Highway Agency,207.0,31.82845,-81.49072778,Motor Vehicle In-Transport,Front-to-Front,Not an Intersection,On Roadway,,Daylight,Cloudy,0,0,2014.0,0,0,LIBERTY (179),NOT APPLICABLE
2020,10267,Georgia,0,2,5,January,11,Saturday,14,SR-196,State Highway,Rural,Principal Arterial - Other,State Highway Agency,207.0,31.82845,-81.49072778,Motor Vehicle In-Transport,Front-to-Front,Not an Intersection,On Roadway,,Daylight,Cloudy,0,0,2012.0,0,0,LIBERTY (179),NOT APPLICABLE
2020,10268,Georgia,0,2,2,January,12,Sunday,19,CR-4401 JAMERSON RD,County Road,Urban,Minor Collector,County Highway Agency,5.0,34.06848889,-84.51682222,Motor Vehicle In-Transport,Angle,T-Intersection,On Roadway,,Dark - Not Lighted,Cloudy,0,0,2012.0,1,0,COBB (67),NOT APPLICABLE
2020,10268,Georgia,0,2,2,January,12,Sunday,19,CR-4401 JAMERSON RD,County Road,Urban,Minor Collector,County Highway Agency,5.0,34.06848889,-84.51682222,Motor Vehicle In-Transport,Angle,T-Intersection,On Roadway,,Dark - Not Lighted,Cloudy,0,0,2011.0,0,0,COBB (67),NOT APPLICABLE
2020,10269,Georgia,0,2,2,January,12,Sunday,10,SR-92,State Highway,Rural,Minor Arterial,State Highway Agency,60.0,33.29967778,-84.35179444,Motor Vehicle In-Transport,Angle,T-Intersection,On Roadway,,Daylight,Clear,0,0,1978.0,0,0,SPALDING (255),NOT APPLICABLE
2020,10270,Georgia,1,1,1,January,13,Monday,22,SR-25,State Highway,Urban,Principal Arterial - Other,State Highway Agency,59.0,32.03476111,-81.21730556,Pedestrian,Not a Collision,Not an Intersection,On Roadway,,Dark - Not Lighted,"Fog, Smog, Smoke",0,0,1995.0,0,1,CHATHAM (51),NOT APPLICABLE
2020,10271,Georgia,1,1,1,January,14,Tuesday,19,CR-2623/RIVERSIDE PKWY,County Road,Urban,Minor Arterial,County Highway Agency,17.0,33.77735556,-84.56569167,Pedestrian,Not a Collision,Not an Intersection,On Roadway,,Dark - Not Lighted,Rain,0,0,2007.0,1,0,COBB (67),NOT APPLICABLE
2020,10272,Georgia,0,1,1,January,14,Tuesday,18,CR-109 HEMPHILL RD,County Road,Urban,Minor Arterial,County Highway Agency,18.0,33.55806944,-84.15370833,Tree (Standing Only),Not a Collision,Not an Intersection,On Roadside,,Dark - Not Lighted,Rain,0,0,2015.0,1,0,HENRY (151),NOT APPLICABLE
2020,10272,Georgia,0,1,1,January,14,Tuesday,18,CR-109 HEMPHILL RD,County Road,Urban,Minor Arterial,County Highway Agency,18.0,33.55806944,-84.15370833,Tree (Standing Only),Not a Collision,Not an Intersection,On Roadside,,Dark - Not Lighted,Rain,0,0,2016.0,0,0,HENRY (151),NOT APPLICABLE
2020,10273,Georgia,0,2,2,January,14,Tuesday,14,SR-47,State Highway,Rural,Minor Arterial,State Highway Agency,122.0,33.73662778,-82.38221667,Motor Vehicle In-Transport,Angle,T-Intersection,On Roadway,,Daylight,Cloudy,0,0,2005.0,0,0,LINCOLN (181),NOT APPLICABLE
2020,10273,Georgia,0,2,2,January,14,Tuesday,14,SR-47,State Highway,Rural,Minor Arterial,State Highway Agency,122.0,33.73662778,-82.38221667,Motor Vehicle In-Transport,Angle,T-Intersection,On Roadway,,Daylight,Cloudy,0,0,2019.0,3,0,LINCOLN (181),NOT APPLICABLE
2020,10274,Georgia,1,1,1,January,15,Wednesday,2,SR-3 COBB PKWY,State Highway,Urban,Principal Arterial - Other,State Highway Agency,206.0,34.05576944,-84.70934167,Pedestrian,Not a Collision,Not an Intersection,On Roadway,,Dark - Not Lighted,Cloudy,0,0,2017.0,1,0,COBB (67),NOT APPLICABLE
2020,10275,Georgia,0,1,1,January,16,Thursday,6,CR-13 MCDONALD CIR,County Road,Rural,Local,County Highway Agency,9.0,34.27977778,-83.47819444,Rollover/Overturn,Not a Collision,Not an Intersection,On Roadside,,Dark - Not Lighted,Clear,0,0,2004.0,1,0,BANKS (11),NOT APPLICABLE
2020,10276,Georgia,0,4,4,January,16,Thursday,15,SR-14,State Highway,Urban,Minor Arterial,State Highway Agency,167.0,33.40518611,-84.78928611,Motor Vehicle In-Transport,Front-to-Rear,T-Intersection,On Roadway,,Daylight,Clear,0,0,2009.0,3,1,COWETA (77),NOT APPLICABLE
2020,10276,Georgia,0,4,4,January,16,Thursday,15,SR-14,State Highway,Urban,Minor Arterial,State Highway Agency,167.0,33.40518611,-84.78928611,Motor Vehicle In-Transport,Front-to-Rear,T-Intersection,On Roadway,,Daylight,Clear,0,0,2007.0,0,0,COWETA (77),NOT APPLICABLE
2020,10277,Georgia,0,2,2,January,16,Thursday,22,SR-14 S FULTON PKWY,State Highway,Urban,Principal Arterial - Other,State Highway Agency,113.0,33.61930278,-84.53273889,Motor Vehicle In-Transport,Angle,Not an Intersection,On Roadway,,Dark - Not Lighted,Clear,0,0,2009.0,1,0,FULTON (121),UNION CITY
2020,10277,Georgia,0,2,2,January,16,Thursday,22,SR-14 S FULTON PKWY,State Highway,Urban,Principal Arterial - Other,State Highway Agency,113.0,33.61930278,-84.53273889,Motor Vehicle In-Transport,Angle,Not an Intersection,On Roadway,,Dark - Not Lighted,Clear,0,0,2012.0,0,0,FULTON (121),UNION CITY
2020,10278,Georgia,1,1,1,January,16,Thursday,2,SR-14,State Highway,Urban,Principal Arterial - Other,State Highway Agency,90.0,33.58405,-84.54951944,Pedestrian,Not a Collision,Not an Intersection,On Roadway,,Dark - Not Lighted,Rain,0,0,1999.0,1,0,FULTON (121),UNION CITY
2020,10278,Georgia,1,1,1,January,16,Thursday,2,SR-14,State Highway,Urban,Principal Arterial - Other,State Highway Agency,90.0,33.58405,-84.54951944,Pedestrian,Not a Collision,Not an Intersection,On Roadway,,Dark - Not Lighted,Rain,0,0,2006.0,0,0,FULTON (121),UNION CITY
2020,10279,Georgia,1,1,1,January,16,Thursday,6,SR-24,State Highway,Rural,Principal Arterial - Other,State Highway Agency,97.0,33.565125,-83.47820833,Pedestrian,Not a Collision,Not an Intersection,On Roadway,,Dark - Not Lighted,"Fog, Smog, Smoke",0,0,2013.0,0,0,MORGAN (211),MADISON
2020,10279,Georgia,1,1,1,January,16,Thursday,6,SR-24,State Highway,Rural,Principal Arterial - Other,State Highway Agency,97.0,33.565125,-83.47820833,Pedestrian,Not a Collision,Not an Intersection,On Roadway,,Dark - Not Lighted,"Fog, Smog, Smoke",0,0,2004.0,0,0,MORGAN (211),MADISON
2020,10279,Georgia,1,1,1,January,16,Thursday,6,SR-24,State Highway,Rural,Principal Arterial - Other,State Highway Agency,97.0,33.565125,-83.47820833,Pedestrian,Not a Collision,Not an Intersection,On Roadway,,Dark - Not Lighted,"Fog, Smog, Smoke",0,0,2012.0,0,0,MORGAN (211),MADISON
2020,10279,Georgia,1,1,1,January,16,Thursday,6,SR-24,State Highway,Rural,Principal Arterial - Other,State Highway Agency,97.0,33.565125,-83.47820833,Pedestrian,Not a Collision,Not an Intersection,On Roadway,,Dark - Not Lighted,"Fog, Smog, Smoke",0,0,2003.0,1,0,MORGAN (211),MADISON
2020,10280,Georgia,0,1,1,February,16,Sunday,17,CS-63207/BRADFORD WAY,Local Street - Municipality,Urban,Local,City or Municipal Highway Agency,285.6623516720604,33.39035556,-84.54062778,Boulder,Not a Collision,Not an Intersection,On Roadside,,Daylight,Clear,0,0,2020.0,1,0,FAYETTE (113),PEACHTREE CITY
2020,10281,Georgia,0,1,2,February,1,Saturday,18,SR-11,State Highway,Urban,Minor Arterial,State Highway Agency,199.0,32.56287778,-83.719675,Culvert,Not a Collision,Not an Intersection,On Roadside,,Dusk,Clear,0,0,2015.0,1,1,HOUSTON (153),NOT APPLICABLE
2020,10282,Georgia,0,1,1,March,7,Saturday,7,SR-49,State Highway,Rural,Minor Arterial,State Highway Agency,190.0,32.41638056,-84.01961667,Rollover/Overturn,Not a Collision,Not an Intersection,On Roadside,,Daylight,Clear,0,0,2006.0,1,0,MACON (193),NOT APPLICABLE
2020,10282,Georgia,0,1,1,March,7,Saturday,7,SR-49,State Highway,Rural,Minor Arterial,State Highway Agency,190.0,32.41638056,-84.01961667,Rollover/Overturn,Not a Collision,Not an Intersection,On Roadside,,Daylight,Clear,0,0,2013.0,0,0,MACON (193),NOT APPLICABLE
2020,10283,Georgia,0,1,1,March,3,Tuesday,20,SR-341,State Highway,Rural,Major Collector,State Highway Agency,14.0,34.77061667,-85.35141667,Tree (Standing Only),Not a Collision,Not an Intersection,Outside Trafficway,,Dark - Not Lighted,Clear,0,0,1980.0,1,1,WALKER (295),NOT APPLICABLE
2020,10284,Georgia,0,2,5,January,20,Monday,14,SR-112,State Highway,Rural,Minor Arterial,State Highway Agency,128.0,31.07888889,-84.26123333,Motor Vehicle In-Transport,Angle,Four-Way Intersection,On Roadway,,Daylight,Clear,0,0,2011.0,1,1,GRADY (131),NOT APPLICABLE
2020,10285,Georgia,0,1,1,January,16,Thursday,22,CR-233/COSTLEY MILL RD,County Road,Urban,Major Collector,County Highway Agency,9.0,33.70326667,-83.93033056,Mail Box,Not a Collision,Not an Intersection,On Roadside,,Dark - Not Lighted,Rain,0,0,2013.0,1,1,ROCKDALE (247),NOT APPLICABLE
2020,10286,Georgia,0,3,6,January,28,Tuesday,20,I-75 NORTH,Interstate,Urban,Interstate,State Highway Agency,36.0,33.91745278,-84.481925,Motor Vehicle In-Transport,Front-to-Rear,Not an Intersection,On Roadway,Construction,Dark - Not Lighted,Clear,0,0,1989.0,1,0,COBB (67),MARIETTA
2020,10287,Georgia,0,1,1,January,17,Friday,24,CR-227/WHITFIELD ROAD,County Road,Rural,Major Collector,County Highway Agency,10.0,33.08338333,-84.97104167,Embankment,Not a Collision,Not an Intersection,On Roadside,,Dark - Not Lighted,Clear,0,0,1997.0,1,0,TROUP (285),NOT APPLICABLE
2020,10288,Georgia,0,1,1,January,18,Saturday,14,I-20 W,Interstate,Urban,Interstate,State Highway Agency,134.0,33.48264444,-82.13169722,Guardrail Face,Not a Collision,Not an Intersection,On Median,,Daylight,Clear,0,0,2011.0,1,0,COLUMBIA (73),NOT APPLICABLE
2020,10288,Georgia,0,1,1,January,18,Saturday,14,I-20 W,Interstate,Urban,Interstate,State Highway Agency,134.0,33.48264444,-82.13169722,Guardrail Face,Not a Collision,Not an Intersection,On Median,,Daylight,Clear,0,0,2012.0,0,0,COLUMBIA (73),NOT APPLICABLE
2020,10289,Georgia,0,2,5,January,18,Saturday,10,SR-119,State Highway,Rural,Minor Arterial,State Highway Agency,45.0,32.33218611,-81.38787778,Motor Vehicle In-Transport,Angle,Four-Way Intersection,On Roadway,,Daylight,Clear,0,0,1997.0,1,0,EFFINGHAM (103),GUYTON
2020,10290,Georgia,0,2,2,January,18,Saturday,4,SR-400,State Highway,Urban,Principal Arterial - Freeways,State Highway Agency,7.0,33.825125,-84.35963056,Motor Vehicle In-Transport,Front-to-Front,Not an Intersection,On Roadway,,Dark - Lighted,Clear,0,0,2009.0,1,0,FULTON (121),ATLANTA
2020,10291,Georgia,0,1,1,January,19,Sunday,17,SR-151,State Highway,Urban,Major Collector,State Highway Agency,136.0,34.94145278,-85.10414444,Ditch,Not a Collision,Not an Intersection,On Roadside,,Daylight,Clear,0,0,2002.0,1,0,CATOOSA (47),NOT APPLICABLE
2020,10292,Georgia,0,2,2,January,16,Thursday,18,CR-2295/BELFAST AVE,County Road,Urban,Local,County Highway Agency,1.0,32.53144167,-84.9706,Motor Vehicle In-Transport,Angle,Not an Intersection,On Roadway,,Daylight,Clear,0,0,2003.0,1,0,MUSCOGEE (215),NOT APPLICABLE
2020,10292,Georgia,0,2,2,January,16,Thursday,18,CR-2295/BELFAST AVE,County Road,Urban,Local,County Highway Agency,1.0,32.53144167,-84.9706,Motor Vehicle In-Transport,Angle,Not an Intersection,On Roadway,,Daylight,Clear,0,0,1999.0,0,0,MUSCOGEE (215),NOT APPLICABLE
2020,10293,Georgia,0,1,2,January,21,Tuesday,15,SR-365,State Highway,Urban,Principal Arterial - Other,State Highway Agency,60.0,34.563625,-83.51429444,Guardrail Face,Not a Collision,Not an Intersection,On Roadside,,Daylight,Clear,0,0,1997.0,1,0,HABERSHAM (137),DEMOREST
2020,10293,Georgia,0,1,2,January,21,Tuesday,15,SR-365,State Highway,Urban,Principal Arterial - Other,State Highway Agency,60.0,34.563625,-83.51429444,Guardrail Face,Not a Collision,Not an Intersection,On Roadside,,Daylight,Clear,0,0,1989.0,0,0,HABERSHAM (137),DEMOREST
2020,10294,Georgia,0,2,3,January,22,Wednesday,17,SR-139/MARTIN L KING JR DR SW,State Highway,Urban,Minor Arterial,State Highway Agency,145.0,33.75251944,-84.49291667,Motor Vehicle In-Transport,Angle,T-Intersection,On Roadway,,Daylight,Clear,0,0,2004.0,2,0,FULTON (121),ATLANTA
2020,10294,Georgia,0,2,3,January,22,Wednesday,17,SR-139/MARTIN L KING JR DR SW,State Highway,Urban,Minor Arterial,State Highway Agency,145.0,33.75251944,-84.49291667,Motor Vehicle In-Transport,Angle,T-Intersection,On Roadway,,Daylight,Clear,0,0,2007.0,0,0,FULTON (121),ATLANTA
2020,10295,Georgia,0,2,2,January,18,Saturday,18,HIGHLANDS PKWY SE,Local Street - Municipality,Urban,Local,City or Municipal Highway Agency,5.0,33.82783611,-84.50024167,Motor Vehicle In-Transport,Angle,T-Intersection,On Roadway,,Dusk,Rain,0,0,2006.0,1,0,COBB (67),SMYRNA
2020,10296,Georgia,1,1,1,January,19,Sunday,24,CR-825/N HAIRSTON RD,County Road,Urban,Principal Arterial - Other,County Highway Agency,20.0,33.81128889,-84.19364444,Pedestrian,Not a Collision,Four-Way Intersection,On Roadway,,Dark - Not Lighted,Clear,0,0,2001.0,1,0,DEKALB (89),NOT APPLICABLE
2020,10296,Georgia,1,1,1,January,19,Sunday,24,CR-825/N HAIRSTON RD,County Road,Urban,Principal Arterial - Other,County Highway Agency,20.0,33.81128889,-84.19364444,Pedestrian,Not a Collision,Four-Way Intersection,On Roadway,,Dark - Not Lighted,Clear,0,0,2018.0,0,0,DEKALB (89),NOT APPLICABLE
2020,10297,Georgia,0,3,3,January,24,Friday,1,I-85,Interstate,Urban,Interstate,State Highway Agency,133.0,34.01320278,-84.06708611,Concrete Traffic Barrier,Not a Collision,Not an Intersection,On Roadside,,Dark - Not Lighted,Rain,0,0,2007.0,1,0,GWINNETT (135),SUWANEE
2020,10298,Georgia,1,1,1,January,22,Wednesday,19,MAIN STREET,Local Street - Municipality,Rural,Major Collector,City or Municipal Highway Agency,2.0,34.38950556,-83.663675,Pedestrian,Not a Collision,Not an Intersection,On Roadway,,Dark - Not Lighted,Clear,0,0,2020.0,1,0,HALL (139),LULA