YEAR,ST_CASE,STATENAME,NUM_PEDS,NUM_VEHC,PERSONS,MONTHNAME,DAYNAME,DAY_WEEKNAME,HOUR,ROAD_NAME,ROUTENAME,RUR_URBNAME,FUNC_SYSNAME,RD_OWNERNAME,MILE_MARKER,LATITUDE,LONGITUD,HARM_EVNAME,COLLISION_TYPE,TYP_INTNAME,REL_ROADNAME,WRK_ZONENAME,LGT_CONDNAME,WEATHERNAME,SCH_BUS,HIT_RUN,MOD_YEAR,DEATHS,DR_DRINK,COUNTYNAME,CITYNAME
2020,10524,Georgia,0,1,1,March,21,Saturday,6,US-19 SR400/13 S RAMP,U.S. Highway,Urban,Principal Arterial - Freeways,State Highway Agency,1.0,34.16078056,-84.16855833,Tree (Standing Only),Not a Collision,Not an Intersection,Gore,,Dark - Not Lighted,Rain,0,0,2006.0,0,0,FORSYTH (117),NOT APPLICABLE
2020,10525,Georgia,0,2,2,March,20,Friday,18,US-1 SR4 BYPASS,U.S. Highway,Rural,Principal Arterial - Other,State Highway Agency,1475.0,32.60180556,-82.37632222,Motor Vehicle In-Transport,Angle,Four-Way Intersection,On Roadway,,Daylight,Clear,0,0,2014.0,1,0,EMANUEL (107),NOT APPLICABLE
2020,10526,Georgia,0,1,1,March,20,Friday,10,CR-54/DAISY ADAMS RD,County Road,Urban,Local,County Highway Agency,56.0,32.40981667,-83.33446111,Rollover/Overturn,Not a Collision,Not an Intersection,On Roadside,,Daylight,Clear,0,0,2002.0,1,0,BLECKLEY (23),NOT APPLICABLE
2020,10527,Georgia,0,1,1,March,21,Saturday,5,US-221 DOUGLAS HWY,U.S. Highway,Rural,Minor Arterial,State Highway Agency,880.0,31.6947,-82.71377778,Rollover/Overturn,Not a Collision,Not an Intersection,On Roadside,,Dark - Not Lighted,Clear,0,0,1985.0,1,1,JEFF DAVIS (161),NOT APPLICABLE
2020,10527,Georgia,0,1,1,March,21,Saturday,5,US-221 DOUGLAS HWY,U.S. Highway,Rural,Minor Arterial,State Highway Agency,880.0,31.6947,-82.71377778,Rollover/Overturn,Not a Collision,Not an Intersection,On Roadside,,Dark - Not Lighted,Clear,0,0,2003.0,0,0,JEFF DAVIS (161),NOT APPLICABLE
2020,10528,Georgia,0,2,2,March,21,Saturday,15,US-221 SR-171,U.S. Highway,Rural,Major Collector,State Highway Agency,87.0,32.61501667,-82.51581944,Motor Vehicle In-Transport,Angle,Four-Way Intersection,On Roadway,,Daylight,Clear,0,0,1999.0,0,1,EMANUEL (107),NOT APPLICABLE
2020,10528,Georgia,0,2,2,March,21,Saturday,15,US-221 SR-171,U.S. Highway,Rural,Major Collector,State Highway Agency,87.0,32.61501667,-82.51581944,Motor Vehicle In-Transport,Angle,Four-Way Intersection,On Roadway,,Daylight,Clear,0,0,2008.0,1,0,EMANUEL (107),NOT APPLICABLE
2020,10529,Georgia,1,1,1,March,21,Saturday,11,CR-344/SUNNY HILL DR,County Road,Urban,Local,County Highway Agency,2.0,33.77984444,-83.96480278,Pedestrian,Not a Collision,Not an Intersection,On Roadway,,Daylight,Clear,0,0,2009.0,1,0,WALTON (297),NOT APPLICABLE
2020,10530,Georgia,0,1,4,March,22,Sunday,21,I-75,Interstate,Urban,Interstate,State Highway Agency,169.0,30.83208056,-83.32465833,Guardrail Face,Not a Collision,Not an Intersection,On Median,,Dark - Not Lighted,Clear,0,0,2006.0,1,0,LOWNDES (185),NOT APPLICABLE
2020,10531,Georgia,0,1,1,March,23,Monday,19,SR-119 E B COOPER HWY,State Highway,Urban,Major Collector,State Highway Agency,76.0,31.76116667,-81.56510833,Tree (Standing Only),Not a Collision,Not an Intersection,On Roadside,,Dark - Not Lighted,Clear,0,0,1998.0,1,1,LIBERTY (179),NOT APPLICABLE
2020,10532,Georgia,0,1,1,March,23,Monday,14,US-341/25 SR27 NEW JESUP HWY,U.S. Highway,Rural,Principal Arterial - Other,State Highway Agency,34.0,31.37525278,-81.62934722,Rollover/Overturn,Not a Collision,Not an Intersection,On Roadway,,Daylight,Clear,0,0,2002.0,1,1,GLYNN (127),NOT APPLICABLE
2020,10533,Georgia,0,1,1,March,24,Tuesday,21,CR-952/MEIN MITCHELL RD,County Road,Urban,Local,County Highway Agency,6.0,33.81819722,-84.79053611,Traffic Sign Support,Not a Collision,Not an Intersection,On Roadside,,Dark - Not Lighted,Clear,0,0,2004.0,1,0,PAULDING (223),NOT APPLICABLE
2020,10533,Georgia,0,1,1,March,24,Tuesday,21,CR-952/MEIN MITCHELL RD,County Road,Urban,Local,County Highway Agency,6.0,33.81819722,-84.79053611,Traffic Sign Support,Not a Collision,Not an Intersection,On Roadside,,Dark - Not Lighted,Clear,0,0,2007.0,0,0,PAULDING (223),NOT APPLICABLE
2020,10534,Georgia,0,2,3,April,2,Thursday,2,I-285,Interstate,Urban,Interstate,State Highway Agency,285.6623516720604,33.619525,-84.46384722,Guardrail Face,Not a Collision,Not an Intersection,On Median,,Dark - Not Lighted,Clear,0,0,2015.0,1,0,FULTON (121),COLLEGE PARK
2020,10534,Georgia,0,2,3,April,2,Thursday,2,I-285,Interstate,Urban,Interstate,State Highway Agency,285.6623516720604,33.619525,-84.46384722,Guardrail Face,Not a Collision,Not an Intersection,On Median,,Dark - Not Lighted,Clear,0,0,2008.0,2,0,FULTON (121),COLLEGE PARK
2020,10535,Georgia,0,1,1,April,3,Friday,14,SR-86,State Highway,Rural,Major Collector,State Highway Agency,74.0,32.52184167,-82.76564444,Culvert,Not a Collision,Not an Intersection,On Roadside,,Daylight,Clear,0,0,2001.0,1,0,LAURENS (175),NOT APPLICABLE
2020,10536,Georgia,0,3,5,April,3,Friday,7,SR-2,State Highway,Rural,Principal Arterial - Other,State Highway Agency,103.0,34.8889,-84.22346944,Motor Vehicle In-Transport,Sideswipe - Same Direction,Not an Intersection,On Roadway,,Daylight,Clear,0,0,2017.0,1,0,FANNIN (111),NOT APPLICABLE
2020,10536,Georgia,0,3,5,April,3,Friday,7,SR-2,State Highway,Rural,Principal Arterial - Other,State Highway Agency,103.0,34.8889,-84.22346944,Motor Vehicle In-Transport,Sideswipe - Same Direction,Not an Intersection,On Roadway,,Daylight,Clear,0,0,2019.0,0,0,FANNIN (111),NOT APPLICABLE
2020,10536,Georgia,0,3,5,April,3,Friday,7,SR-2,State Highway,Rural,Principal Arterial - Other,State Highway Agency,103.0,34.8889,-84.22346944,Motor Vehicle In-Transport,Sideswipe - Same Direction,Not an Intersection,On Roadway,,Daylight,Clear,0,0,2015.0,0,0,FANNIN (111),NOT APPLICABLE
2020,10537,Georgia,0,1,1,April,3,Friday,6,SR-124,State Highway,Rural,Principal Arterial - Other,State Highway Agency,285.6623516720604,32.42504722,-83.71230278,Rollover/Overturn,Not a Collision,Not an Intersection,On Median,,Dawn,Clear,0,0,1999.0,1,0,HOUSTON (153),NOT APPLICABLE
2020,10537,Georgia,0,1,1,April,3,Friday,6,SR-124,State Highway,Rural,Principal Arterial - Other,State Highway Agency,285.6623516720604,32.42504722,-83.71230278,Rollover/Overturn,Not a Collision,Not an Intersection,On Median,,Dawn,Clear,0,0,2020.0,0,0,HOUSTON (153),NOT APPLICABLE
2020,10538,Georgia,0,1,1,April,4,Saturday,12,CR-1435/CINNAMON OAK CIR,County Road,Urban,Local,County Highway Agency,1.0,33.58545278,-83.937525,Curb,Not a Collision,Not an Intersection,On Roadside,,Daylight,Clear,0,0,1990.0,2,0,NEWTON (217),NOT APPLICABLE
2020,10539,Georgia,1,1,1,April,3,Friday,22,SR-38,State Highway,Urban,Principal Arterial - Other,State Highway Agency,178.0,31.63218889,-81.86373611,Pedestrian,Not a Collision,Not an Intersection,On Roadway,,Dark - Not Lighted,Clear,0,0,2017.0,1,0,WAYNE (305),NOT APPLICABLE
2020,10539,Georgia,1,1,1,April,3,Friday,22,SR-38,State Highway,Urban,Principal Arterial - Other,State Highway Agency,178.0,31.63218889,-81.86373611,Pedestrian,Not a Collision,Not an Intersection,On Roadway,,Dark - Not Lighted,Clear,0,0,2001.0,0,0,WAYNE (305),NOT APPLICABLE
2020,10540,Georgia,0,2,2,April,4,Saturday,18,CS-74507/MURPHY ST,Local Street - Municipality,Rural,Local,City or Municipal Highway Agency,1.0,32.82330833,-82.24291667,Motor Vehicle In-Transport,Angle,Not an Intersection,On Roadway,,Daylight,Clear,0,0,2004.0,1,0,BURKE (33),MIDVILLE
2020,10540,Georgia,0,2,2,April,4,Saturday,18,CS-74507/MURPHY ST,Local Street - Municipality,Rural,Local,City or Municipal Highway Agency,1.0,32.82330833,-82.24291667,Motor Vehicle In-Transport,Angle,Not an Intersection,On Roadway,,Daylight,Clear,0,0,2019.0,0,0,BURKE (33),MIDVILLE
2020,10541,Georgia,0,2,3,April,4,Saturday,9,CR-4/ROCKWELL CHURCH RD NW,County Road,Urban,Minor Collector,County Highway Agency,14.0,34.02625278,-83.74139722,Motor Vehicle In-Transport,Angle,Four-Way Intersection,On Roadway,,Daylight,Clear,0,0,2007.0,1,0,BARROW (13),NOT APPLICABLE
2020,10542,Georgia,0,2,3,April,4,Saturday,16,SR-293,State Highway,Urban,Minor Arterial,State Highway Agency,57.0,34.17530278,-84.81048889,Motor Vehicle In-Transport,Angle,Four-Way Intersection,On Roadway,,Daylight,Clear,0,0,1999.0,1,1,BARTOW (15),CARTERSVILLE
2020,10543,Georgia,0,2,4,April,4,Saturday,17,CR-WEST RD,County Road,Urban,Local,County Highway Agency,29.0,33.55308889,-84.47416111,Motor Vehicle In-Transport,Front-to-Front,Not an Intersection,On Roadway,,Daylight,Clear,0,0,2019.0,1,0,FULTON (121),NOT APPLICABLE
2020,10544,Georgia,0,1,1,April,5,Sunday,9,CR-72,County Road,Rural,Minor Arterial,State Highway Agency,51.0,33.03626667,-83.30888056,Tree (Standing Only),Not a Collision,T-Intersection,On Roadside,,Daylight,Clear,0,0,2016.0,1,0,BALDWIN (9),NOT APPLICABLE
2020,10544,Georgia,0,1,1,April,5,Sunday,9,CR-72,County Road,Rural,Minor Arterial,State Highway Agency,51.0,33.03626667,-83.30888056,Tree (Standing Only),Not a Collision,T-Intersection,On Roadside,,Daylight,Clear,0,0,2017.0,0,0,BALDWIN (9),NOT APPLICABLE
2020,10545,Georgia,0,1,1,April,5,Sunday,4,CR-3/CENTENNIAL RD,County Road,Rural,Minor Collector,County Highway Agency,45.0,33.40524444,-83.09146111,Ditch,Not a Collision,Not an Intersection,On Roadside,,Dark - Not Lighted,Clear,0,0,2004.0,1,0,HANCOCK (141),NOT APPLICABLE
2020,10545,Georgia,0,1,1,April,5,Sunday,4,CR-3/CENTENNIAL RD,County Road,Rural,Minor Collector,County Highway Agency,45.0,33.40524444,-83.09146111,Ditch,Not a Collision,Not an Intersection,On Roadside,,Dark - Not Lighted,Clear,0,0,2016.0,0,0,HANCOCK (141),NOT APPLICABLE
2020,10546,Georgia,0,1,1,April,5,Sunday,7,SR-120,State Highway,Rural,Major Collector,State Highway Agency,27.0,33.76735833,-85.25080556,Fence,Not a Collision,Not an Intersection,On Roadside,,Dark - Lighted,Clear,0,0,2012.0,1,0,HARALSON (143),NOT APPLICABLE
2020,10547,Georgia,1,1,1,April,6,Monday,23,SR-10/ATLANTA HWY,State Highway,Urban,Principal Arterial - Other,State Highway Agency,113.0,33.85380278,-83.93108333,Pedestrian,Not a Collision,Not an Intersection,On Roadway,,Dark - Not Lighted,Clear,0,0,2007.0,1,0,GWINNETT (135),NOT APPLICABLE
2020,10547,Georgia,1,1,1,April,6,Monday,23,SR-10/ATLANTA HWY,State Highway,Urban,Principal Arterial - Other,State Highway Agency,113.0,33.85380278,-83.93108333,Pedestrian,Not a Collision,Not an Intersection,On Roadway,,Dark - Not Lighted,Clear,0,0,2017.0,0,0,GWINNETT (135),NOT APPLICABLE
2020,10548,Georgia,0,2,3,April,10,Friday,21,CR-2989-LITHONIA INDUST BLVD,County Road,Urban,Minor Arterial,County Highway Agency,25.0,33.73482778,-84.11526944,Motor Vehicle In-Transport,Angle,Four-Way Intersection,On Roadway,,Dark - Not Lighted,Clear,0,0,2005.0,0,0,DEKALB (89),NOT APPLICABLE
2020,10549,Georgia,0,2,2,April,10,Friday,8,SR-20/KNOX BRIDGE HWY,State Highway,Rural,Principal Arterial - Other,State Highway Agency,22.0,34.22286667,-84.61802778,Motor Vehicle In-Transport,Angle,Four-Way Intersection,On Roadway,,Daylight,Clear,0,0,2019.0,1,0,CHEROKEE (57),NOT APPLICABLE
2020,10550,Georgia,0,2,3,April,9,Thursday,19,SR-22/EISENHOWER PKWY,State Highway,Urban,Principal Arterial - Other,State Highway Agency,133.0,32.81396111,-83.64480278,Motor Vehicle In-Transport,Angle,Four-Way Intersection,On Roadway,,Daylight,Clear,0,0,1996.0,0,0,BIBB (21),MACON
2020,10550,Georgia,0,2,3,April,9,Thursday,19,SR-22/EISENHOWER PKWY,State Highway,Urban,Principal Arterial - Other,State Highway Agency,133.0,32.81396111,-83.64480278,Motor Vehicle In-Transport,Angle,Four-Way Intersection,On Roadway,,Daylight,Clear,0,0,2010.0,2,0,BIBB (21),MACON
2020,10550,Georgia,0,2,3,April,9,Thursday,19,SR-22/EISENHOWER PKWY,State Highway,Urban,Principal Arterial - Other,State Highway Agency,133.0,32.81396111,-83.64480278,Motor Vehicle In-Transport,Angle,Four-Way Intersection,On Roadway,,Daylight,Clear,0,0,2017.0,0,0,BIBB (21),MACON
2020,10550,Georgia,0,2,3,April,9,Thursday,19,SR-22/EISENHOWER PKWY,State Highway,Urban,Principal Arterial - Other,State Highway Agency,133.0,32.81396111,-83.64480278,Motor Vehicle In-Transport,Angle,Four-Way Intersection,On Roadway,,Daylight,Clear,0,0,2018.0,0,0,BIBB (21),MACON
2020,10551,Georgia,0,1,1,April,6,Monday,21,SR-17 ALTERNATE,State Highway,Urban,Principal Arterial - Other,State Highway Agency,2.0,34.62108611,-83.396475,Rollover/Overturn,Not a Collision,Not an Intersection,On Roadside,,Dark - Not Lighted,Cloudy,0,0,2006.0,1,0,HABERSHAM (137),NOT APPLICABLE
2020,10551,Georgia,0,1,1,April,6,Monday,21,SR-17 ALTERNATE,State Highway,Urban,Principal Arterial - Other,State Highway Agency,2.0,34.62108611,-83.396475,Rollover/Overturn,Not a Collision,Not an Intersection,On Roadside,,Dark - Not Lighted,Cloudy,0,0,2005.0,0,0,HABERSHAM (137),NOT APPLICABLE
2020,10551,Georgia,0,1,1,April,6,Monday,21,SR-17 ALTERNATE,State Highway,Urban,Principal Arterial - Other,State Highway Agency,2.0,34.62108611,-83.396475,Rollover/Overturn,Not a Collision,Not an Intersection,On Roadside,,Dark - Not Lighted,Cloudy,0,0,2011.0,0,0,HABERSHAM (137),NOT APPLICABLE
2020,10552,Georgia,0,1,1,April,7,Tuesday,23,CS-GEORGIA AVE,Local Street - Municipality,Urban,Local,City or Municipal Highway Agency,1.0,32.42253889,-81.77846389,Other Fixed Object,Not a Collision,Not an Intersection,On Roadside,,Dark - Lighted,Clear,0,0,2003.0,0,0,BULLOCH (31),STATESBORO
2020,10552,Georgia,0,1,1,April,7,Tuesday,23,CS-GEORGIA AVE,Local Street - Municipality,Urban,Local,City or Municipal Highway Agency,1.0,32.42253889,-81.77846389,Other Fixed Object,Not a Collision,Not an Intersection,On Roadside,,Dark - Lighted,Clear,0,0,1970.0,1,1,BULLOCH (31),STATESBORO
2020,10553,Georgia,0,2,2,April,7,Tuesday,9,SR-53,State Highway,Rural,Principal Arterial - Other,State Highway Agency,69.0,34.42636111,-84.15451944,Motor Vehicle In-Transport,Front-to-Front,Not an Intersection,On Roadway,,Daylight,Clear,0,0,2018.0,2,0,DAWSON (85),NOT APPLICABLE
2020,10553,Georgia,0,2,2,April,7,Tuesday,9,SR-53,State Highway,Rural,Principal Arterial - Other,State Highway Agency,69.0,34.42636111,-84.15451944,Motor Vehicle In-Transport,Front-to-Front,Not an Intersection,On Roadway,,Daylight,Clear,0,0,2017.0,2,0,DAWSON (85),NOT APPLICABLE
2020,10554,Georgia,0,1,1,April,7,Tuesday,18,CR-1480,County Road,Rural,Minor Collector,County Highway Agency,24.0,33.85733056,-82.70267778,Traffic Sign Support,Not a Collision,Not an Intersection,On Roadside,,Daylight,Cloudy,0,0,2017.0,0,0,WILKES (317),Not Reported
2020,10554,Georgia,0,1,1,April,7,Tuesday,18,CR-1480,County Road,Rural,Minor Collector,County Highway Agency,24.0,33.85733056,-82.70267778,Traffic Sign Support,Not a Collision,Not an Intersection,On Roadside,,Daylight,Cloudy,0,0,2014.0,0,0,WILKES (317),Not Reported
2020,10555,Georgia,0,1,2,April,8,Wednesday,17,CR-FRANKLIN RD,County Road,Rural,Local,County Highway Agency,5.0,32.06298056,-83.94538333,Rollover/Overturn,Not a Collision,Not an Intersection,On Roadway,,Daylight,Clear,0,0,1998.0,1,0,DOOLY (93),NOT APPLICABLE
2020,10556,Georgia,1,1,1,April,9,Thursday,5,CS-ATLANTA HWY,Local Street - Municipality,Urban,Minor Arterial,City or Municipal Highway Agency,2.0,33.96253056,-83.59379722,Pedestrian,Not a Collision,Not an Intersection,On Roadway,,Dark - Not Lighted,Rain,0,0,2015.0,1,0,BARROW (13),STATHAM
2020,10557,Georgia,0,2,2,April,7,Tuesday,16,CR-N SALEM RD,County Road,Urban,Principal Arterial - Other,County Highway Agency,3.0,33.64025833,-83.97623333,Motor Vehicle In-Transport,Angle,Not an Intersection,On Roadway,,Daylight,Clear,0,0,2004.0,1,1,ROCKDALE (247),CONYERS
2020,10558,Georgia,0,1,1,April,10,Friday,20,SR-135,State Highway,Urban,Minor Arterial,State Highway Agency,115.0,31.51845556,-82.82526111,Rollover/Overturn,Not a Collision,Not an Intersection,On Shoulder,,Dark - Not Lighted,Cloudy,0,0,2005.0,0,0,COFFEE (69),DOUGLAS
2020,10559,Georgia,0,2,3,April,10,Friday,15,SR-135,State Highway,Rural,Minor Arterial,State Highway Agency,2.0,31.67607222,-82.72101389,Motor Vehicle In-Transport,Front-to-Front,Not an Intersection,On Roadway,,Daylight,Clear,0,0,2001.0,1,0,JEFF DAVIS (161),NOT APPLICABLE
2020,10559,Georgia,0,2,3,April,10,Friday,15,SR-135,State Highway,Rural,Minor Arterial,State Highway Agency,2.0,31.67607222,-82.72101389,Motor Vehicle In-Transport,Front-to-Front,Not an Intersection,On Roadway,,Daylight,Clear,0,0,2016.0,0,0,JEFF DAVIS (161),NOT APPLICABLE
2020,10560,Georgia,0,1,2,April,11,Saturday,20,CR-JOHNSON LAKE RD,County Road,Rural,Major Collector,County Highway Agency,3.0,33.93410278,-85.30956389,Ditch,Not a Collision,Not an Intersection,On Roadside,,Dark - Not Lighted,Cloudy,0,0,2018.0,1,0,POLK (233),NOT APPLICABLE
2020,10561,Georgia,0,4,5,April,13,Monday,17,SR-139,State Highway,Urban,Minor Arterial,State Highway Agency,21.0,33.59625,-84.428925,Motor Vehicle In-Transport,Angle,Not an Intersection,On Roadway,,Daylight,Clear,0,0,2016.0,1,0,CLAYTON (63),COLLEGE PARK
2020,10562,Georgia,0,2,3,April,14,Tuesday,17,I-75 S,Interstate,Urban,Interstate,State Highway Agency,70.0,33.95623333,-84.516625,Motor Vehicle In-Transport,Front-to-Rear,Not an Intersection,On Roadway,,Daylight,Clear,0,0,1998.0,1,0,COBB (67),MARIETTA
2020,10562,Georgia,0,2,3,April,14,Tuesday,17,I-75 S,Interstate,Urban,Interstate,State Highway Agency,70.0,33.95623333,-84.516625,Motor Vehicle In-Transport,Front-to-Rear,Not an Intersection,On Roadway,,Daylight,Clear,0,0,2013.0,0,0,COBB (67),MARIETTA
2020,10563,Georgia,0,2,4,April,13,Monday,20,I-516,Interstate,Urban,Interstate,State Highway Agency,52.0,32.07990833,-81.13198611,Motor Vehicle In-Transport,Front-to-Front,Not an Intersection,On Roadway,,Dark - Not Lighted,Clear,0,0,2020.0,1,0,CHATHAM (51),SAVANNAH
2020,10563,Georgia,0,2,4,April,13,Monday,20,I-516,Interstate,Urban,Interstate,State Highway Agency,52.0,32.07990833,-81.13198611,Motor Vehicle In-Transport,Front-to-Front,Not an Intersection,On Roadway,,Dark - Not Lighted,Clear,0,0,2010.0,0,0,CHATHAM (51),SAVANNAH
2020,10564,Georgia,1,4,4,April,14,Tuesday,6,I-20 W,Interstate,Urban,Interstate,State Highway Agency,114.0,33.74523333,-84.35121944,Pedestrian,Not a Collision,Not an Intersection,On Roadway,,Dark - Not Lighted,Clear,0,0,2007.0,1,0,FULTON (121),ATLANTA
2020,10564,Georgia,1,4,4,April,14,Tuesday,6,I-20 W,Interstate,Urban,Interstate,State Highway Agency,114.0,33.74523333,-84.35121944,Pedestrian,Not a Collision,Not an Intersection,On Roadway,,Dark - Not Lighted,Clear,0,0,2011.0,0,0,FULTON (121),ATLANTA
2020,10564,Georgia,1,4,4,April,14,Tuesday,6,I-20 W,Interstate,Urban,Interstate,State Highway Agency,114.0,33.74523333,-84.35121944,Pedestrian,Not a Collision,Not an Intersection,On Roadway,,Dark - Not Lighted,Clear,0,0,2013.0,0,0,FULTON (121),ATLANTA
2020,10565,Georgia,0,2,2,April,15,Wednesday,6,SR-31,State Highway,Rural,Principal Arterial - Other,State Highway Agency,104.0,31.93256111,-82.94095,Motor Vehicle In-Transport,Front-to-Front,Not an Intersection,On Roadway,,Daylight,Rain,0,0,2003.0,1,0,TELFAIR (271),NOT APPLICABLE
2020,10565,Georgia,0,2,2,April,15,Wednesday,6,SR-31,State Highway,Rural,Principal Arterial - Other,State Highway Agency,104.0,31.93256111,-82.94095,Motor Vehicle In-Transport,Front-to-Front,Not an Intersection,On Roadway,,Daylight,Rain,0,0,2020.0,0,0,TELFAIR (271),NOT APPLICABLE
2020,10565,Georgia,0,2,2,April,15,Wednesday,6,SR-31,State Highway,Rural,Principal Arterial - Other,State Highway Agency,104.0,31.93256111,-82.94095,Motor Vehicle In-Transport,Front-to-Front,Not an Intersection,On Roadway,,Daylight,Rain,0,0,2003.0,0,0,TELFAIR (271),NOT APPLICABLE
2020,10566,Georgia,0,1,1,April,16,Thursday,11,SR-17,State Highway,Rural,Major Collector,State Highway Agency,63.0,32.96433056,-82.34350556,Culvert,Not a Collision,Not an Intersection,On Roadside,,Daylight,Clear,0,0,2017.0,1,0,JEFFERSON (163),NOT APPLICABLE
2020,10566,Georgia,0,1,1,April,16,Thursday,11,SR-17,State Highway,Rural,Major Collector,State Highway Agency,63.0,32.96433056,-82.34350556,Culvert,Not a Collision,Not an Intersection,On Roadside,,Daylight,Clear,0,0,2018.0,0,0,JEFFERSON (163),NOT APPLICABLE
2020,10566,Georgia,0,1,1,April,16,Thursday,11,SR-17,State Highway,Rural,Major Collector,State Highway Agency,63.0,32.96433056,-82.34350556,Culvert,Not a Collision,Not an Intersection,On Roadside,,Daylight,Clear,0,0,2017.0,0,0,JEFFERSON (163),NOT APPLICABLE
2020,10567,Georgia,0,2,3,April,16,Thursday,8,CR-KILLIAN HILL RD,County Road,Urban,Minor Arterial,County Highway Agency,0.0,33.88121944,-84.11420833,Motor Vehicle In-Transport,Angle,T-Intersection,On Roadway,,Daylight,Clear,0,0,1995.0,1,0,GWINNETT (135),LILBURN
2020,10567,Georgia,0,2,3,April,16,Thursday,8,CR-KILLIAN HILL RD,County Road,Urban,Minor Arterial,County Highway Agency,0.0,33.88121944,-84.11420833,Motor Vehicle In-Transport,Angle,T-Intersection,On Roadway,,Daylight,Clear,0,0,2003.0,0,0,GWINNETT (135),LILBURN
2020,10568,Georgia,0,2,2,April,16,Thursday,20,DANNY ST,Local Street - Municipality,Rural,Local,City or Municipal Highway Agency,1.0,31.88024444,-82.60125278,Motor Vehicle In-Transport,Angle,Not an Intersection,On Roadway,,Daylight,Clear,0,0,2018.0,1,1,JEFF DAVIS (161),HAZLEHURST
2020,10568,Georgia,0,2,2,April,16,Thursday,20,DANNY ST,Local Street - Municipality,Rural,Local,City or Municipal Highway Agency,1.0,31.88024444,-82.60125278,Motor Vehicle In-Transport,Angle,Not an Intersection,On Roadway,,Daylight,Clear,0,0,2007.0,0,0,JEFF DAVIS (161),HAZLEHURST
2020,10569,Georgia,0,2,2,April,17,Friday,16,CR-BOLD SPRINGS RD,County Road,Urban,Minor Arterial,County Highway Agency,17.0,33.89163889,-83.78229722,Motor Vehicle In-Transport,Angle,Four-Way Intersection,On Roadway,,Daylight,Clear,0,0,2013.0,1,0,WALTON (297),NOT APPLICABLE
2020,10570,Georgia,1,1,1,April,17,Friday,20,CS-STARKSVILLE AVE,Local Street - Municipality,Urban,Local,City or Municipal Highway Agency,7.0,31.72696389,-84.16792222,Pedalcyclist,Not a Collision,Not an Intersection,On Roadway,,Dark - Not Lighted,Clear,0,0,2012.0,1,0,LEE (177),LEESBURG
2020,10571,Georgia,0,2,2,April,17,Friday,14,SR-5,State Highway,Urban,Minor Arterial,State Highway Agency,69.0,33.883225,-84.58763889,Motor Vehicle In-Transport,Angle,Not an Intersection,On Roadway,,Daylight,Clear,0,0,2004.0,1,0,COBB (67),NOT APPLICABLE
2020,10571,Georgia,0,2,2,April,17,Friday,14,SR-5,State Highway,Urban,Minor Arterial,State Highway Agency,69.0,33.883225,-84.58763889,Motor Vehicle In-Transport,Angle,Not an Intersection,On Roadway,,Daylight,Clear,0,0,2017.0,0,0,COBB (67),NOT APPLICABLE
2020,10571,Georgia,0,2,2,April,17,Friday,14,SR-5,State Highway,Urban,Minor Arterial,State Highway Agency,69.0,33.883225,-84.58763889,Motor Vehicle In-Transport,Angle,Not an Intersection,On Roadway,,Daylight,Clear,0,0,2017.0,0,0,COBB (67),NOT APPLICABLE
2020,10571,Georgia,0,2,2,April,17,Friday,14,SR-5,State Highway,Urban,Minor Arterial,State Highway Agency,69.0,33.883225,-84.58763889,Motor Vehicle In-Transport,Angle,Not an Intersection,On Roadway,,Daylight,Clear,0,0,2008.0,0,0,COBB (67),NOT APPLICABLE
2020,10571,Georgia,0,2,2,April,17,Friday,14,SR-5,State Highway,Urban,Minor Arterial,State Highway Agency,69.0,33.883225,-84.58763889,Motor Vehicle In-Transport,Angle,Not an Intersection,On Roadway,,Daylight,Clear,0,0,2015.0,0,0,COBB (67),NOT APPLICABLE
2020,10572,Georgia,0,2,2,April,18,Saturday,6,I-95,Interstate,Rural,Interstate,State Highway Agency,129.0,30.92771389,-81.68654444,Motor Vehicle In-Transport,Front-to-Rear,Not an Intersection,On Roadway,,Dark - Not Lighted,Clear,0,1,2008.0,0,0,CAMDEN (39),NOT APPLICABLE
2020,10572,Georgia,0,2,2,April,18,Saturday,6,I-95,Interstate,Rural,Interstate,State Highway Agency,129.0,30.92771389,-81.68654444,Motor Vehicle In-Transport,Front-to-Rear,Not an Intersection,On Roadway,,Dark - Not Lighted,Clear,0,0,2012.0,0,0,CAMDEN (39),NOT APPLICABLE
2020,10572,Georgia,0,2,2,April,18,Saturday,6,I-95,Interstate,Rural,Interstate,State Highway Agency,129.0,30.92771389,-81.68654444,Motor Vehicle In-Transport,Front-to-Rear,Not an Intersection,On Roadway,,Dark - Not Lighted,Clear,0,0,2019.0,1,0,CAMDEN (39),NOT APPLICABLE
2020,10572,Georgia,0,2,2,April,18,Saturday,6,I-95,Interstate,Rural,Interstate,State Highway Agency,129.0,30.92771389,-81.68654444,Motor Vehicle In-Transport,Front-to-Rear,Not an Intersection,On Roadway,,Dark - Not Lighted,Clear,0,0,2015.0,0,0,CAMDEN (39),NOT APPLICABLE
2020,10572,Georgia,0,2,2,April,18,Saturday,6,I-95,Interstate,Rural,Interstate,State Highway Agency,129.0,30.92771389,-81.68654444,Motor Vehicle In-Transport,Front-to-Rear,Not an Intersection,On Roadway,,Dark - Not Lighted,Clear,0,0,2015.0,0,0,CAMDEN (39),NOT APPLICABLE
2020,10572,Georgia,0,2,2,April,18,Saturday,6,I-95,Interstate,Rural,Interstate,State Highway Agency,129.0,30.92771389,-81.68654444,Motor Vehicle In-Transport,Front-to-Rear,Not an Intersection,On Roadway,,Dark - Not Lighted,Clear,0,0,2010.0,0,0,CAMDEN (39),NOT APPLICABLE
2020,10573,Georgia,0,1,1,April,18,Saturday,10,SR-85,State Highway,Rural,Minor Arterial,State Highway Agency,43.0,32.89804444,-84.59926111,Tree (Standing Only),Not a Collision,Not an Intersection,On Roadside,,Daylight,Clear,0,0,2012.0,0,0,MERIWETHER (199),NOT APPLICABLE