YEAR,ST_CASE,STATENAME,NUM_PEDS,NUM_VEHC,PERSONS,MONTHNAME,DAYNAME,DAY_WEEKNAME,HOUR,ROAD_NAME,ROUTENAME,RUR_URBNAME,FUNC_SYSNAME,RD_OWNERNAME,MILE_MARKER,LATITUDE,LONGITUD,HARM_EVNAME,COLLISION_TYPE,TYP_INTNAME,REL_ROADNAME,WRK_ZONENAME,LGT_CONDNAME,WEATHERNAME,SCH_BUS,HIT_RUN,MOD_YEAR,DEATHS,DR_DRINK,COUNTYNAME,CITYNAME
2020,10573,Georgia,0,1,1,April,18,Saturday,10,SR-85,State Highway,Rural,Minor Arterial,State Highway Agency,43.0,32.89804444,-84.59926111,Tree (Standing Only),Not a Collision,Not an Intersection,On Roadside,,Daylight,Clear,0,0,2005.0,1,0,MERIWETHER (199),NOT APPLICABLE
2020,10574,Georgia,0,1,3,April,18,Saturday,23,CR-BAY MEADOWS DR,County Road,Rural,Local,County Highway Agency,17.0,31.45684444,-82.92355556,Fell/Jumped from Vehicle,Not a Collision,Not an Intersection,On Roadway,,Dark - Not Lighted,Clear,0,0,2018.0,0,0,COFFEE (69),NOT APPLICABLE
2020,10575,Georgia,0,2,2,April,19,Sunday,8,SR-21,State Highway,Rural,Minor Arterial,State Highway Agency,113.0,32.35251944,-81.30890278,Motor Vehicle In-Transport,Angle,Four-Way Intersection,On Roadway,,Daylight,Clear,0,0,1977.0,0,0,EFFINGHAM (103),NOT APPLICABLE
2020,10575,Georgia,0,2,2,April,19,Sunday,8,SR-21,State Highway,Rural,Minor Arterial,State Highway Agency,113.0,32.35251944,-81.30890278,Motor Vehicle In-Transport,Angle,Four-Way Intersection,On Roadway,,Daylight,Clear,0,0,2020.0,1,0,EFFINGHAM (103),NOT APPLICABLE
2020,10575,Georgia,0,2,2,April,19,Sunday,8,SR-21,State Highway,Rural,Minor Arterial,State Highway Agency,113.0,32.35251944,-81.30890278,Motor Vehicle In-Transport,Angle,Four-Way Intersection,On Roadway,,Daylight,Clear,0,0,1993.0,0,0,EFFINGHAM (103),NOT APPLICABLE
2020,10576,Georgia,1,2,2,April,19,Sunday,6,I-95,Interstate,Rural,Interstate,State Highway Agency,29.0,31.38446667,-81.45179167,Pedestrian,Not a Collision,Not an Intersection,On Roadway,,Dark - Not Lighted,Clear,0,0,2010.0,1,0,MCINTOSH (191),DARIEN
2020,10577,Georgia,0,2,4,March,28,Saturday,18,SR-15,State Highway,Rural,Minor Arterial,State Highway Agency,137.0,31.39001944,-82.2295,Motor Vehicle In-Transport,Angle,Four-Way Intersection,On Roadway,,Daylight,Clear,0,0,2008.0,1,0,PIERCE (229),NOT APPLICABLE
2020,10578,Georgia,0,1,1,March,29,Sunday,2,I-16 EXIT RAMP,Interstate,Urban,Interstate,State Highway Agency,1.0,32.07061389,-81.16265833,Embankment,Not a Collision,Not an Intersection,Outside Trafficway,,Dark - Not Lighted,Clear,0,0,2016.0,0,0,CHATHAM (51),SAVANNAH
2020,10579,Georgia,0,1,4,March,26,Thursday,21,SR-193,State Highway,Rural,Major Collector,State Highway Agency,80.0,34.75313611,-85.35419444,Tree (Standing Only),Not a Collision,Not an Intersection,On Roadside,,Dark - Not Lighted,Cloudy,0,0,2016.0,1,1,WALKER (295),NOT APPLICABLE
2020,10580,Georgia,1,1,1,March,30,Monday,5,SR-119,State Highway,Rural,Minor Arterial,State Highway Agency,48.0,32.33408889,-81.38313889,Pedestrian,Not a Collision,Not an Intersection,On Roadway,,Dark - Not Lighted,Clear,0,1,2020.0,0,0,EFFINGHAM (103),NOT APPLICABLE
2020,10581,Georgia,0,2,1,March,30,Monday,17,JEFFERSON VILLAGE DRIVE,Local Street - Municipality,Urban,Local,City or Municipal Highway Agency,3.0,33.57345833,-83.86028333,Parked Motor Vehicle,Not a Collision,Not an Intersection,In Parking Lane/Zone,,Daylight,Clear,0,0,2012.0,0,0,NEWTON (217),COVINGTON
2020,10582,Georgia,0,2,2,March,31,Tuesday,13,SR-10,State Highway,Rural,Principal Arterial - Other,State Highway Agency,58.0,33.788575,-82.88089722,Motor Vehicle In-Transport,Front-to-Front,Not an Intersection,On Roadway,,Daylight,Rain,0,0,2000.0,0,0,WILKES (317),NOT APPLICABLE
2020,10582,Georgia,0,2,2,March,31,Tuesday,13,SR-10,State Highway,Rural,Principal Arterial - Other,State Highway Agency,58.0,33.788575,-82.88089722,Motor Vehicle In-Transport,Front-to-Front,Not an Intersection,On Roadway,,Daylight,Rain,0,0,1995.0,1,0,WILKES (317),NOT APPLICABLE
2020,10583,Georgia,1,1,4,March,27,Friday,5,I-20 E,Interstate,Urban,Interstate,State Highway Agency,7.0,33.72433889,-84.89854167,Pedestrian,Not a Collision,Not an Intersection,On Roadway,,Dark - Not Lighted,Clear,0,0,2020.0,0,0,DOUGLAS (97),NOT APPLICABLE
2020,10583,Georgia,1,1,4,March,27,Friday,5,I-20 E,Interstate,Urban,Interstate,State Highway Agency,7.0,33.72433889,-84.89854167,Pedestrian,Not a Collision,Not an Intersection,On Roadway,,Dark - Not Lighted,Clear,0,0,2008.0,1,0,DOUGLAS (97),NOT APPLICABLE
2020,10584,Georgia,0,1,1,March,28,Saturday,17,CR-ARNOLDS MILL ROAD,County Road,Rural,Local,County Highway Agency,12.0,33.78189167,-83.21473333,Rollover/Overturn,Not a Collision,Not an Intersection,On Roadway,,Daylight,Clear,0,0,2006.0,2,0,OGLETHORPE (221),NOT APPLICABLE
2020,10584,Georgia,0,1,1,March,28,Saturday,17,CR-ARNOLDS MILL ROAD,County Road,Rural,Local,County Highway Agency,12.0,33.78189167,-83.21473333,Rollover/Overturn,Not a Collision,Not an Intersection,On Roadway,,Daylight,Clear,0,0,2006.0,0,0,OGLETHORPE (221),NOT APPLICABLE
2020,10585,Georgia,0,1,1,March,28,Saturday,23,CR-COMMANDER LANE,County Road,Rural,Local,County Highway Agency,17.0,33.86660833,-84.90179444,Fence,Not a Collision,Not an Intersection,On Roadside,,Dark - Not Lighted,Clear,0,0,2008.0,1,0,PAULDING (223),NOT APPLICABLE
2020,10585,Georgia,0,1,1,March,28,Saturday,23,CR-COMMANDER LANE,County Road,Rural,Local,County Highway Agency,17.0,33.86660833,-84.90179444,Fence,Not a Collision,Not an Intersection,On Roadside,,Dark - Not Lighted,Clear,0,0,2020.0,0,0,PAULDING (223),NOT APPLICABLE
2020,10586,Georgia,0,2,5,March,31,Tuesday,13,SR-1,State Highway,Rural,Major Collector,State Highway Agency,67.0,33.78757222,-85.17495,Motor Vehicle In-Transport,Angle,Four-Way Intersection,On Roadway,,Daylight,Clear,0,0,2008.0,1,0,HARALSON (143),BUCHANAN
2020,10586,Georgia,0,2,5,March,31,Tuesday,13,SR-1,State Highway,Rural,Major Collector,State Highway Agency,67.0,33.78757222,-85.17495,Motor Vehicle In-Transport,Angle,Four-Way Intersection,On Roadway,,Daylight,Clear,0,0,2018.0,0,0,HARALSON (143),BUCHANAN
2020,10587,Georgia,0,2,2,March,5,Thursday,7,CS-87603/OLD MILL RD,Local Street - Municipality,Urban,Minor Arterial,City or Municipal Highway Agency,6.0,34.15119722,-84.82024722,Motor Vehicle In-Transport,Angle,Four-Way Intersection,On Roadway,,Daylight,Rain,0,0,2005.0,1,0,BARTOW (15),CARTERSVILLE
2020,10587,Georgia,0,2,2,March,5,Thursday,7,CS-87603/OLD MILL RD,Local Street - Municipality,Urban,Minor Arterial,City or Municipal Highway Agency,6.0,34.15119722,-84.82024722,Motor Vehicle In-Transport,Angle,Four-Way Intersection,On Roadway,,Daylight,Rain,0,0,2007.0,0,0,BARTOW (15),CARTERSVILLE
2020,10588,Georgia,0,2,4,March,6,Friday,13,SR-362,State Highway,Rural,Major Collector,State Highway Agency,86.0,33.18215,-84.36198333,Motor Vehicle In-Transport,Other,Four-Way Intersection,On Roadway,,Daylight,Clear,0,0,1992.0,1,0,PIKE (231),WILLIAMSON
2020,10588,Georgia,0,2,4,March,6,Friday,13,SR-362,State Highway,Rural,Major Collector,State Highway Agency,86.0,33.18215,-84.36198333,Motor Vehicle In-Transport,Other,Four-Way Intersection,On Roadway,,Daylight,Clear,0,0,2000.0,0,0,PIKE (231),WILLIAMSON
2020,10589,Georgia,0,2,2,March,9,Monday,13,SR-2,State Highway,Rural,Principal Arterial - Other,State Highway Agency,31.0,34.95201111,-83.84683056,Motor Vehicle In-Transport,Sideswipe - Opposite Direction,Not an Intersection,On Roadway,,Daylight,Clear,0,0,2015.0,1,1,TOWNS (281),NOT APPLICABLE
2020,10590,Georgia,0,2,2,March,8,Sunday,24,SR-138 NE,State Highway,Urban,Principal Arterial - Other,State Highway Agency,419.0,33.67126667,-83.98345278,Motor Vehicle In-Transport,Front-to-Front,Not an Intersection,On Roadway,,Dark - Lighted,Clear,0,0,2010.0,0,0,ROCKDALE (247),NOT APPLICABLE
2020,10590,Georgia,0,2,2,March,8,Sunday,24,SR-138 NE,State Highway,Urban,Principal Arterial - Other,State Highway Agency,419.0,33.67126667,-83.98345278,Motor Vehicle In-Transport,Front-to-Front,Not an Intersection,On Roadway,,Dark - Lighted,Clear,0,0,2002.0,1,0,ROCKDALE (247),NOT APPLICABLE
2020,10591,Georgia,0,1,3,February,27,Thursday,4,SR-14,State Highway,Urban,Principal Arterial - Other,State Highway Agency,107.0,33.61905278,-84.56493611,Tree (Standing Only),Not a Collision,Not an Intersection,On Roadside,,Dark - Not Lighted,Clear,0,0,2001.0,1,1,FULTON (121),UNION CITY
2020,10592,Georgia,0,1,9,February,27,Thursday,18,CR-19/HORSESHOE RD,County Road,Urban,Local,County Highway Agency,14.0,33.28663889,-81.94325,Rollover/Overturn,Not a Collision,Not an Intersection,On Shoulder,,Dark - Not Lighted,Clear,0,0,2006.0,1,0,RICHMOND (245),AUGUSTA
2020,10592,Georgia,0,1,9,February,27,Thursday,18,CR-19/HORSESHOE RD,County Road,Urban,Local,County Highway Agency,14.0,33.28663889,-81.94325,Rollover/Overturn,Not a Collision,Not an Intersection,On Shoulder,,Dark - Not Lighted,Clear,0,0,2013.0,0,0,RICHMOND (245),AUGUSTA
2020,10593,Georgia,0,2,2,April,30,Thursday,15,CS-149501,Local Street - Township,Urban,Minor Collector,City or Municipal Highway Agency,0.0,31.61499167,-84.204175,Motor Vehicle In-Transport,Angle,Four-Way Intersection,On Roadway,,Daylight,Clear,0,0,2004.0,1,0,DOUGHERTY (95),ALBANY
2020,10593,Georgia,0,2,2,April,30,Thursday,15,CS-149501,Local Street - Township,Urban,Minor Collector,City or Municipal Highway Agency,0.0,31.61499167,-84.204175,Motor Vehicle In-Transport,Angle,Four-Way Intersection,On Roadway,,Daylight,Clear,0,0,1995.0,0,0,DOUGHERTY (95),ALBANY
2020,10594,Georgia,1,2,2,March,24,Tuesday,20,SR-146,State Highway,Urban,Minor Arterial,State Highway Agency,28.0,34.95718333,-85.21332222,Pedestrian,Not a Collision,Not an Intersection,On Roadway,,Dark - Not Lighted,Rain,0,0,2010.0,0,0,CATOOSA (47),NOT APPLICABLE
2020,10595,Georgia,0,2,2,March,24,Tuesday,11,SR-77 SP,State Highway,Rural,Major Collector,State Highway Agency,39.0,34.29178889,-82.84239444,Motor Vehicle In-Transport,Front-to-Front,Not an Intersection,On Roadway,,Daylight,Rain,0,0,1993.0,1,1,HART (147),NOT APPLICABLE
2020,10596,Georgia,0,1,1,March,24,Tuesday,12,SR-60,State Highway,Rural,Principal Arterial - Other,State Highway Agency,201.0,34.41755278,-83.90508056,Other Object (not fixed),Not a Collision,Not an Intersection,Outside Trafficway,,Daylight,Rain,0,0,2017.0,1,1,HALL (139),NOT APPLICABLE
2020,10597,Georgia,1,2,2,March,12,Thursday,6,CR-HOSPITAL DR,County Road,Urban,Major Collector,County Highway Agency,5.0,33.74156944,-84.73303056,Motor Vehicle In-Transport,Angle,Four-Way Intersection,On Roadway,,Dark - Lighted,Cloudy,0,0,1998.0,1,0,DOUGLAS (97),DOUGLASVILLE
2020,10597,Georgia,1,2,2,March,12,Thursday,6,CR-HOSPITAL DR,County Road,Urban,Major Collector,County Highway Agency,5.0,33.74156944,-84.73303056,Motor Vehicle In-Transport,Angle,Four-Way Intersection,On Roadway,,Dark - Lighted,Cloudy,0,0,2007.0,0,0,DOUGLAS (97),DOUGLASVILLE
2020,10598,Georgia,0,3,12,March,11,Wednesday,22,CS-BOLTON ROAD,Local Street - Municipality,Urban,Minor Arterial,City or Municipal Highway Agency,6.0,33.784925,-84.49727222,Motor Vehicle In-Transport,Front-to-Front,Not an Intersection,On Roadway,,Dark - Lighted,Rain,0,0,2017.0,1,0,FULTON (121),ATLANTA
2020,10599,Georgia,0,2,4,March,17,Tuesday,16,SIGMAN RD,Local Street - Municipality,Urban,Principal Arterial - Other,City or Municipal Highway Agency,3.0,33.68918333,-84.02175556,Motor Vehicle In-Transport,Angle,Four-Way Intersection,On Roadway,,Dusk,Clear,0,0,2008.0,0,0,ROCKDALE (247),CONYERS
2020,10599,Georgia,0,2,4,March,17,Tuesday,16,SIGMAN RD,Local Street - Municipality,Urban,Principal Arterial - Other,City or Municipal Highway Agency,3.0,33.68918333,-84.02175556,Motor Vehicle In-Transport,Angle,Four-Way Intersection,On Roadway,,Dusk,Clear,0,0,2003.0,1,0,ROCKDALE (247),CONYERS
2020,10600,Georgia,0,2,2,March,20,Friday,12,SR-520,State Highway,Urban,Principal Arterial - Other,State Highway Agency,70.0,31.53830833,-83.86600833,Motor Vehicle In-Transport,Front-to-Front,Four-Way Intersection,On Roadway,,Daylight,Clear,0,0,2011.0,0,1,WORTH (321),NOT APPLICABLE
2020,10600,Georgia,0,2,2,March,20,Friday,12,SR-520,State Highway,Urban,Principal Arterial - Other,State Highway Agency,70.0,31.53830833,-83.86600833,Motor Vehicle In-Transport,Front-to-Front,Four-Way Intersection,On Roadway,,Daylight,Clear,0,0,2016.0,1,0,WORTH (321),NOT APPLICABLE
2020,10601,Georgia,1,1,1,March,30,Monday,20,SR-BUS 7,State Highway,Urban,Principal Arterial - Other,State Highway Agency,0.0,30.83854444,-83.27982222,Pedestrian,Not a Collision,Not an Intersection,On Roadway,,Dark - Lighted,Clear,0,1,2008.0,0,0,LOWNDES (185),VALDOSTA
2020,10602,Georgia,0,2,3,March,27,Friday,17,CR-COLLINS HILL RD,County Road,Urban,Major Collector,County Highway Agency,27.0,34.00282778,-84.01294167,Motor Vehicle In-Transport,Angle,Four-Way Intersection,On Roadway,,Daylight,Clear,0,0,2005.0,1,1,GWINNETT (135),NOT APPLICABLE
2020,10603,Georgia,0,1,2,March,27,Friday,20,CR-329/OLD TALKING ROCK HWY,County Road,Urban,Major Collector,County Highway Agency,38.0,34.50868333,-84.49114722,Live Animal,Not a Collision,Not an Intersection,On Roadway,,Dark - Not Lighted,Clear,0,0,2007.0,0,1,PICKENS (227),NOT APPLICABLE
2020,10603,Georgia,0,1,2,March,27,Friday,20,CR-329/OLD TALKING ROCK HWY,County Road,Urban,Major Collector,County Highway Agency,38.0,34.50868333,-84.49114722,Live Animal,Not a Collision,Not an Intersection,On Roadway,,Dark - Not Lighted,Clear,0,0,2002.0,1,0,PICKENS (227),NOT APPLICABLE
2020,10604,Georgia,0,1,1,March,31,Tuesday,18,SR-55,State Highway,Rural,Major Collector,State Highway Agency,127.0,31.65904444,-84.46422222,Ditch,Not a Collision,Not an Intersection,On Roadside,,Dark - Not Lighted,Clear,0,0,2014.0,1,0,TERRELL (273),NOT APPLICABLE
2020,10605,Georgia,1,1,1,April,19,Sunday,17,CR-3421/LUCKY DR,County Road,Urban,Local,County Highway Agency,2.0,33.94743611,-84.48074444,Pedalcyclist,Not a Collision,Not an Intersection,On Roadway,,Daylight,Rain,0,0,2003.0,1,1,COBB (67),NOT APPLICABLE
2020,10606,Georgia,3,2,3,April,20,Monday,4,I-75/85,Interstate,Urban,Interstate,State Highway Agency,2471.0,33.75435833,-84.37840278,Motor Vehicle In-Transport,Front-to-Front,Not an Intersection,On Roadway,,Dark - Lighted,Rain,0,0,2004.0,1,0,FULTON (121),ATLANTA
2020,10607,Georgia,0,1,1,April,20,Monday,22,CR-0059/KELLY BRIDGE ROAD,County Road,Rural,Major Collector,Railroad,285.6623516720604,34.39109444,-84.22828889,Rollover/Overturn,Not a Collision,Not an Intersection,On Shoulder,,Dark - Not Lighted,Clear,0,0,2008.0,1,1,DAWSON (85),NOT APPLICABLE
2020,10608,Georgia,1,1,1,April,24,Friday,17,GLENRIDGE DR,Local Street - Municipality,Urban,Minor Arterial,City or Municipal Highway Agency,1.0,33.91701667,-84.36274444,Pedalcyclist,Not a Collision,Not an Intersection,On Roadway,,Daylight,Clear,0,0,2005.0,2,0,FULTON (121),SANDY SPRINGS
2020,10609,Georgia,0,1,1,April,25,Saturday,4,I-285 SR407 JAMES E BILLY MCKI,Interstate,Urban,Interstate,State Highway Agency,144.0,33.79958611,-84.48833056,"Road Ruts, Potholes, or Grates",Not a Collision,Not an Intersection,Outside Trafficway,Maintenance,Dark - Not Lighted,Clear,0,0,2000.0,1,1,FULTON (121),ATLANTA
2020,10610,Georgia,0,2,2,April,26,Sunday,23,SR-279 OLD NATIONAL HWY,State Highway,Urban,Minor Arterial,State Highway Agency,68.0,33.59410278,-84.46834444,Motor Vehicle In-Transport,Front-to-Front,Not an Intersection,On Roadway,,Not Reported,Clear,0,0,2008.0,1,0,FULTON (121),NOT APPLICABLE
2020,10610,Georgia,0,2,2,April,26,Sunday,23,SR-279 OLD NATIONAL HWY,State Highway,Urban,Minor Arterial,State Highway Agency,68.0,33.59410278,-84.46834444,Motor Vehicle In-Transport,Front-to-Front,Not an Intersection,On Roadway,,Not Reported,Clear,0,0,1999.0,0,0,FULTON (121),NOT APPLICABLE
2020,10611,Georgia,1,1,1,April,19,Sunday,6,CR-621/JOEY WILLIAMSON RD,County Road,Urban,Local,County Highway Agency,4.0,31.61898056,-81.91911111,Pedalcyclist,Not a Collision,Not an Intersection,On Roadway,,Dark - Not Lighted,Clear,0,0,2009.0,1,0,WAYNE (305),NOT APPLICABLE
2020,10612,Georgia,0,1,1,April,20,Monday,13,SR-120 BUCHANAN HWY,State Highway,Rural,Minor Arterial,State Highway Agency,251.0,33.86443889,-84.90498611,Rollover/Overturn,Not a Collision,Not an Intersection,On Roadside,,Daylight,Clear,0,0,2002.0,1,0,PAULDING (223),NOT APPLICABLE
2020,10612,Georgia,0,1,1,April,20,Monday,13,SR-120 BUCHANAN HWY,State Highway,Rural,Minor Arterial,State Highway Agency,251.0,33.86443889,-84.90498611,Rollover/Overturn,Not a Collision,Not an Intersection,On Roadside,,Daylight,Clear,0,0,1996.0,0,0,PAULDING (223),NOT APPLICABLE
2020,10613,Georgia,0,1,1,April,20,Monday,17,I-16 SR404 JAMES L GILLIAS MEM,Interstate,Rural,Interstate,State Highway Agency,1190.0,32.29421111,-81.81765833,Rollover/Overturn,Not a Collision,Not an Intersection,On Roadside,,Daylight,Clear,0,0,2013.0,1,0,BULLOCH (31),NOT APPLICABLE
2020,10613,Georgia,0,1,1,April,20,Monday,17,I-16 SR404 JAMES L GILLIAS MEM,Interstate,Rural,Interstate,State Highway Agency,1190.0,32.29421111,-81.81765833,Rollover/Overturn,Not a Collision,Not an Intersection,On Roadside,,Daylight,Clear,0,0,2011.0,2,0,BULLOCH (31),NOT APPLICABLE
2020,10614,Georgia,0,2,5,April,22,Wednesday,17,I-95 HOWARD GILMAN HWY,Interstate,Rural,Interstate,State Highway Agency,100.0,30.88503611,-81.68576667,Motor Vehicle In-Transport,Front-to-Rear,Not an Intersection,On Roadway,,Daylight,Clear,0,0,2019.0,1,1,CAMDEN (39),NOT APPLICABLE
2020,10615,Georgia,0,2,4,April,23,Thursday,7,I-20 SR402,Interstate,Rural,Interstate,State Highway Agency,1993.0,33.679825,-85.30716667,Guardrail Face,Not a Collision,Not an Intersection,On Roadside,,Dark - Not Lighted,Rain,0,0,2019.0,1,1,HARALSON (143),NOT APPLICABLE
2020,10616,Georgia,0,2,2,March,25,Wednesday,19,CS-96103/FALCON DR,Local Street - Municipality,Urban,Local,City or Municipal Highway Agency,2.0,33.62473056,-84.396675,Parked Motor Vehicle,Not a Collision,Not an Intersection,In Parking Lane/Zone,,Daylight,Clear,0,0,1999.0,0,0,CLAYTON (63),FOREST PARK
2020,10617,Georgia,0,1,1,March,30,Monday,9,US-1 SR4/540 RAMP DEANS BRIDGE,U.S. Highway,Urban,Principal Arterial - Other,State Highway Agency,2127.0,33.39171667,-82.11719167,Ditch,Not a Collision,Not an Intersection,Gore,,Daylight,Clear,0,0,2008.0,1,0,RICHMOND (245),HEPHZIBAH
2020,10618,Georgia,0,2,3,April,2,Thursday,17,RIVERSIDE PKWY,Local Street - Municipality,Urban,Minor Arterial,City or Municipal Highway Agency,0.0,33.71174444,-84.63635,Motor Vehicle In-Transport,Front-to-Front,Not an Intersection,On Roadway,,Daylight,Clear,0,0,2018.0,1,1,DOUGLAS (97),DOUGLASVILLE
2020,10619,Georgia,1,1,1,April,9,Thursday,15,CR-BROAD ST,County Road,Urban,Minor Arterial,County Highway Agency,5.0,33.48623611,-81.9987,Pedalcyclist,Not a Collision,T-Intersection,On Roadway,,Daylight,Clear,0,0,2004.0,1,0,RICHMOND (245),AUGUSTA
2020,10619,Georgia,1,1,1,April,9,Thursday,15,CR-BROAD ST,County Road,Urban,Minor Arterial,County Highway Agency,5.0,33.48623611,-81.9987,Pedalcyclist,Not a Collision,T-Intersection,On Roadway,,Daylight,Clear,0,0,2001.0,1,0,RICHMOND (245),AUGUSTA
2020,10620,Georgia,0,2,3,April,12,Sunday,19,CR-273/OLD LOUISVILLE RD,County Road,Urban,Major Collector,County Highway Agency,2.0,33.39116389,-82.02054167,Motor Vehicle In-Transport,Angle,T-Intersection,On Roadway,,Dark - Not Lighted,Cloudy,0,0,2008.0,0,0,RICHMOND (245),AUGUSTA
2020,10620,Georgia,0,2,3,April,12,Sunday,19,CR-273/OLD LOUISVILLE RD,County Road,Urban,Major Collector,County Highway Agency,2.0,33.39116389,-82.02054167,Motor Vehicle In-Transport,Angle,T-Intersection,On Roadway,,Dark - Not Lighted,Cloudy,0,0,2002.0,1,0,RICHMOND (245),AUGUSTA
2020,10621,Georgia,1,1,1,April,25,Saturday,23,US-23 SR87 COCHRAN HWY,U.S. Highway,Rural,Minor Arterial,State Highway Agency,226.0,32.26660278,-83.24503056,Pedestrian,Not a Collision,Not an Intersection,On Roadway,,Dark - Not Lighted,Clear,0,0,2011.0,1,0,DODGE (91),NOT APPLICABLE
2020,10622,Georgia,0,2,2,April,20,Monday,23,SR-280 S COBB DR,State Highway,Urban,Principal Arterial - Other,State Highway Agency,56.0,33.82693889,-84.49117778,Motor Vehicle In-Transport,Angle,T-Intersection,On Roadway,,Dark - Lighted,Clear,0,0,2020.0,1,0,COBB (67),SMYRNA
2020,10623,Georgia,0,2,4,April,21,Tuesday,18,SR-1 REDMOND CIR,State Highway,Urban,Principal Arterial - Other,State Highway Agency,111.0,34.27893611,-85.22601111,Motor Vehicle In-Transport,Front-to-Front,Not an Intersection,On Roadway,,Daylight,Clear,0,0,1998.0,1,1,FLOYD (115),NOT APPLICABLE
2020,10623,Georgia,0,2,4,April,21,Tuesday,18,SR-1 REDMOND CIR,State Highway,Urban,Principal Arterial - Other,State Highway Agency,111.0,34.27893611,-85.22601111,Motor Vehicle In-Transport,Front-to-Front,Not an Intersection,On Roadway,,Daylight,Clear,0,0,2012.0,0,0,FLOYD (115),NOT APPLICABLE
2020,10625,Georgia,0,2,4,April,25,Saturday,22,SR-112 CAIRO RD,State Highway,Rural,Minor Arterial,State Highway Agency,167.0,31.13297222,-84.243925,Motor Vehicle In-Transport,Front-to-Rear,Not an Intersection,On Roadway,,Dark - Not Lighted,Clear,0,0,2009.0,1,0,MITCHELL (205),NOT APPLICABLE
2020,10626,Georgia,1,1,2,April,24,Friday,21,SR-37 W 4TH ST,State Highway,Urban,Minor Arterial,State Highway Agency,1128.0,31.14196944,-83.45019444,Pedalcyclist,Not a Collision,Not an Intersection,On Roadway,,Dark - Not Lighted,Clear,0,0,2018.0,1,1,COOK (75),NOT APPLICABLE
2020,10627,Georgia,0,2,4,April,26,Sunday,8,US-301BYP VETERANS MEMORIAL PK,U.S. Highway,Urban,Principal Arterial - Other,State Highway Agency,18.0,32.44241389,-81.75313056,Motor Vehicle In-Transport,Angle,Four-Way Intersection,On Roadway,,Daylight,Clear,0,0,2006.0,1,0,BULLOCH (31),STATESBORO
2020,10628,Georgia,0,2,2,April,28,Tuesday,10,SR-101 ROCKMART RD,State Highway,Urban,Minor Arterial,State Highway Agency,40.0,33.76850556,-84.95646111,Motor Vehicle In-Transport,Front-to-Front,Not an Intersection,On Roadway,,Daylight,Clear,0,0,2010.0,1,1,CARROLL (45),NOT APPLICABLE
2020,10629,Georgia,0,2,2,April,30,Thursday,10,SR-137 DR DERYL HART RD,State Highway,Rural,Major Collector,State Highway Agency,123.0,32.34754444,-84.48214167,Motor Vehicle In-Transport,Front-to-Rear,Not an Intersection,On Roadway,,Daylight,Clear,0,0,2010.0,1,0,MARION (197),NOT APPLICABLE
2020,10629,Georgia,0,2,2,April,30,Thursday,10,SR-137 DR DERYL HART RD,State Highway,Rural,Major Collector,State Highway Agency,123.0,32.34754444,-84.48214167,Motor Vehicle In-Transport,Front-to-Rear,Not an Intersection,On Roadway,,Daylight,Clear,0,0,1997.0,0,1,MARION (197),NOT APPLICABLE
2020,10630,Georgia,1,1,1,May,2,Saturday,10,SR-85,State Highway,Urban,Principal Arterial - Other,State Highway Agency,925.0,33.56906944,-84.41285556,Pedestrian,Not a Collision,Not an Intersection,On Roadside,,Daylight,Clear,0,0,2020.0,0,1,CLAYTON (63),RIVERDALE
2020,10630,Georgia,1,1,1,May,2,Saturday,10,SR-85,State Highway,Urban,Principal Arterial - Other,State Highway Agency,925.0,33.56906944,-84.41285556,Pedestrian,Not a Collision,Not an Intersection,On Roadside,,Daylight,Clear,0,0,2010.0,1,0,CLAYTON (63),RIVERDALE
2020,10631,Georgia,0,1,1,May,2,Saturday,16,CR-475/THIGPEN RD,County Road,Rural,Minor Collector,County Highway Agency,49.0,31.28876667,-82.47766944,Fence,Not a Collision,Not an Intersection,On Roadside,,Daylight,Clear,0,0,2000.0,1,0,WARE (299),NOT APPLICABLE
2020,10632,Georgia,0,1,1,May,2,Saturday,19,CR-8/LITTLE HORSE CREEK RD,County Road,Rural,Minor Collector,County Highway Agency,104.0,32.75672222,-81.83007222,Rollover/Overturn,Not a Collision,Not an Intersection,On Shoulder,,Daylight,Clear,0,0,1999.0,0,0,SCREVEN (251),NOT APPLICABLE
2020,10632,Georgia,0,1,1,May,2,Saturday,19,CR-8/LITTLE HORSE CREEK RD,County Road,Rural,Minor Collector,County Highway Agency,104.0,32.75672222,-81.83007222,Rollover/Overturn,Not a Collision,Not an Intersection,On Shoulder,,Daylight,Clear,0,0,2003.0,1,0,SCREVEN (251),NOT APPLICABLE
2020,10633,Georgia,1,2,2,May,2,Saturday,21,I-75 SR401,Interstate,Urban,Interstate,State Highway Agency,2681.0,33.99817222,-84.560725,Motor Vehicle In-Transport,Front-to-Front,Not an Intersection,On Roadway,,Dark - Not Lighted,Clear,0,0,2006.0,0,0,COBB (67),NOT APPLICABLE
2020,10634,Georgia,0,3,5,May,2,Saturday,17,CR-JEFFERSON RIVER RD,County Road,Urban,Major Collector,County Highway Agency,13.0,33.9968,-83.42661389,Motor Vehicle In-Transport,Angle,T-Intersection,On Roadway,,Daylight,Clear,0,0,2019.0,1,0,CLARKE (59),ATHENS
2020,10635,Georgia,1,1,2,May,2,Saturday,22,US-25 SR38,U.S. Highway,Rural,Principal Arterial - Other,State Highway Agency,1017.0,31.70999444,-81.751875,Pedestrian,Not a Collision,Not an Intersection,On Roadway,,Dark - Lighted,Clear,0,0,2018.0,0,0,LONG (183),LUDOWICI
2020,10636,Georgia,0,1,3,May,2,Saturday,20,CR-317/COX LAKE RD,County Road,Rural,Local,County Highway Agency,1.0,34.90782222,-83.38450833,Rollover/Overturn,Not a Collision,Not an Intersection,On Shoulder,,Dark - Not Lighted,Clear,0,0,2002.0,1,0,RABUN (241),NOT APPLICABLE