YEAR,ST_CASE,STATENAME,NUM_PEDS,NUM_VEHC,PERSONS,MONTHNAME,DAYNAME,DAY_WEEKNAME,HOUR,ROAD_NAME,ROUTENAME,RUR_URBNAME,FUNC_SYSNAME,RD_OWNERNAME,MILE_MARKER,LATITUDE,LONGITUD,HARM_EVNAME,COLLISION_TYPE,TYP_INTNAME,REL_ROADNAME,WRK_ZONENAME,LGT_CONDNAME,WEATHERNAME,SCH_BUS,HIT_RUN,MOD_YEAR,DEATHS,DR_DRINK,COUNTYNAME,CITYNAME
2020,10696,Georgia,0,1,1,May,23,Saturday,14,SR-15 BLACKSHEAR HWY,State Highway,Urban,Minor Arterial,State Highway Agency,721.0,31.70589167,-82.32288056,Embankment,Not a Collision,Not an Intersection,On Roadside,,Daylight,Clear,0,0,2007.0,1,0,APPLING (1),NOT APPLICABLE
2020,10697,Georgia,0,5,12,May,23,Saturday,16,SR-15,State Highway,Rural,Principal Arterial - Other,State Highway Agency,20.0,34.75863611,-83.39668611,Motor Vehicle In-Transport,Angle,Not an Intersection,On Roadway,,Daylight,Cloudy,0,0,2009.0,0,0,RABUN (241),MOUNTAIN CITY
2020,10697,Georgia,0,5,12,May,23,Saturday,16,SR-15,State Highway,Rural,Principal Arterial - Other,State Highway Agency,20.0,34.75863611,-83.39668611,Motor Vehicle In-Transport,Angle,Not an Intersection,On Roadway,,Daylight,Cloudy,0,0,2020.0,1,0,RABUN (241),MOUNTAIN CITY
2020,10698,Georgia,0,3,4,May,23,Saturday,20,SR-101 S,State Highway,Rural,Minor Arterial,State Highway Agency,71.0,33.81060278,-84.97483056,Motor Vehicle In-Transport,Front-to-Rear,Not an Intersection,On Roadway,,Dusk,Clear,0,0,2005.0,1,1,PAULDING (223),NOT APPLICABLE
2020,10698,Georgia,0,3,4,May,23,Saturday,20,SR-101 S,State Highway,Rural,Minor Arterial,State Highway Agency,71.0,33.81060278,-84.97483056,Motor Vehicle In-Transport,Front-to-Rear,Not an Intersection,On Roadway,,Dusk,Clear,0,0,2005.0,0,0,PAULDING (223),NOT APPLICABLE
2020,10699,Georgia,0,2,2,May,22,Friday,4,CR-633/GLADE RD SE,County Road,Urban,Major Collector,County Highway Agency,285.6623516720604,34.12955,-84.68469444,Motor Vehicle In-Transport,Front-to-Front,Not an Intersection,On Roadway,,Dark - Not Lighted,Cloudy,0,0,2005.0,1,0,BARTOW (15),NOT APPLICABLE
2020,10699,Georgia,0,2,2,May,22,Friday,4,CR-633/GLADE RD SE,County Road,Urban,Major Collector,County Highway Agency,285.6623516720604,34.12955,-84.68469444,Motor Vehicle In-Transport,Front-to-Front,Not an Intersection,On Roadway,,Dark - Not Lighted,Cloudy,0,0,2019.0,0,0,BARTOW (15),NOT APPLICABLE
2020,10700,Georgia,0,2,3,May,24,Sunday,21,US-29 SR139 MAIN ST,U.S. Highway,Urban,Minor Arterial,State Highway Agency,811.0,33.67542778,-84.44158611,Motor Vehicle In-Transport,Angle,Four-Way Intersection,On Roadway,,Dark - Lighted,Clear,0,0,2010.0,1,0,FULTON (121),EAST POINT
2020,10701,Georgia,0,1,6,May,24,Sunday,2,SR-96 FALL LINE FWY E,State Highway,Rural,Principal Arterial - Other,State Highway Agency,515.0,32.56124722,-84.15914167,Embankment,Not a Collision,Not an Intersection,On Roadside,,Dark - Not Lighted,Clear,0,0,2000.0,1,1,TAYLOR (269),NOT APPLICABLE
2020,10702,Georgia,0,1,1,May,24,Sunday,2,SR-57,State Highway,Rural,Minor Arterial,State Highway Agency,1720.0,31.5439,-81.53471111,Tree (Standing Only),Not a Collision,Not an Intersection,On Roadside,,Dark - Not Lighted,Clear,0,0,2003.0,1,0,MCINTOSH (191),NOT APPLICABLE
2020,10703,Georgia,0,1,3,May,26,Tuesday,23,CS-62701,Local Street - Municipality,Urban,Minor Arterial,City or Municipal Highway Agency,285.6623516720604,31.17425,-81.504675,"Post, Pole or Other Supports",Not a Collision,Not an Intersection,On Roadside,,Dark - Not Lighted,Clear,0,0,2000.0,1,1,GLYNN (127),NOT APPLICABLE
2020,10703,Georgia,0,1,3,May,26,Tuesday,23,CS-62701,Local Street - Municipality,Urban,Minor Arterial,City or Municipal Highway Agency,285.6623516720604,31.17425,-81.504675,"Post, Pole or Other Supports",Not a Collision,Not an Intersection,On Roadside,,Dark - Not Lighted,Clear,0,0,1996.0,0,0,GLYNN (127),NOT APPLICABLE
2020,10703,Georgia,0,1,3,May,26,Tuesday,23,CS-62701,Local Street - Municipality,Urban,Minor Arterial,City or Municipal Highway Agency,285.6623516720604,31.17425,-81.504675,"Post, Pole or Other Supports",Not a Collision,Not an Intersection,On Roadside,,Dark - Not Lighted,Clear,0,0,2016.0,0,0,GLYNN (127),NOT APPLICABLE
2020,10704,Georgia,0,1,2,May,26,Tuesday,6,SR-53,State Highway,Rural,Major Collector,State Highway Agency,42.0,33.88529444,-83.55592778,Culvert,Not a Collision,Not an Intersection,On Roadside,,Daylight,Cloudy,0,0,2007.0,1,0,OCONEE (219),Not Reported
2020,10705,Georgia,0,1,2,May,27,Wednesday,7,CR-GREAT SOUTHWEST PKWY SW,County Road,Urban,Local,County Highway Agency,14.0,33.74643889,-84.56071667,Tree (Standing Only),Not a Collision,Not an Intersection,On Roadside,,Daylight,Rain,0,0,2020.0,0,0,FULTON (121),Not Reported
2020,10706,Georgia,0,2,3,May,28,Thursday,14,SR-247 CONN,State Highway,Rural,Principal Arterial - Other,State Highway Agency,13.0,32.61631389,-83.69576944,Motor Vehicle In-Transport,Angle,Four-Way Intersection,On Roadway,,Daylight,Clear,0,0,2006.0,1,0,HOUSTON (153),WARNER ROBINS
2020,10707,Georgia,0,2,3,May,28,Thursday,13,SR-155,State Highway,Urban,Principal Arterial - Other,State Highway Agency,0.0,33.72455556,-84.23420278,Motor Vehicle In-Transport,Angle,Not an Intersection,On Roadway,,Daylight,Rain,0,0,2015.0,0,0,DEKALB (89),NOT APPLICABLE
2020,10707,Georgia,0,2,3,May,28,Thursday,13,SR-155,State Highway,Urban,Principal Arterial - Other,State Highway Agency,0.0,33.72455556,-84.23420278,Motor Vehicle In-Transport,Angle,Not an Intersection,On Roadway,,Daylight,Rain,0,0,1999.0,1,0,DEKALB (89),NOT APPLICABLE
2020,10708,Georgia,0,3,3,May,29,Friday,15,I-85,Interstate,Urban,Interstate,State Highway Agency,98.0,33.59503889,-84.49677222,Motor Vehicle In-Transport,Angle,Not an Intersection,On Roadway,,Daylight,Clear,0,0,2018.0,1,0,FULTON (121),NOT APPLICABLE
2020,10708,Georgia,0,3,3,May,29,Friday,15,I-85,Interstate,Urban,Interstate,State Highway Agency,98.0,33.59503889,-84.49677222,Motor Vehicle In-Transport,Angle,Not an Intersection,On Roadway,,Daylight,Clear,0,0,2005.0,0,1,FULTON (121),NOT APPLICABLE
2020,10709,Georgia,0,1,1,May,27,Wednesday,7,SR-11,State Highway,Rural,Minor Arterial,State Highway Agency,231.0,32.12854722,-83.41091389,Tree (Standing Only),Not a Collision,Not an Intersection,Outside Trafficway,,Daylight,Rain,0,0,2011.0,1,0,WILCOX (315),NOT APPLICABLE
2020,10710,Georgia,0,2,2,May,28,Thursday,13,I-85 S,Interstate,Rural,Interstate,State Highway Agency,136.0,34.41369167,-83.18113056,Motor Vehicle In-Transport,Front-to-Front,Not an Intersection,On Roadway,,Daylight,Rain,0,0,1999.0,1,1,FRANKLIN (119),NOT APPLICABLE
2020,10711,Georgia,0,2,3,May,28,Thursday,21,SR-73,State Highway,Rural,Minor Arterial,State Highway Agency,89.0,32.18254167,-81.89035556,Motor Vehicle In-Transport,Angle,Not an Intersection,On Roadway,,Dark - Lighted,Clear,0,0,2019.0,1,1,EVANS (109),NOT APPLICABLE
2020,10712,Georgia,0,1,1,May,29,Friday,16,SR-268,State Highway,Rural,Major Collector,State Highway Agency,38.0,31.79838333,-82.701875,Rollover/Overturn,Not a Collision,Not an Intersection,On Roadside,,Daylight,Clear,0,0,2010.0,0,0,JEFF DAVIS (161),NOT APPLICABLE
2020,10713,Georgia,0,2,2,May,29,Friday,16,CR-TEN MILE ROAD,County Road,Rural,Major Collector,County Highway Agency,115.0,31.87827778,-82.18453889,Motor Vehicle In-Transport,Angle,T-Intersection,On Roadway,,Daylight,Clear,0,0,2011.0,1,1,APPLING (1),NOT APPLICABLE
2020,10714,Georgia,1,1,1,May,29,Friday,6,SR-3,State Highway,Urban,Principal Arterial - Other,State Highway Agency,88.0,34.17385556,-84.78668056,Pedestrian,Not a Collision,Not an Intersection,On Roadway,,Dawn,Cloudy,0,1,2002.0,0,1,BARTOW (15),CARTERSVILLE
2020,10714,Georgia,1,1,1,May,29,Friday,6,SR-3,State Highway,Urban,Principal Arterial - Other,State Highway Agency,88.0,34.17385556,-84.78668056,Pedestrian,Not a Collision,Not an Intersection,On Roadway,,Dawn,Cloudy,0,0,2017.0,1,0,BARTOW (15),CARTERSVILLE
2020,10714,Georgia,1,1,1,May,29,Friday,6,SR-3,State Highway,Urban,Principal Arterial - Other,State Highway Agency,88.0,34.17385556,-84.78668056,Pedestrian,Not a Collision,Not an Intersection,On Roadway,,Dawn,Cloudy,0,0,2016.0,0,0,BARTOW (15),CARTERSVILLE
2020,10715,Georgia,0,1,1,May,30,Saturday,20,CR-CINDY DR,County Road,Urban,Local,County Highway Agency,2.0,30.80786111,-84.01713333,Utility Pole/Light Support,Not a Collision,Not an Intersection,On Roadside,,Dusk,Cloudy,0,1,2008.0,0,0,THOMAS (275),NOT APPLICABLE
2020,10716,Georgia,0,1,2,May,26,Tuesday,12,SR-1,State Highway,Rural,Principal Arterial - Other,State Highway Agency,46.0,31.68482778,-84.82170278,Ditch,Not a Collision,Not an Intersection,On Roadside,,Daylight,Rain,0,0,2000.0,1,0,RANDOLPH (243),NOT APPLICABLE
2020,10717,Georgia,0,2,9,May,28,Thursday,19,SR-224,State Highway,Rural,Minor Arterial,State Highway Agency,17.0,32.30621111,-84.00047222,Motor Vehicle In-Transport,Angle,T-Intersection,On Roadway,,Daylight,Clear,0,0,2014.0,0,0,MACON (193),NOT APPLICABLE
2020,10717,Georgia,0,2,9,May,28,Thursday,19,SR-224,State Highway,Rural,Minor Arterial,State Highway Agency,17.0,32.30621111,-84.00047222,Motor Vehicle In-Transport,Angle,T-Intersection,On Roadway,,Daylight,Clear,0,0,2006.0,1,0,MACON (193),NOT APPLICABLE
2020,10718,Georgia,0,3,5,May,29,Friday,13,SR-11,State Highway,Rural,Principal Arterial - Other,State Highway Agency,202.0,34.92914444,-84.02761111,Motor Vehicle In-Transport,Angle,Not an Intersection,On Roadway,,Daylight,Clear,0,0,2010.0,0,0,UNION (291),NOT APPLICABLE
2020,10719,Georgia,0,1,4,May,29,Friday,13,SR-62,State Highway,Rural,Minor Arterial,State Highway Agency,100.0,31.47063333,-84.56421944,Ditch,Not a Collision,Not an Intersection,On Roadside,,Daylight,Rain,0,0,2004.0,1,0,CALHOUN (37),NOT APPLICABLE
2020,10720,Georgia,0,1,4,May,31,Sunday,22,SR-282,State Highway,Rural,Principal Arterial - Other,State Highway Agency,123.0,34.673525,-84.63139444,Other Fixed Object,Not a Collision,Not an Intersection,On Roadside,,Dark - Not Lighted,Clear,0,0,2007.0,0,0,GILMER (123),NOT APPLICABLE
2020,10721,Georgia,0,3,7,May,31,Sunday,10,SR-36,State Highway,Rural,Minor Arterial,State Highway Agency,41.0,33.43635833,-83.84654444,Motor Vehicle In-Transport,Front-to-Front,Not an Intersection,On Roadway,,Daylight,Clear,0,0,2009.0,1,0,NEWTON (217),NOT APPLICABLE
2020,10721,Georgia,0,3,7,May,31,Sunday,10,SR-36,State Highway,Rural,Minor Arterial,State Highway Agency,41.0,33.43635833,-83.84654444,Motor Vehicle In-Transport,Front-to-Front,Not an Intersection,On Roadway,,Daylight,Clear,0,0,2020.0,0,0,NEWTON (217),NOT APPLICABLE
2020,10722,Georgia,0,2,3,May,31,Sunday,7,I-75/85 N,Interstate,Urban,Interstate,State Highway Agency,56.0,33.72210833,-84.39456111,Motor Vehicle In-Transport,Front-to-Front,Not an Intersection,On Roadway,,Daylight,Clear,0,0,1998.0,2,1,FULTON (121),ATLANTA
2020,10722,Georgia,0,2,3,May,31,Sunday,7,I-75/85 N,Interstate,Urban,Interstate,State Highway Agency,56.0,33.72210833,-84.39456111,Motor Vehicle In-Transport,Front-to-Front,Not an Intersection,On Roadway,,Daylight,Clear,0,0,2003.0,0,1,FULTON (121),ATLANTA
2020,10723,Georgia,0,1,1,May,4,Monday,13,SR-49,State Highway,Rural,Minor Arterial,State Highway Agency,1143.0,33.01787222,-83.33721667,Rollover/Overturn,Not a Collision,Not an Intersection,On Roadway,,Daylight,Clear,0,0,1997.0,1,0,BALDWIN (9),NOT APPLICABLE
2020,10724,Georgia,0,1,2,April,25,Saturday,17,CR-0012/OLD KIBBEE RD,County Road,Rural,Minor Collector,County Highway Agency,285.6623516720604,32.30616667,-82.49656944,Ditch,Not a Collision,Not an Intersection,On Roadside,,Daylight,Clear,0,0,2006.0,1,0,MONTGOMERY (209),NOT APPLICABLE
2020,10725,Georgia,1,1,1,May,22,Friday,21,US-27 SR85,U.S. Highway,Rural,Minor Arterial,State Highway Agency,276.0,32.73272778,-84.71368333,Pedestrian,Not a Collision,Not an Intersection,On Roadway,,Dark - Not Lighted,Cloudy,0,0,2008.0,1,1,HARRIS (145),Unknown
2020,10726,Georgia,0,2,4,April,18,Saturday,13,SR-119,State Highway,Rural,Minor Arterial,State Highway Agency,626.0,32.32485833,-81.40543056,Motor Vehicle In-Transport,Front-to-Front,Not an Intersection,On Roadway,,Daylight,Clear,0,0,2016.0,1,0,EFFINGHAM (103),NOT APPLICABLE
2020,10727,Georgia,0,2,4,April,18,Saturday,15,SR-119,State Highway,Rural,Minor Arterial,State Highway Agency,488.0,32.21656389,-81.54656389,Motor Vehicle In-Transport,Front-to-Front,Not an Intersection,On Roadway,,Daylight,Clear,0,0,2008.0,1,0,BULLOCH (31),Unknown
2020,10727,Georgia,0,2,4,April,18,Saturday,15,SR-119,State Highway,Rural,Minor Arterial,State Highway Agency,488.0,32.21656389,-81.54656389,Motor Vehicle In-Transport,Front-to-Front,Not an Intersection,On Roadway,,Daylight,Clear,0,0,2005.0,0,0,BULLOCH (31),Unknown
2020,10728,Georgia,0,2,3,April,18,Saturday,16,SR-127,State Highway,Rural,Major Collector,State Highway Agency,335.0,32.43986111,-84.10301389,Motor Vehicle In-Transport,Angle,Four-Way Intersection,On Roadway,,Daylight,Clear,0,0,2009.0,1,0,MACON (193),Unknown
2020,10729,Georgia,0,2,5,April,19,Sunday,5,I-75,Interstate,Urban,Interstate,State Highway Agency,2326.0,33.57766111,-84.34551111,Motor Vehicle In-Transport,Front-to-Rear,Not an Intersection,On Roadway,,Dark - Lighted,Clear,0,0,2020.0,1,0,CLAYTON (63),MORROW
2020,10730,Georgia,0,2,4,April,21,Tuesday,11,US-319/441 SR31/117,U.S. Highway,Urban,Principal Arterial - Other,State Highway Agency,1445.0,32.49357222,-82.93046944,Motor Vehicle In-Transport,Angle,Four-Way Intersection,On Roadway,,Daylight,Clear,0,0,2002.0,2,1,LAURENS (175),DUBLIN
2020,10730,Georgia,0,2,4,April,21,Tuesday,11,US-319/441 SR31/117,U.S. Highway,Urban,Principal Arterial - Other,State Highway Agency,1445.0,32.49357222,-82.93046944,Motor Vehicle In-Transport,Angle,Four-Way Intersection,On Roadway,,Daylight,Clear,0,0,2016.0,0,0,LAURENS (175),DUBLIN
2020,10731,Georgia,0,1,1,April,25,Saturday,10,SR-85,State Highway,Urban,Minor Arterial,State Highway Agency,765.0,33.350375,-84.48817222,Live Animal,Not a Collision,Not an Intersection,On Roadway,,Daylight,Clear,0,0,2011.0,0,0,FAYETTE (113),NOT APPLICABLE
2020,10731,Georgia,0,1,1,April,25,Saturday,10,SR-85,State Highway,Urban,Minor Arterial,State Highway Agency,765.0,33.350375,-84.48817222,Live Animal,Not a Collision,Not an Intersection,On Roadway,,Daylight,Clear,0,0,2007.0,3,1,FAYETTE (113),NOT APPLICABLE
2020,10732,Georgia,0,2,2,April,25,Saturday,15,CR-519/BREWTON LOVETT RD,County Road,Urban,Minor Collector,County Highway Agency,285.6623516720604,32.59371944,-82.79835833,Motor Vehicle In-Transport,Angle,Four-Way Intersection,On Roadway,,Daylight,Clear,0,0,2015.0,1,0,LAURENS (175),NOT APPLICABLE
2020,10733,Georgia,0,1,1,April,26,Sunday,7,CR-297/MERSHON RD,County Road,Rural,Local,County Highway Agency,285.6623516720604,31.49945556,-82.24658333,Tree (Standing Only),Not a Collision,Not an Intersection,On Roadside,,Daylight,Clear,0,0,2005.0,1,0,PIERCE (229),NOT APPLICABLE
2020,10734,Georgia,1,3,4,June,1,Monday,2,US-19 SR-400 HOSPITALITY HWY,U.S. Highway,Urban,Principal Arterial - Other,State Highway Agency,190.0,34.31527222,-84.06409167,Pedestrian,Not a Collision,Not an Intersection,On Roadway,,Dark - Not Lighted,Clear,0,0,2006.0,1,0,FORSYTH (117),NOT APPLICABLE
2020,10734,Georgia,1,3,4,June,1,Monday,2,US-19 SR-400 HOSPITALITY HWY,U.S. Highway,Urban,Principal Arterial - Other,State Highway Agency,190.0,34.31527222,-84.06409167,Pedestrian,Not a Collision,Not an Intersection,On Roadway,,Dark - Not Lighted,Clear,0,0,2013.0,0,0,FORSYTH (117),NOT APPLICABLE
2020,10735,Georgia,0,2,3,June,1,Monday,10,SR-37,State Highway,Rural,Major Collector,State Highway Agency,55.0,31.20342222,-83.96178611,Motor Vehicle In-Transport,Angle,Four-Way Intersection,On Roadway,,Daylight,Clear,0,0,2015.0,1,0,COLQUITT (71),NOT APPLICABLE
2020,10735,Georgia,0,2,3,June,1,Monday,10,SR-37,State Highway,Rural,Major Collector,State Highway Agency,55.0,31.20342222,-83.96178611,Motor Vehicle In-Transport,Angle,Four-Way Intersection,On Roadway,,Daylight,Clear,0,0,2006.0,0,0,COLQUITT (71),NOT APPLICABLE
2020,10736,Georgia,0,2,2,June,1,Monday,12,SR-109,State Highway,Rural,Principal Arterial - Other,State Highway Agency,5.0,33.03768333,-84.86440278,Motor Vehicle In-Transport,Front-to-Front,Not an Intersection,On Roadway,,Daylight,Clear,0,0,2017.0,1,0,TROUP (285),NOT APPLICABLE
2020,10736,Georgia,0,2,2,June,1,Monday,12,SR-109,State Highway,Rural,Principal Arterial - Other,State Highway Agency,5.0,33.03768333,-84.86440278,Motor Vehicle In-Transport,Front-to-Front,Not an Intersection,On Roadway,,Daylight,Clear,0,0,2003.0,0,0,TROUP (285),NOT APPLICABLE
2020,10737,Georgia,1,1,2,May,23,Saturday,4,CR-287401/LEVEL CREEK RD,County Road,Urban,Minor Arterial,County Highway Agency,5.0,34.08865556,-84.06196389,Pedestrian,Not a Collision,Not an Intersection,On Roadway,,Dark - Not Lighted,Clear,0,0,1995.0,1,0,GWINNETT (135),NOT APPLICABLE
2020,10737,Georgia,1,1,2,May,23,Saturday,4,CR-287401/LEVEL CREEK RD,County Road,Urban,Minor Arterial,County Highway Agency,5.0,34.08865556,-84.06196389,Pedestrian,Not a Collision,Not an Intersection,On Roadway,,Dark - Not Lighted,Clear,0,0,2020.0,0,0,GWINNETT (135),NOT APPLICABLE
2020,10737,Georgia,1,1,2,May,23,Saturday,4,CR-287401/LEVEL CREEK RD,County Road,Urban,Minor Arterial,County Highway Agency,5.0,34.08865556,-84.06196389,Pedestrian,Not a Collision,Not an Intersection,On Roadway,,Dark - Not Lighted,Clear,0,0,2004.0,0,0,GWINNETT (135),NOT APPLICABLE
2020,10738,Georgia,0,3,7,June,2,Tuesday,21,SR-22 SPUR,State Highway,Urban,Major Collector,State Highway Agency,35.0,32.48541944,-84.93563889,Motor Vehicle In-Transport,Angle,T-Intersection,On Roadway,,Dark - Lighted,Clear,0,0,2004.0,1,1,MUSCOGEE (215),NOT APPLICABLE
2020,10739,Georgia,0,4,8,June,2,Tuesday,15,US-29,U.S. Highway,Urban,Principal Arterial - Other,State Highway Agency,125.0,33.61508889,-84.51529722,Motor Vehicle In-Transport,Angle,T-Intersection,On Roadway,,Daylight,Clear,0,0,1999.0,1,0,FULTON (121),NOT APPLICABLE
2020,10740,Georgia,0,1,1,June,3,Wednesday,14,CR-YATESVILLE BARNESVILLE RD,County Road,Rural,Major Collector,County Highway Agency,41.0,32.98080278,-84.15190278,Mail Box,Not a Collision,Not an Intersection,On Roadside,,Daylight,Clear,0,0,1995.0,0,0,UPSON (293),NOT APPLICABLE
2020,10740,Georgia,0,1,1,June,3,Wednesday,14,CR-YATESVILLE BARNESVILLE RD,County Road,Rural,Major Collector,County Highway Agency,41.0,32.98080278,-84.15190278,Mail Box,Not a Collision,Not an Intersection,On Roadside,,Daylight,Clear,0,0,2004.0,1,0,UPSON (293),NOT APPLICABLE
2020,10741,Georgia,0,2,3,June,3,Wednesday,20,SR-124  N,State Highway,Urban,Principal Arterial - Other,State Highway Agency,77.0,33.86892778,-84.01551389,Motor Vehicle In-Transport,Sideswipe - Same Direction,Not an Intersection,On Roadway,,Daylight,Clear,0,0,1997.0,1,1,GWINNETT (135),SNELLVILLE
2020,10741,Georgia,0,2,3,June,3,Wednesday,20,SR-124  N,State Highway,Urban,Principal Arterial - Other,State Highway Agency,77.0,33.86892778,-84.01551389,Motor Vehicle In-Transport,Sideswipe - Same Direction,Not an Intersection,On Roadway,,Daylight,Clear,0,0,2000.0,0,1,GWINNETT (135),SNELLVILLE
2020,10742,Georgia,0,1,1,June,3,Wednesday,17,CR-BROOK HOLLOW PKWY,County Road,Urban,Local,County Highway Agency,14.0,33.92209167,-84.21920556,Tree (Standing Only),Not a Collision,Not an Intersection,On Roadside,,Daylight,Clear,0,0,2008.0,1,0,GWINNETT (135),NOT APPLICABLE
2020,10743,Georgia,0,3,4,June,3,Wednesday,14,SR-11,State Highway,Urban,Principal Arterial - Other,State Highway Agency,99.0,33.774025,-83.70326944,Motor Vehicle In-Transport,Sideswipe - Same Direction,Not an Intersection,On Roadway,,Daylight,Clear,0,1,2008.0,0,0,WALTON (297),MONROE
2020,10744,Georgia,0,1,1,June,3,Wednesday,10,CR-COUNTY LINE RD,County Road,Urban,Minor Collector,County Highway Agency,7.0,32.58294167,-84.79041111,Guardrail End,Not a Collision,Not an Intersection,On Roadside,,Daylight,Clear,0,0,2015.0,1,0,MUSCOGEE (215),NOT APPLICABLE
2020,10745,Georgia,0,1,1,June,3,Wednesday,19,CR-JOE KENNEDY RD,County Road,Rural,Minor Collector,County Highway Agency,18.0,31.90146944,-81.86641667,Tree (Standing Only),Not a Collision,Not an Intersection,On Roadside,,Daylight,Clear,0,1,2008.0,0,0,LONG (183),LUDOWICI
2020,10745,Georgia,0,1,1,June,3,Wednesday,19,CR-JOE KENNEDY RD,County Road,Rural,Minor Collector,County Highway Agency,18.0,31.90146944,-81.86641667,Tree (Standing Only),Not a Collision,Not an Intersection,On Roadside,,Daylight,Clear,0,1,2008.0,0,0,LONG (183),LUDOWICI
2020,10746,Georgia,0,2,3,June,4,Thursday,15,CR-PRIOR STATION RD,County Road,Rural,Minor Collector,County Highway Agency,32.0,34.02258333,-85.35845,Motor Vehicle In-Transport,Angle,Four-Way Intersection,On Roadway,,Daylight,Clear,0,0,2016.0,1,0,POLK (233),NOT APPLICABLE
2020,10747,Georgia,0,2,2,June,4,Thursday,22,I-75 N,Interstate,Urban,Interstate,State Highway Agency,132.0,34.98341944,-85.20026667,Motor Vehicle In-Transport,Front-to-Rear,Not an Intersection,On Roadway,,Dark - Not Lighted,Clear,0,0,2010.0,0,1,CATOOSA (47),NOT APPLICABLE
2020,10747,Georgia,0,2,2,June,4,Thursday,22,I-75 N,Interstate,Urban,Interstate,State Highway Agency,132.0,34.98341944,-85.20026667,Motor Vehicle In-Transport,Front-to-Rear,Not an Intersection,On Roadway,,Dark - Not Lighted,Clear,0,0,2005.0,3,0,CATOOSA (47),NOT APPLICABLE
2020,10748,Georgia,0,4,5,June,5,Friday,1,I-75/85 S,Interstate,Urban,Interstate,State Highway Agency,72.0,33.72193611,-84.39496944,Motor Vehicle In-Transport,Front-to-Front,Not an Intersection,On Roadway,,Dark - Lighted,Clear,0,0,2017.0,1,0,FULTON (121),ATLANTA
2020,10749,Georgia,0,1,1,June,5,Friday,18,SR-115,State Highway,Urban,Principal Arterial - Other,State Highway Agency,19.0,33.66871389,-84.19797222,Tree (Standing Only),Not a Collision,Not an Intersection,On Roadside,,Daylight,Clear,0,0,1994.0,1,0,DEKALB (89),NOT APPLICABLE
2020,10749,Georgia,0,1,1,June,5,Friday,18,SR-115,State Highway,Urban,Principal Arterial - Other,State Highway Agency,19.0,33.66871389,-84.19797222,Tree (Standing Only),Not a Collision,Not an Intersection,On Roadside,,Daylight,Clear,0,0,2018.0,0,0,DEKALB (89),NOT APPLICABLE
2020,10750,Georgia,0,2,2,June,5,Friday,11,SR-285,State Highway,Rural,Major Collector,State Highway Agency,99.0,30.97835556,-84.81795556,Motor Vehicle In-Transport,Angle,Four-Way Intersection,On Roadway,,Daylight,Clear,0,1,2008.0,0,0,SEMINOLE (253),NOT APPLICABLE
2020,10750,Georgia,0,2,2,June,5,Friday,11,SR-285,State Highway,Rural,Major Collector,State Highway Agency,99.0,30.97835556,-84.81795556,Motor Vehicle In-Transport,Angle,Four-Way Intersection,On Roadway,,Daylight,Clear,0,0,2016.0,0,0,SEMINOLE (253),NOT APPLICABLE
2020,10751,Georgia,1,3,3,June,5,Friday,5,I-85 S,Interstate,Urban,Interstate,State Highway Agency,2.0,33.56670556,-84.53296944,Pedestrian,Not a Collision,Not an Intersection,On Roadway,,Dark - Not Lighted,Clear,0,0,2019.0,0,0,FULTON (121),UNION CITY
2020,10751,Georgia,1,3,3,June,5,Friday,5,I-85 S,Interstate,Urban,Interstate,State Highway Agency,2.0,33.56670556,-84.53296944,Pedestrian,Not a Collision,Not an Intersection,On Roadway,,Dark - Not Lighted,Clear,0,0,2001.0,1,0,FULTON (121),UNION CITY
2020,10752,Georgia,1,1,0,June,5,Friday,11,CS-91005/ALBANY AVE,Local Street - Municipality,Urban,Principal Arterial - Other,City or Municipal Highway Agency,0.0,31.21965556,-82.37411667,Railway Vehicle,Not a Collision,Not an Intersection,On Roadway,,Daylight,Cloudy,0,0,2005.0,1,1,WARE (299),WAYCROSS
2020,10753,Georgia,0,1,2,June,6,Saturday,24,CR-METTS RD,County Road,Rural,Major Collector,County Highway Agency,19.0,32.56499444,-81.83677778,Rollover/Overturn,Not a Collision,Not an Intersection,On Roadside,,Dark - Not Lighted,Clear,0,0,2017.0,1,0,BULLOCH (31),NOT APPLICABLE
2020,10753,Georgia,0,1,2,June,6,Saturday,24,CR-METTS RD,County Road,Rural,Major Collector,County Highway Agency,19.0,32.56499444,-81.83677778,Rollover/Overturn,Not a Collision,Not an Intersection,On Roadside,,Dark - Not Lighted,Clear,0,0,2015.0,0,0,BULLOCH (31),NOT APPLICABLE
2020,10753,Georgia,0,1,2,June,6,Saturday,24,CR-METTS RD,County Road,Rural,Major Collector,County Highway Agency,19.0,32.56499444,-81.83677778,Rollover/Overturn,Not a Collision,Not an Intersection,On Roadside,,Dark - Not Lighted,Clear,0,0,2015.0,0,0,BULLOCH (31),NOT APPLICABLE
2020,10754,Georgia,1,1,1,June,7,Sunday,13,SR-139 MARTIN LUTHER KING JR D,State Highway,Urban,Minor Arterial,State Highway Agency,191.0,33.75187222,-84.46748056,Pedestrian,Not a Collision,Four-Way Intersection,On Roadway,,Daylight,Clear,0,0,2011.0,1,0,FULTON (121),ATLANTA
2020,10754,Georgia,1,1,1,June,7,Sunday,13,SR-139 MARTIN LUTHER KING JR D,State Highway,Urban,Minor Arterial,State Highway Agency,191.0,33.75187222,-84.46748056,Pedestrian,Not a Collision,Four-Way Intersection,On Roadway,,Daylight,Clear,0,0,1998.0,0,0,FULTON (121),ATLANTA