YEAR,ST_CASE,STATENAME,NUM_PEDS,NUM_VEHC,PERSONS,MONTHNAME,DAYNAME,DAY_WEEKNAME,HOUR,ROAD_NAME,ROUTENAME,RUR_URBNAME,FUNC_SYSNAME,RD_OWNERNAME,MILE_MARKER,LATITUDE,LONGITUD,HARM_EVNAME,COLLISION_TYPE,TYP_INTNAME,REL_ROADNAME,WRK_ZONENAME,LGT_CONDNAME,WEATHERNAME,SCH_BUS,HIT_RUN,MOD_YEAR,DEATHS,DR_DRINK,COUNTYNAME,CITYNAME
2020,10755,Georgia,0,3,6,June,7,Sunday,8,SR-225 CHATSWORTH HWY,State Highway,Rural,Minor Collector,State Highway Agency,44.0,34.56565556,-84.89326389,Motor Vehicle In-Transport,Front-to-Front,Not an Intersection,On Roadway,,Daylight,Clear,0,0,2016.0,1,0,GORDON (129),NOT APPLICABLE
2020,10756,Georgia,0,1,4,June,7,Sunday,5,CS-289319/BELL DR,Local Street - Municipality,Urban,Local,City or Municipal Highway Agency,285.6623516720604,33.88703056,-84.47996111,Curb,Not a Collision,Not an Intersection,On Roadside,,Dark - Not Lighted,Clear,0,0,2000.0,1,1,COBB (67),SMYRNA
2020,10756,Georgia,0,1,4,June,7,Sunday,5,CS-289319/BELL DR,Local Street - Municipality,Urban,Local,City or Municipal Highway Agency,285.6623516720604,33.88703056,-84.47996111,Curb,Not a Collision,Not an Intersection,On Roadside,,Dark - Not Lighted,Clear,0,0,2010.0,0,0,COBB (67),SMYRNA
2020,10757,Georgia,0,1,1,June,8,Monday,24,CR-2094/WINDING WOODS DR,County Road,Urban,Local,County Highway Agency,285.6623516720604,33.85017778,-84.23827778,Fell/Jumped from Vehicle,Not a Collision,Not an Intersection,On Roadway,,Dark - Lighted,Clear,0,0,2009.0,1,0,DEKALB (89),TUCKER
2020,10758,Georgia,0,2,2,June,8,Monday,23,US-301/1 SR4/15,U.S. Highway,Urban,Principal Arterial - Other,State Highway Agency,19.0,30.80274722,-81.99135278,Motor Vehicle In-Transport,Front-to-Front,Not an Intersection,On Roadway,,Dark - Not Lighted,Clear,0,0,2012.0,1,0,CHARLTON (49),NOT APPLICABLE
2020,10759,Georgia,0,1,2,June,8,Monday,1,US-27 ALT SR16,U.S. Highway,Urban,Minor Arterial,State Highway Agency,340.0,33.41190278,-84.84325556,Ditch,Not a Collision,Not an Intersection,On Roadside,,Dark - Not Lighted,Clear,0,1,2008.0,0,0,COWETA (77),NOT APPLICABLE
2020,10759,Georgia,0,1,2,June,8,Monday,1,US-27 ALT SR16,U.S. Highway,Urban,Minor Arterial,State Highway Agency,340.0,33.41190278,-84.84325556,Ditch,Not a Collision,Not an Intersection,On Roadside,,Dark - Not Lighted,Clear,0,0,2005.0,0,0,COWETA (77),NOT APPLICABLE
2020,10760,Georgia,0,1,1,June,9,Tuesday,11,SR-121/23,State Highway,Rural,Major Collector,State Highway Agency,8.0,30.37306111,-82.13996389,Tree (Standing Only),Not a Collision,Not an Intersection,On Roadside,,Daylight,Cloudy,0,0,2016.0,1,0,CHARLTON (49),NOT APPLICABLE
2020,10760,Georgia,0,1,1,June,9,Tuesday,11,SR-121/23,State Highway,Rural,Major Collector,State Highway Agency,8.0,30.37306111,-82.13996389,Tree (Standing Only),Not a Collision,Not an Intersection,On Roadside,,Daylight,Cloudy,0,0,2016.0,0,0,CHARLTON (49),NOT APPLICABLE
2020,10761,Georgia,0,1,1,June,9,Tuesday,13,SR-121/CLELAND LANE,State Highway,Urban,Minor Collector,State Highway Agency,285.6623516720604,31.78953056,-82.38555,Railway Vehicle,Not a Collision,Not an Intersection,On Roadway,,Daylight,Clear,0,0,2005.0,0,0,APPLING (1),NOT APPLICABLE
2020,10762,Georgia,0,2,3,June,9,Tuesday,23,I-85 N,Interstate,Urban,Interstate,State Highway Agency,1399.0,34.18226111,-83.59989444,Motor Vehicle In-Transport,Front-to-Rear,Not an Intersection,On Roadway,,Dark - Not Lighted,Cloudy,0,1,2008.0,0,0,JACKSON (157),Not Reported
2020,10763,Georgia,1,1,1,June,10,Wednesday,1,SR-85,State Highway,Urban,Principal Arterial - Other,State Highway Agency,951.0,33.60661667,-84.40404167,Pedestrian,Not a Collision,Four-Way Intersection,On Roadway,,Dark - Lighted,Clear,0,0,2008.0,0,1,CLAYTON (63),NOT APPLICABLE
2020,10763,Georgia,1,1,1,June,10,Wednesday,1,SR-85,State Highway,Urban,Principal Arterial - Other,State Highway Agency,951.0,33.60661667,-84.40404167,Pedestrian,Not a Collision,Four-Way Intersection,On Roadway,,Dark - Lighted,Clear,0,0,2011.0,1,0,CLAYTON (63),NOT APPLICABLE
2020,10764,Georgia,0,2,3,June,11,Thursday,5,SR-47,State Highway,Rural,Minor Arterial,State Highway Agency,453.0,33.71628056,-82.36149722,Motor Vehicle In-Transport,Front-to-Rear,Not an Intersection,On Roadway,,Dark - Not Lighted,Clear,0,0,1999.0,1,1,LINCOLN (181),NOT APPLICABLE
2020,10765,Georgia,0,1,2,June,12,Friday,10,SR-117,State Highway,Rural,Minor Arterial,State Highway Agency,684.0,32.353025,-83.02701111,Ditch,Not a Collision,Not an Intersection,On Roadside,,Daylight,Clear,0,0,2021.0,1,1,LAURENS (175),NOT APPLICABLE
2020,10766,Georgia,0,3,3,June,12,Friday,23,CR-HARTLEY BRIDGE RD,County Road,Urban,Major Collector,County Highway Agency,3.0,32.72368056,-83.75976111,Motor Vehicle In-Transport,Not Reported,Not an Intersection,On Roadway,,Dark - Not Lighted,Clear,0,0,1998.0,1,1,BIBB (21),LIZELLA
2020,10767,Georgia,0,1,1,June,12,Friday,3,I-75/85  RAMP,Interstate,Urban,Interstate,State Highway Agency,285.6623516720604,33.697225,-84.40515,Guardrail Face,Not a Collision,Not an Intersection,Gore,,Dark - Lighted,Clear,0,0,2014.0,1,0,FULTON (121),ATLANTA
2020,10767,Georgia,0,1,1,June,12,Friday,3,I-75/85  RAMP,Interstate,Urban,Interstate,State Highway Agency,285.6623516720604,33.697225,-84.40515,Guardrail Face,Not a Collision,Not an Intersection,Gore,,Dark - Lighted,Clear,0,0,2015.0,2,0,FULTON (121),ATLANTA
2020,10768,Georgia,0,3,4,March,8,Sunday,15,I-85,Interstate,Urban,Interstate,State Highway Agency,33.0,33.92389444,-84.18513056,Motor Vehicle In-Transport,Front-to-Rear,Not an Intersection,On Roadway,,Daylight,Clear,0,0,2003.0,1,0,GWINNETT (135),NORCROSS
2020,10769,Georgia,0,2,2,June,12,Friday,22,CR-FLAT SHOALS RD,County Road,Rural,Major Collector,County Highway Agency,27.0,33.543125,-83.87561667,Motor Vehicle In-Transport,Front-to-Front,Not an Intersection,On Roadway,,Dark - Not Lighted,Clear,0,0,2017.0,1,0,NEWTON (217),NOT APPLICABLE
2020,10769,Georgia,0,2,2,June,12,Friday,22,CR-FLAT SHOALS RD,County Road,Rural,Major Collector,County Highway Agency,27.0,33.543125,-83.87561667,Motor Vehicle In-Transport,Front-to-Front,Not an Intersection,On Roadway,,Dark - Not Lighted,Clear,0,0,2004.0,0,0,NEWTON (217),NOT APPLICABLE
2020,10770,Georgia,0,1,1,June,13,Saturday,22,CR-SPARTA DAVISBORO RD,County Road,Rural,Major Collector,County Highway Agency,93.0,33.08552222,-82.71792222,Embankment,Not a Collision,Not an Intersection,On Roadside,,Dark - Not Lighted,Clear,0,1,2008.0,0,0,WASHINGTON (303),NOT APPLICABLE
2020,10771,Georgia,0,2,2,June,13,Saturday,12,CR-754 CANTON RD,County Road,Urban,Minor Arterial,County Highway Agency,29.0,34.04506111,-84.52964444,Motor Vehicle In-Transport,Front-to-Front,Not an Intersection,On Roadway,,Daylight,Clear,0,0,2014.0,1,1,COBB (67),NOT APPLICABLE
2020,10772,Georgia,0,2,3,June,14,Sunday,19,SR-206 BOWENS MILL RD,State Highway,Urban,Principal Arterial - Other,State Highway Agency,262.0,31.49748611,-82.87298889,Motor Vehicle In-Transport,Angle,Four-Way Intersection,On Roadway,,Daylight,Clear,0,0,1996.0,0,1,COFFEE (69),DOUGLAS
2020,10772,Georgia,0,2,3,June,14,Sunday,19,SR-206 BOWENS MILL RD,State Highway,Urban,Principal Arterial - Other,State Highway Agency,262.0,31.49748611,-82.87298889,Motor Vehicle In-Transport,Angle,Four-Way Intersection,On Roadway,,Daylight,Clear,0,0,2015.0,1,0,COFFEE (69),DOUGLAS
2020,10773,Georgia,0,1,1,June,14,Sunday,24,I-285 JAMES E BILLY MCKINNEY,Interstate,Urban,Interstate,State Highway Agency,222.0,33.89716667,-84.44981944,Rollover/Overturn,Not a Collision,Not an Intersection,On Roadway,,Dark - Not Lighted,Clear,0,0,2012.0,1,0,COBB (67),NOT APPLICABLE
2020,10774,Georgia,0,1,1,June,14,Sunday,23,I-75,Interstate,Urban,Interstate,State Highway Agency,1720.0,32.92828611,-83.73118056,Tree (Standing Only),Not a Collision,Not an Intersection,On Roadside,,Dark - Not Lighted,Clear,0,0,1995.0,1,0,BIBB (21),MACON
2020,10775,Georgia,0,1,1,March,17,Tuesday,12,SR-96,State Highway,Rural,Principal Arterial - Other,State Highway Agency,130.0,32.54645833,-83.75726111,Tree (Standing Only),Not a Collision,Not an Intersection,On Roadside,,Daylight,Cloudy,0,0,2007.0,1,0,PEACH (225),NOT APPLICABLE
2020,10776,Georgia,0,1,1,June,2,Tuesday,17,I-75,Interstate,Rural,Interstate,State Highway Agency,2800.0,31.2884,-83.47664722,Rollover/Overturn,Not a Collision,Not an Intersection,On Roadside,,Daylight,Clear,0,0,2008.0,1,1,COOK (75),Not Reported
2020,10778,Georgia,1,2,2,June,15,Monday,5,SR-121,State Highway,Urban,Principal Arterial - Other,State Highway Agency,87.0,33.35796389,-82.04397222,Pedestrian,Not a Collision,Not an Intersection,On Roadway,,Dark - Not Lighted,Cloudy,0,0,2008.0,1,1,RICHMOND (245),AUGUSTA
2020,10779,Georgia,0,1,1,June,30,Tuesday,17,SR-166,State Highway,Rural,Minor Arterial,State Highway Agency,266.0,33.60613889,-84.92342778,Culvert,Not a Collision,Not an Intersection,On Roadside,,Daylight,Rain,0,0,2000.0,1,0,CARROLL (45),NOT APPLICABLE
2020,10780,Georgia,0,1,1,June,25,Thursday,18,CR-CAVE SPRINGS RD,County Road,Rural,Major Collector,County Highway Agency,21.0,34.05945556,-85.30559722,Tree (Standing Only),Not a Collision,Not an Intersection,On Roadside,,Daylight,Rain,0,0,2012.0,1,0,POLK (233),NOT APPLICABLE
2020,10781,Georgia,1,1,1,June,24,Wednesday,10,SR-85,State Highway,Urban,Principal Arterial - Other,State Highway Agency,66.0,33.60999444,-84.40295556,Pedestrian,Not a Collision,Not an Intersection,On Roadway,,Daylight,Cloudy,0,0,2007.0,1,0,CLAYTON (63),NOT APPLICABLE
2020,10782,Georgia,1,1,1,June,24,Wednesday,10,CS-FOX ROAD,Local Street - Municipality,Urban,Local,City or Municipal Highway Agency,1.0,34.07045,-84.2152,Pedalcyclist,Not a Collision,Not an Intersection,On Roadway,,Daylight,Cloudy,0,0,2020.0,0,0,FULTON (121),ALPHARETTA
2020,10782,Georgia,1,1,1,June,24,Wednesday,10,CS-FOX ROAD,Local Street - Municipality,Urban,Local,City or Municipal Highway Agency,1.0,34.07045,-84.2152,Pedalcyclist,Not a Collision,Not an Intersection,On Roadway,,Daylight,Cloudy,0,0,2018.0,1,0,FULTON (121),ALPHARETTA
2020,10783,Georgia,0,2,3,June,13,Saturday,19,SR-85,State Highway,Urban,Principal Arterial - Other,State Highway Agency,57.0,33.59741111,-84.40659444,Motor Vehicle In-Transport,Angle,T-Intersection,On Roadway,,Daylight,Clear,0,0,2004.0,1,0,CLAYTON (63),NOT APPLICABLE
2020,10783,Georgia,0,2,3,June,13,Saturday,19,SR-85,State Highway,Urban,Principal Arterial - Other,State Highway Agency,57.0,33.59741111,-84.40659444,Motor Vehicle In-Transport,Angle,T-Intersection,On Roadway,,Daylight,Clear,0,0,2000.0,0,0,CLAYTON (63),NOT APPLICABLE
2020,10783,Georgia,0,2,3,June,13,Saturday,19,SR-85,State Highway,Urban,Principal Arterial - Other,State Highway Agency,57.0,33.59741111,-84.40659444,Motor Vehicle In-Transport,Angle,T-Intersection,On Roadway,,Daylight,Clear,0,0,2008.0,0,0,CLAYTON (63),NOT APPLICABLE
2020,10784,Georgia,0,2,2,June,18,Thursday,15,SR-1 LOOP,State Highway,Urban,Principal Arterial - Other,State Highway Agency,44.0,34.27934444,-85.12634167,Motor Vehicle In-Transport,Angle,Four-Way Intersection,On Roadway,,Daylight,Clear,0,0,2003.0,0,0,FLOYD (115),NOT APPLICABLE
2020,10785,Georgia,0,2,2,June,23,Tuesday,21,SR-219,State Highway,Rural,Minor Arterial,State Highway Agency,76.0,32.58196389,-85.01875556,Other Object (not fixed),Not a Collision,Not an Intersection,On Roadway,,Dusk,Rain,0,0,2005.0,1,0,MUSCOGEE (215),COLUMBUS
2020,10785,Georgia,0,2,2,June,23,Tuesday,21,SR-219,State Highway,Rural,Minor Arterial,State Highway Agency,76.0,32.58196389,-85.01875556,Other Object (not fixed),Not a Collision,Not an Intersection,On Roadway,,Dusk,Rain,0,0,2017.0,0,0,MUSCOGEE (215),COLUMBUS
2020,10786,Georgia,0,2,2,June,15,Monday,14,CR-W RIDGE RD,County Road,Urban,Minor Arterial,County Highway Agency,5.0,34.28169167,-83.81599167,Motor Vehicle In-Transport,Angle,Four-Way Intersection,On Roadway,,Daylight,Rain,0,0,2012.0,1,1,HALL (139),NOT APPLICABLE
2020,10787,Georgia,0,3,5,June,14,Sunday,13,SR-1,State Highway,Urban,Principal Arterial - Other,State Highway Agency,54.0,33.96736389,-85.26078056,Motor Vehicle In-Transport,Front-to-Front,Not an Intersection,On Roadway,,Daylight,Clear,0,0,2000.0,1,0,POLK (233),CEDARTOWN
2020,10787,Georgia,0,3,5,June,14,Sunday,13,SR-1,State Highway,Urban,Principal Arterial - Other,State Highway Agency,54.0,33.96736389,-85.26078056,Motor Vehicle In-Transport,Front-to-Front,Not an Intersection,On Roadway,,Daylight,Clear,0,0,2016.0,0,0,POLK (233),CEDARTOWN
2020,10788,Georgia,0,2,5,June,14,Sunday,17,SR-136,State Highway,Rural,Major Collector,State Highway Agency,73.0,34.85283333,-85.49578056,Motor Vehicle In-Transport,Angle,Not an Intersection,On Roadway,,Daylight,Clear,0,0,2006.0,1,0,DADE (83),NOT APPLICABLE
2020,10788,Georgia,0,2,5,June,14,Sunday,17,SR-136,State Highway,Rural,Major Collector,State Highway Agency,73.0,34.85283333,-85.49578056,Motor Vehicle In-Transport,Angle,Not an Intersection,On Roadway,,Daylight,Clear,0,0,2020.0,1,0,DADE (83),NOT APPLICABLE
2020,10789,Georgia,1,1,1,June,14,Sunday,21,SR-25,State Highway,Urban,Principal Arterial - Other,State Highway Agency,23.0,31.99758611,-81.25825556,Pedestrian,Not a Collision,Not an Intersection,On Roadway,,Dark - Not Lighted,Clear,0,0,2004.0,1,0,CHATHAM (51),NOT APPLICABLE
2020,10790,Georgia,1,1,1,June,15,Monday,4,I-95 N,Interstate,Urban,Interstate,State Highway Agency,93.0,31.95795278,-81.33105,Pedestrian,Not a Collision,Not an Intersection,On Roadway,,Dark - Lighted,Clear,0,0,2002.0,1,0,BRYAN (29),RICHMOND HILL
2020,10791,Georgia,0,1,3,June,27,Saturday,4,CR-GLORE RD,County Road,Urban,Local,County Highway Agency,8.0,33.84013056,-84.58723333,Tree (Standing Only),Not a Collision,Not an Intersection,Outside Trafficway,,Dark - Not Lighted,Clear,0,0,2005.0,1,0,COBB (67),NOT APPLICABLE
2020,10792,Georgia,0,1,1,June,17,Wednesday,18,CS-KIA PARKWAY,Local Street - Municipality,Urban,Minor Collector,City or Municipal Highway Agency,12.0,32.88939444,-85.14063056,Tree (Standing Only),Not a Collision,Not an Intersection,On Roadside,,Daylight,Cloudy,0,0,2013.0,1,0,TROUP (285),WEST POINT
2020,10793,Georgia,1,1,2,June,22,Monday,21,SR-146 CLOUD SPRINGS RD,State Highway,Urban,Minor Arterial,State Highway Agency,42.0,34.96568611,-85.19332778,Pedestrian,Not a Collision,T-Intersection,On Roadway,,Dark - Not Lighted,Rain,0,1,2002.0,0,0,CATOOSA (47),NOT APPLICABLE
2020,10794,Georgia,0,1,1,June,22,Monday,3,SR-3,State Highway,Rural,Major Collector,State Highway Agency,34.0,30.87834722,-84.00672778,Tree (Standing Only),Not a Collision,Not an Intersection,On Roadside,,Dark - Not Lighted,Clear,0,0,2009.0,1,0,THOMAS (275),Unknown
2020,10795,Georgia,0,1,3,June,16,Tuesday,17,CS-53601,Local Street - Township,Rural,Local,City or Municipal Highway Agency,1.0,32.56124444,-84.23377778,Fell/Jumped from Vehicle,Not a Collision,Not an Intersection,On Roadway,,Daylight,Clear,0,0,2006.0,0,0,TAYLOR (269),BUTLER
2020,10796,Georgia,0,2,2,June,20,Saturday,14,I-24,Interstate,Rural,Interstate,State Highway Agency,23.0,34.97154167,-85.44260278,Motor Vehicle In-Transport,Angle,Not an Intersection,On Roadway,,Daylight,Clear,0,0,2013.0,1,0,DADE (83),WILDWOOD
2020,10797,Georgia,0,1,2,June,18,Thursday,18,I-16,Interstate,Urban,Interstate,State Highway Agency,1164.0,32.49396389,-82.96372778,Rollover/Overturn,Not a Collision,Not an Intersection,On Roadway,,Daylight,Clear,0,0,2005.0,1,0,LAURENS (175),Unknown
2020,10797,Georgia,0,1,2,June,18,Thursday,18,I-16,Interstate,Urban,Interstate,State Highway Agency,1164.0,32.49396389,-82.96372778,Rollover/Overturn,Not a Collision,Not an Intersection,On Roadway,,Daylight,Clear,0,0,2015.0,0,0,LAURENS (175),Unknown
2020,10798,Georgia,0,1,4,June,19,Friday,12,I-75,Interstate,Rural,Interstate,State Highway Agency,2453.0,32.08385278,-83.76340556,Rollover/Overturn,Not a Collision,Not an Intersection,Gore,,Daylight,Clear,0,0,2006.0,2,0,DOOLY (93),Unknown
2020,10799,Georgia,0,2,3,June,20,Saturday,23,CR-RAYBON RD,County Road,Rural,Minor Collector,County Highway Agency,4.0,31.20050833,-82.12149444,Motor Vehicle In-Transport,Front-to-Rear,Not an Intersection,On Roadway,,Dark - Not Lighted,Clear,0,0,2017.0,1,0,BRANTLEY (25),NOT APPLICABLE
2020,10799,Georgia,0,2,3,June,20,Saturday,23,CR-RAYBON RD,County Road,Rural,Minor Collector,County Highway Agency,4.0,31.20050833,-82.12149444,Motor Vehicle In-Transport,Front-to-Rear,Not an Intersection,On Roadway,,Dark - Not Lighted,Clear,0,0,2019.0,1,0,BRANTLEY (25),NOT APPLICABLE
2020,10800,Georgia,0,1,1,June,22,Monday,18,CS-69801/W BROAD AVE,Local Street - Municipality,Urban,Local,City or Municipal Highway Agency,285.6623516720604,31.57559167,-84.18870833,Tree (Standing Only),Not a Collision,Not an Intersection,On Roadside,,Daylight,Cloudy,0,0,2017.0,0,0,DOUGHERTY (95),ALBANY
2020,10800,Georgia,0,1,1,June,22,Monday,18,CS-69801/W BROAD AVE,Local Street - Municipality,Urban,Local,City or Municipal Highway Agency,285.6623516720604,31.57559167,-84.18870833,Tree (Standing Only),Not a Collision,Not an Intersection,On Roadside,,Daylight,Cloudy,0,0,2011.0,1,0,DOUGHERTY (95),ALBANY
2020,10801,Georgia,0,1,1,June,28,Sunday,24,US-19/82 BUS E OGLETHORPE BLVD,U.S. Highway,Urban,Principal Arterial - Other,State Highway Agency,67.0,31.57158611,-84.11159722,Guardrail Face,Not a Collision,Not an Intersection,On Median,,Dark - Not Lighted,Clear,0,0,2019.0,1,0,DOUGHERTY (95),ALBANY
2020,10801,Georgia,0,1,1,June,28,Sunday,24,US-19/82 BUS E OGLETHORPE BLVD,U.S. Highway,Urban,Principal Arterial - Other,State Highway Agency,67.0,31.57158611,-84.11159722,Guardrail Face,Not a Collision,Not an Intersection,On Median,,Dark - Not Lighted,Clear,0,0,2013.0,0,0,DOUGHERTY (95),ALBANY
2020,10802,Georgia,0,2,3,June,25,Thursday,12,SR-124 BRASELTON HWY,State Highway,Urban,Minor Arterial,State Highway Agency,364.0,34.07766389,-83.82932222,Motor Vehicle In-Transport,Angle,T-Intersection,On Roadway,,Daylight,Clear,0,0,1998.0,1,0,BARROW (13),NOT APPLICABLE
2020,10803,Georgia,0,1,1,June,23,Tuesday,4,CR-5269,County Road,Urban,Local,City or Municipal Highway Agency,12.0,32.86962778,-83.69704444,"Post, Pole or Other Supports",Not a Collision,Not an Intersection,On Roadside,,Dark - Lighted,Cloudy,0,0,2004.0,1,0,BIBB (21),MACON
2020,10803,Georgia,0,1,1,June,23,Tuesday,4,CR-5269,County Road,Urban,Local,City or Municipal Highway Agency,12.0,32.86962778,-83.69704444,"Post, Pole or Other Supports",Not a Collision,Not an Intersection,On Roadside,,Dark - Lighted,Cloudy,0,0,2014.0,0,0,BIBB (21),MACON
2020,10804,Georgia,0,2,4,June,26,Friday,7,US-29 BUS SR8/53 HOG MOUNTAIN,U.S. Highway,Urban,Principal Arterial - Other,State Highway Agency,1114.0,33.95942778,-83.66394444,Motor Vehicle In-Transport,Angle,Four-Way Intersection,On Roadway,,Daylight,Clear,0,0,2002.0,1,0,BARROW (13),NOT APPLICABLE
2020,10805,Georgia,0,1,1,June,27,Saturday,20,CR-005400,County Road,Rural,Local,County Highway Agency,13.0,32.84393611,-83.83381111,Ditch,Not a Collision,Not an Intersection,On Roadside,,Dark - Not Lighted,Clear,0,0,2020.0,1,1,BIBB (21),LIZELLA
2020,10806,Georgia,0,1,1,June,17,Wednesday,6,US-78 SR410 STONE MOUNTAIN FWY,U.S. Highway,Urban,Principal Arterial - Other,State Highway Agency,0.0,33.81033333,-84.26659722,Embankment,Not a Collision,Not an Intersection,On Roadside,,Dawn,Clear,0,0,2009.0,1,0,DEKALB (89),NOT APPLICABLE
2020,10807,Georgia,2,1,1,June,16,Tuesday,18,CS-0101,Local Street - Township,Urban,Local,City or Municipal Highway Agency,5.0,34.20633889,-84.14931667,Pedestrian,Not a Collision,Not an Intersection,On Roadside,,Daylight,Clear,0,0,1998.0,0,0,FORSYTH (117),CUMMING
2020,10808,Georgia,1,1,1,June,20,Saturday,21,SR-280 S COBB DR,State Highway,Urban,Minor Arterial,State Highway Agency,115.0,33.899725,-84.54052778,Pedestrian,Not a Collision,Not an Intersection,On Roadway,,Dark - Lighted,Clear,0,0,2005.0,1,0,COBB (67),SMYRNA
2020,10809,Georgia,0,2,3,June,22,Monday,20,SR-138 JONESBORO RD,State Highway,Urban,Principal Arterial - Other,State Highway Agency,50.0,33.55936944,-84.51390278,Motor Vehicle In-Transport,Angle,T-Intersection,On Roadway,,Dusk,Rain,0,0,2019.0,1,0,FULTON (121),UNION CITY
2020,10810,Georgia,1,1,3,June,20,Saturday,21,SR-81,State Highway,Urban,Principal Arterial - Other,State Highway Agency,299.0,33.55438056,-83.92799444,Pedalcyclist,Not a Collision,Not an Intersection,On Roadway,,Dark - Not Lighted,Clear,0,1,2008.0,0,0,NEWTON (217),NOT APPLICABLE
2020,10811,Georgia,0,1,3,June,16,Tuesday,19,SR-124,State Highway,Urban,Major Collector,State Highway Agency,435.0,34.11871944,-83.72445278,Mail Box,Not a Collision,Not an Intersection,On Roadside,,Daylight,Clear,0,0,2017.0,1,0,JACKSON (157),NOT APPLICABLE
2020,10812,Georgia,0,2,3,June,17,Wednesday,10,CR-ANTIOCH RD,County Road,Rural,Major Collector,County Highway Agency,0.0,31.09878056,-83.48271389,Motor Vehicle In-Transport,Angle,Four-Way Intersection,On Roadway,,Daylight,Clear,0,0,2020.0,1,0,COOK (75),NOT APPLICABLE
2020,10813,Georgia,0,2,3,June,16,Tuesday,8,US-319 SR35,U.S. Highway,Urban,Principal Arterial - Other,State Highway Agency,759.0,31.46304444,-83.46568889,Motor Vehicle In-Transport,Angle,Four-Way Intersection,On Roadway,,Daylight,Clear,0,0,2008.0,1,0,TIFT (277),NOT APPLICABLE
2020,10814,Georgia,0,1,2,June,18,Thursday,21,SR-9/52,State Highway,Rural,Minor Arterial,State Highway Agency,704.0,34.53074444,-84.01468611,Culvert,Not a Collision,Not an Intersection,On Roadside,,Dark - Lighted,Clear,0,0,1998.0,1,0,LUMPKIN (187),NOT APPLICABLE
2020,10814,Georgia,0,1,2,June,18,Thursday,21,SR-9/52,State Highway,Rural,Minor Arterial,State Highway Agency,704.0,34.53074444,-84.01468611,Culvert,Not a Collision,Not an Intersection,On Roadside,,Dark - Lighted,Clear,0,0,2012.0,0,0,LUMPKIN (187),NOT APPLICABLE
2020,10815,Georgia,0,1,2,June,19,Friday,1,CR-0099,County Road,Rural,Local,County Highway Agency,2.0,30.81914167,-84.88015833,Utility Pole/Light Support,Not a Collision,Not an Intersection,On Roadside,,Dark - Not Lighted,Clear,0,1,2017.0,0,0,SEMINOLE (253),NOT APPLICABLE
2020,10815,Georgia,0,1,2,June,19,Friday,1,CR-0099,County Road,Rural,Local,County Highway Agency,2.0,30.81914167,-84.88015833,Utility Pole/Light Support,Not a Collision,Not an Intersection,On Roadside,,Dark - Not Lighted,Clear,0,0,1999.0,1,0,SEMINOLE (253),NOT APPLICABLE
2020,10816,Georgia,0,1,1,June,21,Sunday,19,CR-192,County Road,Rural,Local,County Highway Agency,4.0,34.84998889,-85.35473333,Culvert,Not a Collision,Not an Intersection,On Roadside,,Daylight,Cloudy,0,0,1985.0,1,0,WALKER (295),NOT APPLICABLE
2020,10816,Georgia,0,1,1,June,21,Sunday,19,CR-192,County Road,Rural,Local,County Highway Agency,4.0,34.84998889,-85.35473333,Culvert,Not a Collision,Not an Intersection,On Roadside,,Daylight,Cloudy,0,0,2017.0,0,0,WALKER (295),NOT APPLICABLE
2020,10817,Georgia,0,2,3,June,18,Thursday,11,US-27 SR1,U.S. Highway,Rural,Principal Arterial - Other,State Highway Agency,2461.0,33.66711944,-85.15041944,Motor Vehicle In-Transport,Angle,Four-Way Intersection,On Roadway,,Daylight,Clear,0,0,2018.0,1,0,CARROLL (45),NOT APPLICABLE
2020,10818,Georgia,0,2,2,June,19,Friday,15,CR-0031,County Road,Rural,Local,County Highway Agency,10.0,31.06064722,-84.43924444,Motor Vehicle In-Transport,Front-to-Front,Not an Intersection,On Roadway,,Daylight,Clear,0,0,2020.0,1,0,DECATUR (87),NOT APPLICABLE
2020,10818,Georgia,0,2,2,June,19,Friday,15,CR-0031,County Road,Rural,Local,County Highway Agency,10.0,31.06064722,-84.43924444,Motor Vehicle In-Transport,Front-to-Front,Not an Intersection,On Roadway,,Daylight,Clear,0,0,2000.0,0,0,DECATUR (87),NOT APPLICABLE
2020,10819,Georgia,0,1,1,June,21,Sunday,21,CR- 01200,County Road,Rural,Major Collector,County Highway Agency,28.0,31.41160278,-84.51430556,Embankment,Not a Collision,Not an Intersection,On Roadside,,Dark - Not Lighted,Clear,0,0,2002.0,0,0,BAKER (7),Not Reported
2020,10820,Georgia,0,1,6,June,25,Thursday,18,US-319 SR31,U.S. Highway,Rural,Minor Arterial,State Highway Agency,1570.0,32.63936944,-82.80351667,Embankment,Not a Collision,Not an Intersection,On Roadside,,Daylight,Cloudy,0,0,2003.0,1,0,LAURENS (175),NOT APPLICABLE
2020,10821,Georgia,0,1,1,June,26,Friday,10,CR-343,County Road,Rural,Local,County Highway Agency,11.0,34.76779167,-85.05238333,Tree (Standing Only),Not a Collision,Not an Intersection,On Roadside,,Daylight,Cloudy,0,0,1998.0,0,0,WHITFIELD (313),NOT APPLICABLE
2020,10821,Georgia,0,1,1,June,26,Friday,10,CR-343,County Road,Rural,Local,County Highway Agency,11.0,34.76779167,-85.05238333,Tree (Standing Only),Not a Collision,Not an Intersection,On Roadside,,Daylight,Cloudy,0,0,2002.0,1,0,WHITFIELD (313),NOT APPLICABLE
2020,10822,Georgia,1,1,1,June,24,Wednesday,21,CR-0154,County Road,Rural,Local,County Highway Agency,3.0,33.22431667,-83.98202778,Pedestrian,Not a Collision,T-Intersection,On Roadway,,Dark - Not Lighted,Rain,0,0,2017.0,1,0,BUTTS (35),NOT APPLICABLE
2020,10822,Georgia,1,1,1,June,24,Wednesday,21,CR-0154,County Road,Rural,Local,County Highway Agency,3.0,33.22431667,-83.98202778,Pedestrian,Not a Collision,T-Intersection,On Roadway,,Dark - Not Lighted,Rain,0,0,2017.0,0,0,BUTTS (35),NOT APPLICABLE