YEAR,ST_CASE,STATENAME,NUM_PEDS,NUM_VEHC,PERSONS,MONTHNAME,DAYNAME,DAY_WEEKNAME,HOUR,ROAD_NAME,ROUTENAME,RUR_URBNAME,FUNC_SYSNAME,RD_OWNERNAME,MILE_MARKER,LATITUDE,LONGITUD,HARM_EVNAME,COLLISION_TYPE,TYP_INTNAME,REL_ROADNAME,WRK_ZONENAME,LGT_CONDNAME,WEATHERNAME,SCH_BUS,HIT_RUN,MOD_YEAR,DEATHS,DR_DRINK,COUNTYNAME,CITYNAME
2020,10823,Georgia,0,2,2,July,4,Saturday,24,I-20,Interstate,Urban,Interstate,State Highway Agency,1762.0,33.757075,-84.46888611,Motor Vehicle In-Transport,Front-to-Rear,Not an Intersection,On Roadway,,Dark - Lighted,Cloudy,0,0,2001.0,1,0,FULTON (121),ATLANTA
2020,10824,Georgia,0,1,2,July,4,Saturday,2,REDAN RD,Local Street - Municipality,Urban,Minor Arterial,County Highway Agency,2.0,33.76370833,-84.23015556,Tree (Standing Only),Not a Collision,Not an Intersection,On Roadside,,Dark - Not Lighted,Clear,0,0,2001.0,1,0,DEKALB (89),NOT APPLICABLE
2020,10825,Georgia,0,2,5,July,5,Sunday,24,CS-200103,Local Street - Township,Urban,Major Collector,City or Municipal Highway Agency,4.0,33.75963056,-84.38218333,Motor Vehicle In-Transport,Angle,Four-Way Intersection,On Roadway,,Dark - Lighted,Clear,0,0,2006.0,2,0,FULTON (121),ATLANTA
2020,10825,Georgia,0,2,5,July,5,Sunday,24,CS-200103,Local Street - Township,Urban,Major Collector,City or Municipal Highway Agency,4.0,33.75963056,-84.38218333,Motor Vehicle In-Transport,Angle,Four-Way Intersection,On Roadway,,Dark - Lighted,Clear,0,0,2016.0,0,0,FULTON (121),ATLANTA
2020,10826,Georgia,0,1,1,July,5,Sunday,23,US-279/29 PONCE DE LEON AVE,U.S. Highway,Urban,Principal Arterial - Other,State Highway Agency,634.0,33.7738,-84.36113889,Tree (Standing Only),Not a Collision,Not an Intersection,On Roadside,,Dark - Lighted,Clear,0,0,1999.0,1,0,FULTON (121),ATLANTA
2020,10827,Georgia,1,1,1,July,7,Tuesday,3,MT ZION BLVD,Local Street - Municipality,Urban,Minor Arterial,County Highway Agency,15.0,33.57244722,-84.3074,Pedestrian,Not a Collision,Not an Intersection,On Roadway,,Dark - Not Lighted,Cloudy,0,0,2012.0,1,1,CLAYTON (63),NOT APPLICABLE
2020,10827,Georgia,1,1,1,July,7,Tuesday,3,MT ZION BLVD,Local Street - Municipality,Urban,Minor Arterial,County Highway Agency,15.0,33.57244722,-84.3074,Pedestrian,Not a Collision,Not an Intersection,On Roadway,,Dark - Not Lighted,Cloudy,0,0,2014.0,0,0,CLAYTON (63),NOT APPLICABLE
2020,10828,Georgia,0,2,2,July,11,Saturday,17,SR-28,State Highway,Urban,Minor Arterial,State Highway Agency,173.0,33.58763333,-82.11864167,Motor Vehicle In-Transport,Front-to-Front,Not an Intersection,On Roadway,,Daylight,Clear,0,0,2017.0,0,0,COLUMBIA (73),NOT APPLICABLE
2020,10828,Georgia,0,2,2,July,11,Saturday,17,SR-28,State Highway,Urban,Minor Arterial,State Highway Agency,173.0,33.58763333,-82.11864167,Motor Vehicle In-Transport,Front-to-Front,Not an Intersection,On Roadway,,Daylight,Clear,0,0,2005.0,1,0,COLUMBIA (73),NOT APPLICABLE
2020,10829,Georgia,0,1,1,June,27,Saturday,17,PRATER RD,Unknown,Rural,Major Collector,County Highway Agency,26.0,33.83190278,-82.54562778,Tree (Standing Only),Not a Collision,Not an Intersection,On Roadside,,Daylight,Cloudy,0,0,2013.0,0,0,LINCOLN (181),Unknown
2020,10829,Georgia,0,1,1,June,27,Saturday,17,PRATER RD,Unknown,Rural,Major Collector,County Highway Agency,26.0,33.83190278,-82.54562778,Tree (Standing Only),Not a Collision,Not an Intersection,On Roadside,,Daylight,Cloudy,0,0,2005.0,2,0,LINCOLN (181),Unknown
2020,10830,Georgia,0,2,2,June,26,Friday,4,I-75,Interstate,Urban,Interstate,State Highway Agency,3397.0,34.84768611,-85.01730556,Motor Vehicle In-Transport,Angle,Not an Intersection,On Roadway,,Dark - Not Lighted,Clear,0,0,2009.0,1,0,WHITFIELD (313),Unknown
2020,10830,Georgia,0,2,2,June,26,Friday,4,I-75,Interstate,Urban,Interstate,State Highway Agency,3397.0,34.84768611,-85.01730556,Motor Vehicle In-Transport,Angle,Not an Intersection,On Roadway,,Dark - Not Lighted,Clear,0,0,2004.0,0,0,WHITFIELD (313),Unknown
2020,10831,Georgia,1,1,0,June,24,Wednesday,9,SR-293,State Highway,Urban,Minor Arterial,State Highway Agency,5.0,34.12711667,-84.75630556,Railway Vehicle,Not a Collision,Not an Intersection,On Roadway,,Daylight,Clear,0,0,2009.0,1,0,BARTOW (15),EMERSON
2020,10832,Georgia,0,2,2,June,26,Friday,16,CR-73/GRUBBS RD,County Road,Rural,Local,County Highway Agency,285.6623516720604,31.66840833,-84.71203611,Motor Vehicle In-Transport,Angle,Four-Way Intersection,On Roadway,,Daylight,Cloudy,0,0,2009.0,1,0,RANDOLPH (243),Unknown
2020,10833,Georgia,0,2,2,June,27,Saturday,12,US-221 N TALLAHASSEE ST,U.S. Highway,Rural,Minor Arterial,State Highway Agency,1029.0,31.87295278,-82.59425,Motor Vehicle In-Transport,Front-to-Front,Not an Intersection,On Roadway,,Daylight,Clear,0,0,2008.0,1,0,JEFF DAVIS (161),HAZLEHURST
2020,10833,Georgia,0,2,2,June,27,Saturday,12,US-221 N TALLAHASSEE ST,U.S. Highway,Rural,Minor Arterial,State Highway Agency,1029.0,31.87295278,-82.59425,Motor Vehicle In-Transport,Front-to-Front,Not an Intersection,On Roadway,,Daylight,Clear,0,0,2006.0,0,0,JEFF DAVIS (161),HAZLEHURST
2020,10834,Georgia,0,2,2,June,26,Friday,14,CR-213,County Road,Rural,Major Collector,County Highway Agency,25.0,33.53098056,-83.80587778,Motor Vehicle In-Transport,Angle,Four-Way Intersection,On Roadway,,Daylight,Clear,0,0,2017.0,1,0,NEWTON (217),Unknown
2020,10835,Georgia,0,2,2,June,27,Saturday,20,OAK RD,Unknown,Urban,Major Collector,County Highway Agency,21.0,33.89729722,-84.06600556,Motor Vehicle In-Transport,Angle,Not an Intersection,On Roadway,,Dusk,Cloudy,0,0,2011.0,1,1,GWINNETT (135),Not Reported
2020,10836,Georgia,0,1,1,June,27,Saturday,24,CR-119611/PHILLIPS DR,County Road,Urban,Local,County Highway Agency,285.6623516720604,33.59106667,-84.351075,Tree (Standing Only),Not a Collision,Not an Intersection,On Roadside,,Dark - Not Lighted,Clear,0,0,2013.0,1,0,CLAYTON (63),MORROW
2020,10836,Georgia,0,1,1,June,27,Saturday,24,CR-119611/PHILLIPS DR,County Road,Urban,Local,County Highway Agency,285.6623516720604,33.59106667,-84.351075,Tree (Standing Only),Not a Collision,Not an Intersection,On Roadside,,Dark - Not Lighted,Clear,0,0,2007.0,0,0,CLAYTON (63),MORROW
2020,10836,Georgia,0,1,1,June,27,Saturday,24,CR-119611/PHILLIPS DR,County Road,Urban,Local,County Highway Agency,285.6623516720604,33.59106667,-84.351075,Tree (Standing Only),Not a Collision,Not an Intersection,On Roadside,,Dark - Not Lighted,Clear,0,0,2001.0,0,0,CLAYTON (63),MORROW
2020,10837,Georgia,0,2,4,June,26,Friday,16,I-85 S,Interstate,Urban,Interstate,State Highway Agency,480.0,34.11828611,-83.76016944,Motor Vehicle In-Transport,Sideswipe - Same Direction,Not an Intersection,On Roadway,,Daylight,Cloudy,0,0,2012.0,1,0,JACKSON (157),BRASELTON
2020,10838,Georgia,1,1,1,June,24,Wednesday,23,I-95 N,Interstate,Urban,Interstate,State Highway Agency,1029.0,32.13529167,-81.24001667,Pedestrian,Not a Collision,Not an Intersection,On Roadway,,Dark - Not Lighted,Clear,0,0,2006.0,3,0,CHATHAM (51),SAVANNAH
2020,10838,Georgia,1,1,1,June,24,Wednesday,23,I-95 N,Interstate,Urban,Interstate,State Highway Agency,1029.0,32.13529167,-81.24001667,Pedestrian,Not a Collision,Not an Intersection,On Roadway,,Dark - Not Lighted,Clear,0,0,2018.0,0,0,CHATHAM (51),SAVANNAH
2020,10839,Georgia,0,1,1,June,30,Tuesday,12,US-96 MIAMI VALLEY RD,U.S. Highway,Urban,Minor Arterial,State Highway Agency,440.0,32.554525,-83.862275,Ditch,Not a Collision,Not an Intersection,On Roadside,,Reported as Unknown,Reported as Unknown,0,0,2014.0,0,0,PEACH (225),Unknown
2020,10840,Georgia,0,2,2,June,30,Tuesday,7,US-84 SR-38,U.S. Highway,Urban,Principal Arterial - Other,State Highway Agency,2146.0,31.58993611,-81.95209722,Motor Vehicle In-Transport,Angle,Not an Intersection,On Roadway,,Daylight,Clear,0,0,2007.0,0,0,WAYNE (305),Unknown
2020,10840,Georgia,0,2,2,June,30,Tuesday,7,US-84 SR-38,U.S. Highway,Urban,Principal Arterial - Other,State Highway Agency,2146.0,31.58993611,-81.95209722,Motor Vehicle In-Transport,Angle,Not an Intersection,On Roadway,,Daylight,Clear,0,0,2018.0,1,0,WAYNE (305),Unknown
2020,10840,Georgia,0,2,2,June,30,Tuesday,7,US-84 SR-38,U.S. Highway,Urban,Principal Arterial - Other,State Highway Agency,2146.0,31.58993611,-81.95209722,Motor Vehicle In-Transport,Angle,Not an Intersection,On Roadway,,Daylight,Clear,0,0,2012.0,0,0,WAYNE (305),Unknown
2020,10841,Georgia,0,2,6,June,29,Monday,17,US-319 SR-107 JACKSONVILLE HWY,U.S. Highway,Rural,Major Collector,State Highway Agency,288.0,31.71331944,-83.19115,Motor Vehicle In-Transport,Angle,T-Intersection,On Roadway,,Daylight,Clear,0,0,2014.0,1,0,BEN HILL (17),Unknown
2020,10841,Georgia,0,2,6,June,29,Monday,17,US-319 SR-107 JACKSONVILLE HWY,U.S. Highway,Rural,Major Collector,State Highway Agency,288.0,31.71331944,-83.19115,Motor Vehicle In-Transport,Angle,T-Intersection,On Roadway,,Daylight,Clear,0,0,1998.0,0,0,BEN HILL (17),Unknown
2020,10842,Georgia,0,2,2,June,28,Sunday,12,SR-300,State Highway,Urban,Principal Arterial - Other,State Highway Agency,1029.0,31.92370556,-83.80568333,Motor Vehicle In-Transport,Angle,Four-Way Intersection,On Roadway,,Daylight,Cloudy,0,0,2016.0,2,0,CRISP (81),Unknown
2020,10843,Georgia,0,2,2,July,1,Wednesday,12,US-78 SR-10,U.S. Highway,Rural,Principal Arterial - Other,State Highway Agency,1290.0,33.56012778,-82.5146,Motor Vehicle In-Transport,Front-to-Rear,Not an Intersection,On Roadway,,Daylight,Clear,0,0,1999.0,0,0,MCDUFFIE (189),Unknown
2020,10843,Georgia,0,2,2,July,1,Wednesday,12,US-78 SR-10,U.S. Highway,Rural,Principal Arterial - Other,State Highway Agency,1290.0,33.56012778,-82.5146,Motor Vehicle In-Transport,Front-to-Rear,Not an Intersection,On Roadway,,Daylight,Clear,0,0,2007.0,1,0,MCDUFFIE (189),Unknown
2020,10844,Georgia,0,2,2,July,3,Friday,9,US-280 SR-30,U.S. Highway,Rural,Principal Arterial - Other,State Highway Agency,735.0,31.960875,-83.42288611,Motor Vehicle In-Transport,Front-to-Front,Not an Intersection,On Roadway,,Daylight,Cloudy,0,0,2011.0,1,0,WILCOX (315),Not Reported
2020,10845,Georgia,0,1,4,July,4,Saturday,18,SR-76,State Highway,Rural,Minor Arterial,State Highway Agency,270.0,30.99393333,-83.51394444,Rollover/Overturn,Not a Collision,Not an Intersection,On Roadside,,Daylight,Clear,0,0,1989.0,1,0,BROOKS (27),Not Reported
2020,10846,Georgia,0,2,2,May,1,Friday,6,SR-211,State Highway,Urban,Minor Collector,State Highway Agency,88.0,34.01905833,-83.66209722,Motor Vehicle In-Transport,Front-to-Front,Not an Intersection,On Roadway,,Daylight,Cloudy,0,0,2020.0,1,1,BARROW (13),NOT APPLICABLE
2020,10847,Georgia,0,2,4,May,23,Saturday,18,SR-166,State Highway,Rural,Minor Arterial,State Highway Agency,142.0,33.56385,-85.21363056,Motor Vehicle In-Transport,Front-to-Rear,Not an Intersection,On Roadway,,Daylight,Clear,0,0,2008.0,1,1,CARROLL (45),BOWDON
2020,10848,Georgia,0,2,3,May,23,Saturday,15,CR-588/CATE RD,County Road,Urban,Major Collector,County Highway Agency,0.0,31.23116667,-81.51702778,Motor Vehicle In-Transport,Angle,Four-Way Intersection,On Roadway,,Daylight,Rain,0,0,2017.0,1,0,GLYNN (127),NOT APPLICABLE
2020,10848,Georgia,0,2,3,May,23,Saturday,15,CR-588/CATE RD,County Road,Urban,Major Collector,County Highway Agency,0.0,31.23116667,-81.51702778,Motor Vehicle In-Transport,Angle,Four-Way Intersection,On Roadway,,Daylight,Rain,0,0,2014.0,0,0,GLYNN (127),NOT APPLICABLE
2020,10849,Georgia,0,3,5,November,24,Tuesday,13,SR-42,State Highway,Rural,Minor Arterial,State Highway Agency,67.0,33.38482778,-84.130225,Motor Vehicle In-Transport,Angle,T-Intersection,On Roadway,,Daylight,Clear,0,0,2006.0,1,1,HENRY (151),Not Reported
2020,10850,Georgia,0,1,1,November,26,Thursday,24,SR-316,State Highway,Urban,Principal Arterial - Freeways,State Highway Agency,46.0,33.96206667,-84.02663056,Guardrail End,Not a Collision,Not an Intersection,On Median,,Dark - Not Lighted,Rain,0,0,2015.0,1,0,GWINNETT (135),LAWRENCEVILLE
2020,10850,Georgia,0,1,1,November,26,Thursday,24,SR-316,State Highway,Urban,Principal Arterial - Freeways,State Highway Agency,46.0,33.96206667,-84.02663056,Guardrail End,Not a Collision,Not an Intersection,On Median,,Dark - Not Lighted,Rain,0,0,2019.0,0,0,GWINNETT (135),LAWRENCEVILLE
2020,10851,Georgia,0,1,2,November,27,Friday,21,CR-DIXIE HIGHWAY,County Road,Rural,Major Collector,County Highway Agency,67.0,33.62320833,-83.59249444,Tree (Standing Only),Not a Collision,Not an Intersection,On Roadside,,Dark - Not Lighted,Clear,0,0,1997.0,1,1,MORGAN (211),NOT APPLICABLE
2020,10852,Georgia,0,2,8,November,28,Saturday,19,SR-0004,State Highway,Rural,Principal Arterial - Freeways,State Highway Agency,113.0,31.12982222,-82.26671667,Motor Vehicle In-Transport,Angle,Four-Way Intersection,On Roadway,,Dark - Not Lighted,Cloudy,0,0,2009.0,0,0,WARE (299),WAYCROSS
2020,10852,Georgia,0,2,8,November,28,Saturday,19,SR-0004,State Highway,Rural,Principal Arterial - Freeways,State Highway Agency,113.0,31.12982222,-82.26671667,Motor Vehicle In-Transport,Angle,Four-Way Intersection,On Roadway,,Dark - Not Lighted,Cloudy,0,0,2007.0,1,0,WARE (299),WAYCROSS
2020,10853,Georgia,0,1,1,November,28,Saturday,23,SR-0011,State Highway,Rural,Minor Arterial,State Highway Agency,280.0,31.42969167,-83.24624722,Guardrail End,Not a Collision,Not an Intersection,On Roadside,,Dark - Not Lighted,Cloudy,0,0,2004.0,1,0,BERRIEN (19),ALAPAHA
2020,10853,Georgia,0,1,1,November,28,Saturday,23,SR-0011,State Highway,Rural,Minor Arterial,State Highway Agency,280.0,31.42969167,-83.24624722,Guardrail End,Not a Collision,Not an Intersection,On Roadside,,Dark - Not Lighted,Cloudy,0,0,2012.0,0,0,BERRIEN (19),ALAPAHA
2020,10854,Georgia,0,1,1,November,30,Monday,7,SR-115,State Highway,Rural,Major Collector,State Highway Agency,6.0,34.47596111,-83.96086111,Embankment,Not a Collision,Not an Intersection,On Roadside,,Dawn,Clear,0,0,2002.0,1,0,LUMPKIN (187),NOT APPLICABLE
2020,10855,Georgia,0,2,2,January,11,Saturday,2,I-20,Interstate,Urban,Interstate,State Highway Agency,285.6623516720604,33.62943889,-83.95571667,Motor Vehicle In-Transport,Front-to-Rear,Not an Intersection,On Roadway,,Dark - Not Lighted,Cloudy,0,0,2020.0,1,0,ROCKDALE (247),CONYERS
2020,10856,Georgia,0,2,1,April,1,Wednesday,13,I-16,Interstate,Urban,Interstate,State Highway Agency,73.0,32.074925,-81.251975,Motor Vehicle In-Transport,Front-to-Rear,Not an Intersection,On Roadway,,Daylight,Clear,0,0,2008.0,0,0,CHATHAM (51),POOLER
2020,10857,Georgia,0,3,6,July,25,Saturday,22,US-19 TARA BLVD,U.S. Highway,Urban,Principal Arterial - Other,State Highway Agency,2179.0,33.49536389,-84.34350556,Motor Vehicle In-Transport,Front-to-Front,Not an Intersection,On Roadway,Maintenance,Dark - Not Lighted,Clear,0,0,1996.0,1,0,CLAYTON (63),JONESBORO
2020,10858,Georgia,0,1,1,August,14,Friday,6,E FAIRVIEW RD,Unknown,Urban,Major Collector,County Highway Agency,17.0,33.58365278,-84.11138611,Culvert,Not a Collision,Not an Intersection,On Roadside,,Dawn,"Fog, Smog, Smoke",0,0,1999.0,0,0,ROCKDALE (247),NOT APPLICABLE
2020,10859,Georgia,0,2,2,September,4,Friday,19,SR-107,State Highway,Rural,Major Collector,State Highway Agency,583.0,31.76218889,-82.75050278,Motor Vehicle In-Transport,Angle,Four-Way Intersection,On Roadway,,Daylight,Clear,0,0,2015.0,0,0,JEFF DAVIS (161),NOT APPLICABLE
2020,10860,Georgia,1,1,1,September,13,Sunday,22,I-285 RAMP,Interstate,Urban,Principal Arterial - Other,State Highway Agency,55.0,33.91610833,-84.28478056,Pedestrian,Not a Collision,Not an Intersection,On Roadway,,Dark - Not Lighted,Clear,0,0,1989.0,1,0,DEKALB (89),Not Reported
2020,20001,Missouri,0,1,1,November,29,Sunday,12,I-55,Interstate,Rural,Interstate,State Highway Agency,40.0,37.18971944,-89.53791667,Tree (Standing Only),Not a Collision,Not an Intersection,On Roadside,,Daylight,Cloudy,0,0,1996.0,1,0,SCOTT (201),NOT APPLICABLE
2020,20001,Missouri,0,1,1,November,29,Sunday,12,I-55,Interstate,Rural,Interstate,State Highway Agency,40.0,37.18971944,-89.53791667,Tree (Standing Only),Not a Collision,Not an Intersection,On Roadside,,Daylight,Cloudy,0,0,2011.0,0,0,SCOTT (201),NOT APPLICABLE
2020,20002,Missouri,0,1,1,November,30,Monday,3,SR-5,State Highway,Rural,Principal Arterial - Other,State Highway Agency,140.0,38.04325,-92.77410833,"Post, Pole or Other Supports",Not a Collision,Not an Intersection,On Roadside,,Dark - Not Lighted,Clear,0,1,2006.0,0,0,CAMDEN (29),NOT APPLICABLE
2020,20003,Missouri,1,2,1,November,30,Monday,3,SR-7,State Highway,Urban,Principal Arterial - Freeways,State Highway Agency,180.0,38.38841667,-93.77321944,Pedestrian,Not a Collision,Not an Intersection,On Shoulder,,Dark - Not Lighted,Clear,0,0,2007.0,2,0,HENRY (83),CLINTON
2020,20003,Missouri,1,2,1,November,30,Monday,3,SR-7,State Highway,Urban,Principal Arterial - Freeways,State Highway Agency,180.0,38.38841667,-93.77321944,Pedestrian,Not a Collision,Not an Intersection,On Shoulder,,Dark - Not Lighted,Clear,0,0,1999.0,0,0,HENRY (83),CLINTON
2020,20004,Missouri,0,1,3,November,30,Monday,14,SR-153,State Highway,Rural,Major Collector,State Highway Agency,0.0,36.36716667,-89.96725,Ditch,Not a Collision,Not an Intersection,On Roadside,,Daylight,Clear,0,0,2014.0,0,0,DUNKLIN (69),NOT APPLICABLE
2020,20004,Missouri,0,1,3,November,30,Monday,14,SR-153,State Highway,Rural,Major Collector,State Highway Agency,0.0,36.36716667,-89.96725,Ditch,Not a Collision,Not an Intersection,On Roadside,,Daylight,Clear,0,0,2000.0,1,0,DUNKLIN (69),NOT APPLICABLE
2020,20005,Missouri,0,1,2,November,30,Monday,16,CR-60,County Road,Rural,Local,County Highway Agency,10.0,37.33410833,-93.35671944,Other Fixed Object,Not a Collision,Not an Intersection,On Roadside,,Daylight,Clear,0,0,2017.0,1,0,GREENE (77),NOT APPLICABLE
2020,20005,Missouri,0,1,2,November,30,Monday,16,CR-60,County Road,Rural,Local,County Highway Agency,10.0,37.33410833,-93.35671944,Other Fixed Object,Not a Collision,Not an Intersection,On Roadside,,Daylight,Clear,0,0,2015.0,0,0,GREENE (77),NOT APPLICABLE
2020,20006,Missouri,1,1,1,September,27,Sunday,23,SR-MM,State Highway,Rural,Minor Arterial,State Highway Agency,20.0,37.17496667,-93.42504167,Pedestrian,Not a Collision,Four-Way Intersection,On Roadway,,Dark - Not Lighted,Rain,0,0,2007.0,0,0,GREENE (77),REPUBLIC
2020,20007,Missouri,0,1,1,October,30,Friday,17,I-35,Interstate,Urban,Interstate,State Highway Agency,0.0,39.07601389,-94.60259722,Rollover/Overturn,Not a Collision,Not an Intersection,On Roadway,,Daylight,Clear,0,1,2008.0,0,0,JACKSON (95),KANSAS CITY
2020,20008,Missouri,0,1,1,December,1,Tuesday,14,TENBROOK RD,Local Street - Municipality,Urban,Major Collector,City or Municipal Highway Agency,0.0,38.44449167,-90.36525833,Rollover/Overturn,Not a Collision,Not an Intersection,On Roadway,,Daylight,Clear,0,0,2006.0,2,0,JEFFERSON (99),ARNOLD
2020,20008,Missouri,0,1,1,December,1,Tuesday,14,TENBROOK RD,Local Street - Municipality,Urban,Major Collector,City or Municipal Highway Agency,0.0,38.44449167,-90.36525833,Rollover/Overturn,Not a Collision,Not an Intersection,On Roadway,,Daylight,Clear,0,0,2020.0,0,0,JEFFERSON (99),ARNOLD
2020,20008,Missouri,0,1,1,December,1,Tuesday,14,TENBROOK RD,Local Street - Municipality,Urban,Major Collector,City or Municipal Highway Agency,0.0,38.44449167,-90.36525833,Rollover/Overturn,Not a Collision,Not an Intersection,On Roadway,,Daylight,Clear,0,0,2016.0,0,0,JEFFERSON (99),ARNOLD
2020,20009,Missouri,0,1,2,December,1,Tuesday,15,SR-Y,State Highway,Rural,Minor Collector,State Highway Agency,60.0,37.24630556,-90.96902778,Rollover/Overturn,Not a Collision,Not an Intersection,On Roadside,,Daylight,Clear,0,0,1995.0,2,0,REYNOLDS (179),NOT APPLICABLE
2020,20009,Missouri,0,1,2,December,1,Tuesday,15,SR-Y,State Highway,Rural,Minor Collector,State Highway Agency,60.0,37.24630556,-90.96902778,Rollover/Overturn,Not a Collision,Not an Intersection,On Roadside,,Daylight,Clear,0,0,2019.0,0,0,REYNOLDS (179),NOT APPLICABLE
2020,20010,Missouri,0,1,2,December,2,Wednesday,19,SR-BU 60,State Highway,Rural,Major Collector,State Highway Agency,0.0,36.95233056,-93.79510833,Fence,Not a Collision,Not an Intersection,On Roadside,,Dark - Not Lighted,Rain,0,0,2005.0,0,0,LAWRENCE (109),VERONA
2020,20011,Missouri,0,1,4,December,4,Friday,22,I-64,Interstate,Urban,Interstate,State Highway Agency,20.0,38.63099167,-90.26584444,Guardrail Face,Not a Collision,Not an Intersection,On Roadside,,Dark - Lighted,Clear,0,0,2002.0,1,0,ST. LOUIS (CITY) (510),SAINT LOUIS
2020,20011,Missouri,0,1,4,December,4,Friday,22,I-64,Interstate,Urban,Interstate,State Highway Agency,20.0,38.63099167,-90.26584444,Guardrail Face,Not a Collision,Not an Intersection,On Roadside,,Dark - Lighted,Clear,0,0,1994.0,0,0,ST. LOUIS (CITY) (510),SAINT LOUIS
2020,20011,Missouri,0,1,4,December,4,Friday,22,I-64,Interstate,Urban,Interstate,State Highway Agency,20.0,38.63099167,-90.26584444,Guardrail Face,Not a Collision,Not an Intersection,On Roadside,,Dark - Lighted,Clear,0,0,2013.0,0,0,ST. LOUIS (CITY) (510),SAINT LOUIS
2020,20012,Missouri,0,2,2,December,5,Saturday,10,SR-98,State Highway,Rural,Minor Collector,State Highway Agency,60.0,38.94360833,-92.61810833,Rollover/Overturn,Not a Collision,Not an Intersection,On Roadway,,Daylight,Clear,0,0,1993.0,1,1,COOPER (53),NOT APPLICABLE
2020,20013,Missouri,1,1,1,December,5,Saturday,24,CHAMBERS RD,Local Street - Municipality,Urban,Minor Arterial,City or Municipal Highway Agency,30.0,38.75058056,-90.23671944,Pedestrian,Not a Collision,Not an Intersection,On Shoulder,,Dark - Lighted,Clear,0,0,2005.0,1,1,ST. LOUIS (189),MOLINE ACRES
2020,20014,Missouri,1,1,1,December,5,Saturday,23,SUNSHINE ST,Local Street - Municipality,Urban,Principal Arterial - Freeways,City or Municipal Highway Agency,10.0,37.18298611,-93.34184722,Pedestrian,Not a Collision,Not an Intersection,On Roadway,,Dark - Not Lighted,Clear,0,0,1996.0,1,0,GREENE (77),SPRINGFIELD
2020,20015,Missouri,0,2,2,December,6,Sunday,12,US-36,U.S. Highway,Urban,Principal Arterial - Freeways,State Highway Agency,190.0,39.71387222,-91.43668333,Motor Vehicle In-Transport,Angle,Not an Intersection,On Roadway,,Daylight,Clear,0,0,2005.0,1,0,MARION (127),NOT APPLICABLE
2020,20015,Missouri,0,2,2,December,6,Sunday,12,US-36,U.S. Highway,Urban,Principal Arterial - Freeways,State Highway Agency,190.0,39.71387222,-91.43668333,Motor Vehicle In-Transport,Angle,Not an Intersection,On Roadway,,Daylight,Clear,0,0,2015.0,0,0,MARION (127),NOT APPLICABLE
2020,20015,Missouri,0,2,2,December,6,Sunday,12,US-36,U.S. Highway,Urban,Principal Arterial - Freeways,State Highway Agency,190.0,39.71387222,-91.43668333,Motor Vehicle In-Transport,Angle,Not an Intersection,On Roadway,,Daylight,Clear,0,0,1997.0,0,0,MARION (127),NOT APPLICABLE
2020,20016,Missouri,0,1,1,December,7,Monday,6,US-169,U.S. Highway,Urban,Principal Arterial - Freeways,State Highway Agency,160.0,39.23457778,-94.58979167,Tree (Standing Only),Not a Collision,Not an Intersection,On Roadside,,Dark - Not Lighted,"Fog, Smog, Smoke",0,0,2008.0,1,0,CLAY (47),KANSAS CITY
2020,20017,Missouri,0,3,3,December,8,Tuesday,15,I-35,Interstate,Urban,Interstate,State Highway Agency,10.0,39.10766944,-94.56877778,Motor Vehicle In-Transport,Sideswipe - Same Direction,Not an Intersection,On Roadway,,Daylight,Clear,0,0,2011.0,1,1,JACKSON (95),KANSAS CITY
2020,20017,Missouri,0,3,3,December,8,Tuesday,15,I-35,Interstate,Urban,Interstate,State Highway Agency,10.0,39.10766944,-94.56877778,Motor Vehicle In-Transport,Sideswipe - Same Direction,Not an Intersection,On Roadway,,Daylight,Clear,0,0,2004.0,0,0,JACKSON (95),KANSAS CITY
2020,20018,Missouri,0,1,1,December,8,Tuesday,12,MARLAN AVE,Local Street - Municipality,Urban,Local,City or Municipal Highway Agency,0.0,37.22876111,-93.24927778,Traffic Sign Support,Not a Collision,T-Intersection,On Roadside,,Daylight,Clear,0,0,1997.0,1,0,GREENE (77),SPRINGFIELD
2020,20019,Missouri,1,2,1,December,9,Wednesday,4,I-29,Interstate,Urban,Interstate,State Highway Agency,60.0,39.72905556,-94.78871944,Motor Vehicle In-Transport,Front-to-Rear,Not an Intersection,On Roadway,,Dark - Not Lighted,Clear,0,0,2015.0,0,0,BUCHANAN (21),SAINT JOSEPH
2020,20019,Missouri,1,2,1,December,9,Wednesday,4,I-29,Interstate,Urban,Interstate,State Highway Agency,60.0,39.72905556,-94.78871944,Motor Vehicle In-Transport,Front-to-Rear,Not an Intersection,On Roadway,,Dark - Not Lighted,Clear,0,0,2016.0,2,0,BUCHANAN (21),SAINT JOSEPH
2020,20019,Missouri,1,2,1,December,9,Wednesday,4,I-29,Interstate,Urban,Interstate,State Highway Agency,60.0,39.72905556,-94.78871944,Motor Vehicle In-Transport,Front-to-Rear,Not an Intersection,On Roadway,,Dark - Not Lighted,Clear,0,0,2005.0,0,0,BUCHANAN (21),SAINT JOSEPH
2020,20020,Missouri,0,1,1,December,15,Tuesday,21,SR-KK,State Highway,Rural,Major Collector,State Highway Agency,40.0,36.89763611,-90.33583056,Tree (Standing Only),Not a Collision,Not an Intersection,On Roadside,,Dark - Not Lighted,Clear,0,0,2016.0,1,1,BUTLER (23),NOT APPLICABLE
2020,20021,Missouri,0,2,3,December,16,Wednesday,22,SR-364,State Highway,Urban,Principal Arterial - Freeways,State Highway Agency,80.0,38.73221944,-90.66141667,Cable Barrier,Not a Collision,Not an Intersection,On Median,,Dark - Lighted,Cloudy,0,0,2015.0,0,0,ST. CHARLES (183),COTTLEVILLE