YEAR,ST_CASE,STATENAME,NUM_PEDS,NUM_VEHC,PERSONS,MONTHNAME,DAYNAME,DAY_WEEKNAME,HOUR,ROAD_NAME,ROUTENAME,RUR_URBNAME,FUNC_SYSNAME,RD_OWNERNAME,MILE_MARKER,LATITUDE,LONGITUD,HARM_EVNAME,COLLISION_TYPE,TYP_INTNAME,REL_ROADNAME,WRK_ZONENAME,LGT_CONDNAME,WEATHERNAME,SCH_BUS,HIT_RUN,MOD_YEAR,DEATHS,DR_DRINK,COUNTYNAME,CITYNAME
2020,20021,Missouri,0,2,3,December,16,Wednesday,22,SR-364,State Highway,Urban,Principal Arterial - Freeways,State Highway Agency,80.0,38.73221944,-90.66141667,Cable Barrier,Not a Collision,Not an Intersection,On Median,,Dark - Lighted,Cloudy,0,0,2018.0,2,0,ST. CHARLES (183),COTTLEVILLE
2020,20022,Missouri,1,1,1,December,16,Wednesday,14,SR-114,State Highway,Urban,Minor Arterial,State Highway Agency,10.0,36.86405556,-89.63005556,Pedalcyclist,Not a Collision,Not an Intersection,On Roadway,,Daylight,Cloudy,0,0,2008.0,1,0,SCOTT (201),NOT APPLICABLE
2020,20023,Missouri,0,2,3,December,17,Thursday,23,I-435,Interstate,Urban,Interstate,State Highway Agency,40.0,38.93849722,-94.54208056,Motor Vehicle In-Transport,Sideswipe - Same Direction,Not an Intersection,On Roadway,,Dark - Lighted,Clear,0,0,2002.0,0,0,JACKSON (95),KANSAS CITY
2020,20024,Missouri,0,1,2,December,17,Thursday,14,US-36,U.S. Highway,Rural,Principal Arterial - Freeways,State Highway Agency,130.0,39.698575,-92.06091944,Tree (Standing Only),Not a Collision,Not an Intersection,On Roadside,,Daylight,Cloudy,0,0,2000.0,4,1,SHELBY (205),NOT APPLICABLE
2020,20025,Missouri,1,1,1,December,20,Sunday,9,EMANUEL CLEAVER II BLVD,Local Street - Municipality,Urban,Minor Arterial,City or Municipal Highway Agency,20.0,39.04515833,-94.52486667,Pedestrian,Not a Collision,Not an Intersection,On Roadside,"Work Zone, Type Unknown",Daylight,Clear,0,0,2000.0,2,0,JACKSON (95),KANSAS CITY
2020,20025,Missouri,1,1,1,December,20,Sunday,9,EMANUEL CLEAVER II BLVD,Local Street - Municipality,Urban,Minor Arterial,City or Municipal Highway Agency,20.0,39.04515833,-94.52486667,Pedestrian,Not a Collision,Not an Intersection,On Roadside,"Work Zone, Type Unknown",Daylight,Clear,0,0,2012.0,0,0,JACKSON (95),KANSAS CITY
2020,20026,Missouri,1,1,1,December,22,Tuesday,2,US-61,U.S. Highway,Rural,Principal Arterial - Freeways,State Highway Agency,180.0,39.40035833,-91.24325,Pedestrian,Not a Collision,Not an Intersection,On Roadway,,Dark - Not Lighted,Clear,0,0,2015.0,0,0,PIKE (163),NOT APPLICABLE
2020,20027,Missouri,1,1,1,December,22,Tuesday,19,SR-D,State Highway,Urban,Principal Arterial - Other,State Highway Agency,50.0,38.68708333,-90.36190556,Pedestrian,Not a Collision,Four-Way Intersection,On Roadway,,Dark - Lighted,Clear,0,0,2016.0,1,1,ST. LOUIS (189),OVERLAND
2020,20027,Missouri,1,1,1,December,22,Tuesday,19,SR-D,State Highway,Urban,Principal Arterial - Other,State Highway Agency,50.0,38.68708333,-90.36190556,Pedestrian,Not a Collision,Four-Way Intersection,On Roadway,,Dark - Lighted,Clear,0,0,2000.0,0,0,ST. LOUIS (189),OVERLAND
2020,20028,Missouri,0,1,1,December,22,Tuesday,7,MURPHY BLVD,Local Street - Municipality,Urban,Major Collector,City or Municipal Highway Agency,20.0,37.09583611,-94.51086667,Utility Pole/Light Support,Not a Collision,Not an Intersection,On Roadside,,Dark - Lighted,Cloudy,0,1,1994.0,0,0,JASPER (97),JOPLIN
2020,20029,Missouri,0,1,1,December,22,Tuesday,18,SR-DD,State Highway,Rural,Minor Collector,State Highway Agency,10.0,37.67588611,-93.07585833,Embankment,Not a Collision,Not an Intersection,On Roadside,,Dark - Not Lighted,Clear,0,0,2001.0,1,0,DALLAS (59),NOT APPLICABLE
2020,20029,Missouri,0,1,1,December,22,Tuesday,18,SR-DD,State Highway,Rural,Minor Collector,State Highway Agency,10.0,37.67588611,-93.07585833,Embankment,Not a Collision,Not an Intersection,On Roadside,,Dark - Not Lighted,Clear,0,0,2006.0,0,0,DALLAS (59),NOT APPLICABLE
2020,20030,Missouri,0,1,1,November,29,Sunday,10,US-61,U.S. Highway,Urban,Principal Arterial - Other,State Highway Agency,150.0,38.834,-90.85585833,Ditch,Not a Collision,Not an Intersection,On Roadside,,Daylight,Cloudy,0,0,2008.0,1,0,ST. CHARLES (183),NOT APPLICABLE
2020,20030,Missouri,0,1,1,November,29,Sunday,10,US-61,U.S. Highway,Urban,Principal Arterial - Other,State Highway Agency,150.0,38.834,-90.85585833,Ditch,Not a Collision,Not an Intersection,On Roadside,,Daylight,Cloudy,0,0,2020.0,0,0,ST. CHARLES (183),NOT APPLICABLE
2020,20031,Missouri,2,3,4,December,9,Wednesday,14,BLUE RIDGE BLVD,Local Street - Municipality,Urban,Minor Arterial,City or Municipal Highway Agency,70.0,38.92983333,-94.50772778,Motor Vehicle In-Transport,Front-to-Rear,Not an Intersection,On Roadway,,Daylight,Clear,0,0,2008.0,1,1,JACKSON (95),KANSAS CITY
2020,20032,Missouri,0,1,2,December,9,Wednesday,8,CR-313,County Road,Rural,Local,County Highway Agency,10.0,37.19691667,-89.51430556,Ditch,Not a Collision,Not an Intersection,On Roadside,,Daylight,Cloudy,0,0,2010.0,1,0,SCOTT (201),NOT APPLICABLE
2020,20033,Missouri,0,1,1,December,10,Thursday,14,SR-Y,State Highway,Rural,Major Collector,State Highway Agency,50.0,37.98060833,-90.42313889,Embankment,Not a Collision,Not an Intersection,On Roadside,,Daylight,Clear,0,0,2020.0,1,1,ST. FRANCOIS (187),NOT APPLICABLE
2020,20034,Missouri,0,1,1,December,10,Thursday,1,OAK ST,Local Street - Municipality,Urban,Local,City or Municipal Highway Agency,10.0,38.91927222,-94.58854722,Tree (Standing Only),Not a Collision,Not an Intersection,On Roadside,,Dark - Lighted,Clear,0,0,2001.0,1,0,JACKSON (95),KANSAS CITY
2020,20034,Missouri,0,1,1,December,10,Thursday,1,OAK ST,Local Street - Municipality,Urban,Local,City or Municipal Highway Agency,10.0,38.91927222,-94.58854722,Tree (Standing Only),Not a Collision,Not an Intersection,On Roadside,,Dark - Lighted,Clear,0,0,2010.0,1,0,JACKSON (95),KANSAS CITY
2020,20035,Missouri,1,1,1,December,10,Thursday,18,SR-366,State Highway,Urban,Principal Arterial - Other,State Highway Agency,10.0,38.55564722,-90.40489722,Pedestrian,Not a Collision,Not an Intersection,On Roadway,,Dark - Not Lighted,Clear,0,0,1997.0,0,1,ST. LOUIS (189),SUNSET HILLS
2020,20036,Missouri,0,2,2,December,11,Friday,16,SR-19,State Highway,Rural,Minor Arterial,State Highway Agency,150.0,38.01774722,-91.38433056,Motor Vehicle In-Transport,Front-to-Front,Not an Intersection,On Roadway,,Daylight,Rain,0,0,1996.0,1,0,CRAWFORD (55),NOT APPLICABLE
2020,20036,Missouri,0,2,2,December,11,Friday,16,SR-19,State Highway,Rural,Minor Arterial,State Highway Agency,150.0,38.01774722,-91.38433056,Motor Vehicle In-Transport,Front-to-Front,Not an Intersection,On Roadway,,Daylight,Rain,0,0,1998.0,0,0,CRAWFORD (55),NOT APPLICABLE
2020,20037,Missouri,0,1,1,December,11,Friday,21,SR-Z,State Highway,Rural,Major Collector,State Highway Agency,110.0,39.68719167,-91.71613611,Embankment,Not a Collision,Not an Intersection,On Roadside,,Dark - Not Lighted,Rain,0,0,2006.0,1,1,MARION (127),NOT APPLICABLE
2020,20038,Missouri,0,2,2,December,12,Saturday,17,40TH ST,Local Street - Municipality,Urban,Local,City or Municipal Highway Agency,10.0,39.05348611,-94.54903611,Motor Vehicle In-Transport,Angle,Y-Intersection,On Roadway,,Dark - Lighted,Clear,0,1,2007.0,0,1,JACKSON (95),KANSAS CITY
2020,20039,Missouri,0,1,1,December,12,Saturday,7,SR-17,State Highway,Rural,Minor Arterial,State Highway Agency,240.0,37.75641667,-92.29366667,Culvert,Not a Collision,Not an Intersection,On Roadside,,Dark - Not Lighted,Rain,0,0,2019.0,1,0,PULASKI (169),NOT APPLICABLE
2020,20040,Missouri,1,1,1,December,13,Sunday,24,SR-51,State Highway,Rural,Major Collector,State Highway Agency,100.0,36.66635833,-90.24208056,Pedestrian,Not a Collision,Not an Intersection,On Roadway,,Dark - Not Lighted,Clear,0,0,2017.0,0,0,BUTLER (23),NOT APPLICABLE
2020,20041,Missouri,0,1,1,December,13,Sunday,10,SR-13,State Highway,Rural,Principal Arterial - Other,State Highway Agency,170.0,36.61344167,-93.41844167,Embankment,Not a Collision,Not an Intersection,On Roadside,,Daylight,Snow,0,0,2019.0,1,0,STONE (209),NOT APPLICABLE
2020,20041,Missouri,0,1,1,December,13,Sunday,10,SR-13,State Highway,Rural,Principal Arterial - Other,State Highway Agency,170.0,36.61344167,-93.41844167,Embankment,Not a Collision,Not an Intersection,On Roadside,,Daylight,Snow,0,0,1999.0,0,0,STONE (209),NOT APPLICABLE
2020,20043,Missouri,0,1,1,December,15,Tuesday,24,US-65,U.S. Highway,Rural,Principal Arterial - Freeways,State Highway Agency,190.0,36.83010833,-93.21980556,Embankment,Not a Collision,Not an Intersection,On Roadside,,Dark - Not Lighted,Clear,0,0,2008.0,1,1,CHRISTIAN (43),NOT APPLICABLE
2020,20044,Missouri,0,2,2,November,27,Friday,12,SR-Y,State Highway,Rural,Major Collector,State Highway Agency,50.0,36.13405556,-90.07474722,Motor Vehicle In-Transport,Angle,Not an Intersection,On Roadway,,Daylight,Cloudy,0,0,2001.0,0,1,DUNKLIN (69),NOT APPLICABLE
2020,20045,Missouri,0,1,1,December,11,Friday,6,US-63,U.S. Highway,Urban,Principal Arterial - Other,State Highway Agency,230.0,36.76985833,-91.88066667,Ground,Not a Collision,Not an Intersection,On Roadside,,Reported as Unknown,Clear,0,0,2008.0,0,0,HOWELL (91),WEST PLAINS
2020,20045,Missouri,0,1,1,December,11,Friday,6,US-63,U.S. Highway,Urban,Principal Arterial - Other,State Highway Agency,230.0,36.76985833,-91.88066667,Ground,Not a Collision,Not an Intersection,On Roadside,,Reported as Unknown,Clear,0,0,2014.0,1,0,HOWELL (91),WEST PLAINS
2020,20046,Missouri,0,2,5,December,15,Tuesday,8,HALL ST,Local Street - Municipality,Urban,Principal Arterial - Other,City or Municipal Highway Agency,40.0,38.72376667,-90.22586389,Motor Vehicle In-Transport,Angle,Not an Intersection,On Roadway,,Daylight,Not Reported,0,0,2000.0,1,0,ST. LOUIS (CITY) (510),SAINT LOUIS
2020,20046,Missouri,0,2,5,December,15,Tuesday,8,HALL ST,Local Street - Municipality,Urban,Principal Arterial - Other,City or Municipal Highway Agency,40.0,38.72376667,-90.22586389,Motor Vehicle In-Transport,Angle,Not an Intersection,On Roadway,,Daylight,Not Reported,0,0,2016.0,0,0,ST. LOUIS (CITY) (510),SAINT LOUIS
2020,20048,Missouri,0,1,2,December,24,Thursday,21,SR-181,State Highway,Rural,Major Collector,State Highway Agency,270.0,36.82386111,-92.22153611,Tree (Standing Only),Not a Collision,Not an Intersection,On Roadside,,Dark - Not Lighted,Clear,0,0,2014.0,0,1,DOUGLAS (67),NOT APPLICABLE
2020,20048,Missouri,0,1,2,December,24,Thursday,21,SR-181,State Highway,Rural,Major Collector,State Highway Agency,270.0,36.82386111,-92.22153611,Tree (Standing Only),Not a Collision,Not an Intersection,On Roadside,,Dark - Not Lighted,Clear,0,0,2008.0,0,0,DOUGLAS (67),NOT APPLICABLE
2020,20049,Missouri,0,1,2,December,24,Thursday,13,SR-H,State Highway,Rural,Major Collector,State Highway Agency,150.0,37.34105556,-94.36035833,Embankment,Not a Collision,Not an Intersection,On Roadside,,Daylight,Cloudy,0,0,2012.0,0,0,JASPER (97),NOT APPLICABLE
2020,20049,Missouri,0,1,2,December,24,Thursday,13,SR-H,State Highway,Rural,Major Collector,State Highway Agency,150.0,37.34105556,-94.36035833,Embankment,Not a Collision,Not an Intersection,On Roadside,,Daylight,Cloudy,0,0,2008.0,1,0,JASPER (97),NOT APPLICABLE
2020,20050,Missouri,0,2,3,December,25,Friday,13,E 99TH ST,Local Street - Municipality,Urban,Local,City or Municipal Highway Agency,10.0,38.945125,-94.508275,Motor Vehicle In-Transport,Angle,Four-Way Intersection,On Roadway,,Daylight,Clear,0,0,1994.0,0,0,JACKSON (95),KANSAS CITY
2020,20050,Missouri,0,2,3,December,25,Friday,13,E 99TH ST,Local Street - Municipality,Urban,Local,City or Municipal Highway Agency,10.0,38.945125,-94.508275,Motor Vehicle In-Transport,Angle,Four-Way Intersection,On Roadway,,Daylight,Clear,0,0,2001.0,1,0,JACKSON (95),KANSAS CITY
2020,20051,Missouri,0,1,1,December,27,Sunday,18,US-50,U.S. Highway,Rural,Principal Arterial - Freeways,State Highway Agency,240.0,38.51385833,-92.04205556,Ground,Not a Collision,Not an Intersection,On Roadside,,Daylight,Clear,0,0,2000.0,1,0,COLE (51),NOT APPLICABLE
2020,20051,Missouri,0,1,1,December,27,Sunday,18,US-50,U.S. Highway,Rural,Principal Arterial - Freeways,State Highway Agency,240.0,38.51385833,-92.04205556,Ground,Not a Collision,Not an Intersection,On Roadside,,Daylight,Clear,0,0,2016.0,0,0,COLE (51),NOT APPLICABLE
2020,20052,Missouri,0,1,1,December,27,Sunday,24,CR-DIETRICH RD,County Road,Rural,Minor Collector,County Highway Agency,50.0,38.83927778,-90.95125,Traffic Sign Support,Not a Collision,Not an Intersection,On Roadside,,Dark - Not Lighted,Clear,0,0,2005.0,0,0,ST. CHARLES (183),FORISTELL
2020,20053,Missouri,0,1,1,December,27,Sunday,23,SR-10,State Highway,Urban,Principal Arterial - Other,State Highway Agency,180.0,39.27888611,-93.92563889,Tree (Standing Only),Not a Collision,Not an Intersection,On Roadside,,Dark - Not Lighted,Clear,0,0,1997.0,0,0,RAY (177),NOT APPLICABLE
2020,20054,Missouri,0,1,1,December,8,Tuesday,22,RIVER DES PERES BLVD,Local Street - Municipality,Urban,Minor Arterial,City or Municipal Highway Agency,10.0,38.57550278,-90.308625,Tree (Standing Only),Not a Collision,T-Intersection,On Roadside,,Dark - Lighted,Clear,0,0,2010.0,1,1,ST. LOUIS (CITY) (510),SAINT LOUIS
2020,20055,Missouri,0,4,6,December,9,Wednesday,19,SR-D,State Highway,Urban,Principal Arterial - Other,State Highway Agency,30.0,38.65235278,-90.24202222,Motor Vehicle In-Transport,Sideswipe - Same Direction,Not an Intersection,On Roadway,,Dark - Lighted,Clear,0,0,2008.0,1,1,ST. LOUIS (CITY) (510),SAINT LOUIS
2021,10001,Florida,0,3,5,September,5,Sunday,14,US-90,U.S. Highway,Rural,Minor Arterial,State Highway Agency,498.765306122449,30.71869167,-84.97350833,Motor Vehicle In-Transport,Angle,Four-Way Intersection,On Roadway,,Daylight,Clear,0,0,2016.0,1,0,JACKSON (63),NOT APPLICABLE
2021,10001,Florida,0,3,5,September,5,Sunday,14,US-90,U.S. Highway,Rural,Minor Arterial,State Highway Agency,498.765306122449,30.71869167,-84.97350833,Motor Vehicle In-Transport,Angle,Four-Way Intersection,On Roadway,,Daylight,Clear,0,0,2021.0,1,0,JACKSON (63),NOT APPLICABLE
2021,10002,Florida,1,1,3,August,28,Saturday,1,US-98,U.S. Highway,Urban,Principal Arterial - Other,State Highway Agency,498.765306122449,28.13628611,-81.97377778,Pedestrian,Not a Collision,Not an Intersection,On Roadway,,Dark - Not Lighted,Clear,0,0,2004.0,2,0,POLK (105),NOT APPLICABLE
2021,10003,Florida,0,2,3,September,26,Sunday,21,RACETRACK RD,Local Street - Municipality,Urban,Local,Not Reported,498.765306122449,30.104425,-81.48279444,Motor Vehicle In-Transport,Angle,Four-Way Intersection,On Roadway,,Dark - Lighted,Clear,0,0,2009.0,0,0,ST. JOHNS (109),NOT APPLICABLE
2021,10004,Florida,1,1,1,September,23,Thursday,20,SR-615,State Highway,Urban,Principal Arterial - Other,State Highway Agency,498.765306122449,27.45338056,-80.34992778,Pedalcyclist,Not a Collision,Not an Intersection,On Roadway,,Dark - Lighted,Clear,0,0,2020.0,1,0,ST. LUCIE (111),FORT PIERCE
2021,10005,Florida,0,1,1,July,18,Sunday,2,I-75,Interstate,Urban,Interstate,State Highway Agency,498.765306122449,25.89285,-80.32406944,Tree (Standing Only),Not a Collision,Not an Intersection,On Roadside,,Dark - Lighted,Clear,0,0,1998.0,1,1,MIAMI-DADE (86),HIALEAH
2021,10005,Florida,0,1,1,July,18,Sunday,2,I-75,Interstate,Urban,Interstate,State Highway Agency,498.765306122449,25.89285,-80.32406944,Tree (Standing Only),Not a Collision,Not an Intersection,On Roadside,,Dark - Lighted,Clear,0,0,2013.0,0,0,MIAMI-DADE (86),HIALEAH
2021,10006,Florida,0,2,2,September,17,Friday,13,SR-589,State Highway,Urban,Principal Arterial - Freeways,State Highway Agency,498.765306122449,28.00741111,-82.54556389,Concrete Traffic Barrier,Not a Collision,Not an Intersection,On Roadside,,Daylight,Clear,0,0,2013.0,1,0,HILLSBOROUGH (57),NOT APPLICABLE
2021,10006,Florida,0,2,2,September,17,Friday,13,SR-589,State Highway,Urban,Principal Arterial - Freeways,State Highway Agency,498.765306122449,28.00741111,-82.54556389,Concrete Traffic Barrier,Not a Collision,Not an Intersection,On Roadside,,Daylight,Clear,0,0,1999.0,0,0,HILLSBOROUGH (57),NOT APPLICABLE
2021,10006,Florida,0,2,2,September,17,Friday,13,SR-589,State Highway,Urban,Principal Arterial - Freeways,State Highway Agency,498.765306122449,28.00741111,-82.54556389,Concrete Traffic Barrier,Not a Collision,Not an Intersection,On Roadside,,Daylight,Clear,0,0,2018.0,0,0,HILLSBOROUGH (57),NOT APPLICABLE
2021,10007,Florida,1,1,1,September,17,Friday,14,US-92,U.S. Highway,Urban,Minor Arterial,State Highway Agency,498.765306122449,27.77856667,-82.63860556,Pedestrian,Not a Collision,Not an Intersection,On Roadway,,Daylight,Rain,0,0,2003.0,1,1,PINELLAS (103),SAINT PETERSBURG
2021,10008,Florida,0,2,7,September,5,Sunday,15,US-27,U.S. Highway,Urban,Principal Arterial - Other,State Highway Agency,498.765306122449,28.62723056,-81.76493889,Motor Vehicle In-Transport,Angle,T-Intersection,On Roadway,,Daylight,Clear,0,0,2017.0,1,1,LAKE (69),NOT APPLICABLE
2021,10008,Florida,0,2,7,September,5,Sunday,15,US-27,U.S. Highway,Urban,Principal Arterial - Other,State Highway Agency,498.765306122449,28.62723056,-81.76493889,Motor Vehicle In-Transport,Angle,T-Intersection,On Roadway,,Daylight,Clear,0,0,2017.0,0,0,LAKE (69),NOT APPLICABLE
2021,10009,Florida,1,1,1,September,4,Saturday,17,CR-509,County Road,Urban,Minor Arterial,Not Reported,498.765306122449,28.23021944,-80.72146944,Pedestrian,Not a Collision,Not an Intersection,On Roadway,,Daylight,Clear,0,0,2015.0,1,1,BREVARD (9),NOT APPLICABLE
2021,10010,Florida,1,1,1,September,25,Saturday,21,UNIVERSITY PARKWAY,Unknown,Urban,Minor Arterial,State Highway Agency,498.765306122449,30.53378056,-87.22112222,Pedestrian,Not a Collision,Not an Intersection,On Roadway,,Dark - Lighted,Clear,0,0,2013.0,0,0,ESCAMBIA (33),NOT APPLICABLE
2021,10010,Florida,1,1,1,September,25,Saturday,21,UNIVERSITY PARKWAY,Unknown,Urban,Minor Arterial,State Highway Agency,498.765306122449,30.53378056,-87.22112222,Pedestrian,Not a Collision,Not an Intersection,On Roadway,,Dark - Lighted,Clear,0,0,2013.0,1,0,ESCAMBIA (33),NOT APPLICABLE
2021,10010,Florida,1,1,1,September,25,Saturday,21,UNIVERSITY PARKWAY,Unknown,Urban,Minor Arterial,State Highway Agency,498.765306122449,30.53378056,-87.22112222,Pedestrian,Not a Collision,Not an Intersection,On Roadway,,Dark - Lighted,Clear,0,0,2015.0,0,0,ESCAMBIA (33),NOT APPLICABLE
2021,10011,Florida,0,2,2,September,19,Sunday,19,US-41,U.S. Highway,Urban,Principal Arterial - Other,State Highway Agency,498.765306122449,28.26996111,-82.48001944,Motor Vehicle In-Transport,Angle,Not an Intersection,On Roadway,,Dark - Lighted,Cloudy,0,0,2015.0,1,0,PASCO (101),NOT APPLICABLE
2021,10012,Florida,0,2,2,September,28,Tuesday,17,SR-64,State Highway,Rural,Principal Arterial - Other,State Highway Agency,498.765306122449,27.46806111,-82.07562778,Motor Vehicle In-Transport,Front-to-Front,T-Intersection,On Roadway,,Daylight,Clear,0,0,2002.0,1,1,MANATEE (81),NOT APPLICABLE
2021,10012,Florida,0,2,2,September,28,Tuesday,17,SR-64,State Highway,Rural,Principal Arterial - Other,State Highway Agency,498.765306122449,27.46806111,-82.07562778,Motor Vehicle In-Transport,Front-to-Front,T-Intersection,On Roadway,,Daylight,Clear,0,0,2020.0,0,0,MANATEE (81),NOT APPLICABLE
2021,10013,Florida,1,1,1,September,22,Wednesday,9,BEACH BLVD,Other,Urban,Local,County Highway Agency,498.765306122449,28.56071944,-81.31871111,Pedestrian,Not a Collision,Not an Intersection,On Roadway,,Daylight,Clear,0,0,2009.0,0,1,ORANGE (95),NOT APPLICABLE
2021,10013,Florida,1,1,1,September,22,Wednesday,9,BEACH BLVD,Other,Urban,Local,County Highway Agency,498.765306122449,28.56071944,-81.31871111,Pedestrian,Not a Collision,Not an Intersection,On Roadway,,Daylight,Clear,0,0,2001.0,1,1,ORANGE (95),NOT APPLICABLE
2021,10014,Florida,1,1,1,September,20,Monday,6,US-17,U.S. Highway,Urban,Principal Arterial - Other,State Highway Agency,498.765306122449,26.94093611,-82.03938333,Pedestrian,Not a Collision,Not an Intersection,On Roadway,,Dark - Not Lighted,Clear,0,0,1995.0,0,0,CHARLOTTE (15),PUNTA GORDA
2021,10015,Florida,0,2,3,March,17,Wednesday,23,US-27,U.S. Highway,Rural,Principal Arterial - Other,State Highway Agency,498.765306122449,25.93691389,-80.43045278,Motor Vehicle In-Transport,Front-to-Rear,Not an Intersection,On Roadway,,Dark - Lighted,Clear,0,0,2015.0,0,0,MIAMI-DADE (86),HIALEAH
2021,10016,Florida,1,1,1,September,14,Tuesday,22,CR-453,County Road,Urban,Minor Arterial,Not Reported,498.765306122449,30.45983056,-87.25141944,Pedalcyclist,Not a Collision,Not an Intersection,On Roadway,,Dark - Lighted,Rain,0,0,2011.0,1,0,ESCAMBIA (33),NOT APPLICABLE
2021,10017,Florida,0,1,2,September,18,Saturday,18,SR-A1A,State Highway,Urban,Principal Arterial - Other,State Highway Agency,498.765306122449,29.17311389,-80.98130278,Fell/Jumped from Vehicle,Not a Collision,Not an Intersection,On Roadside,,Daylight,Clear,0,0,2019.0,1,1,VOLUSIA (127),NEW SMYRNA BEACH
2021,10018,Florida,0,2,7,September,25,Saturday,15,S MILITARY TRL,Local Street - Municipality,Urban,Principal Arterial - Other,State Highway Agency,498.765306122449,26.55591111,-80.11711944,Motor Vehicle In-Transport,Front-to-Front,Not an Intersection,On Roadway,,Daylight,Clear,0,0,2004.0,0,0,PALM BEACH (99),NOT APPLICABLE
2021,10019,Florida,0,2,2,September,9,Thursday,21,SR-78,State Highway,Rural,Minor Arterial,State Highway Agency,498.765306122449,27.12965,-80.90436111,Motor Vehicle In-Transport,Front-to-Front,Not an Intersection,On Roadway,,Dark - Not Lighted,Cloudy,0,0,2002.0,1,0,GLADES (43),NOT APPLICABLE
2021,10020,Florida,0,1,2,September,10,Friday,16,US-1,U.S. Highway,Urban,Principal Arterial - Other,State Highway Agency,498.765306122449,25.1089,-80.42675,Tree (Standing Only),Not a Collision,Not an Intersection,Off Roadway-Location Unknown,,Daylight,Clear,0,0,2006.0,1,1,MONROE (87),KEY LARGO
2021,10021,Florida,0,2,5,September,26,Sunday,15,US-41,U.S. Highway,Rural,Principal Arterial - Other,State Highway Agency,498.765306122449,25.91083056,-81.36448889,Motor Vehicle In-Transport,Front-to-Front,Not an Intersection,On Roadway,,Daylight,Clear,0,0,1994.0,1,0,COLLIER (21),NOT APPLICABLE
2021,10022,Florida,0,2,3,September,5,Sunday,5,S POINCIANA BLVD,Local Street - Municipality,Urban,Principal Arterial - Other,Not Reported,498.765306122449,28.2101,-81.47628333,Motor Vehicle In-Transport,Front-to-Front,Not an Intersection,On Roadway,,Dark - Lighted,Clear,0,0,2009.0,0,0,OSCEOLA (97),NOT APPLICABLE
2021,10023,Florida,1,1,1,September,24,Friday,6,MAXWELL DR,Other,Rural,Local,Not Reported,498.765306122449,27.58663333,-81.81635278,Pedestrian,Not a Collision,Not an Intersection,On Roadway,,Dawn,Clear,0,0,2007.0,2,0,HARDEE (49),NOT APPLICABLE
2021,10024,Florida,0,2,2,September,20,Monday,12,7TH AVE,Local Street - Municipality,Urban,Local,City or Municipal Highway Agency,498.765306122449,27.493825,-82.59518611,Motor Vehicle In-Transport,Angle,Four-Way Intersection,On Roadway,,Daylight,Clear,0,0,2003.0,1,1,MANATEE (81),BRADENTON
2021,10025,Florida,0,2,2,February,21,Sunday,14,CR-438,County Road,Urban,Minor Arterial,State Highway Agency,498.765306122449,28.57191944,-81.56077222,Motor Vehicle In-Transport,Angle,T-Intersection,On Roadway,,Daylight,Clear,0,0,2018.0,1,0,ORANGE (95),WINTER GARDEN
2021,10025,Florida,0,2,2,February,21,Sunday,14,CR-438,County Road,Urban,Minor Arterial,State Highway Agency,498.765306122449,28.57191944,-81.56077222,Motor Vehicle In-Transport,Angle,T-Intersection,On Roadway,,Daylight,Clear,0,0,2019.0,0,0,ORANGE (95),WINTER GARDEN
2021,10026,Florida,0,2,2,September,23,Thursday,16,SR-19,State Highway,Urban,Minor Arterial,State Highway Agency,498.765306122449,28.63571389,-81.81491944,Motor Vehicle In-Transport,Front-to-Front,Not an Intersection,On Roadway,,Daylight,Clear,0,0,1996.0,1,0,LAKE (69),GROVELAND
2021,10026,Florida,0,2,2,September,23,Thursday,16,SR-19,State Highway,Urban,Minor Arterial,State Highway Agency,498.765306122449,28.63571389,-81.81491944,Motor Vehicle In-Transport,Front-to-Front,Not an Intersection,On Roadway,,Daylight,Clear,0,0,1994.0,0,0,LAKE (69),GROVELAND
2021,10027,Florida,1,1,3,September,20,Monday,20,US-1,U.S. Highway,Urban,Principal Arterial - Other,State Highway Agency,498.765306122449,25.56601944,-80.38200556,Pedestrian,Not a Collision,Not an Intersection,On Roadway,,Dark - Lighted,Clear,0,0,1997.0,1,0,MIAMI-DADE (86),NOT APPLICABLE
2021,10027,Florida,1,1,3,September,20,Monday,20,US-1,U.S. Highway,Urban,Principal Arterial - Other,State Highway Agency,498.765306122449,25.56601944,-80.38200556,Pedestrian,Not a Collision,Not an Intersection,On Roadway,,Dark - Lighted,Clear,0,0,2003.0,0,0,MIAMI-DADE (86),NOT APPLICABLE
2021,10027,Florida,1,1,3,September,20,Monday,20,US-1,U.S. Highway,Urban,Principal Arterial - Other,State Highway Agency,498.765306122449,25.56601944,-80.38200556,Pedestrian,Not a Collision,Not an Intersection,On Roadway,,Dark - Lighted,Clear,0,0,2018.0,0,0,MIAMI-DADE (86),NOT APPLICABLE