YEAR,ST_CASE,STATENAME,NUM_PEDS,NUM_VEHC,PERSONS,MONTHNAME,DAYNAME,DAY_WEEKNAME,HOUR,ROAD_NAME,ROUTENAME,RUR_URBNAME,FUNC_SYSNAME,RD_OWNERNAME,MILE_MARKER,LATITUDE,LONGITUD,HARM_EVNAME,COLLISION_TYPE,TYP_INTNAME,REL_ROADNAME,WRK_ZONENAME,LGT_CONDNAME,WEATHERNAME,SCH_BUS,HIT_RUN,MOD_YEAR,DEATHS,DR_DRINK,COUNTYNAME,CITYNAME
2021,10028,Florida,0,2,3,August,22,Sunday,3,SR-46,State Highway,Rural,Principal Arterial - Other,State Highway Agency,498.765306122449,28.68169167,-80.98495556,Motor Vehicle In-Transport,Front-to-Front,Not an Intersection,On Roadway,,Dark - Not Lighted,Clear,0,0,2011.0,0,0,VOLUSIA (127),NOT APPLICABLE
2021,10028,Florida,0,2,3,August,22,Sunday,3,SR-46,State Highway,Rural,Principal Arterial - Other,State Highway Agency,498.765306122449,28.68169167,-80.98495556,Motor Vehicle In-Transport,Front-to-Front,Not an Intersection,On Roadway,,Dark - Not Lighted,Clear,0,0,2020.0,1,0,VOLUSIA (127),NOT APPLICABLE
2021,10029,Florida,1,1,1,September,15,Wednesday,3,I-95,Interstate,Rural,Interstate,State Highway Agency,498.765306122449,30.09237222,-81.49792222,Pedestrian,Not a Collision,Not an Intersection,On Roadway,,Dark - Not Lighted,Clear,0,0,1994.0,1,1,ST. JOHNS (109),NOT APPLICABLE
2021,10030,Florida,0,2,2,September,20,Monday,24,SR-121,State Highway,Rural,Minor Arterial,State Highway Agency,498.765306122449,30.17760833,-82.17167222,Motor Vehicle In-Transport,Front-to-Front,Not an Intersection,On Roadway,,Dark - Not Lighted,Rain,0,0,2016.0,1,0,BAKER (3),NOT APPLICABLE
2021,10030,Florida,0,2,2,September,20,Monday,24,SR-121,State Highway,Rural,Minor Arterial,State Highway Agency,498.765306122449,30.17760833,-82.17167222,Motor Vehicle In-Transport,Front-to-Front,Not an Intersection,On Roadway,,Dark - Not Lighted,Rain,0,0,2009.0,0,0,BAKER (3),NOT APPLICABLE
2021,10031,Florida,0,4,4,September,23,Thursday,16,US-441,U.S. Highway,Urban,Principal Arterial - Other,State Highway Agency,498.765306122449,28.82137222,-81.6775,Motor Vehicle In-Transport,Front-to-Rear,Not an Intersection,On Roadway,,Daylight,Clear,0,0,1992.0,1,0,LAKE (69),EUSTIS
2021,10032,Florida,1,2,3,September,10,Friday,17,199TH ST,Local Street - Municipality,Urban,Minor Arterial,County Highway Agency,498.765306122449,25.95647778,-80.22095,Pedalcyclist,Not a Collision,Not an Intersection,On Roadway,,Daylight,Clear,0,0,2014.0,1,0,MIAMI-DADE (86),MIAMI GARDENS
2021,10032,Florida,1,2,3,September,10,Friday,17,199TH ST,Local Street - Municipality,Urban,Minor Arterial,County Highway Agency,498.765306122449,25.95647778,-80.22095,Pedalcyclist,Not a Collision,Not an Intersection,On Roadway,,Daylight,Clear,0,0,2005.0,0,0,MIAMI-DADE (86),MIAMI GARDENS
2021,10033,Florida,0,1,1,August,29,Sunday,3,SR-11,State Highway,Urban,Minor Arterial,State Highway Agency,498.765306122449,29.07223611,-81.30476667,Traffic Sign Support,Not a Collision,Y-Intersection,Gore,,Dark - Not Lighted,Clear,0,0,2001.0,1,0,VOLUSIA (127),NOT APPLICABLE
2021,10034,Florida,0,1,1,September,21,Tuesday,13,SR-20,State Highway,Rural,Principal Arterial - Other,State Highway Agency,498.765306122449,30.43213056,-84.94841111,Tree (Standing Only),Not a Collision,Not an Intersection,Off Roadway-Location Unknown,,Daylight,Clear,0,0,2004.0,1,0,LIBERTY (77),NOT APPLICABLE
2021,10035,Florida,0,1,1,September,26,Sunday,6,CR-865 BONITA BCH RD,County Road,Urban,Major Collector,Not Reported,498.765306122449,26.33193056,-81.68381667,Tree (Standing Only),Not a Collision,Not an Intersection,On Roadside,,Daylight,Clear,0,0,2010.0,1,0,LEE (71),NOT APPLICABLE
2021,10036,Florida,0,1,1,September,24,Friday,18,I-95,Interstate,Urban,Interstate,State Highway Agency,498.765306122449,28.61605,-80.85130556,Other Object (not fixed),Not a Collision,Not an Intersection,On Roadway,,Daylight,Clear,0,0,2011.0,1,1,BREVARD (9),NOT APPLICABLE
2021,10037,Florida,0,2,3,September,24,Friday,19,CR-23A,County Road,Rural,Local,County Highway Agency,498.765306122449,30.29861944,-82.13681944,Motor Vehicle In-Transport,Angle,Not an Intersection,On Roadway,,Dusk,Clear,0,0,1994.0,1,0,BAKER (3),MACCLENNY
2021,10037,Florida,0,2,3,September,24,Friday,19,CR-23A,County Road,Rural,Local,County Highway Agency,498.765306122449,30.29861944,-82.13681944,Motor Vehicle In-Transport,Angle,Not an Intersection,On Roadway,,Dusk,Clear,0,0,2013.0,1,0,BAKER (3),MACCLENNY
2021,10038,Florida,2,2,5,September,19,Sunday,5,SR-821 FLORIDAS,State Highway,Urban,Principal Arterial - Freeways,State Highway Agency,498.765306122449,25.502025,-80.41739167,Other Object (not fixed),Not a Collision,Not an Intersection,On Roadway,,Dark - Lighted,Clear,0,0,2002.0,1,1,MIAMI-DADE (86),MIAMI
2021,10039,Florida,1,1,1,September,21,Tuesday,22,US-41,U.S. Highway,Urban,Principal Arterial - Other,State Highway Agency,498.765306122449,27.44519444,-82.57532222,Pedestrian,Not a Collision,Not an Intersection,On Roadway,,Dark - Lighted,Cloudy,0,0,2018.0,1,0,MANATEE (81),NOT APPLICABLE
2021,10039,Florida,1,1,1,September,21,Tuesday,22,US-41,U.S. Highway,Urban,Principal Arterial - Other,State Highway Agency,498.765306122449,27.44519444,-82.57532222,Pedestrian,Not a Collision,Not an Intersection,On Roadway,,Dark - Lighted,Cloudy,0,0,2015.0,0,0,MANATEE (81),NOT APPLICABLE
2021,10040,Florida,0,2,3,September,26,Sunday,2,SR-82,State Highway,Urban,Principal Arterial - Other,State Highway Agency,498.765306122449,26.59415833,-81.739475,Motor Vehicle In-Transport,Front-to-Front,Four-Way Intersection,On Roadway,,Dark - Lighted,Clear,0,0,2000.0,1,0,LEE (71),NOT APPLICABLE
2021,10041,Florida,0,2,2,September,30,Thursday,2,US-41,U.S. Highway,Rural,Principal Arterial - Other,State Highway Agency,498.765306122449,25.87375833,-81.19928056,Motor Vehicle In-Transport,Front-to-Front,Not an Intersection,On Roadway,,Dark - Not Lighted,Clear,0,0,2017.0,1,1,COLLIER (21),NOT APPLICABLE
2021,10042,Florida,1,1,1,September,28,Tuesday,8,SR-94,State Highway,Urban,Principal Arterial - Other,State Highway Agency,498.765306122449,25.683975,-80.46038889,Pedestrian,Not a Collision,Not an Intersection,On Roadway,,Daylight,Clear,0,0,2009.0,0,0,MIAMI-DADE (86),MIAMI
2021,10042,Florida,1,1,1,September,28,Tuesday,8,SR-94,State Highway,Urban,Principal Arterial - Other,State Highway Agency,498.765306122449,25.683975,-80.46038889,Pedestrian,Not a Collision,Not an Intersection,On Roadway,,Daylight,Clear,0,0,2017.0,0,0,MIAMI-DADE (86),MIAMI
2021,10043,Florida,1,1,1,August,30,Monday,17,SR-583,State Highway,Urban,Minor Arterial,State Highway Agency,498.765306122449,27.99162778,-82.39357222,Pedestrian,Not a Collision,Not an Intersection,On Roadway,,Daylight,Cloudy,0,0,2013.0,0,0,HILLSBOROUGH (57),NOT APPLICABLE
2021,10043,Florida,1,1,1,August,30,Monday,17,SR-583,State Highway,Urban,Minor Arterial,State Highway Agency,498.765306122449,27.99162778,-82.39357222,Pedestrian,Not a Collision,Not an Intersection,On Roadway,,Daylight,Cloudy,0,0,2003.0,1,0,HILLSBOROUGH (57),NOT APPLICABLE
2021,10044,Florida,0,2,4,September,26,Sunday,15,US-192,U.S. Highway,Urban,Principal Arterial - Other,State Highway Agency,498.765306122449,28.33265278,-81.55241389,Guardrail Face,Not a Collision,Not an Intersection,On Median,,Daylight,Clear,0,0,2017.0,1,0,OSCEOLA (97),NOT APPLICABLE
2021,10045,Florida,0,2,2,September,20,Monday,7,US-27,U.S. Highway,Urban,Principal Arterial - Other,State Highway Agency,498.765306122449,30.42871389,-84.20546111,Motor Vehicle In-Transport,Angle,T-Intersection,On Roadway,,Dawn,Rain,0,0,2002.0,1,0,LEON (73),NOT APPLICABLE
2021,10046,Florida,0,3,5,September,26,Sunday,15,AURORA RD,Local Street - Municipality,Urban,Minor Arterial,Not Reported,498.765306122449,28.13289444,-80.63856389,Motor Vehicle In-Transport,Angle,T-Intersection,On Roadway,,Daylight,Clear,0,0,2015.0,1,0,BREVARD (9),MELBOURNE
2021,10046,Florida,0,3,5,September,26,Sunday,15,AURORA RD,Local Street - Municipality,Urban,Minor Arterial,Not Reported,498.765306122449,28.13289444,-80.63856389,Motor Vehicle In-Transport,Angle,T-Intersection,On Roadway,,Daylight,Clear,0,0,2018.0,0,0,BREVARD (9),MELBOURNE
2021,10047,Florida,0,2,6,September,16,Thursday,22,US-41,U.S. Highway,Urban,Principal Arterial - Other,State Highway Agency,498.765306122449,25.76106111,-80.42488056,Motor Vehicle In-Transport,Angle,T-Intersection,On Roadway,,Dark - Lighted,Clear,0,0,2009.0,1,1,MIAMI-DADE (86),NOT APPLICABLE
2021,10048,Florida,0,2,2,September,23,Thursday,19,CR-297,County Road,Urban,Major Collector,Not Reported,498.765306122449,30.39518056,-87.36801111,Motor Vehicle In-Transport,Angle,T-Intersection,On Roadway,,Dark - Not Lighted,Clear,0,0,2019.0,1,0,ESCAMBIA (33),NOT APPLICABLE
2021,10049,Florida,0,2,3,June,24,Thursday,20,SW 298TH TERR,Other,Urban,Local,County Highway Agency,498.765306122449,25.489825,-80.46208333,Motor Vehicle In-Transport,Front-to-Front,Not an Intersection,On Roadway,,Dark - Not Lighted,Clear,0,0,2004.0,0,0,MIAMI-DADE (86),NOT APPLICABLE
2021,10050,Florida,0,1,2,August,12,Thursday,8,SOUTHPOINT PKWY,Local Street - Municipality,Urban,Local,Not Reported,498.765306122449,30.25825,-81.58965556,Curb,Not a Collision,Not an Intersection,On Median,,Daylight,Clear,0,0,2004.0,0,0,DUVAL (31),JACKSONVILLE
2021,10051,Florida,0,2,3,September,23,Thursday,6,CR-2,County Road,Rural,Minor Collector,Not Reported,498.765306122449,30.92511944,-86.54836111,Motor Vehicle In-Transport,Angle,T-Intersection,On Roadway,,Daylight,Clear,0,0,2009.0,0,1,OKALOOSA (91),NOT APPLICABLE
2021,10051,Florida,0,2,3,September,23,Thursday,6,CR-2,County Road,Rural,Minor Collector,Not Reported,498.765306122449,30.92511944,-86.54836111,Motor Vehicle In-Transport,Angle,T-Intersection,On Roadway,,Daylight,Clear,0,0,2008.0,0,0,OKALOOSA (91),NOT APPLICABLE
2021,10051,Florida,0,2,3,September,23,Thursday,6,CR-2,County Road,Rural,Minor Collector,Not Reported,498.765306122449,30.92511944,-86.54836111,Motor Vehicle In-Transport,Angle,T-Intersection,On Roadway,,Daylight,Clear,0,0,2010.0,1,0,OKALOOSA (91),NOT APPLICABLE
2021,10053,Florida,0,5,5,September,21,Tuesday,5,SR-860,State Highway,Urban,Minor Arterial,State Highway Agency,498.765306122449,25.94089444,-80.24531944,Motor Vehicle In-Transport,Sideswipe - Same Direction,Four-Way Intersection,On Roadway,,Dark - Lighted,Clear,0,0,2004.0,1,0,MIAMI-DADE (86),MIAMI GARDENS
2021,10053,Florida,0,5,5,September,21,Tuesday,5,SR-860,State Highway,Urban,Minor Arterial,State Highway Agency,498.765306122449,25.94089444,-80.24531944,Motor Vehicle In-Transport,Sideswipe - Same Direction,Four-Way Intersection,On Roadway,,Dark - Lighted,Clear,0,0,2011.0,0,0,MIAMI-DADE (86),MIAMI GARDENS
2021,10054,Florida,1,1,1,October,2,Saturday,20,SR-109,State Highway,Urban,Minor Arterial,State Highway Agency,498.765306122449,30.34403889,-81.60266944,Pedestrian,Not a Collision,Not an Intersection,On Roadway,,Dark - Lighted,Clear,0,0,2003.0,1,0,DUVAL (31),JACKSONVILLE
2021,10055,Florida,1,3,1,September,22,Wednesday,3,US-19,U.S. Highway,Urban,Principal Arterial - Other,State Highway Agency,498.765306122449,28.10660278,-82.7397,Motor Vehicle In-Transport,Sideswipe - Same Direction,Not an Intersection,On Roadway,,Dark - Lighted,Clear,0,0,2007.0,0,0,PINELLAS (103),NOT APPLICABLE
2021,10055,Florida,1,3,1,September,22,Wednesday,3,US-19,U.S. Highway,Urban,Principal Arterial - Other,State Highway Agency,498.765306122449,28.10660278,-82.7397,Motor Vehicle In-Transport,Sideswipe - Same Direction,Not an Intersection,On Roadway,,Dark - Lighted,Clear,0,0,2015.0,1,0,PINELLAS (103),NOT APPLICABLE
2021,10056,Florida,0,2,6,September,19,Sunday,12,I-275,Interstate,Urban,Interstate,State Highway Agency,498.765306122449,27.85668056,-82.66381111,Motor Vehicle In-Transport,Front-to-Rear,Not an Intersection,On Roadway,,Daylight,Clear,0,0,1997.0,0,0,PINELLAS (103),NOT APPLICABLE
2021,10057,Florida,0,1,2,September,11,Saturday,19,I-10,Interstate,Rural,Interstate,State Highway Agency,498.765306122449,30.72536944,-85.90765,Ditch,Not a Collision,Not an Intersection,On Roadside,,Dark - Not Lighted,Rain,0,0,2013.0,0,1,HOLMES (59),NOT APPLICABLE
2021,10057,Florida,0,1,2,September,11,Saturday,19,I-10,Interstate,Rural,Interstate,State Highway Agency,498.765306122449,30.72536944,-85.90765,Ditch,Not a Collision,Not an Intersection,On Roadside,,Dark - Not Lighted,Rain,0,0,2003.0,1,0,HOLMES (59),NOT APPLICABLE
2021,10058,Florida,0,1,2,September,24,Friday,22,LORRAINE RD,Unknown,Rural,Major Collector,Not Reported,498.765306122449,27.43525,-82.39535556,Fell/Jumped from Vehicle,Not a Collision,Not an Intersection,On Roadway,,Dark - Not Lighted,Clear,0,0,2015.0,1,0,MANATEE (81),NOT APPLICABLE
2021,10058,Florida,0,1,2,September,24,Friday,22,LORRAINE RD,Unknown,Rural,Major Collector,Not Reported,498.765306122449,27.43525,-82.39535556,Fell/Jumped from Vehicle,Not a Collision,Not an Intersection,On Roadway,,Dark - Not Lighted,Clear,0,0,2012.0,0,0,MANATEE (81),NOT APPLICABLE
2021,10059,Florida,0,2,2,September,18,Saturday,11,OVERBROOK DR,Local Street - Municipality,Urban,Major Collector,Not Reported,498.765306122449,29.31746389,-81.07168333,Motor Vehicle In-Transport,Front-to-Front,T-Intersection,On Roadway,,Daylight,Clear,0,0,2011.0,1,0,VOLUSIA (127),ORMOND BEACH
2021,10059,Florida,0,2,2,September,18,Saturday,11,OVERBROOK DR,Local Street - Municipality,Urban,Major Collector,Not Reported,498.765306122449,29.31746389,-81.07168333,Motor Vehicle In-Transport,Front-to-Front,T-Intersection,On Roadway,,Daylight,Clear,0,0,2008.0,0,0,VOLUSIA (127),ORMOND BEACH
2021,10060,Florida,0,3,3,October,1,Friday,8,SR-60,State Highway,Urban,Principal Arterial - Other,State Highway Agency,498.765306122449,27.944875,-82.50367778,Motor Vehicle In-Transport,Front-to-Rear,Four-Way Intersection,On Roadway,,Daylight,Clear,0,0,2014.0,1,1,HILLSBOROUGH (57),TAMPA
2021,10061,Florida,0,1,1,October,3,Sunday,22,SR-228,State Highway,Urban,Principal Arterial - Freeways,State Highway Agency,498.765306122449,30.29318056,-81.59256111,Guardrail Face,Not a Collision,Not an Intersection,On Median,,Dark - Lighted,Cloudy,0,0,2017.0,1,0,DUVAL (31),JACKSONVILLE
2021,10062,Florida,0,1,1,October,1,Friday,14,SR-64,State Highway,Rural,Principal Arterial - Other,State Highway Agency,498.765306122449,27.48219444,-81.89543889,Fence,Not a Collision,Not an Intersection,On Roadside,,Daylight,Clear,0,0,2002.0,1,0,HARDEE (49),NOT APPLICABLE
2021,10063,Florida,0,2,3,September,12,Sunday,23,I-95,Interstate,Urban,Interstate,State Highway Agency,498.765306122449,29.21756111,-81.10218056,Motor Vehicle In-Transport,Sideswipe - Same Direction,Not an Intersection,On Roadway,,Dark - Lighted,Clear,0,0,2011.0,1,0,VOLUSIA (127),NOT APPLICABLE
2021,10063,Florida,0,2,3,September,12,Sunday,23,I-95,Interstate,Urban,Interstate,State Highway Agency,498.765306122449,29.21756111,-81.10218056,Motor Vehicle In-Transport,Sideswipe - Same Direction,Not an Intersection,On Roadway,,Dark - Lighted,Clear,0,0,2016.0,0,0,VOLUSIA (127),NOT APPLICABLE
2021,10063,Florida,0,2,3,September,12,Sunday,23,I-95,Interstate,Urban,Interstate,State Highway Agency,498.765306122449,29.21756111,-81.10218056,Motor Vehicle In-Transport,Sideswipe - Same Direction,Not an Intersection,On Roadway,,Dark - Lighted,Clear,0,0,2004.0,0,0,VOLUSIA (127),NOT APPLICABLE
2021,10064,Florida,0,3,3,September,16,Thursday,12,SR-60,State Highway,Urban,Principal Arterial - Other,State Highway Agency,498.765306122449,27.90032222,-81.64914167,Motor Vehicle In-Transport,Angle,Four-Way Intersection,On Roadway,,Daylight,Cloudy,0,0,2012.0,0,0,POLK (105),NOT APPLICABLE
2021,10065,Florida,1,1,1,October,3,Sunday,17,PORT MALABAR BLVD,Local Street - Municipality,Urban,Minor Arterial,Not Reported,498.765306122449,28.01561944,-80.59436111,Pedalcyclist,Not a Collision,Not an Intersection,On Roadway,,Daylight,Clear,0,0,2019.0,1,1,BREVARD (9),PALM BAY
2021,10066,Florida,0,3,2,September,26,Sunday,17,I-95,Interstate,Urban,Interstate,State Highway Agency,498.765306122449,26.77033889,-80.09546667,Concrete Traffic Barrier,Not a Collision,Not an Intersection,On Median,,Daylight,Clear,0,0,2013.0,1,1,PALM BEACH (99),WEST PALM BEACH
2021,10067,Florida,0,2,3,September,17,Friday,24,SR-824,State Highway,Urban,Principal Arterial - Other,State Highway Agency,498.765306122449,25.99520833,-80.19887222,Motor Vehicle In-Transport,Angle,Four-Way Intersection,On Roadway,,Dark - Lighted,Clear,0,0,2000.0,1,0,BROWARD (11),HOLLYWOOD
2021,10067,Florida,0,2,3,September,17,Friday,24,SR-824,State Highway,Urban,Principal Arterial - Other,State Highway Agency,498.765306122449,25.99520833,-80.19887222,Motor Vehicle In-Transport,Angle,Four-Way Intersection,On Roadway,,Dark - Lighted,Clear,0,0,2008.0,0,0,BROWARD (11),HOLLYWOOD
2021,10067,Florida,0,2,3,September,17,Friday,24,SR-824,State Highway,Urban,Principal Arterial - Other,State Highway Agency,498.765306122449,25.99520833,-80.19887222,Motor Vehicle In-Transport,Angle,Four-Way Intersection,On Roadway,,Dark - Lighted,Clear,0,0,2019.0,0,0,BROWARD (11),HOLLYWOOD
2021,10068,Florida,0,2,2,September,27,Monday,17,LAKE HATCHINEHA ROAD,Unknown,Rural,Local,Not Reported,498.765306122449,28.04087778,-81.58295833,Motor Vehicle In-Transport,Angle,Four-Way Intersection,On Roadway,,Daylight,Clear,0,0,2007.0,1,1,POLK (105),NOT APPLICABLE
2021,10069,Florida,0,2,2,October,4,Monday,19,ROYAL PALM BLVD,Local Street - Municipality,Urban,Minor Arterial,City or Municipal Highway Agency,498.765306122449,26.25541389,-80.23078889,Motor Vehicle In-Transport,Angle,Four-Way Intersection,On Roadway,,Dark - Lighted,Clear,0,0,2001.0,0,1,BROWARD (11),HAMMONDVILLE
2021,10069,Florida,0,2,2,October,4,Monday,19,ROYAL PALM BLVD,Local Street - Municipality,Urban,Minor Arterial,City or Municipal Highway Agency,498.765306122449,26.25541389,-80.23078889,Motor Vehicle In-Transport,Angle,Four-Way Intersection,On Roadway,,Dark - Lighted,Clear,0,0,2018.0,1,0,BROWARD (11),HAMMONDVILLE
2021,10070,Florida,0,1,1,September,27,Monday,19,89TH ROAD,Unknown,Rural,Local,Not Reported,498.765306122449,30.0869,-82.92878889,"Post, Pole or Other Supports",Not a Collision,Not an Intersection,On Roadside,,Dark - Not Lighted,Clear,0,0,2007.0,1,1,SUWANNEE (121),NOT APPLICABLE
2021,10070,Florida,0,1,1,September,27,Monday,19,89TH ROAD,Unknown,Rural,Local,Not Reported,498.765306122449,30.0869,-82.92878889,"Post, Pole or Other Supports",Not a Collision,Not an Intersection,On Roadside,,Dark - Not Lighted,Clear,0,0,2017.0,0,0,SUWANNEE (121),NOT APPLICABLE
2021,10071,Florida,0,1,1,September,29,Wednesday,9,I-10,Interstate,Rural,Interstate,State Highway Agency,498.765306122449,30.48106944,-83.94486389,Guardrail Face,Not a Collision,Not an Intersection,On Roadside,,Daylight,Clear,0,0,2013.0,1,0,JEFFERSON (65),NOT APPLICABLE
2021,10071,Florida,0,1,1,September,29,Wednesday,9,I-10,Interstate,Rural,Interstate,State Highway Agency,498.765306122449,30.48106944,-83.94486389,Guardrail Face,Not a Collision,Not an Intersection,On Roadside,,Daylight,Clear,0,0,2010.0,1,0,JEFFERSON (65),NOT APPLICABLE
2021,10072,Florida,1,1,1,September,28,Tuesday,19,CR-490,County Road,Urban,Major Collector,Not Reported,498.765306122449,28.81831389,-82.55973333,Pedalcyclist,Not a Collision,Not an Intersection,On Roadway,,Dark - Not Lighted,Clear,0,0,2009.0,1,1,CITRUS (17),NOT APPLICABLE
2021,10073,Florida,0,2,3,September,21,Tuesday,2,SR-50,State Highway,Rural,Principal Arterial - Other,State Highway Agency,498.765306122449,28.50791944,-82.18445,Motor Vehicle In-Transport,Front-to-Front,T-Intersection,On Roadway,"Work Zone, Type Unknown",Dark - Not Lighted,Clear,0,0,2002.0,2,0,HERNANDO (53),NOT APPLICABLE
2021,10074,Florida,1,1,1,September,19,Sunday,19,US-41,U.S. Highway,Urban,Principal Arterial - Other,State Highway Agency,498.765306122449,27.23654444,-82.50140556,Pedestrian,Not a Collision,Not an Intersection,On Roadway,,Dark - Not Lighted,Clear,0,0,2005.0,1,1,SARASOTA (115),NOT APPLICABLE
2021,10074,Florida,1,1,1,September,19,Sunday,19,US-41,U.S. Highway,Urban,Principal Arterial - Other,State Highway Agency,498.765306122449,27.23654444,-82.50140556,Pedestrian,Not a Collision,Not an Intersection,On Roadway,,Dark - Not Lighted,Clear,0,0,2008.0,0,0,SARASOTA (115),NOT APPLICABLE
2021,10075,Florida,1,1,1,September,18,Saturday,1,SR-3,State Highway,Urban,Principal Arterial - Other,State Highway Agency,498.765306122449,28.43303333,-80.70803333,Pedestrian,Not a Collision,Not an Intersection,On Roadway,,Dark - Not Lighted,Cloudy,0,0,2014.0,0,0,BREVARD (9),MERRITT ISLAND
2021,10076,Florida,0,2,2,September,25,Saturday,3,SR-243,State Highway,Urban,Minor Arterial,State Highway Agency,498.765306122449,30.45952778,-81.67924167,Motor Vehicle In-Transport,Angle,T-Intersection,On Roadway,,Dark - Lighted,Clear,0,0,2006.0,0,0,DUVAL (31),JACKSONVILLE
2021,10076,Florida,0,2,2,September,25,Saturday,3,SR-243,State Highway,Urban,Minor Arterial,State Highway Agency,498.765306122449,30.45952778,-81.67924167,Motor Vehicle In-Transport,Angle,T-Intersection,On Roadway,,Dark - Lighted,Clear,0,0,2002.0,1,0,DUVAL (31),JACKSONVILLE
2021,10077,Florida,1,1,1,September,24,Friday,19,UNIVERSITY PKWY,Local Street - Municipality,Urban,Major Collector,Not Reported,498.765306122449,30.51886944,-87.22060833,Pedalcyclist,Not a Collision,Not an Intersection,On Roadway,,Dark - Lighted,Clear,0,0,2017.0,1,1,ESCAMBIA (33),NOT APPLICABLE
2021,10078,Florida,1,1,1,September,28,Tuesday,7,CR-1,County Road,Urban,Minor Arterial,Not Reported,498.765306122449,28.35928056,-82.66613056,Pedestrian,Not a Collision,Four-Way Intersection,On Roadway,,Daylight,Clear,0,0,2014.0,1,1,PASCO (101),NOT APPLICABLE
2021,10079,Florida,0,2,2,October,1,Friday,9,CR-587,County Road,Urban,Minor Arterial,Not Reported,498.765306122449,28.2849,-82.61725,Motor Vehicle In-Transport,Angle,Four-Way Intersection,On Roadway,,Daylight,Clear,0,0,2001.0,1,0,PASCO (101),NOT APPLICABLE
2021,10080,Florida,0,5,6,September,15,Wednesday,16,US-27,U.S. Highway,Urban,Principal Arterial - Other,State Highway Agency,498.765306122449,29.22231111,-82.21808056,Motor Vehicle In-Transport,Angle,T-Intersection,On Roadway,,Daylight,Cloudy,0,0,2019.0,1,0,MARION (83),NOT APPLICABLE
2021,10081,Florida,1,1,1,September,21,Tuesday,19,US-90,U.S. Highway,Urban,Principal Arterial - Other,State Highway Agency,498.765306122449,30.28861944,-81.3918,Pedestrian,Not a Collision,Not an Intersection,On Roadway,,Dark - Lighted,Clear,0,0,2003.0,0,0,DUVAL (31),JACKSONVILLE BEACH
2021,10081,Florida,1,1,1,September,21,Tuesday,19,US-90,U.S. Highway,Urban,Principal Arterial - Other,State Highway Agency,498.765306122449,30.28861944,-81.3918,Pedestrian,Not a Collision,Not an Intersection,On Roadway,,Dark - Lighted,Clear,0,0,2004.0,1,0,DUVAL (31),JACKSONVILLE BEACH
2021,10082,Florida,0,1,1,October,2,Saturday,8,SR-700,State Highway,Rural,Major Collector,State Highway Agency,498.765306122449,26.80919167,-80.55865556,Guardrail Face,Not a Collision,Not an Intersection,On Roadside,,Reported as Unknown,Clear,0,0,2019.0,0,0,PALM BEACH (99),NOT APPLICABLE
2021,10082,Florida,0,1,1,October,2,Saturday,8,SR-700,State Highway,Rural,Major Collector,State Highway Agency,498.765306122449,26.80919167,-80.55865556,Guardrail Face,Not a Collision,Not an Intersection,On Roadside,,Reported as Unknown,Clear,0,0,2013.0,0,0,PALM BEACH (99),NOT APPLICABLE
2021,10083,Florida,0,1,1,October,1,Friday,19,PERSHING AVE,Other,Rural,Local,County Highway Agency,498.765306122449,27.317475,-81.32321389,Shrubbery,Not a Collision,Not an Intersection,On Roadside,,Dark - Not Lighted,Clear,0,0,2019.0,1,1,HIGHLANDS (55),NOT APPLICABLE
2021,10084,Florida,0,3,3,September,27,Monday,15,SR-44,State Highway,Rural,Principal Arterial - Other,State Highway Agency,498.765306122449,28.96223056,-81.41328889,Motor Vehicle In-Transport,Front-to-Rear,Four-Way Intersection,On Roadway,,Daylight,Clear,0,0,1998.0,1,0,LAKE (69),NOT APPLICABLE
2021,10085,Florida,0,1,1,October,4,Monday,4,KALEY AVENUE,Local Street - Municipality,Urban,Major Collector,Not Reported,498.765306122449,28.52049444,-81.34740833,Tree (Standing Only),Not a Collision,T-Intersection,Off Roadway-Location Unknown,,Dark - Lighted,Clear,0,0,2015.0,1,0,ORANGE (95),NOT APPLICABLE
2021,10086,Florida,0,1,1,August,8,Sunday,6,SR-417,State Highway,Urban,Principal Arterial - Freeways,State Highway Agency,498.765306122449,28.36893056,-81.35128056,Guardrail End,Not a Collision,Not an Intersection,On Roadside,,Daylight,Clear,0,0,2006.0,0,1,ORANGE (95),NOT APPLICABLE
2021,10087,Florida,1,2,3,August,16,Monday,20,US-301,U.S. Highway,Urban,Principal Arterial - Other,State Highway Agency,498.765306122449,27.46238889,-82.53058056,Pedestrian,Not a Collision,Not an Intersection,On Roadway,,Dark - Lighted,Clear,0,0,2005.0,1,0,MANATEE (81),NOT APPLICABLE
2021,10088,Florida,0,1,1,September,18,Saturday,6,I-75 NB EXIT RAMP,Interstate,Urban,Interstate,State Highway Agency,498.765306122449,27.90923333,-82.34003611,Bridge Pier or Support,Not a Collision,Not an Intersection,On Roadside,,Daylight,Clear,0,0,2000.0,1,0,HILLSBOROUGH (57),NOT APPLICABLE