YEAR,ST_CASE,STATENAME,NUM_PEDS,NUM_VEHC,PERSONS,MONTHNAME,DAYNAME,DAY_WEEKNAME,HOUR,ROAD_NAME,ROUTENAME,RUR_URBNAME,FUNC_SYSNAME,RD_OWNERNAME,MILE_MARKER,LATITUDE,LONGITUD,HARM_EVNAME,COLLISION_TYPE,TYP_INTNAME,REL_ROADNAME,WRK_ZONENAME,LGT_CONDNAME,WEATHERNAME,SCH_BUS,HIT_RUN,MOD_YEAR,DEATHS,DR_DRINK,COUNTYNAME,CITYNAME
2021,10150,Florida,1,1,1,July,9,Friday,20,CR-512,County Road,Urban,Major Collector,County Highway Agency,498.765306122449,27.80163611,-80.47735278,Pedalcyclist,Not a Collision,Four-Way Intersection,On Roadway,,Dark - Not Lighted,Cloudy,0,0,2005.0,0,0,INDIAN RIVER (61),NOT APPLICABLE
2021,10151,Florida,0,2,3,September,17,Friday,21,SR-20,State Highway,Rural,Principal Arterial - Other,State Highway Agency,498.765306122449,30.47148333,-85.96172778,Motor Vehicle In-Transport,Front-to-Front,Not an Intersection,On Roadway,,Dark - Not Lighted,Clear,0,0,2019.0,1,1,WALTON (131),NOT APPLICABLE
2021,10151,Florida,0,2,3,September,17,Friday,21,SR-20,State Highway,Rural,Principal Arterial - Other,State Highway Agency,498.765306122449,30.47148333,-85.96172778,Motor Vehicle In-Transport,Front-to-Front,Not an Intersection,On Roadway,,Dark - Not Lighted,Clear,0,0,2012.0,0,0,WALTON (131),NOT APPLICABLE
2021,10152,Florida,0,2,2,October,11,Monday,6,CLEVELAND AVE,Local Street - Municipality,Urban,Local,Not Reported,498.765306122449,26.60424722,-81.87184167,Motor Vehicle In-Transport,Front-to-Front,Four-Way Intersection,On Roadway,,Dark - Lighted,Clear,0,0,1999.0,2,0,LEE (71),FORT MYERS
2021,10152,Florida,0,2,2,October,11,Monday,6,CLEVELAND AVE,Local Street - Municipality,Urban,Local,Not Reported,498.765306122449,26.60424722,-81.87184167,Motor Vehicle In-Transport,Front-to-Front,Four-Way Intersection,On Roadway,,Dark - Lighted,Clear,0,0,2003.0,0,0,LEE (71),FORT MYERS
2021,10153,Florida,1,1,1,July,25,Sunday,18,3RD ST,Local Street - Municipality,Urban,Local,Not Reported,498.765306122449,27.33886389,-82.52705,Pedestrian,Not a Collision,Four-Way Intersection,Off Roadway-Location Unknown,,Daylight,Clear,0,0,2019.0,1,0,SARASOTA (115),SARASOTA
2021,10154,Florida,1,1,1,July,17,Saturday,23,SR-780 FRUITVILLE RD,State Highway,Urban,Principal Arterial - Other,State Highway Agency,498.765306122449,27.33751389,-82.51489722,Pedestrian,Not a Collision,Not an Intersection,On Roadway,,Dark - Lighted,Clear,0,0,2004.0,1,0,SARASOTA (115),SARASOTA
2021,10154,Florida,1,1,1,July,17,Saturday,23,SR-780 FRUITVILLE RD,State Highway,Urban,Principal Arterial - Other,State Highway Agency,498.765306122449,27.33751389,-82.51489722,Pedestrian,Not a Collision,Not an Intersection,On Roadway,,Dark - Lighted,Clear,0,0,1997.0,0,0,SARASOTA (115),SARASOTA
2021,10155,Florida,1,1,1,September,25,Saturday,12,CR-365,County Road,Rural,Major Collector,Not Reported,498.765306122449,30.20947222,-84.27381389,Pedalcyclist,Not a Collision,Not an Intersection,On Roadway,,Daylight,Clear,0,0,2019.0,1,1,WAKULLA (129),NOT APPLICABLE
2021,10156,Florida,1,1,1,October,5,Tuesday,15,US-19,U.S. Highway,Rural,Principal Arterial - Other,State Highway Agency,498.765306122449,30.0515,-83.55178889,Pedestrian,Not a Collision,T-Intersection,On Roadway,,Daylight,Cloudy,0,1,2019.0,0,1,TAYLOR (123),NOT APPLICABLE
2021,10156,Florida,1,1,1,October,5,Tuesday,15,US-19,U.S. Highway,Rural,Principal Arterial - Other,State Highway Agency,498.765306122449,30.0515,-83.55178889,Pedestrian,Not a Collision,T-Intersection,On Roadway,,Daylight,Cloudy,0,0,2007.0,1,0,TAYLOR (123),NOT APPLICABLE
2021,10156,Florida,1,1,1,October,5,Tuesday,15,US-19,U.S. Highway,Rural,Principal Arterial - Other,State Highway Agency,498.765306122449,30.0515,-83.55178889,Pedestrian,Not a Collision,T-Intersection,On Roadway,,Daylight,Cloudy,0,0,2015.0,0,0,TAYLOR (123),NOT APPLICABLE
2021,10156,Florida,1,1,1,October,5,Tuesday,15,US-19,U.S. Highway,Rural,Principal Arterial - Other,State Highway Agency,498.765306122449,30.0515,-83.55178889,Pedestrian,Not a Collision,T-Intersection,On Roadway,,Daylight,Cloudy,0,0,2007.0,0,0,TAYLOR (123),NOT APPLICABLE
2021,10157,Florida,0,2,2,October,12,Tuesday,11,I-4,Interstate,Urban,Interstate,State Highway Agency,498.765306122449,28.91456111,-81.27046111,Motor Vehicle In-Transport,Sideswipe - Same Direction,Not an Intersection,On Roadway,,Daylight,Cloudy,0,0,2005.0,1,0,VOLUSIA (127),NOT APPLICABLE
2021,10158,Florida,0,3,4,October,5,Tuesday,17,BELLE TERRE PKWY,Local Street - Municipality,Urban,Minor Arterial,County Highway Agency,498.765306122449,29.50963889,-81.22078889,Motor Vehicle In-Transport,Angle,T-Intersection,On Roadway,,Daylight,Clear,0,0,2017.0,0,0,FLAGLER (35),PALM COAST
2021,10158,Florida,0,3,4,October,5,Tuesday,17,BELLE TERRE PKWY,Local Street - Municipality,Urban,Minor Arterial,County Highway Agency,498.765306122449,29.50963889,-81.22078889,Motor Vehicle In-Transport,Angle,T-Intersection,On Roadway,,Daylight,Clear,0,0,2005.0,1,0,FLAGLER (35),PALM COAST
2021,10159,Florida,0,2,2,August,10,Tuesday,9,SR-552,State Highway,Urban,Minor Arterial,Not Reported,498.765306122449,28.52875,-81.21196944,Motor Vehicle In-Transport,Angle,Four-Way Intersection,On Roadway,,Daylight,Clear,0,0,2013.0,3,0,ORANGE (95),NOT APPLICABLE
2021,10159,Florida,0,2,2,August,10,Tuesday,9,SR-552,State Highway,Urban,Minor Arterial,Not Reported,498.765306122449,28.52875,-81.21196944,Motor Vehicle In-Transport,Angle,Four-Way Intersection,On Roadway,,Daylight,Clear,0,0,2015.0,0,0,ORANGE (95),NOT APPLICABLE
2021,10161,Florida,0,2,2,October,8,Friday,7,SR-121,State Highway,Rural,Minor Arterial,State Highway Agency,498.765306122449,30.10740278,-82.21671111,Motor Vehicle In-Transport,Front-to-Front,Not an Intersection,On Roadway,,Daylight,Clear,0,0,2015.0,1,0,UNION (125),NOT APPLICABLE
2021,10162,Florida,1,1,1,October,6,Wednesday,22,US-1,U.S. Highway,Urban,Principal Arterial - Other,State Highway Agency,498.765306122449,30.53221944,-81.80728056,Pedestrian,Not a Collision,Not an Intersection,On Roadway,,Dark - Not Lighted,"Fog, Smog, Smoke",0,0,2015.0,1,0,NASSAU (89),NOT APPLICABLE
2021,10163,Florida,0,3,5,October,5,Tuesday,11,75TH ST W,Local Street - Municipality,Urban,Major Collector,Not Reported,498.765306122449,27.47223611,-82.63680556,Motor Vehicle In-Transport,Sideswipe - Same Direction,Not an Intersection,On Roadway,,Daylight,Clear,0,0,2020.0,0,0,MANATEE (81),NOT APPLICABLE
2021,10164,Florida,1,1,3,October,6,Wednesday,20,SR-64,State Highway,Urban,Principal Arterial - Other,State Highway Agency,498.765306122449,27.49408056,-82.56994167,Pedalcyclist,Not a Collision,Four-Way Intersection,On Roadway,,Dark - Lighted,Clear,0,0,2013.0,2,0,MANATEE (81),BRADENTON
2021,10164,Florida,1,1,3,October,6,Wednesday,20,SR-64,State Highway,Urban,Principal Arterial - Other,State Highway Agency,498.765306122449,27.49408056,-82.56994167,Pedalcyclist,Not a Collision,Four-Way Intersection,On Roadway,,Dark - Lighted,Clear,0,0,2016.0,0,0,MANATEE (81),BRADENTON
2021,10165,Florida,0,1,2,October,4,Monday,24,BARNA AVE,Local Street - Municipality,Urban,Local,Not Reported,498.765306122449,28.57914167,-80.81877222,Utility Pole/Light Support,Not a Collision,Four-Way Intersection,On Roadside,,Dark - Lighted,Clear,0,0,2011.0,1,0,BREVARD (9),TITUSVILLE
2021,10166,Florida,0,2,3,October,10,Sunday,14,US-27,U.S. Highway,Rural,Principal Arterial - Other,State Highway Agency,498.765306122449,26.71388611,-80.84547222,Motor Vehicle In-Transport,Angle,Not an Intersection,On Roadway,,Daylight,Clear,0,0,2000.0,1,0,PALM BEACH (99),NOT APPLICABLE
2021,10166,Florida,0,2,3,October,10,Sunday,14,US-27,U.S. Highway,Rural,Principal Arterial - Other,State Highway Agency,498.765306122449,26.71388611,-80.84547222,Motor Vehicle In-Transport,Angle,Not an Intersection,On Roadway,,Daylight,Clear,0,0,2011.0,0,0,PALM BEACH (99),NOT APPLICABLE
2021,10167,Florida,1,1,1,October,6,Wednesday,20,US-1,U.S. Highway,Urban,Principal Arterial - Other,State Highway Agency,498.765306122449,29.05514444,-80.93981944,Pedalcyclist,Not a Collision,Not an Intersection,On Roadway,,Dark - Not Lighted,Clear,0,0,2014.0,1,0,VOLUSIA (127),NEW SMYRNA BEACH
2021,10167,Florida,1,1,1,October,6,Wednesday,20,US-1,U.S. Highway,Urban,Principal Arterial - Other,State Highway Agency,498.765306122449,29.05514444,-80.93981944,Pedalcyclist,Not a Collision,Not an Intersection,On Roadway,,Dark - Not Lighted,Clear,0,0,2021.0,0,0,VOLUSIA (127),NEW SMYRNA BEACH
2021,10168,Florida,0,1,1,September,11,Saturday,14,US-19 N,U.S. Highway,Urban,Principal Arterial - Other,State Highway Agency,498.765306122449,27.92708611,-82.73037778,Rollover/Overturn,Not a Collision,Not an Intersection,On Roadway,,Daylight,Cloudy,0,0,2006.0,1,1,PINELLAS (103),LARGO
2021,10169,Florida,0,2,2,October,8,Friday,9,US-1,U.S. Highway,Urban,Principal Arterial - Other,State Highway Agency,498.765306122449,25.73260278,-80.25393333,Motor Vehicle In-Transport,Front-to-Front,Four-Way Intersection,On Roadway,,Daylight,Clear,0,0,1997.0,1,0,MIAMI-DADE (86),MIAMI
2021,10170,Florida,1,1,1,October,3,Sunday,3,1ST ST NW,Other,Urban,Local,County Highway Agency,498.765306122449,28.12429722,-82.03847222,Pedestrian,Not a Collision,Not an Intersection,On Roadway,,Dark - Lighted,Clear,0,0,2002.0,1,1,POLK (105),NOT APPLICABLE
2021,10171,Florida,0,1,1,October,8,Friday,24,CR-25A,County Road,Rural,Major Collector,Not Reported,498.765306122449,29.28098056,-82.18451111,Traffic Sign Support,Not a Collision,Not an Intersection,On Roadside,,Dark - Lighted,"Fog, Smog, Smoke",0,0,2007.0,1,1,MARION (83),NOT APPLICABLE
2021,10172,Florida,0,1,1,September,12,Sunday,3,I-95,Interstate,Rural,Interstate,State Highway Agency,498.765306122449,27.04518056,-80.23421111,Tree (Standing Only),Not a Collision,Not an Intersection,On Median,,Dark - Not Lighted,Clear,0,0,2004.0,1,0,MARTIN (85),NOT APPLICABLE
2021,10173,Florida,0,1,2,October,9,Saturday,2,SR-15,State Highway,Urban,Minor Arterial,State Highway Agency,498.765306122449,28.52146111,-81.33094444,Curb,Not a Collision,Not an Intersection,On Roadside,,Dark - Lighted,Clear,0,0,2010.0,1,0,ORANGE (95),ORLANDO
2021,10174,Florida,0,2,3,September,2,Thursday,22,SR-574,State Highway,Urban,Principal Arterial - Other,State Highway Agency,498.765306122449,28.00053056,-82.19505,Motor Vehicle In-Transport,Front-to-Rear,Not an Intersection,On Roadway,,Dark - Not Lighted,Clear,0,0,2002.0,1,0,HILLSBOROUGH (57),NOT APPLICABLE
2021,10174,Florida,0,2,3,September,2,Thursday,22,SR-574,State Highway,Urban,Principal Arterial - Other,State Highway Agency,498.765306122449,28.00053056,-82.19505,Motor Vehicle In-Transport,Front-to-Rear,Not an Intersection,On Roadway,,Dark - Not Lighted,Clear,0,0,2014.0,0,0,HILLSBOROUGH (57),NOT APPLICABLE
2021,10175,Florida,0,2,2,October,1,Friday,12,2ND ST,Local Street - Municipality,Urban,Local,City or Municipal Highway Agency,498.765306122449,28.01860278,-81.72858056,Motor Vehicle In-Transport,Front-to-Rear,Four-Way Intersection,On Roadway,"Work Zone, Type Unknown",Daylight,Clear,0,0,2008.0,1,1,POLK (105),WINTER HAVEN
2021,10176,Florida,0,2,3,September,11,Saturday,23,WYNDHAM LAKES BOULEVARD,Local Street - Municipality,Urban,Minor Arterial,Not Reported,498.765306122449,28.35900556,-81.33206667,Motor Vehicle In-Transport,Angle,T-Intersection,On Roadway,,Dark - Lighted,Clear,0,0,2019.0,1,1,ORANGE (95),NOT APPLICABLE
2021,10177,Florida,0,2,2,October,6,Wednesday,21,KOA  STREET,Unknown,Urban,Major Collector,Not Reported,498.765306122449,28.15501111,-81.49825,Motor Vehicle In-Transport,Angle,T-Intersection,On Roadway,,Dark - Lighted,Clear,0,0,2001.0,1,0,OSCEOLA (97),NOT APPLICABLE
2021,10178,Florida,0,2,6,October,14,Thursday,19,US-90,U.S. Highway,Urban,Principal Arterial - Other,State Highway Agency,498.765306122449,30.29275,-81.39277222,Motor Vehicle In-Transport,Angle,Four-Way Intersection,On Roadway,,Dark - Lighted,Clear,0,0,2008.0,1,0,DUVAL (31),JACKSONVILLE
2021,10178,Florida,0,2,6,October,14,Thursday,19,US-90,U.S. Highway,Urban,Principal Arterial - Other,State Highway Agency,498.765306122449,30.29275,-81.39277222,Motor Vehicle In-Transport,Angle,Four-Way Intersection,On Roadway,,Dark - Lighted,Clear,0,0,2015.0,0,0,DUVAL (31),JACKSONVILLE
2021,10179,Florida,0,1,1,September,19,Sunday,19,US-90,U.S. Highway,Urban,Principal Arterial - Other,State Highway Agency,498.765306122449,30.28778056,-81.45053889,Curb,Not a Collision,Not an Intersection,On Roadside,,Dark - Lighted,Cloudy,0,0,2015.0,1,0,DUVAL (31),JACKSONVILLE BEACH
2021,10180,Florida,0,2,3,October,3,Sunday,20,US-90,U.S. Highway,Urban,Minor Arterial,State Highway Agency,498.765306122449,30.44472222,-84.29403611,Motor Vehicle In-Transport,Front-to-Front,Four-Way Intersection,On Roadway,,Dark - Lighted,Clear,0,0,2012.0,0,0,LEON (73),TALLAHASSEE
2021,10181,Florida,0,6,10,October,9,Saturday,11,US-41,U.S. Highway,Rural,Principal Arterial - Other,State Highway Agency,498.765306122449,25.86503056,-81.11405,Motor Vehicle In-Transport,Sideswipe - Same Direction,Not an Intersection,On Roadway,,Daylight,Clear,0,0,1998.0,1,0,COLLIER (21),NOT APPLICABLE
2021,10182,Florida,0,1,3,October,8,Friday,21,I-75,Interstate,Rural,Interstate,State Highway Agency,498.765306122449,28.62061944,-82.18285,Rollover/Overturn,Not a Collision,Not an Intersection,On Roadside,,Dark - Not Lighted,Rain,0,0,2013.0,1,0,SUMTER (119),Not Reported
2021,10182,Florida,0,1,3,October,8,Friday,21,I-75,Interstate,Rural,Interstate,State Highway Agency,498.765306122449,28.62061944,-82.18285,Rollover/Overturn,Not a Collision,Not an Intersection,On Roadside,,Dark - Not Lighted,Rain,0,0,2006.0,0,0,SUMTER (119),Not Reported
2021,10183,Florida,1,1,1,October,16,Saturday,19,SR-934,State Highway,Urban,Principal Arterial - Other,State Highway Agency,498.765306122449,25.84726111,-80.19948611,Pedestrian,Not a Collision,Not an Intersection,On Roadway,,Dark - Lighted,Clear,0,0,2016.0,1,1,MIAMI-DADE (86),MIAMI
2021,10183,Florida,1,1,1,October,16,Saturday,19,SR-934,State Highway,Urban,Principal Arterial - Other,State Highway Agency,498.765306122449,25.84726111,-80.19948611,Pedestrian,Not a Collision,Not an Intersection,On Roadway,,Dark - Lighted,Clear,0,0,2020.0,2,0,MIAMI-DADE (86),MIAMI
2021,10184,Florida,0,2,2,October,17,Sunday,15,M AND J ROAD,Unknown,Rural,Local,Not Reported,498.765306122449,27.27931111,-82.19495,Motor Vehicle In-Transport,Angle,Not an Intersection,On Roadway,,Daylight,Clear,0,0,2015.0,1,0,MANATEE (81),NOT APPLICABLE
2021,10184,Florida,0,2,2,October,17,Sunday,15,M AND J ROAD,Unknown,Rural,Local,Not Reported,498.765306122449,27.27931111,-82.19495,Motor Vehicle In-Transport,Angle,Not an Intersection,On Roadway,,Daylight,Clear,0,0,2008.0,0,0,MANATEE (81),NOT APPLICABLE
2021,10185,Florida,0,1,1,October,4,Monday,7,CR-661,County Road,Rural,Major Collector,Not Reported,498.765306122449,27.31153611,-81.88964167,Live Animal,Not a Collision,Not an Intersection,On Roadway,,Daylight,Clear,0,0,2011.0,1,0,DE SOTO (27),NOT APPLICABLE
2021,10185,Florida,0,1,1,October,4,Monday,7,CR-661,County Road,Rural,Major Collector,Not Reported,498.765306122449,27.31153611,-81.88964167,Live Animal,Not a Collision,Not an Intersection,On Roadway,,Daylight,Clear,0,0,2003.0,0,0,DE SOTO (27),NOT APPLICABLE
2021,10186,Florida,0,2,2,September,17,Friday,16,SW 88TH AVE,Local Street - Municipality,Urban,Minor Arterial,Not Reported,498.765306122449,25.74755833,-80.33766111,Motor Vehicle In-Transport,Angle,T-Intersection,On Roadway,,Daylight,Rain,0,0,1994.0,0,0,MIAMI-DADE (86),NOT APPLICABLE
2021,10187,Florida,0,5,7,September,25,Saturday,2,SR-860,State Highway,Urban,Minor Arterial,State Highway Agency,498.765306122449,25.94028056,-80.26408889,Motor Vehicle In-Transport,Angle,T-Intersection,On Roadway,,Dark - Lighted,Clear,0,0,2020.0,1,0,MIAMI-DADE (86),MIAMI GARDENS
2021,10188,Florida,1,1,1,October,14,Thursday,8,DANIELS ROAD,Local Street - Municipality,Urban,Local,Not Reported,498.765306122449,28.53341944,-81.58186944,Pedestrian,Not a Collision,T-Intersection,On Roadway,,Daylight,Clear,0,0,2014.0,0,0,ORANGE (95),WINTER GARDEN
2021,10188,Florida,1,1,1,October,14,Thursday,8,DANIELS ROAD,Local Street - Municipality,Urban,Local,Not Reported,498.765306122449,28.53341944,-81.58186944,Pedestrian,Not a Collision,T-Intersection,On Roadway,,Daylight,Clear,0,0,2006.0,1,1,ORANGE (95),WINTER GARDEN
2021,10188,Florida,1,1,1,October,14,Thursday,8,DANIELS ROAD,Local Street - Municipality,Urban,Local,Not Reported,498.765306122449,28.53341944,-81.58186944,Pedestrian,Not a Collision,T-Intersection,On Roadway,,Daylight,Clear,0,0,2013.0,0,0,ORANGE (95),WINTER GARDEN
2021,10189,Florida,0,1,1,October,13,Wednesday,20,SR-7,State Highway,Urban,Principal Arterial - Other,State Highway Agency,498.765306122449,26.68919444,-80.20163056,Curb,Not a Collision,Not an Intersection,On Median,,Dark - Not Lighted,Clear,0,1,2011.0,0,1,PALM BEACH (99),ROYAL PALM BEACH
2021,10189,Florida,0,1,1,October,13,Wednesday,20,SR-7,State Highway,Urban,Principal Arterial - Other,State Highway Agency,498.765306122449,26.68919444,-80.20163056,Curb,Not a Collision,Not an Intersection,On Median,,Dark - Not Lighted,Clear,0,0,2014.0,1,0,PALM BEACH (99),ROYAL PALM BEACH
2021,10190,Florida,0,2,2,October,11,Monday,15,US-92,U.S. Highway,Urban,Principal Arterial - Other,State Highway Agency,498.765306122449,27.99615,-82.40591389,Motor Vehicle In-Transport,Angle,Four-Way Intersection,On Roadway,,Daylight,Clear,0,1,2009.0,0,0,HILLSBOROUGH (57),TAMPA
2021,10191,Florida,0,2,3,October,9,Saturday,20,DELTONA BLVD,Local Street - Municipality,Urban,Major Collector,Not Reported,498.765306122449,28.90086667,-81.26614722,Motor Vehicle In-Transport,Front-to-Front,Four-Way Intersection,On Roadway,,Dark - Not Lighted,Clear,0,0,2016.0,1,0,VOLUSIA (127),DELTONA
2021,10192,Florida,0,1,1,October,2,Saturday,7,W WASHINGTON AVE,Local Street - Municipality,Rural,Minor Collector,City or Municipal Highway Agency,498.765306122449,29.24514722,-81.46727778,Other Object (not fixed),Not a Collision,Not an Intersection,On Roadway,,Daylight,Clear,0,0,2002.0,1,0,VOLUSIA (127),PIERSON
2021,10193,Florida,0,1,5,October,7,Thursday,22,TUSTENUGGEE AVE,Unknown,Urban,Major Collector,Not Reported,498.765306122449,30.12196111,-82.63422778,Tree (Standing Only),Not a Collision,Not an Intersection,On Roadside,,Dark - Not Lighted,Clear,0,0,2003.0,1,1,COLUMBIA (23),NOT APPLICABLE
2021,10194,Florida,0,4,5,October,8,Friday,17,US-19,U.S. Highway,Urban,Principal Arterial - Other,State Highway Agency,498.765306122449,27.78848889,-82.67939722,Motor Vehicle In-Transport,Angle,Not an Intersection,On Roadway,,Daylight,Cloudy,0,0,2009.0,1,0,PINELLAS (103),NOT APPLICABLE
2021,10195,Florida,0,2,2,June,12,Saturday,17,NORTH BENEVA RD,Local Street - Municipality,Urban,Major Collector,Not Reported,498.765306122449,27.34987222,-82.49729722,Motor Vehicle In-Transport,Front-to-Front,Not an Intersection,On Roadway,,Daylight,Clear,0,0,2000.0,1,1,SARASOTA (115),SARASOTA
2021,10195,Florida,0,2,2,June,12,Saturday,17,NORTH BENEVA RD,Local Street - Municipality,Urban,Major Collector,Not Reported,498.765306122449,27.34987222,-82.49729722,Motor Vehicle In-Transport,Front-to-Front,Not an Intersection,On Roadway,,Daylight,Clear,0,0,2002.0,0,0,SARASOTA (115),SARASOTA
2021,10196,Florida,0,2,2,October,1,Friday,17,HARRISON ST,Local Street - Municipality,Urban,Major Collector,City or Municipal Highway Agency,498.765306122449,28.58573611,-80.81883333,Motor Vehicle In-Transport,Angle,Four-Way Intersection,On Roadway,,Daylight,Clear,0,0,2009.0,0,0,BREVARD (9),TITUSVILLE
2021,10196,Florida,0,2,2,October,1,Friday,17,HARRISON ST,Local Street - Municipality,Urban,Major Collector,City or Municipal Highway Agency,498.765306122449,28.58573611,-80.81883333,Motor Vehicle In-Transport,Angle,Four-Way Intersection,On Roadway,,Daylight,Clear,0,1,2009.0,0,0,BREVARD (9),TITUSVILLE
2021,10197,Florida,0,1,2,October,16,Saturday,17,CR-672,County Road,Rural,Major Collector,County Highway Agency,498.765306122449,27.76259444,-82.16945833,Rollover/Overturn,Not a Collision,Not an Intersection,On Roadside,,Dusk,Clear,0,0,2017.0,0,0,HILLSBOROUGH (57),NOT APPLICABLE
2021,10197,Florida,0,1,2,October,16,Saturday,17,CR-672,County Road,Rural,Major Collector,County Highway Agency,498.765306122449,27.76259444,-82.16945833,Rollover/Overturn,Not a Collision,Not an Intersection,On Roadside,,Dusk,Clear,0,0,2006.0,1,0,HILLSBOROUGH (57),NOT APPLICABLE
2021,10198,Florida,0,1,1,October,12,Tuesday,4,CR-209,County Road,Urban,Major Collector,Not Reported,498.765306122449,30.07363333,-81.77643889,Other Object (not fixed),Not a Collision,Not an Intersection,On Roadway,"Work Zone, Type Unknown",Dark - Not Lighted,Clear,0,0,2005.0,1,0,CLAY (19),NOT APPLICABLE
2021,10199,Florida,1,1,1,October,8,Friday,21,US-17,U.S. Highway,Urban,Principal Arterial - Other,State Highway Agency,498.765306122449,28.94041667,-81.29888889,Pedestrian,Not a Collision,Not an Intersection,On Roadway,,Dark - Not Lighted,Clear,0,0,2019.0,1,0,VOLUSIA (127),ORANGE CITY
2021,10201,Florida,1,1,1,September,30,Thursday,7,TAMIAMI TRL,Unknown,Urban,Local,Not Reported,498.765306122449,27.04707778,-82.26007778,Pedestrian,Not a Collision,Not an Intersection,On Roadway,,Daylight,Clear,0,0,2009.0,1,0,SARASOTA (115),NOT APPLICABLE
2021,10201,Florida,1,1,1,September,30,Thursday,7,TAMIAMI TRL,Unknown,Urban,Local,Not Reported,498.765306122449,27.04707778,-82.26007778,Pedestrian,Not a Collision,Not an Intersection,On Roadway,,Daylight,Clear,0,0,2017.0,1,0,SARASOTA (115),NOT APPLICABLE
2021,10201,Florida,1,1,1,September,30,Thursday,7,TAMIAMI TRL,Unknown,Urban,Local,Not Reported,498.765306122449,27.04707778,-82.26007778,Pedestrian,Not a Collision,Not an Intersection,On Roadway,,Daylight,Clear,0,0,2014.0,0,0,SARASOTA (115),NOT APPLICABLE
2021,10202,Florida,1,2,2,October,1,Friday,20,SR-501,State Highway,Urban,Minor Arterial,State Highway Agency,498.765306122449,28.37993889,-80.75503889,Pedestrian,Not a Collision,Not an Intersection,On Roadway,,Dark - Lighted,Clear,0,0,2018.0,1,0,BREVARD (9),COCOA
2021,10203,Florida,1,1,1,October,3,Sunday,10,SR-574,State Highway,Urban,Principal Arterial - Other,State Highway Agency,498.765306122449,27.98123889,-82.31869722,Pedalcyclist,Not a Collision,Four-Way Intersection,On Roadway,,Daylight,Clear,0,0,2001.0,1,0,HILLSBOROUGH (57),NOT APPLICABLE
2021,10204,Florida,1,1,1,October,7,Thursday,20,IRWIN AVE,Local Street - Municipality,Urban,Local,City or Municipal Highway Agency,498.765306122449,30.42225,-86.61080278,Pedestrian,Not a Collision,T-Intersection,On Roadway,,Dark - Not Lighted,Clear,0,0,2008.0,1,1,OKALOOSA (91),NOT APPLICABLE
2021,10204,Florida,1,1,1,October,7,Thursday,20,IRWIN AVE,Local Street - Municipality,Urban,Local,City or Municipal Highway Agency,498.765306122449,30.42225,-86.61080278,Pedestrian,Not a Collision,T-Intersection,On Roadway,,Dark - Not Lighted,Clear,0,0,2011.0,3,0,OKALOOSA (91),NOT APPLICABLE
2021,10205,Florida,0,2,2,October,13,Wednesday,14,SR-235,State Highway,Rural,Major Collector,State Highway Agency,498.765306122449,29.82635,-82.42718889,Motor Vehicle In-Transport,Front-to-Rear,Not an Intersection,On Roadway,,Daylight,Clear,0,0,2017.0,1,0,ALACHUA (1),NOT APPLICABLE
2021,10206,Florida,1,1,1,October,1,Friday,4,CR-399,County Road,Urban,Major Collector,Not Reported,498.765306122449,30.41453056,-86.98642222,Pedestrian,Not a Collision,Not an Intersection,On Roadway,,Dark - Not Lighted,Cloudy,0,0,2003.0,1,0,SANTA ROSA (113),NOT APPLICABLE
2021,10207,Florida,1,1,1,October,8,Friday,2,US-29,U.S. Highway,Rural,Principal Arterial - Other,State Highway Agency,498.765306122449,30.6694,-87.35143056,Pedestrian,Not a Collision,Not an Intersection,On Roadway,,Dark - Not Lighted,Cloudy,0,0,2011.0,1,0,ESCAMBIA (33),NOT APPLICABLE
2021,10207,Florida,1,1,1,October,8,Friday,2,US-29,U.S. Highway,Rural,Principal Arterial - Other,State Highway Agency,498.765306122449,30.6694,-87.35143056,Pedestrian,Not a Collision,Not an Intersection,On Roadway,,Dark - Not Lighted,Cloudy,0,0,2018.0,1,0,ESCAMBIA (33),NOT APPLICABLE
2021,10208,Florida,0,2,5,October,16,Saturday,9,SR-293,State Highway,Rural,Minor Arterial,State Highway Agency,498.765306122449,30.54759167,-86.4814,Motor Vehicle In-Transport,Front-to-Front,Not an Intersection,On Roadway,,Daylight,Clear,0,0,2005.0,1,0,OKALOOSA (91),NOT APPLICABLE
2021,10209,Florida,1,2,3,April,24,Saturday,12,VENETIAN CAUASEWAY,Local Street - Municipality,Urban,Minor Arterial,Not Reported,498.765306122449,25.78968056,-80.18547778,Pedestrian,Not a Collision,Not an Intersection,On Roadway,,Daylight,Clear,0,0,2016.0,0,0,MIAMI-DADE (86),MIAMI
2021,10209,Florida,1,2,3,April,24,Saturday,12,VENETIAN CAUASEWAY,Local Street - Municipality,Urban,Minor Arterial,Not Reported,498.765306122449,25.78968056,-80.18547778,Pedestrian,Not a Collision,Not an Intersection,On Roadway,,Daylight,Clear,0,0,2004.0,1,0,MIAMI-DADE (86),MIAMI
2021,10209,Florida,1,2,3,April,24,Saturday,12,VENETIAN CAUASEWAY,Local Street - Municipality,Urban,Minor Arterial,Not Reported,498.765306122449,25.78968056,-80.18547778,Pedestrian,Not a Collision,Not an Intersection,On Roadway,,Daylight,Clear,0,0,2014.0,0,0,MIAMI-DADE (86),MIAMI