YEAR,ST_CASE,STATENAME,NUM_PEDS,NUM_VEHC,PERSONS,MONTHNAME,DAYNAME,DAY_WEEKNAME,HOUR,ROAD_NAME,ROUTENAME,RUR_URBNAME,FUNC_SYSNAME,RD_OWNERNAME,MILE_MARKER,LATITUDE,LONGITUD,HARM_EVNAME,COLLISION_TYPE,TYP_INTNAME,REL_ROADNAME,WRK_ZONENAME,LGT_CONDNAME,WEATHERNAME,SCH_BUS,HIT_RUN,MOD_YEAR,DEATHS,DR_DRINK,COUNTYNAME,CITYNAME
2021,10305,Florida,0,2,2,October,15,Friday,3,SPIRIT LAKE RD,Unknown,Urban,Major Collector,County Highway Agency,498.765306122449,27.98188611,-81.78417222,Motor Vehicle In-Transport,Angle,Four-Way Intersection,On Roadway,,Dark - Lighted,Clear,0,0,2007.0,1,0,POLK (105),NOT APPLICABLE
2021,10305,Florida,0,2,2,October,15,Friday,3,SPIRIT LAKE RD,Unknown,Urban,Major Collector,County Highway Agency,498.765306122449,27.98188611,-81.78417222,Motor Vehicle In-Transport,Angle,Four-Way Intersection,On Roadway,,Dark - Lighted,Clear,0,0,2003.0,0,0,POLK (105),NOT APPLICABLE
2021,10306,Florida,0,1,1,October,16,Saturday,3,I-195,Interstate,Urban,Interstate,State Highway Agency,498.765306122449,25.81271667,-80.13710833,Tree (Standing Only),Not a Collision,Not an Intersection,On Roadside,,Dark - Lighted,Clear,0,0,2016.0,0,0,MIAMI-DADE (86),MIAMI BEACH
2021,10307,Florida,0,2,2,October,21,Thursday,7,199TH ST,Local Street - Municipality,Urban,Minor Arterial,Not Reported,498.765306122449,25.95769167,-80.19773333,Motor Vehicle In-Transport,Angle,Four-Way Intersection,On Roadway,,Daylight,Clear,0,0,2009.0,1,0,MIAMI-DADE (86),MIAMI GARDENS
2021,10308,Florida,0,1,1,October,23,Saturday,2,PALMETTO PARK RD,Local Street - Municipality,Urban,Principal Arterial - Other,Not Reported,498.765306122449,26.35068056,-80.13561111,Tree (Standing Only),Not a Collision,Not an Intersection,On Median,,Dark - Lighted,Cloudy,0,0,2012.0,1,0,PALM BEACH (99),NOT APPLICABLE
2021,10309,Florida,0,1,1,September,30,Thursday,24,S PINE ISLAND RD,Local Street - Municipality,Urban,Minor Arterial,Not Reported,498.765306122449,26.11938889,-80.26448333,Curb,Not a Collision,Not an Intersection,On Roadside,,Dark - Not Lighted,Clear,0,0,1990.0,0,0,BROWARD (11),PLANTATION
2021,10310,Florida,1,1,1,October,5,Tuesday,2,US-17,U.S. Highway,Urban,Principal Arterial - Other,State Highway Agency,498.765306122449,27.80360278,-81.81817778,Pedestrian,Not a Collision,Not an Intersection,On Roadway,,Dark - Not Lighted,Clear,0,0,1999.0,1,0,POLK (105),NOT APPLICABLE
2021,10311,Florida,0,1,1,October,16,Saturday,24,CR-835,County Road,Rural,Major Collector,County Highway Agency,498.765306122449,26.65341111,-80.90248889,Traffic Sign Support,Not a Collision,Not an Intersection,On Roadside,,Dark - Not Lighted,Clear,0,0,2017.0,1,1,HENDRY (51),NOT APPLICABLE
2021,10311,Florida,0,1,1,October,16,Saturday,24,CR-835,County Road,Rural,Major Collector,County Highway Agency,498.765306122449,26.65341111,-80.90248889,Traffic Sign Support,Not a Collision,Not an Intersection,On Roadside,,Dark - Not Lighted,Clear,0,0,2019.0,0,0,HENDRY (51),NOT APPLICABLE
2021,10312,Florida,0,1,1,October,1,Friday,23,CR-718,County Road,Urban,Major Collector,Not Reported,498.765306122449,27.27746944,-80.86618611,Tree (Standing Only),Not a Collision,Not an Intersection,On Roadside,,Dark - Not Lighted,Clear,0,0,1997.0,2,0,OKEECHOBEE (93),NOT APPLICABLE
2021,10312,Florida,0,1,1,October,1,Friday,23,CR-718,County Road,Urban,Major Collector,Not Reported,498.765306122449,27.27746944,-80.86618611,Tree (Standing Only),Not a Collision,Not an Intersection,On Roadside,,Dark - Not Lighted,Clear,0,0,2007.0,0,0,OKEECHOBEE (93),NOT APPLICABLE
2021,10313,Florida,0,2,2,September,23,Thursday,12,SR-A1A,State Highway,Urban,Principal Arterial - Other,State Highway Agency,498.765306122449,25.86822222,-80.12228333,Motor Vehicle In-Transport,Sideswipe - Same Direction,Not an Intersection,On Roadway,,Daylight,Clear,0,0,2005.0,0,0,MIAMI-DADE (86),MIAMI BEACH
2021,10313,Florida,0,2,2,September,23,Thursday,12,SR-A1A,State Highway,Urban,Principal Arterial - Other,State Highway Agency,498.765306122449,25.86822222,-80.12228333,Motor Vehicle In-Transport,Sideswipe - Same Direction,Not an Intersection,On Roadway,,Daylight,Clear,0,0,2021.0,1,0,MIAMI-DADE (86),MIAMI BEACH
2021,10314,Florida,0,3,4,October,26,Tuesday,7,US-41,U.S. Highway,Urban,Principal Arterial - Other,State Highway Agency,498.765306122449,26.32416944,-81.80540556,Motor Vehicle In-Transport,Angle,Four-Way Intersection,On Roadway,,Daylight,Clear,0,0,2007.0,1,0,LEE (71),BONITA SPRINGS
2021,10315,Florida,4,3,1,October,9,Saturday,3,I-95,Interstate,Urban,Interstate,State Highway Agency,498.765306122449,26.03913056,-80.16368889,Motor Vehicle In-Transport,Front-to-Rear,Not an Intersection,On Roadway,,Dark - Lighted,Cloudy,0,0,2016.0,0,0,BROWARD (11),HOLLYWOOD
2021,10315,Florida,4,3,1,October,9,Saturday,3,I-95,Interstate,Urban,Interstate,State Highway Agency,498.765306122449,26.03913056,-80.16368889,Motor Vehicle In-Transport,Front-to-Rear,Not an Intersection,On Roadway,,Dark - Lighted,Cloudy,0,0,2010.0,1,0,BROWARD (11),HOLLYWOOD
2021,10316,Florida,0,2,2,October,25,Monday,13,CR-293,County Road,Urban,Major Collector,Not Reported,498.765306122449,30.38653889,-87.40215,Fell/Jumped from Vehicle,Not a Collision,T-Intersection,On Roadway,,Daylight,Cloudy,0,0,2012.0,1,0,ESCAMBIA (33),NOT APPLICABLE
2021,10316,Florida,0,2,2,October,25,Monday,13,CR-293,County Road,Urban,Major Collector,Not Reported,498.765306122449,30.38653889,-87.40215,Fell/Jumped from Vehicle,Not a Collision,T-Intersection,On Roadway,,Daylight,Cloudy,0,0,2018.0,0,0,ESCAMBIA (33),NOT APPLICABLE
2021,10317,Florida,0,2,4,October,17,Sunday,9,US-19,U.S. Highway,Urban,Minor Arterial,State Highway Agency,498.765306122449,27.77722222,-82.69981667,Motor Vehicle In-Transport,Angle,Four-Way Intersection,On Roadway,,Daylight,Clear,0,0,2006.0,1,0,PINELLAS (103),SAINT PETERSBURG
2021,10318,Florida,0,3,3,October,18,Monday,19,I-4,Interstate,Urban,Interstate,State Highway Agency,498.765306122449,28.15073056,-81.85953889,Motor Vehicle In-Transport,Angle,Not an Intersection,On Roadway,"Work Zone, Type Unknown",Dark - Not Lighted,Clear,0,0,2019.0,0,0,POLK (105),NOT APPLICABLE
2021,10318,Florida,0,3,3,October,18,Monday,19,I-4,Interstate,Urban,Interstate,State Highway Agency,498.765306122449,28.15073056,-81.85953889,Motor Vehicle In-Transport,Angle,Not an Intersection,On Roadway,"Work Zone, Type Unknown",Dark - Not Lighted,Clear,0,0,2010.0,1,0,POLK (105),NOT APPLICABLE
2021,10319,Florida,0,1,1,October,15,Friday,22,63RD ST SW,Other,Urban,Local,Private (other than Railroad),498.765306122449,26.17227778,-81.73946389,Culvert,Not a Collision,T-Intersection,On Roadside,,Dark - Not Lighted,Clear,0,0,1999.0,1,0,COLLIER (21),NOT APPLICABLE
2021,10319,Florida,0,1,1,October,15,Friday,22,63RD ST SW,Other,Urban,Local,Private (other than Railroad),498.765306122449,26.17227778,-81.73946389,Culvert,Not a Collision,T-Intersection,On Roadside,,Dark - Not Lighted,Clear,0,0,2003.0,0,0,COLLIER (21),NOT APPLICABLE
2021,10320,Florida,0,2,2,October,25,Monday,10,SR-100,State Highway,Rural,Minor Arterial,State Highway Agency,498.765306122449,30.00585,-82.28981944,Motor Vehicle In-Transport,Front-to-Rear,T-Intersection,On Roadway,,Daylight,Cloudy,0,0,2017.0,1,1,UNION (125),NOT APPLICABLE
2021,10320,Florida,0,2,2,October,25,Monday,10,SR-100,State Highway,Rural,Minor Arterial,State Highway Agency,498.765306122449,30.00585,-82.28981944,Motor Vehicle In-Transport,Front-to-Rear,T-Intersection,On Roadway,,Daylight,Cloudy,0,0,1999.0,1,0,UNION (125),NOT APPLICABLE
2021,10321,Florida,0,3,3,October,23,Saturday,2,SR-415,State Highway,Urban,Minor Arterial,State Highway Agency,498.765306122449,28.84808611,-81.16204444,Fell/Jumped from Vehicle,Not a Collision,Not an Intersection,On Roadway,,Dark - Not Lighted,Clear,0,0,2007.0,1,1,VOLUSIA (127),NOT APPLICABLE
2021,10321,Florida,0,3,3,October,23,Saturday,2,SR-415,State Highway,Urban,Minor Arterial,State Highway Agency,498.765306122449,28.84808611,-81.16204444,Fell/Jumped from Vehicle,Not a Collision,Not an Intersection,On Roadway,,Dark - Not Lighted,Clear,0,0,2017.0,0,0,VOLUSIA (127),NOT APPLICABLE
2021,10322,Florida,0,2,3,October,6,Wednesday,17,US-98,U.S. Highway,Urban,Principal Arterial - Other,State Highway Agency,498.765306122449,27.20936667,-80.82996389,Motor Vehicle In-Transport,Angle,Four-Way Intersection,On Roadway,,Daylight,Clear,0,0,2012.0,1,0,OKEECHOBEE (93),NOT APPLICABLE
2021,10322,Florida,0,2,3,October,6,Wednesday,17,US-98,U.S. Highway,Urban,Principal Arterial - Other,State Highway Agency,498.765306122449,27.20936667,-80.82996389,Motor Vehicle In-Transport,Angle,Four-Way Intersection,On Roadway,,Daylight,Clear,0,0,1996.0,0,0,OKEECHOBEE (93),NOT APPLICABLE
2021,10323,Florida,0,1,2,October,17,Sunday,2,COCONUT RD,Unknown,Urban,Major Collector,Not Reported,498.765306122449,26.39543889,-81.79175,Tree (Standing Only),Not a Collision,Not an Intersection,On Roadside,,Dark - Lighted,Clear,0,0,1991.0,1,1,LEE (71),NOT APPLICABLE
2021,10323,Florida,0,1,2,October,17,Sunday,2,COCONUT RD,Unknown,Urban,Major Collector,Not Reported,498.765306122449,26.39543889,-81.79175,Tree (Standing Only),Not a Collision,Not an Intersection,On Roadside,,Dark - Lighted,Clear,0,0,2006.0,0,0,LEE (71),NOT APPLICABLE
2021,10324,Florida,0,2,2,October,14,Thursday,23,CR-527,County Road,Urban,Minor Arterial,Not Reported,498.765306122449,28.35397778,-81.39125,Motor Vehicle In-Transport,Front-to-Front,Not an Intersection,On Roadway,,Dark - Lighted,Cloudy,0,0,2011.0,1,1,ORANGE (95),NOT APPLICABLE
2021,10325,Florida,1,1,1,October,17,Sunday,20,US-98,U.S. Highway,Urban,Principal Arterial - Other,State Highway Agency,498.765306122449,30.39813611,-86.59804444,Pedestrian,Not a Collision,Four-Way Intersection,On Roadway,,Dark - Lighted,Clear,0,0,2005.0,1,0,OKALOOSA (91),NOT APPLICABLE
2021,10325,Florida,1,1,1,October,17,Sunday,20,US-98,U.S. Highway,Urban,Principal Arterial - Other,State Highway Agency,498.765306122449,30.39813611,-86.59804444,Pedestrian,Not a Collision,Four-Way Intersection,On Roadway,,Dark - Lighted,Clear,0,0,1994.0,0,0,OKALOOSA (91),NOT APPLICABLE
2021,10326,Florida,0,2,5,October,24,Sunday,2,I-95,Interstate,Urban,Interstate,State Highway Agency,498.765306122449,29.03221667,-81.00095833,Motor Vehicle In-Transport,Front-to-Front,Not an Intersection,On Roadway,,Dark - Not Lighted,Clear,0,0,2019.0,0,0,VOLUSIA (127),NOT APPLICABLE
2021,10326,Florida,0,2,5,October,24,Sunday,2,I-95,Interstate,Urban,Interstate,State Highway Agency,498.765306122449,29.03221667,-81.00095833,Motor Vehicle In-Transport,Front-to-Front,Not an Intersection,On Roadway,,Dark - Not Lighted,Clear,0,0,2018.0,1,0,VOLUSIA (127),NOT APPLICABLE
2021,10327,Florida,1,1,1,September,16,Thursday,7,STONE VIEW DR,Local Street - Municipality,Urban,Minor Collector,Not Reported,498.765306122449,28.14279167,-82.37497778,Pedestrian,Not a Collision,Four-Way Intersection,On Roadway,,Daylight,Clear,0,0,1997.0,1,0,HILLSBOROUGH (57),TAMPA
2021,10327,Florida,1,1,1,September,16,Thursday,7,STONE VIEW DR,Local Street - Municipality,Urban,Minor Collector,Not Reported,498.765306122449,28.14279167,-82.37497778,Pedestrian,Not a Collision,Four-Way Intersection,On Roadway,,Daylight,Clear,0,0,2020.0,0,0,HILLSBOROUGH (57),TAMPA
2021,10328,Florida,1,1,1,October,24,Sunday,6,SR-582,State Highway,Urban,Principal Arterial - Other,State Highway Agency,498.765306122449,28.05451944,-82.43163611,Pedestrian,Not a Collision,Not an Intersection,On Roadway,,Dark - Lighted,Clear,0,0,2007.0,0,0,HILLSBOROUGH (57),TAMPA
2021,10328,Florida,1,1,1,October,24,Sunday,6,SR-582,State Highway,Urban,Principal Arterial - Other,State Highway Agency,498.765306122449,28.05451944,-82.43163611,Pedestrian,Not a Collision,Not an Intersection,On Roadway,,Dark - Lighted,Clear,0,0,2012.0,0,0,HILLSBOROUGH (57),TAMPA
2021,10329,Florida,1,1,1,October,21,Thursday,6,SR-435,State Highway,Urban,Principal Arterial - Other,State Highway Agency,498.765306122449,28.52803056,-81.45915278,Pedestrian,Not a Collision,Four-Way Intersection,On Roadway,,Dawn,Clear,0,0,2006.0,1,0,ORANGE (95),ORLANDO
2021,10329,Florida,1,1,1,October,21,Thursday,6,SR-435,State Highway,Urban,Principal Arterial - Other,State Highway Agency,498.765306122449,28.52803056,-81.45915278,Pedestrian,Not a Collision,Four-Way Intersection,On Roadway,,Dawn,Clear,0,0,2016.0,0,0,ORANGE (95),ORLANDO
2021,10330,Florida,0,1,1,October,23,Saturday,22,SR-12,State Highway,Urban,Minor Arterial,State Highway Agency,498.765306122449,30.59248333,-84.56664722,Guardrail Face,Not a Collision,Not an Intersection,On Roadside,,Dark - Not Lighted,Clear,0,0,2005.0,1,0,GADSDEN (39),QUINCY
2021,10330,Florida,0,1,1,October,23,Saturday,22,SR-12,State Highway,Urban,Minor Arterial,State Highway Agency,498.765306122449,30.59248333,-84.56664722,Guardrail Face,Not a Collision,Not an Intersection,On Roadside,,Dark - Not Lighted,Clear,0,0,2014.0,0,0,GADSDEN (39),QUINCY
2021,10331,Florida,0,1,2,October,22,Friday,16,I-10,Interstate,Rural,Interstate,State Highway Agency,498.765306122449,30.48858611,-84.01908611,Tree (Standing Only),Not a Collision,Not an Intersection,On Roadside,,Daylight,Clear,0,0,2013.0,0,0,JEFFERSON (65),NOT APPLICABLE
2021,10331,Florida,0,1,2,October,22,Friday,16,I-10,Interstate,Rural,Interstate,State Highway Agency,498.765306122449,30.48858611,-84.01908611,Tree (Standing Only),Not a Collision,Not an Intersection,On Roadside,,Daylight,Clear,0,0,2002.0,1,0,JEFFERSON (65),NOT APPLICABLE
2021,10332,Florida,0,1,5,October,8,Friday,7,I-275,Interstate,Urban,Interstate,State Highway Agency,498.765306122449,27.90296667,-82.63681389,Rollover/Overturn,Not a Collision,Not an Intersection,On Roadside,,Daylight,Clear,0,0,2014.0,1,0,PINELLAS (103),NOT APPLICABLE
2021,10333,Florida,0,2,2,October,27,Wednesday,9,US-29,U.S. Highway,Urban,Principal Arterial - Other,State Highway Agency,498.765306122449,30.65116111,-87.35143056,Motor Vehicle In-Transport,Angle,T-Intersection,On Roadway,,Daylight,Cloudy,0,0,1993.0,0,0,ESCAMBIA (33),NOT APPLICABLE
2021,10334,Florida,0,1,1,October,7,Thursday,12,SR-152,State Highway,Urban,Minor Arterial,State Highway Agency,498.765306122449,30.22098889,-81.56418889,Curb,Not a Collision,Four-Way Intersection,On Roadside,,Daylight,Clear,0,0,2019.0,0,0,DUVAL (31),JACKSONVILLE
2021,10334,Florida,0,1,1,October,7,Thursday,12,SR-152,State Highway,Urban,Minor Arterial,State Highway Agency,498.765306122449,30.22098889,-81.56418889,Curb,Not a Collision,Four-Way Intersection,On Roadside,,Daylight,Clear,0,0,2020.0,1,0,DUVAL (31),JACKSONVILLE
2021,10335,Florida,0,1,2,October,24,Sunday,6,I-75,Interstate,Urban,Interstate,State Highway Agency,498.765306122449,27.65162222,-82.4428,Tree (Standing Only),Not a Collision,Not an Intersection,On Roadside,,Dawn,Cloudy,0,0,1989.0,1,0,HILLSBOROUGH (57),NOT APPLICABLE
2021,10336,Florida,0,2,2,October,25,Monday,1,SR-408,State Highway,Urban,Principal Arterial - Freeways,State Highway Agency,498.765306122449,28.54020833,-81.28702778,Motor Vehicle In-Transport,Front-to-Front,Not an Intersection,On Roadway,,Dark - Lighted,Rain,0,0,2005.0,1,0,ORANGE (95),ORLANDO
2021,10337,Florida,1,1,1,October,23,Saturday,20,SR-94,State Highway,Urban,Principal Arterial - Other,State Highway Agency,498.765306122449,25.68855,-80.31348889,Pedestrian,Not a Collision,Four-Way Intersection,On Roadway,,Dark - Lighted,Clear,0,0,2021.0,1,0,MIAMI-DADE (86),NOT APPLICABLE
2021,10337,Florida,1,1,1,October,23,Saturday,20,SR-94,State Highway,Urban,Principal Arterial - Other,State Highway Agency,498.765306122449,25.68855,-80.31348889,Pedestrian,Not a Collision,Four-Way Intersection,On Roadway,,Dark - Lighted,Clear,0,0,2008.0,0,0,MIAMI-DADE (86),NOT APPLICABLE
2021,10338,Florida,0,2,2,October,20,Wednesday,4,US-17,U.S. Highway,Rural,Principal Arterial - Other,State Highway Agency,498.765306122449,27.32163611,-81.81397222,Motor Vehicle In-Transport,Front-to-Rear,Not an Intersection,On Roadway,,Dark - Not Lighted,Clear,0,0,2012.0,4,0,DE SOTO (27),NOT APPLICABLE
2021,10339,Florida,1,1,1,October,22,Friday,10,CR-421,County Road,Urban,Principal Arterial - Other,Not Reported,498.765306122449,29.10385,-81.03073056,Pedalcyclist,Not a Collision,T-Intersection,On Roadway,,Daylight,Clear,0,0,2016.0,1,0,VOLUSIA (127),PORT ORANGE
2021,10340,Florida,1,1,1,October,17,Sunday,20,US-1,U.S. Highway,Urban,Principal Arterial - Other,State Highway Agency,498.765306122449,26.15186389,-80.11911667,Pedestrian,Not a Collision,Not an Intersection,On Roadway,,Dark - Lighted,Clear,0,0,2020.0,0,0,BROWARD (11),POMPANO BEACH
2021,10340,Florida,1,1,1,October,17,Sunday,20,US-1,U.S. Highway,Urban,Principal Arterial - Other,State Highway Agency,498.765306122449,26.15186389,-80.11911667,Pedestrian,Not a Collision,Not an Intersection,On Roadway,,Dark - Lighted,Clear,0,0,2004.0,1,1,BROWARD (11),POMPANO BEACH
2021,10341,Florida,0,3,8,October,15,Friday,22,NW 22ND AVE,Unknown,Urban,Minor Arterial,Not Reported,498.765306122449,25.83146389,-80.23293056,Motor Vehicle In-Transport,Angle,Four-Way Intersection,On Roadway,,Dark - Lighted,Clear,0,0,2007.0,1,0,MIAMI-DADE (86),NOT APPLICABLE
2021,10341,Florida,0,3,8,October,15,Friday,22,NW 22ND AVE,Unknown,Urban,Minor Arterial,Not Reported,498.765306122449,25.83146389,-80.23293056,Motor Vehicle In-Transport,Angle,Four-Way Intersection,On Roadway,,Dark - Lighted,Clear,0,0,2006.0,0,0,MIAMI-DADE (86),NOT APPLICABLE
2021,10342,Florida,1,1,1,October,18,Monday,5,SR-994,State Highway,Urban,Minor Arterial,State Highway Agency,498.765306122449,25.59100278,-80.38076944,Pedestrian,Not a Collision,Four-Way Intersection,On Roadway,,Dark - Lighted,Clear,0,0,2013.0,0,0,MIAMI-DADE (86),NOT APPLICABLE
2021,10342,Florida,1,1,1,October,18,Monday,5,SR-994,State Highway,Urban,Minor Arterial,State Highway Agency,498.765306122449,25.59100278,-80.38076944,Pedestrian,Not a Collision,Four-Way Intersection,On Roadway,,Dark - Lighted,Clear,0,0,2006.0,1,0,MIAMI-DADE (86),NOT APPLICABLE
2021,10343,Florida,0,2,6,October,23,Saturday,22,US-41,U.S. Highway,Urban,Principal Arterial - Other,State Highway Agency,498.765306122449,27.112225,-82.44687778,Motor Vehicle In-Transport,Angle,Not an Intersection,On Roadway,,Dark - Lighted,Clear,0,0,2016.0,1,1,SARASOTA (115),VENICE
2021,10344,Florida,0,2,2,October,19,Tuesday,7,CR-18,County Road,Rural,Major Collector,Not Reported,498.765306122449,29.93321944,-82.64548889,Motor Vehicle In-Transport,Front-to-Front,Four-Way Intersection,On Roadway,,Dark - Not Lighted,Clear,0,0,2005.0,1,0,COLUMBIA (23),NOT APPLICABLE
2021,10345,Florida,0,3,3,October,30,Saturday,19,CR-846,County Road,Rural,Minor Arterial,Not Reported,498.765306122449,26.36662778,-81.50707222,Motor Vehicle In-Transport,Sideswipe - Opposite Direction,Not an Intersection,On Roadway,,Daylight,Clear,0,0,2005.0,1,0,COLLIER (21),NOT APPLICABLE
2021,10346,Florida,0,2,4,September,15,Wednesday,20,WINDHORST RD W,Local Street - Municipality,Urban,Local,Not Reported,498.765306122449,27.95970833,-82.30785833,Motor Vehicle In-Transport,Front-to-Front,Not an Intersection,On Roadway,,Dark - Not Lighted,Clear,0,0,2011.0,0,0,HILLSBOROUGH (57),NOT APPLICABLE
2021,10346,Florida,0,2,4,September,15,Wednesday,20,WINDHORST RD W,Local Street - Municipality,Urban,Local,Not Reported,498.765306122449,27.95970833,-82.30785833,Motor Vehicle In-Transport,Front-to-Front,Not an Intersection,On Roadway,,Dark - Not Lighted,Clear,0,0,1999.0,1,0,HILLSBOROUGH (57),NOT APPLICABLE
2021,10348,Florida,1,1,3,October,29,Friday,19,SR-811,State Highway,Urban,Minor Arterial,State Highway Agency,498.765306122449,26.20358611,-80.13323333,Pedestrian,Not a Collision,Not an Intersection,On Roadway,,Daylight,Clear,0,0,2017.0,1,1,BROWARD (11),OAKLAND PARK
2021,10348,Florida,1,1,3,October,29,Friday,19,SR-811,State Highway,Urban,Minor Arterial,State Highway Agency,498.765306122449,26.20358611,-80.13323333,Pedestrian,Not a Collision,Not an Intersection,On Roadway,,Daylight,Clear,0,0,2005.0,0,0,BROWARD (11),OAKLAND PARK
2021,10349,Florida,0,2,2,October,21,Thursday,23,72ND ST,Unknown,Urban,Major Collector,Not Reported,498.765306122449,25.69914722,-80.441525,Motor Vehicle In-Transport,Angle,Four-Way Intersection,On Roadway,,Dark - Lighted,Clear,0,0,2009.0,1,0,MIAMI-DADE (86),NOT APPLICABLE
2021,10350,Florida,0,3,3,June,28,Monday,17,US-17,U.S. Highway,Urban,Principal Arterial - Other,State Highway Agency,498.765306122449,28.61180556,-81.36533056,Motor Vehicle In-Transport,Angle,T-Intersection,On Roadway,,Daylight,Clear,0,0,2013.0,0,0,ORANGE (95),MAITLAND
2021,10350,Florida,0,3,3,June,28,Monday,17,US-17,U.S. Highway,Urban,Principal Arterial - Other,State Highway Agency,498.765306122449,28.61180556,-81.36533056,Motor Vehicle In-Transport,Angle,T-Intersection,On Roadway,,Daylight,Clear,0,0,2004.0,1,0,ORANGE (95),MAITLAND
2021,10351,Florida,0,2,4,October,31,Sunday,1,US-1,U.S. Highway,Urban,Principal Arterial - Other,State Highway Agency,498.765306122449,30.37119167,-81.72453056,Motor Vehicle In-Transport,Front-to-Rear,Not an Intersection,On Roadway,,Dark - Lighted,Cloudy,0,0,1995.0,1,1,DUVAL (31),JACKSONVILLE
2021,10352,Florida,1,1,1,October,19,Tuesday,20,US-41,U.S. Highway,Urban,Minor Arterial,State Highway Agency,498.765306122449,28.03916667,-82.4595,Pedestrian,Not a Collision,Not an Intersection,On Roadway,,Dark - Lighted,Clear,0,1,2009.0,0,0,HILLSBOROUGH (57),TAMPA
2021,10353,Florida,1,1,1,October,27,Wednesday,22,US-19,U.S. Highway,Urban,Principal Arterial - Other,State Highway Agency,498.765306122449,28.14126389,-82.74006111,Pedestrian,Not a Collision,Four-Way Intersection,On Roadway,,Dark - Lighted,Clear,0,0,1998.0,1,0,PINELLAS (103),TARPON SPRINGS
2021,10353,Florida,1,1,1,October,27,Wednesday,22,US-19,U.S. Highway,Urban,Principal Arterial - Other,State Highway Agency,498.765306122449,28.14126389,-82.74006111,Pedestrian,Not a Collision,Four-Way Intersection,On Roadway,,Dark - Lighted,Clear,0,0,2006.0,0,0,PINELLAS (103),TARPON SPRINGS
2021,10353,Florida,1,1,1,October,27,Wednesday,22,US-19,U.S. Highway,Urban,Principal Arterial - Other,State Highway Agency,498.765306122449,28.14126389,-82.74006111,Pedestrian,Not a Collision,Four-Way Intersection,On Roadway,,Dark - Lighted,Clear,0,0,2016.0,0,0,PINELLAS (103),TARPON SPRINGS
2021,10354,Florida,0,1,1,October,27,Wednesday,23,SR-46,State Highway,Urban,Principal Arterial - Other,State Highway Agency,498.765306122449,28.80808889,-81.54061944,Rollover/Overturn,Not a Collision,Not an Intersection,On Roadside,,Dark - Not Lighted,Clear,0,0,2019.0,0,0,LAKE (69),NOT APPLICABLE
2021,10354,Florida,0,1,1,October,27,Wednesday,23,SR-46,State Highway,Urban,Principal Arterial - Other,State Highway Agency,498.765306122449,28.80808889,-81.54061944,Rollover/Overturn,Not a Collision,Not an Intersection,On Roadside,,Dark - Not Lighted,Clear,0,0,2014.0,1,0,LAKE (69),NOT APPLICABLE
2021,10354,Florida,0,1,1,October,27,Wednesday,23,SR-46,State Highway,Urban,Principal Arterial - Other,State Highway Agency,498.765306122449,28.80808889,-81.54061944,Rollover/Overturn,Not a Collision,Not an Intersection,On Roadside,,Dark - Not Lighted,Clear,0,0,2009.0,0,0,LAKE (69),NOT APPLICABLE
2021,10355,Florida,0,1,2,October,14,Thursday,23,US-41,U.S. Highway,Urban,Principal Arterial - Other,State Highway Agency,498.765306122449,28.55567222,-82.38140556,Rollover/Overturn,Not a Collision,T-Intersection,On Roadway,,Dark - Not Lighted,Clear,0,0,2015.0,0,1,HERNANDO (53),NOT APPLICABLE
2021,10355,Florida,0,1,2,October,14,Thursday,23,US-41,U.S. Highway,Urban,Principal Arterial - Other,State Highway Agency,498.765306122449,28.55567222,-82.38140556,Rollover/Overturn,Not a Collision,T-Intersection,On Roadway,,Dark - Not Lighted,Clear,0,0,2018.0,0,0,HERNANDO (53),NOT APPLICABLE
2021,10355,Florida,0,1,2,October,14,Thursday,23,US-41,U.S. Highway,Urban,Principal Arterial - Other,State Highway Agency,498.765306122449,28.55567222,-82.38140556,Rollover/Overturn,Not a Collision,T-Intersection,On Roadway,,Dark - Not Lighted,Clear,0,0,2008.0,0,0,HERNANDO (53),NOT APPLICABLE
2021,10356,Florida,0,2,3,October,22,Friday,16,CR-131,County Road,Rural,Major Collector,Not Reported,498.765306122449,29.98831111,-82.64318056,Motor Vehicle In-Transport,Angle,Four-Way Intersection,On Roadway,,Daylight,Clear,0,0,2018.0,1,1,COLUMBIA (23),NOT APPLICABLE
2021,10357,Florida,1,1,1,October,21,Thursday,13,CR-1,County Road,Urban,Minor Arterial,Not Reported,498.765306122449,28.20685278,-82.66623889,Pedestrian,Not a Collision,Not an Intersection,On Roadway,,Daylight,Clear,0,0,2004.0,1,0,PASCO (101),NOT APPLICABLE
2021,10357,Florida,1,1,1,October,21,Thursday,13,CR-1,County Road,Urban,Minor Arterial,Not Reported,498.765306122449,28.20685278,-82.66623889,Pedestrian,Not a Collision,Not an Intersection,On Roadway,,Daylight,Clear,0,0,2015.0,0,0,PASCO (101),NOT APPLICABLE
2021,10358,Florida,1,1,1,October,23,Saturday,23,US-19,U.S. Highway,Urban,Principal Arterial - Other,State Highway Agency,498.765306122449,28.02397778,-82.73823889,Pedalcyclist,Not a Collision,Not an Intersection,On Roadway,,Dark - Lighted,Clear,0,0,2015.0,0,0,PINELLAS (103),NOT APPLICABLE