YEAR,ST_CASE,STATENAME,NUM_PEDS,NUM_VEHC,PERSONS,MONTHNAME,DAYNAME,DAY_WEEKNAME,HOUR,ROAD_NAME,ROUTENAME,RUR_URBNAME,FUNC_SYSNAME,RD_OWNERNAME,MILE_MARKER,LATITUDE,LONGITUD,HARM_EVNAME,COLLISION_TYPE,TYP_INTNAME,REL_ROADNAME,WRK_ZONENAME,LGT_CONDNAME,WEATHERNAME,SCH_BUS,HIT_RUN,MOD_YEAR,DEATHS,DR_DRINK,COUNTYNAME,CITYNAME
2021,10633,Florida,1,2,2,November,12,Friday,2,I-75,Interstate,Rural,Interstate,State Highway Agency,498.765306122449,28.85771944,-82.08981944,Motor Vehicle In-Transport,Front-to-Rear,Not an Intersection,On Roadway,,Dark - Not Lighted,Cloudy,0,0,2007.0,0,1,SUMTER (119),NOT APPLICABLE
2021,10633,Florida,1,2,2,November,12,Friday,2,I-75,Interstate,Rural,Interstate,State Highway Agency,498.765306122449,28.85771944,-82.08981944,Motor Vehicle In-Transport,Front-to-Rear,Not an Intersection,On Roadway,,Dark - Not Lighted,Cloudy,0,0,1999.0,1,0,SUMTER (119),NOT APPLICABLE
2021,10634,Florida,0,1,1,November,14,Sunday,5,I-75 S,Interstate,Urban,Interstate,State Highway Agency,498.765306122449,26.09475,-80.36347222,Rollover/Overturn,Not a Collision,Not an Intersection,On Roadway,,Dark - Lighted,Clear,0,0,2006.0,0,1,BROWARD (11),WESTON
2021,10634,Florida,0,1,1,November,14,Sunday,5,I-75 S,Interstate,Urban,Interstate,State Highway Agency,498.765306122449,26.09475,-80.36347222,Rollover/Overturn,Not a Collision,Not an Intersection,On Roadway,,Dark - Lighted,Clear,0,0,2007.0,1,0,BROWARD (11),WESTON
2021,10635,Florida,0,1,1,November,18,Thursday,10,US-1,U.S. Highway,Urban,Principal Arterial - Other,State Highway Agency,498.765306122449,27.73679167,-80.42856667,Guardrail Face,Not a Collision,Not an Intersection,On Roadside,,Daylight,Cloudy,0,0,2006.0,1,0,INDIAN RIVER (61),NOT APPLICABLE
2021,10636,Florida,1,1,1,December,1,Wednesday,24,PALM COAST PKWY,Local Street - Municipality,Urban,Principal Arterial - Other,City or Municipal Highway Agency,498.765306122449,29.55336944,-81.23556111,Pedalcyclist,Not a Collision,Not an Intersection,On Roadway,,Dark - Lighted,Clear,0,0,2004.0,1,1,FLAGLER (35),PALM COAST
2021,10636,Florida,1,1,1,December,1,Wednesday,24,PALM COAST PKWY,Local Street - Municipality,Urban,Principal Arterial - Other,City or Municipal Highway Agency,498.765306122449,29.55336944,-81.23556111,Pedalcyclist,Not a Collision,Not an Intersection,On Roadway,,Dark - Lighted,Clear,0,0,2014.0,0,0,FLAGLER (35),PALM COAST
2021,10637,Florida,1,3,3,October,31,Sunday,3,SR-436,State Highway,Urban,Principal Arterial - Other,State Highway Agency,498.765306122449,28.60766389,-81.30773333,Pedestrian,Not a Collision,Four-Way Intersection,On Roadway,,Dark - Lighted,Clear,0,0,2020.0,1,0,ORANGE (95),NOT APPLICABLE
2021,10637,Florida,1,3,3,October,31,Sunday,3,SR-436,State Highway,Urban,Principal Arterial - Other,State Highway Agency,498.765306122449,28.60766389,-81.30773333,Pedestrian,Not a Collision,Four-Way Intersection,On Roadway,,Dark - Lighted,Clear,0,0,2009.0,0,0,ORANGE (95),NOT APPLICABLE
2021,10638,Florida,0,3,7,October,7,Thursday,11,I-75 N MM 281,Interstate,Urban,Interstate,State Highway Agency,498.765306122449,28.26278056,-82.33223056,Motor Vehicle In-Transport,Front-to-Rear,Not an Intersection,On Roadway,"Work Zone, Type Unknown",Daylight,Cloudy,0,0,2016.0,1,1,PASCO (101),NOT APPLICABLE
2021,10638,Florida,0,3,7,October,7,Thursday,11,I-75 N MM 281,Interstate,Urban,Interstate,State Highway Agency,498.765306122449,28.26278056,-82.33223056,Motor Vehicle In-Transport,Front-to-Rear,Not an Intersection,On Roadway,"Work Zone, Type Unknown",Daylight,Cloudy,0,0,2011.0,0,0,PASCO (101),NOT APPLICABLE
2021,10639,Florida,0,1,2,October,27,Wednesday,23,US-441,U.S. Highway,Urban,Principal Arterial - Other,State Highway Agency,498.765306122449,28.46891111,-81.39661944,Curb,Not a Collision,Not an Intersection,On Roadside,,Dark - Lighted,Clear,0,0,1998.0,1,0,ORANGE (95),NOT APPLICABLE
2021,10639,Florida,0,1,2,October,27,Wednesday,23,US-441,U.S. Highway,Urban,Principal Arterial - Other,State Highway Agency,498.765306122449,28.46891111,-81.39661944,Curb,Not a Collision,Not an Intersection,On Roadside,,Dark - Lighted,Clear,0,0,2005.0,0,0,ORANGE (95),NOT APPLICABLE
2021,10640,Florida,0,2,2,October,18,Monday,4,SR-50,State Highway,Urban,Principal Arterial - Other,State Highway Agency,498.765306122449,28.56408889,-81.30103056,Motor Vehicle In-Transport,Angle,Not an Intersection,On Roadway,,Dark - Lighted,Clear,0,0,2017.0,1,0,ORANGE (95),NOT APPLICABLE
2021,10640,Florida,0,2,2,October,18,Monday,4,SR-50,State Highway,Urban,Principal Arterial - Other,State Highway Agency,498.765306122449,28.56408889,-81.30103056,Motor Vehicle In-Transport,Angle,Not an Intersection,On Roadway,,Dark - Lighted,Clear,0,0,2013.0,0,0,ORANGE (95),NOT APPLICABLE
2021,10641,Florida,0,3,3,November,22,Monday,18,SR-994,State Highway,Urban,Minor Arterial,State Highway Agency,498.765306122449,25.58078333,-80.40915278,Motor Vehicle In-Transport,Front-to-Front,Four-Way Intersection,On Roadway,,Dark - Not Lighted,Clear,0,0,2008.0,1,0,MIAMI-DADE (86),Other
2021,10642,Florida,0,2,5,November,20,Saturday,22,SR-699,State Highway,Urban,Minor Arterial,State Highway Agency,498.765306122449,27.71537778,-82.73838056,Motor Vehicle In-Transport,Angle,Not an Intersection,On Roadway,,Dark - Lighted,Clear,0,0,2001.0,1,0,PINELLAS (103),SAINT PETE BEACH
2021,10643,Florida,1,1,2,November,21,Sunday,1,113TH ST,Local Street - Municipality,Urban,Minor Arterial,Not Reported,498.765306122449,27.86866389,-82.79541667,Pedestrian,Not a Collision,Not an Intersection,On Roadway,,Dark - Not Lighted,Clear,0,0,2013.0,1,0,PINELLAS (103),SEMINOLE
2021,10643,Florida,1,1,2,November,21,Sunday,1,113TH ST,Local Street - Municipality,Urban,Minor Arterial,Not Reported,498.765306122449,27.86866389,-82.79541667,Pedestrian,Not a Collision,Not an Intersection,On Roadway,,Dark - Not Lighted,Clear,0,0,2014.0,0,0,PINELLAS (103),SEMINOLE
2021,10643,Florida,1,1,2,November,21,Sunday,1,113TH ST,Local Street - Municipality,Urban,Minor Arterial,Not Reported,498.765306122449,27.86866389,-82.79541667,Pedestrian,Not a Collision,Not an Intersection,On Roadway,,Dark - Not Lighted,Clear,0,0,2020.0,0,0,PINELLAS (103),SEMINOLE
2021,10644,Florida,1,1,1,November,19,Friday,19,SR-426,State Highway,Urban,Minor Arterial,State Highway Agency,498.765306122449,28.60629444,-81.29985556,Pedestrian,Not a Collision,Four-Way Intersection,On Roadway,,Dark - Lighted,Rain,0,0,2004.0,1,0,ORANGE (95),NOT APPLICABLE
2021,10644,Florida,1,1,1,November,19,Friday,19,SR-426,State Highway,Urban,Minor Arterial,State Highway Agency,498.765306122449,28.60629444,-81.29985556,Pedestrian,Not a Collision,Four-Way Intersection,On Roadway,,Dark - Lighted,Rain,0,0,2012.0,0,0,ORANGE (95),NOT APPLICABLE
2021,10645,Florida,0,2,3,November,21,Sunday,18,10TH AVE NORTH,Local Street - Municipality,Urban,Minor Arterial,Not Reported,498.765306122449,26.62873056,-80.09276944,Motor Vehicle In-Transport,Angle,Four-Way Intersection,On Roadway,,Dark - Lighted,Cloudy,0,0,2021.0,0,0,PALM BEACH (99),PALM SPRINGS
2021,10645,Florida,0,2,3,November,21,Sunday,18,10TH AVE NORTH,Local Street - Municipality,Urban,Minor Arterial,Not Reported,498.765306122449,26.62873056,-80.09276944,Motor Vehicle In-Transport,Angle,Four-Way Intersection,On Roadway,,Dark - Lighted,Cloudy,0,0,2003.0,3,0,PALM BEACH (99),PALM SPRINGS
2021,10646,Florida,0,1,1,December,6,Monday,2,LAKE HOWARD DR,Local Street - Municipality,Urban,Major Collector,Not Reported,498.765306122449,28.03271389,-81.74755,Curb,Not a Collision,Not an Intersection,On Roadside,,Dark - Not Lighted,Clear,0,0,2017.0,0,0,POLK (105),NOT APPLICABLE
2021,10646,Florida,0,1,1,December,6,Monday,2,LAKE HOWARD DR,Local Street - Municipality,Urban,Major Collector,Not Reported,498.765306122449,28.03271389,-81.74755,Curb,Not a Collision,Not an Intersection,On Roadside,,Dark - Not Lighted,Clear,0,0,2008.0,0,0,POLK (105),NOT APPLICABLE
2021,10646,Florida,0,1,1,December,6,Monday,2,LAKE HOWARD DR,Local Street - Municipality,Urban,Major Collector,Not Reported,498.765306122449,28.03271389,-81.74755,Curb,Not a Collision,Not an Intersection,On Roadside,,Dark - Not Lighted,Clear,0,0,2008.0,1,0,POLK (105),NOT APPLICABLE
2021,10647,Florida,0,1,1,October,13,Wednesday,20,COLLIER BLVD,Local Street - Municipality,Urban,Minor Arterial,Not Reported,498.765306122449,26.19551667,-81.68712222,Rollover/Overturn,Not a Collision,Not an Intersection,On Roadway,,Dark - Lighted,Clear,0,0,2004.0,1,1,COLLIER (21),NOT APPLICABLE
2021,10648,Florida,1,1,1,November,16,Tuesday,19,NW 7TH ST,Local Street - Municipality,Urban,Minor Arterial,Not Reported,498.765306122449,25.77936944,-80.24315833,Pedestrian,Not a Collision,Not an Intersection,On Roadway,,Dark - Lighted,Clear,0,0,2014.0,1,0,MIAMI-DADE (86),MIAMI
2021,10648,Florida,1,1,1,November,16,Tuesday,19,NW 7TH ST,Local Street - Municipality,Urban,Minor Arterial,Not Reported,498.765306122449,25.77936944,-80.24315833,Pedestrian,Not a Collision,Not an Intersection,On Roadway,,Dark - Lighted,Clear,0,0,2018.0,0,0,MIAMI-DADE (86),MIAMI
2021,10649,Florida,0,2,2,November,25,Thursday,3,I-95,Interstate,Urban,Interstate,State Highway Agency,498.765306122449,28.93740833,-80.94478611,Motor Vehicle In-Transport,Front-to-Front,Not an Intersection,On Roadway,,Dark - Not Lighted,Clear,0,0,2012.0,1,0,VOLUSIA (127),NOT APPLICABLE
2021,10650,Florida,0,1,1,November,20,Saturday,23,KENIWORTH BLVD,Other,Urban,Major Collector,County Highway Agency,498.765306122449,27.48403056,-81.4151,Utility Pole/Light Support,Not a Collision,Not an Intersection,On Roadside,,Dark - Lighted,Cloudy,0,0,1998.0,0,0,HIGHLANDS (55),SEBRING
2021,10651,Florida,0,1,1,November,23,Tuesday,20,137TH CT,Unknown,Rural,Local,Not Reported,498.765306122449,29.43603056,-82.54433056,Rollover/Overturn,Not a Collision,T-Intersection,On Roadway,,Dark - Not Lighted,Clear,0,0,2021.0,1,1,LEVY (75),NOT APPLICABLE
2021,10652,Florida,0,1,2,November,21,Sunday,24,SR-298,State Highway,Urban,Minor Arterial,State Highway Agency,498.765306122449,30.4249,-87.27258056,Fire Hydrant,Not a Collision,Not an Intersection,On Roadside,,Dark - Not Lighted,Clear,0,0,2010.0,0,0,ESCAMBIA (33),NOT APPLICABLE
2021,10653,Florida,0,3,3,November,27,Saturday,22,19TH ST,Local Street - Municipality,Urban,Major Collector,City or Municipal Highway Agency,498.765306122449,26.15062778,-80.20376389,Curb,Not a Collision,Not an Intersection,On Median,,Dark - Lighted,Clear,0,0,2005.0,1,0,BROWARD (11),LAUDERHILL
2021,10654,Florida,1,1,1,December,4,Saturday,12,SR-80,State Highway,Urban,Principal Arterial - Other,State Highway Agency,498.765306122449,26.66172778,-81.83875278,Pedestrian,Not a Collision,T-Intersection,On Roadway,,Daylight,Clear,0,0,2003.0,1,0,LEE (71),FORT MYERS
2021,10655,Florida,1,1,1,December,1,Wednesday,14,SR-816,State Highway,Urban,Principal Arterial - Other,State Highway Agency,498.765306122449,26.16636111,-80.15405278,Pedestrian,Not a Collision,Not an Intersection,On Roadway,,Daylight,Clear,0,0,2012.0,0,0,BROWARD (11),OAKLAND PARK
2021,10655,Florida,1,1,1,December,1,Wednesday,14,SR-816,State Highway,Urban,Principal Arterial - Other,State Highway Agency,498.765306122449,26.16636111,-80.15405278,Pedestrian,Not a Collision,Not an Intersection,On Roadway,,Daylight,Clear,0,0,2015.0,1,0,BROWARD (11),OAKLAND PARK
2021,10656,Florida,0,2,2,November,18,Thursday,23,SR-582,State Highway,Urban,Principal Arterial - Other,State Highway Agency,498.765306122449,28.054475,-82.3858,Motor Vehicle In-Transport,Angle,T-Intersection,On Roadway,,Dark - Lighted,Rain,0,0,2002.0,1,0,HILLSBOROUGH (57),TEMPLE TERRACE
2021,10656,Florida,0,2,2,November,18,Thursday,23,SR-582,State Highway,Urban,Principal Arterial - Other,State Highway Agency,498.765306122449,28.054475,-82.3858,Motor Vehicle In-Transport,Angle,T-Intersection,On Roadway,,Dark - Lighted,Rain,0,0,2018.0,1,0,HILLSBOROUGH (57),TEMPLE TERRACE
2021,10657,Florida,0,2,2,November,29,Monday,10,US-27,U.S. Highway,Urban,Principal Arterial - Other,State Highway Agency,498.765306122449,28.82211111,-81.88739167,Motor Vehicle In-Transport,Angle,Four-Way Intersection,On Roadway,,Daylight,Clear,0,0,2005.0,1,0,LAKE (69),LEESBURG
2021,10658,Florida,1,1,1,December,2,Thursday,23,US-441,U.S. Highway,Urban,Principal Arterial - Other,State Highway Agency,498.765306122449,28.82850278,-81.82593056,Pedestrian,Not a Collision,Not an Intersection,On Roadway,,Dark - Not Lighted,Clear,0,0,2014.0,1,0,LAKE (69),LEESBURG
2021,10658,Florida,1,1,1,December,2,Thursday,23,US-441,U.S. Highway,Urban,Principal Arterial - Other,State Highway Agency,498.765306122449,28.82850278,-81.82593056,Pedestrian,Not a Collision,Not an Intersection,On Roadway,,Dark - Not Lighted,Clear,0,0,2008.0,1,0,LAKE (69),LEESBURG
2021,10659,Florida,0,2,3,November,18,Thursday,23,NW 136TH AV,Local Street - Municipality,Urban,Minor Arterial,Not Reported,498.765306122449,26.14597222,-80.33013056,Motor Vehicle In-Transport,Front-to-Rear,Four-Way Intersection,On Roadway,,Dark - Lighted,Cloudy,0,0,2003.0,1,0,BROWARD (11),SUNRISE
2021,10659,Florida,0,2,3,November,18,Thursday,23,NW 136TH AV,Local Street - Municipality,Urban,Minor Arterial,Not Reported,498.765306122449,26.14597222,-80.33013056,Motor Vehicle In-Transport,Front-to-Rear,Four-Way Intersection,On Roadway,,Dark - Lighted,Cloudy,0,0,2006.0,0,0,BROWARD (11),SUNRISE
2021,10659,Florida,0,2,3,November,18,Thursday,23,NW 136TH AV,Local Street - Municipality,Urban,Minor Arterial,Not Reported,498.765306122449,26.14597222,-80.33013056,Motor Vehicle In-Transport,Front-to-Rear,Four-Way Intersection,On Roadway,,Dark - Lighted,Cloudy,0,0,2017.0,0,0,BROWARD (11),SUNRISE
2021,10660,Florida,0,3,3,November,27,Saturday,20,SR-794,State Highway,Urban,Principal Arterial - Other,State Highway Agency,498.765306122449,26.39463889,-80.08781389,Motor Vehicle In-Transport,Angle,T-Intersection,On Roadway,,Dark - Lighted,Clear,0,0,2021.0,1,0,PALM BEACH (99),BOCA RATON
2021,10661,Florida,0,2,2,December,5,Sunday,11,1ST AVE N,Local Street - Municipality,Urban,Minor Arterial,Not Reported,498.765306122449,27.77183889,-82.69774167,Parked Motor Vehicle,Not a Collision,Not an Intersection,On Roadway,,Daylight,Clear,0,0,2021.0,1,0,PINELLAS (103),SAINT PETERSBURG
2021,10661,Florida,0,2,2,December,5,Sunday,11,1ST AVE N,Local Street - Municipality,Urban,Minor Arterial,Not Reported,498.765306122449,27.77183889,-82.69774167,Parked Motor Vehicle,Not a Collision,Not an Intersection,On Roadway,,Daylight,Clear,0,0,2020.0,0,0,PINELLAS (103),SAINT PETERSBURG
2021,10662,Florida,1,1,1,November,12,Friday,18,SR-559,State Highway,Urban,Major Collector,Not Reported,498.765306122449,28.06203889,-81.81748889,Pedestrian,Not a Collision,Not an Intersection,On Roadway,,Dark - Not Lighted,Cloudy,0,0,2008.0,0,0,POLK (105),AUBURNDALE
2021,10662,Florida,1,1,1,November,12,Friday,18,SR-559,State Highway,Urban,Major Collector,Not Reported,498.765306122449,28.06203889,-81.81748889,Pedestrian,Not a Collision,Not an Intersection,On Roadway,,Dark - Not Lighted,Cloudy,0,0,2007.0,0,0,POLK (105),AUBURNDALE
2021,10663,Florida,0,2,5,November,16,Tuesday,16,US-17 92,U.S. Highway,Urban,Principal Arterial - Other,State Highway Agency,498.765306122449,28.09908889,-81.71289722,Motor Vehicle In-Transport,Angle,Four-Way Intersection,On Roadway,,Daylight,Clear,0,0,2002.0,0,0,POLK (105),LAKE ALFRED
2021,10664,Florida,0,1,1,November,29,Monday,21,SR-539,State Highway,Urban,Minor Arterial,State Highway Agency,498.765306122449,28.05792222,-81.97170833,Tree (Standing Only),Not a Collision,Not an Intersection,On Median,,Dark - Lighted,Clear,0,0,1996.0,1,0,POLK (105),LAKELAND
2021,10664,Florida,0,1,1,November,29,Monday,21,SR-539,State Highway,Urban,Minor Arterial,State Highway Agency,498.765306122449,28.05792222,-81.97170833,Tree (Standing Only),Not a Collision,Not an Intersection,On Median,,Dark - Lighted,Clear,0,0,2021.0,0,0,POLK (105),LAKELAND
2021,10665,Florida,0,2,4,November,30,Tuesday,8,SR-539,State Highway,Urban,Minor Arterial,State Highway Agency,498.765306122449,28.05350278,-81.9686,Motor Vehicle In-Transport,Angle,T-Intersection,On Roadway,,Daylight,Clear,0,0,2015.0,1,0,POLK (105),LAKELAND
2021,10666,Florida,0,2,2,November,29,Monday,12,PIERSON RD,Local Street - Municipality,Urban,Local,Not Reported,498.765306122449,26.63788333,-80.27747778,Motor Vehicle In-Transport,Angle,T-Intersection,On Roadway,,Daylight,Clear,0,0,2020.0,0,0,PALM BEACH (99),WELLINGTON
2021,10666,Florida,0,2,2,November,29,Monday,12,PIERSON RD,Local Street - Municipality,Urban,Local,Not Reported,498.765306122449,26.63788333,-80.27747778,Motor Vehicle In-Transport,Angle,T-Intersection,On Roadway,,Daylight,Clear,0,0,2008.0,1,0,PALM BEACH (99),WELLINGTON
2021,10667,Florida,0,2,2,December,6,Monday,7,SR-12,State Highway,Rural,Minor Arterial,State Highway Agency,498.765306122449,30.58888889,-84.50019722,Motor Vehicle In-Transport,Front-to-Front,Not an Intersection,On Roadway,,Daylight,"Fog, Smog, Smoke",0,0,2020.0,1,0,GADSDEN (39),NOT APPLICABLE
2021,10667,Florida,0,2,2,December,6,Monday,7,SR-12,State Highway,Rural,Minor Arterial,State Highway Agency,498.765306122449,30.58888889,-84.50019722,Motor Vehicle In-Transport,Front-to-Front,Not an Intersection,On Roadway,,Daylight,"Fog, Smog, Smoke",0,0,2013.0,0,0,GADSDEN (39),NOT APPLICABLE
2021,10668,Florida,0,1,3,October,25,Monday,14,SR-78,State Highway,Rural,Minor Arterial,State Highway Agency,498.765306122449,27.15721944,-80.86498056,Fence,Not a Collision,Not an Intersection,Outside Trafficway,,Daylight,Rain,0,0,2002.0,1,1,OKEECHOBEE (93),NOT APPLICABLE
2021,10668,Florida,0,1,3,October,25,Monday,14,SR-78,State Highway,Rural,Minor Arterial,State Highway Agency,498.765306122449,27.15721944,-80.86498056,Fence,Not a Collision,Not an Intersection,Outside Trafficway,,Daylight,Rain,0,0,2010.0,1,0,OKEECHOBEE (93),NOT APPLICABLE
2021,10669,Florida,0,2,4,November,24,Wednesday,13,US-27,U.S. Highway,Rural,Principal Arterial - Other,State Highway Agency,498.765306122449,29.94926944,-82.75468056,Motor Vehicle In-Transport,Angle,T-Intersection,On Roadway,,Daylight,Clear,0,0,2008.0,0,0,COLUMBIA (23),NOT APPLICABLE
2021,10670,Florida,0,3,7,November,25,Thursday,10,I-75,Interstate,Rural,Interstate,State Highway Agency,498.765306122449,29.77555,-82.50933889,Motor Vehicle In-Transport,Sideswipe - Same Direction,Not an Intersection,On Roadway,,Daylight,Clear,0,0,2014.0,0,0,ALACHUA (1),ALACHUA
2021,10670,Florida,0,3,7,November,25,Thursday,10,I-75,Interstate,Rural,Interstate,State Highway Agency,498.765306122449,29.77555,-82.50933889,Motor Vehicle In-Transport,Sideswipe - Same Direction,Not an Intersection,On Roadway,,Daylight,Clear,0,0,1993.0,1,0,ALACHUA (1),ALACHUA
2021,10671,Florida,0,2,3,October,10,Sunday,17,CR-464C,County Road,Urban,Major Collector,Not Reported,498.765306122449,29.08053889,-81.88786944,Motor Vehicle In-Transport,Sideswipe - Opposite Direction,Not an Intersection,On Roadway,,Daylight,Clear,0,0,2006.0,1,0,MARION (83),NOT APPLICABLE
2021,10671,Florida,0,2,3,October,10,Sunday,17,CR-464C,County Road,Urban,Major Collector,Not Reported,498.765306122449,29.08053889,-81.88786944,Motor Vehicle In-Transport,Sideswipe - Opposite Direction,Not an Intersection,On Roadway,,Daylight,Clear,0,0,2015.0,0,0,MARION (83),NOT APPLICABLE
2021,10672,Florida,1,2,4,November,21,Sunday,17,I-95,Interstate,Urban,Interstate,State Highway Agency,498.765306122449,28.20226111,-80.71021111,Pedestrian,Not a Collision,Not an Intersection,On Roadway,,Dark - Lighted,Rain,0,1,2009.0,0,0,BREVARD (9),NOT APPLICABLE
2021,10673,Florida,1,1,1,September,30,Thursday,9,US-441,U.S. Highway,Urban,Principal Arterial - Other,State Highway Agency,498.765306122449,29.223075,-82.14743889,Pedestrian,Not a Collision,Four-Way Intersection,On Roadway,,Daylight,Cloudy,0,0,2013.0,1,0,MARION (83),OCALA
2021,10673,Florida,1,1,1,September,30,Thursday,9,US-441,U.S. Highway,Urban,Principal Arterial - Other,State Highway Agency,498.765306122449,29.223075,-82.14743889,Pedestrian,Not a Collision,Four-Way Intersection,On Roadway,,Daylight,Cloudy,0,0,2021.0,0,0,MARION (83),OCALA
2021,10674,Florida,0,2,2,December,3,Friday,14,PRITCHARD RD,Other,Rural,Local,Not Reported,498.765306122449,30.37477222,-81.83315,Motor Vehicle In-Transport,Front-to-Front,Not an Intersection,On Roadway,,Daylight,Clear,0,0,2003.0,1,1,DUVAL (31),JACKSONVILLE
2021,10675,Florida,1,1,1,December,2,Thursday,1,SR-44,State Highway,Urban,Principal Arterial - Other,State Highway Agency,498.765306122449,28.80309722,-81.90679722,Pedestrian,Not a Collision,Not an Intersection,On Roadway,,Dark - Lighted,Clear,0,0,2018.0,1,0,LAKE (69),LEESBURG
2021,10676,Florida,0,2,6,October,29,Friday,21,US-231,U.S. Highway,Rural,Principal Arterial - Other,State Highway Agency,498.765306122449,30.52889167,-85.39960833,Parked Motor Vehicle,Not a Collision,Not an Intersection,On Roadway,,Dark - Not Lighted,Clear,0,0,2001.0,1,0,BAY (5),NOT APPLICABLE
2021,10677,Florida,1,1,1,November,1,Monday,7,SR-580,State Highway,Urban,Principal Arterial - Other,State Highway Agency,498.765306122449,28.01575556,-82.78870278,Pedestrian,Not a Collision,Not an Intersection,On Roadway,,Dawn,Clear,0,0,2019.0,0,0,PINELLAS (103),DUNEDIN
2021,10677,Florida,1,1,1,November,1,Monday,7,SR-580,State Highway,Urban,Principal Arterial - Other,State Highway Agency,498.765306122449,28.01575556,-82.78870278,Pedestrian,Not a Collision,Not an Intersection,On Roadway,,Dawn,Clear,0,0,2002.0,1,0,PINELLAS (103),DUNEDIN
2021,10678,Florida,0,3,4,October,25,Monday,12,SR-780 FRUITVILLE RD,State Highway,Urban,Principal Arterial - Other,State Highway Agency,498.765306122449,27.337575,-82.50566111,Motor Vehicle In-Transport,Angle,Four-Way Intersection,On Roadway,,Daylight,Clear,0,0,2013.0,0,0,SARASOTA (115),SARASOTA
2021,10679,Florida,0,2,2,November,30,Tuesday,20,SR-809,State Highway,Urban,Principal Arterial - Other,State Highway Agency,498.765306122449,26.81213889,-80.10632778,Motor Vehicle In-Transport,Angle,T-Intersection,On Roadway,,Dark - Lighted,Clear,0,0,2012.0,1,0,PALM BEACH (99),PALM BEACH GARDENS
2021,10680,Florida,1,1,1,December,5,Sunday,14,US-1,U.S. Highway,Urban,Minor Arterial,State Highway Agency,498.765306122449,26.61854722,-80.05736667,Curb,Not a Collision,Not an Intersection,On Roadside,,Daylight,Clear,0,0,2001.0,1,0,PALM BEACH (99),Other
2021,10680,Florida,1,1,1,December,5,Sunday,14,US-1,U.S. Highway,Urban,Minor Arterial,State Highway Agency,498.765306122449,26.61854722,-80.05736667,Curb,Not a Collision,Not an Intersection,On Roadside,,Daylight,Clear,0,0,2006.0,0,0,PALM BEACH (99),Other
2021,10681,Florida,0,2,5,December,8,Wednesday,5,SR-882,State Highway,Urban,Principal Arterial - Other,State Highway Agency,498.765306122449,26.65182778,-80.1206,Motor Vehicle In-Transport,Angle,Four-Way Intersection,On Roadway,,Dark - Lighted,Clear,0,0,2003.0,1,0,PALM BEACH (99),NOT APPLICABLE
2021,10681,Florida,0,2,5,December,8,Wednesday,5,SR-882,State Highway,Urban,Principal Arterial - Other,State Highway Agency,498.765306122449,26.65182778,-80.1206,Motor Vehicle In-Transport,Angle,Four-Way Intersection,On Roadway,,Dark - Lighted,Clear,0,0,2017.0,0,0,PALM BEACH (99),NOT APPLICABLE
2021,10682,Florida,0,1,1,November,28,Sunday,14,SR-91,State Highway,Urban,Interstate,State Highway Agency,498.765306122449,26.08983889,-80.21191667,Concrete Traffic Barrier,Not a Collision,Not an Intersection,On Roadside,,Daylight,Clear,0,0,2016.0,1,1,BROWARD (11),DAVIE
2021,10683,Florida,0,2,5,December,3,Friday,18,US-41,U.S. Highway,Urban,Principal Arterial - Other,State Highway Agency,498.765306122449,26.7194,-81.90448889,Motor Vehicle In-Transport,Angle,Four-Way Intersection,On Roadway,,Dark - Lighted,Clear,0,0,2014.0,1,1,LEE (71),NOT APPLICABLE
2021,10684,Florida,0,2,7,November,24,Wednesday,1,US-441,U.S. Highway,Rural,Principal Arterial - Other,State Highway Agency,498.765306122449,29.28389167,-82.15171389,Motor Vehicle In-Transport,Front-to-Rear,Not an Intersection,On Roadway,,Dark - Not Lighted,Clear,0,0,2015.0,0,0,MARION (83),NOT APPLICABLE
2021,10684,Florida,0,2,7,November,24,Wednesday,1,US-441,U.S. Highway,Rural,Principal Arterial - Other,State Highway Agency,498.765306122449,29.28389167,-82.15171389,Motor Vehicle In-Transport,Front-to-Rear,Not an Intersection,On Roadway,,Dark - Not Lighted,Clear,0,0,1990.0,1,0,MARION (83),NOT APPLICABLE
2021,10685,Florida,0,2,4,November,27,Saturday,14,SR-97,State Highway,Rural,Minor Arterial,State Highway Agency,498.765306122449,30.842825,-87.44491111,Motor Vehicle In-Transport,Front-to-Front,Not an Intersection,On Roadway,,Daylight,Clear,0,0,2009.0,1,0,ESCAMBIA (33),NOT APPLICABLE
2021,10685,Florida,0,2,4,November,27,Saturday,14,SR-97,State Highway,Rural,Minor Arterial,State Highway Agency,498.765306122449,30.842825,-87.44491111,Motor Vehicle In-Transport,Front-to-Front,Not an Intersection,On Roadway,,Daylight,Clear,0,0,2005.0,0,0,ESCAMBIA (33),NOT APPLICABLE
2021,10685,Florida,0,2,4,November,27,Saturday,14,SR-97,State Highway,Rural,Minor Arterial,State Highway Agency,498.765306122449,30.842825,-87.44491111,Motor Vehicle In-Transport,Front-to-Front,Not an Intersection,On Roadway,,Daylight,Clear,0,0,2009.0,0,0,ESCAMBIA (33),NOT APPLICABLE