YEAR,ST_CASE,STATENAME,NUM_PEDS,NUM_VEHC,PERSONS,MONTHNAME,DAYNAME,DAY_WEEKNAME,HOUR,ROAD_NAME,ROUTENAME,RUR_URBNAME,FUNC_SYSNAME,RD_OWNERNAME,MILE_MARKER,LATITUDE,LONGITUD,HARM_EVNAME,COLLISION_TYPE,TYP_INTNAME,REL_ROADNAME,WRK_ZONENAME,LGT_CONDNAME,WEATHERNAME,SCH_BUS,HIT_RUN,MOD_YEAR,DEATHS,DR_DRINK,COUNTYNAME,CITYNAME
2021,10686,Florida,0,2,3,November,19,Friday,20,SR-349,State Highway,Rural,Minor Arterial,State Highway Agency,498.765306122449,29.67803056,-82.98423056,Motor Vehicle In-Transport,Angle,T-Intersection,On Roadway,,Dark - Not Lighted,Clear,0,0,2016.0,1,1,DIXIE (29),NOT APPLICABLE
2021,10686,Florida,0,2,3,November,19,Friday,20,SR-349,State Highway,Rural,Minor Arterial,State Highway Agency,498.765306122449,29.67803056,-82.98423056,Motor Vehicle In-Transport,Angle,T-Intersection,On Roadway,,Dark - Not Lighted,Clear,0,0,2010.0,0,0,DIXIE (29),NOT APPLICABLE
2021,10688,Florida,0,1,1,November,23,Tuesday,7,101ST ST,Unknown,Urban,Local,Not Reported,498.765306122449,25.86676667,-80.23656944,Fell/Jumped from Vehicle,Not a Collision,Not an Intersection,On Roadway,,Daylight,Clear,0,0,2021.0,1,0,MIAMI-DADE (86),NOT APPLICABLE
2021,10688,Florida,0,1,1,November,23,Tuesday,7,101ST ST,Unknown,Urban,Local,Not Reported,498.765306122449,25.86676667,-80.23656944,Fell/Jumped from Vehicle,Not a Collision,Not an Intersection,On Roadway,,Daylight,Clear,0,0,2017.0,0,0,MIAMI-DADE (86),NOT APPLICABLE
2021,10689,Florida,0,2,2,November,30,Tuesday,11,US-92,U.S. Highway,Urban,Principal Arterial - Other,State Highway Agency,498.765306122449,27.99608889,-82.47266111,Motor Vehicle In-Transport,Front-to-Rear,Not an Intersection,On Roadway,,Daylight,Clear,0,0,2016.0,0,0,HILLSBOROUGH (57),TAMPA
2021,10689,Florida,0,2,2,November,30,Tuesday,11,US-92,U.S. Highway,Urban,Principal Arterial - Other,State Highway Agency,498.765306122449,27.99608889,-82.47266111,Motor Vehicle In-Transport,Front-to-Rear,Not an Intersection,On Roadway,,Daylight,Clear,0,0,2019.0,1,0,HILLSBOROUGH (57),TAMPA
2021,10690,Florida,1,1,1,November,19,Friday,22,N LINCOLN AVE,Local Street - Municipality,Urban,Local,Not Reported,498.765306122449,28.05743056,-81.96545556,Pedestrian,Not a Collision,Not an Intersection,On Roadway,,Dark - Not Lighted,Clear,0,0,2007.0,1,0,POLK (105),LAKELAND
2021,10690,Florida,1,1,1,November,19,Friday,22,N LINCOLN AVE,Local Street - Municipality,Urban,Local,Not Reported,498.765306122449,28.05743056,-81.96545556,Pedestrian,Not a Collision,Not an Intersection,On Roadway,,Dark - Not Lighted,Clear,0,0,2005.0,0,1,POLK (105),LAKELAND
2021,10691,Florida,0,2,3,November,12,Friday,19,US-90,U.S. Highway,Urban,Minor Arterial,State Highway Agency,498.765306122449,30.73386944,-86.14696389,Motor Vehicle In-Transport,Angle,T-Intersection,On Roadway,,Dark - Not Lighted,Clear,0,0,2016.0,0,0,WALTON (131),DE FUNIAK SPRINGS
2021,10692,Florida,0,1,1,December,5,Sunday,19,JOHNSON ST,Local Street - Municipality,Urban,Major Collector,Not Reported,498.765306122449,26.01421667,-80.40955833,Tree (Standing Only),Not a Collision,Not an Intersection,On Roadside,,Dark - Lighted,Clear,0,0,2003.0,1,1,BROWARD (11),PEMBROKE PINES
2021,10692,Florida,0,1,1,December,5,Sunday,19,JOHNSON ST,Local Street - Municipality,Urban,Major Collector,Not Reported,498.765306122449,26.01421667,-80.40955833,Tree (Standing Only),Not a Collision,Not an Intersection,On Roadside,,Dark - Lighted,Clear,0,0,2004.0,3,0,BROWARD (11),PEMBROKE PINES
2021,10693,Florida,1,1,1,December,5,Sunday,19,CR-30,County Road,Urban,Major Collector,Not Reported,498.765306122449,30.07658056,-83.55851944,Pedestrian,Not a Collision,Not an Intersection,On Roadway,,Dark - Not Lighted,Clear,0,0,2001.0,0,0,TAYLOR (123),NOT APPLICABLE
2021,10694,Florida,0,2,2,December,7,Tuesday,15,SR-66,State Highway,Rural,Principal Arterial - Other,State Highway Agency,498.765306122449,27.48827222,-81.75215833,Motor Vehicle In-Transport,Front-to-Rear,Not an Intersection,On Roadway,,Daylight,Clear,0,0,2016.0,1,0,HARDEE (49),NOT APPLICABLE
2021,10695,Florida,0,2,7,November,19,Friday,21,I-295,Interstate,Urban,Interstate,State Highway Agency,498.765306122449,30.43339444,-81.72773611,Motor Vehicle In-Transport,Angle,Not an Intersection,On Roadway,,Dark - Lighted,Clear,0,0,2012.0,1,0,DUVAL (31),JACKSONVILLE
2021,10696,Florida,0,1,1,November,22,Monday,19,ROCK HILL ROAD,Unknown,Rural,Minor Collector,Not Reported,498.765306122449,30.60093611,-86.10490278,Tree (Standing Only),Not a Collision,Not an Intersection,On Roadside,,Dark - Not Lighted,Clear,0,0,2021.0,1,0,WALTON (131),NOT APPLICABLE
2021,10696,Florida,0,1,1,November,22,Monday,19,ROCK HILL ROAD,Unknown,Rural,Minor Collector,Not Reported,498.765306122449,30.60093611,-86.10490278,Tree (Standing Only),Not a Collision,Not an Intersection,On Roadside,,Dark - Not Lighted,Clear,0,0,2020.0,0,0,WALTON (131),NOT APPLICABLE
2021,10697,Florida,0,2,2,December,7,Tuesday,5,US-41,U.S. Highway,Rural,Principal Arterial - Other,State Highway Agency,498.765306122449,27.04171944,-82.30015556,Motor Vehicle In-Transport,Angle,Four-Way Intersection,On Roadway,,Dark - Lighted,"Fog, Smog, Smoke",0,0,2018.0,1,0,SARASOTA (115),NOT APPLICABLE
2021,10697,Florida,0,2,2,December,7,Tuesday,5,US-41,U.S. Highway,Rural,Principal Arterial - Other,State Highway Agency,498.765306122449,27.04171944,-82.30015556,Motor Vehicle In-Transport,Angle,Four-Way Intersection,On Roadway,,Dark - Lighted,"Fog, Smog, Smoke",0,0,2015.0,0,0,SARASOTA (115),NOT APPLICABLE
2021,10698,Florida,0,1,4,December,3,Friday,2,SR-296,State Highway,Urban,Minor Arterial,State Highway Agency,498.765306122449,30.46586111,-87.24526111,"Post, Pole or Other Supports",Not a Collision,Not an Intersection,Outside Trafficway,,Dark - Lighted,Cloudy,0,0,2009.0,1,1,ESCAMBIA (33),NOT APPLICABLE
2021,10699,Florida,0,2,2,December,2,Thursday,8,SR-417,State Highway,Urban,Principal Arterial - Freeways,State Highway Agency,498.765306122449,28.79793889,-81.33226667,Motor Vehicle In-Transport,Front-to-Rear,Not an Intersection,On Roadway,,Daylight,Clear,0,0,2012.0,1,0,SEMINOLE (117),NOT APPLICABLE
2021,10700,Florida,0,3,4,November,13,Saturday,23,POINCIANA BLVD,Local Street - Municipality,Urban,Principal Arterial - Other,Not Reported,498.765306122449,28.17113056,-81.44841111,Motor Vehicle In-Transport,Angle,T-Intersection,On Roadway,,Dark - Not Lighted,Clear,0,0,2016.0,0,1,OSCEOLA (97),NOT APPLICABLE
2021,10700,Florida,0,3,4,November,13,Saturday,23,POINCIANA BLVD,Local Street - Municipality,Urban,Principal Arterial - Other,Not Reported,498.765306122449,28.17113056,-81.44841111,Motor Vehicle In-Transport,Angle,T-Intersection,On Roadway,,Dark - Not Lighted,Clear,0,0,2019.0,2,0,OSCEOLA (97),NOT APPLICABLE
2021,10701,Florida,1,1,1,August,29,Sunday,17,E 28TH AVE,Local Street - Municipality,Urban,Minor Arterial,State Highway Agency,498.765306122449,27.97600556,-82.43467778,Pedalcyclist,Not a Collision,Four-Way Intersection,On Roadway,,Daylight,Rain,0,0,2000.0,1,1,HILLSBOROUGH (57),TAMPA
2021,10702,Florida,0,2,4,November,8,Monday,18,CR-838,Local Street - Municipality,Urban,Principal Arterial - Other,Not Reported,498.765306122449,26.14683333,-80.2723,Motor Vehicle In-Transport,Angle,T-Intersection,On Roadway,,Dark - Lighted,Clear,0,0,2000.0,1,1,BROWARD (11),PLANTATION
2021,10703,Florida,0,1,1,November,30,Tuesday,22,I-95,Interstate,Urban,Interstate,State Highway Agency,498.765306122449,28.23041111,-80.71835,Tree (Standing Only),Not a Collision,Not an Intersection,On Roadside,,Dark - Lighted,Cloudy,0,0,2005.0,1,1,BREVARD (9),NOT APPLICABLE
2021,10703,Florida,0,1,1,November,30,Tuesday,22,I-95,Interstate,Urban,Interstate,State Highway Agency,498.765306122449,28.23041111,-80.71835,Tree (Standing Only),Not a Collision,Not an Intersection,On Roadside,,Dark - Lighted,Cloudy,0,0,2014.0,0,0,BREVARD (9),NOT APPLICABLE
2021,10704,Florida,0,2,3,November,21,Sunday,11,CR-70,County Road,Urban,Minor Arterial,Not Reported,498.765306122449,28.03770278,-82.74693889,Motor Vehicle In-Transport,Angle,T-Intersection,On Roadway,,Daylight,Clear,0,0,2010.0,1,1,PINELLAS (103),DUNEDIN
2021,10704,Florida,0,2,3,November,21,Sunday,11,CR-70,County Road,Urban,Minor Arterial,Not Reported,498.765306122449,28.03770278,-82.74693889,Motor Vehicle In-Transport,Angle,T-Intersection,On Roadway,,Daylight,Clear,0,0,2020.0,0,0,PINELLAS (103),DUNEDIN
2021,10705,Florida,0,2,3,November,27,Saturday,23,HOWLAND BLVD,Local Street - Municipality,Urban,Minor Arterial,Not Reported,498.765306122449,28.94858333,-81.24942778,Motor Vehicle In-Transport,Front-to-Rear,Not an Intersection,On Roadway,,Dark - Lighted,Clear,0,0,2010.0,1,0,VOLUSIA (127),DELTONA
2021,10706,Florida,0,2,3,December,6,Monday,13,W 12TH AVE,Local Street - Municipality,Urban,Minor Arterial,Not Reported,498.765306122449,25.85820833,-80.30654722,Motor Vehicle In-Transport,Angle,Four-Way Intersection,On Roadway,,Daylight,Rain,0,0,2016.0,1,0,MIAMI-DADE (86),HIALEAH
2021,10706,Florida,0,2,3,December,6,Monday,13,W 12TH AVE,Local Street - Municipality,Urban,Minor Arterial,Not Reported,498.765306122449,25.85820833,-80.30654722,Motor Vehicle In-Transport,Angle,Four-Way Intersection,On Roadway,,Daylight,Rain,0,0,2001.0,0,0,MIAMI-DADE (86),HIALEAH
2021,10707,Florida,0,2,4,December,2,Thursday,24,SR-15,State Highway,Urban,Minor Arterial,State Highway Agency,498.765306122449,28.53541389,-81.33475556,Motor Vehicle In-Transport,Angle,T-Intersection,On Roadway,,Dark - Lighted,Clear,0,0,2002.0,0,0,ORANGE (95),ORLANDO
2021,10707,Florida,0,2,4,December,2,Thursday,24,SR-15,State Highway,Urban,Minor Arterial,State Highway Agency,498.765306122449,28.53541389,-81.33475556,Motor Vehicle In-Transport,Angle,T-Intersection,On Roadway,,Dark - Lighted,Clear,0,0,2014.0,1,0,ORANGE (95),ORLANDO
2021,10708,Florida,0,2,5,November,21,Sunday,23,SR-54,State Highway,Urban,Principal Arterial - Other,State Highway Agency,498.765306122449,28.24071111,-82.32031111,Motor Vehicle In-Transport,Angle,T-Intersection,On Roadway,,Dark - Lighted,Clear,0,0,2002.0,1,0,PASCO (101),NOT APPLICABLE
2021,10708,Florida,0,2,5,November,21,Sunday,23,SR-54,State Highway,Urban,Principal Arterial - Other,State Highway Agency,498.765306122449,28.24071111,-82.32031111,Motor Vehicle In-Transport,Angle,T-Intersection,On Roadway,,Dark - Lighted,Clear,0,0,2018.0,0,0,PASCO (101),NOT APPLICABLE
2021,10709,Florida,0,2,3,December,4,Saturday,17,CR-524,Local Street - Municipality,Urban,Major Collector,Not Reported,498.765306122449,28.27933889,-82.65151111,Motor Vehicle In-Transport,Angle,T-Intersection,On Roadway,,Dusk,Clear,0,0,2004.0,1,0,PASCO (101),NOT APPLICABLE
2021,10709,Florida,0,2,3,December,4,Saturday,17,CR-524,Local Street - Municipality,Urban,Major Collector,Not Reported,498.765306122449,28.27933889,-82.65151111,Motor Vehicle In-Transport,Angle,T-Intersection,On Roadway,,Dusk,Clear,0,0,2013.0,0,0,PASCO (101),NOT APPLICABLE
2021,10710,Florida,0,2,2,December,7,Tuesday,15,SR-818,State Highway,Urban,Principal Arterial - Other,State Highway Agency,498.765306122449,26.06503889,-80.23205278,Motor Vehicle In-Transport,Angle,Four-Way Intersection,On Roadway,,Daylight,Clear,0,0,2008.0,1,0,BROWARD (11),DAVIE
2021,10711,Florida,0,2,2,December,9,Thursday,11,I-4,Interstate,Urban,Interstate,State Highway Agency,498.765306122449,28.03298333,-82.13427778,Motor Vehicle In-Transport,Angle,Four-Way Intersection,On Roadway,,Daylight,Clear,0,0,2017.0,1,1,HILLSBOROUGH (57),PLANT CITY
2021,10712,Florida,0,2,2,December,11,Saturday,17,CLARENCE ST,Local Street - Municipality,Urban,Local,City or Municipal Highway Agency,498.765306122449,30.1812,-85.80086111,Motor Vehicle In-Transport,Angle,Not an Intersection,On Roadway,,Dusk,Clear,0,1,2016.0,0,0,BAY (5),PANAMA CITY BEACH
2021,10712,Florida,0,2,2,December,11,Saturday,17,CLARENCE ST,Local Street - Municipality,Urban,Local,City or Municipal Highway Agency,498.765306122449,30.1812,-85.80086111,Motor Vehicle In-Transport,Angle,Not an Intersection,On Roadway,,Dusk,Clear,0,0,2006.0,1,0,BAY (5),PANAMA CITY BEACH
2021,10713,Florida,1,1,1,December,8,Wednesday,22,SR-933,State Highway,Urban,Minor Arterial,State Highway Agency,498.765306122449,25.77653333,-80.21477778,Pedestrian,Not a Collision,Four-Way Intersection,On Roadway,,Dark - Lighted,Clear,0,0,2015.0,1,0,MIAMI-DADE (86),MIAMI
2021,10714,Florida,0,1,1,November,30,Tuesday,21,US-41,U.S. Highway,Urban,Principal Arterial - Other,State Highway Agency,498.765306122449,26.43275833,-81.81070278,Utility Pole/Light Support,Not a Collision,Not an Intersection,On Roadside,,Dark - Lighted,Cloudy,0,0,1993.0,1,0,LEE (71),NOT APPLICABLE
2021,10715,Florida,0,1,1,December,6,Monday,3,1183 BERN CREEK LOOP,Other,Rural,Local,Not Reported,498.765306122449,27.35498056,-82.34879722,Mail Box,Not a Collision,Not an Intersection,On Roadside,,Dark - Not Lighted,Cloudy,0,0,2005.0,1,0,SARASOTA (115),NOT APPLICABLE
2021,10716,Florida,1,2,3,November,19,Friday,5,SR-29,State Highway,Urban,Principal Arterial - Other,State Highway Agency,498.765306122449,26.42203611,-81.43350556,Pedalcyclist,Not a Collision,Four-Way Intersection,On Roadway,,Dark - Lighted,Clear,0,0,2005.0,1,1,COLLIER (21),IMMOKALEE
2021,10716,Florida,1,2,3,November,19,Friday,5,SR-29,State Highway,Urban,Principal Arterial - Other,State Highway Agency,498.765306122449,26.42203611,-81.43350556,Pedalcyclist,Not a Collision,Four-Way Intersection,On Roadway,,Dark - Lighted,Clear,0,0,2016.0,0,0,COLLIER (21),IMMOKALEE
2021,10717,Florida,0,2,3,December,4,Saturday,15,US-19,U.S. Highway,Urban,Principal Arterial - Other,State Highway Agency,498.765306122449,28.61438056,-82.5517,Motor Vehicle In-Transport,Angle,T-Intersection,On Roadway,,Daylight,Clear,0,0,2016.0,3,0,HERNANDO (53),NOT APPLICABLE
2021,10717,Florida,0,2,3,December,4,Saturday,15,US-19,U.S. Highway,Urban,Principal Arterial - Other,State Highway Agency,498.765306122449,28.61438056,-82.5517,Motor Vehicle In-Transport,Angle,T-Intersection,On Roadway,,Daylight,Clear,0,0,2015.0,0,0,HERNANDO (53),NOT APPLICABLE
2021,10718,Florida,0,2,2,November,28,Sunday,24,CR-587,County Road,Urban,Minor Arterial,Not Reported,498.765306122449,28.44868889,-82.53950556,Concrete Traffic Barrier,Not a Collision,Not an Intersection,On Roadside,,Dark - Not Lighted,Clear,0,0,2004.0,1,0,HERNANDO (53),NOT APPLICABLE
2021,10719,Florida,0,1,2,December,4,Saturday,21,SR-44,State Highway,Rural,Principal Arterial - Other,State Highway Agency,498.765306122449,28.85126667,-82.22815556,Traffic Sign Support,Not a Collision,Not an Intersection,On Roadside,,Dark - Not Lighted,Clear,0,0,2012.0,1,1,CITRUS (17),NOT APPLICABLE
2021,10720,Florida,0,2,2,November,28,Sunday,9,JESSAMINE RD,Unknown,Rural,Major Collector,Not Reported,498.765306122449,28.404225,-82.27001389,Motor Vehicle In-Transport,Sideswipe - Same Direction,Not an Intersection,On Roadway,,Daylight,Clear,0,0,2020.0,1,0,PASCO (101),NOT APPLICABLE
2021,10720,Florida,0,2,2,November,28,Sunday,9,JESSAMINE RD,Unknown,Rural,Major Collector,Not Reported,498.765306122449,28.404225,-82.27001389,Motor Vehicle In-Transport,Sideswipe - Same Direction,Not an Intersection,On Roadway,,Daylight,Clear,0,0,2015.0,0,0,PASCO (101),NOT APPLICABLE
2021,10721,Florida,1,1,1,November,23,Tuesday,16,US-90,U.S. Highway,Urban,Principal Arterial - Other,State Highway Agency,498.765306122449,30.42539167,-87.265525,Pedestrian,Not a Collision,Not an Intersection,On Roadway,,Dusk,Clear,0,0,1998.0,1,0,ESCAMBIA (33),NOT APPLICABLE
2021,10722,Florida,0,1,1,December,11,Saturday,7,SPRUCE CREEK RD,Local Street - Municipality,Urban,Major Collector,Not Reported,498.765306122449,29.12226389,-80.99289722,Tree (Standing Only),Not a Collision,Not an Intersection,On Roadside,,Daylight,Clear,0,0,2005.0,0,0,VOLUSIA (127),PORT ORANGE
2021,10723,Florida,0,1,2,December,3,Friday,20,US-41,U.S. Highway,Urban,Principal Arterial - Other,State Highway Agency,498.765306122449,27.93923611,-82.40188889,Rollover/Overturn,Not a Collision,Not an Intersection,On Roadway,,Dark - Not Lighted,Clear,0,0,2004.0,0,0,HILLSBOROUGH (57),NOT APPLICABLE
2021,10723,Florida,0,1,2,December,3,Friday,20,US-41,U.S. Highway,Urban,Principal Arterial - Other,State Highway Agency,498.765306122449,27.93923611,-82.40188889,Rollover/Overturn,Not a Collision,Not an Intersection,On Roadway,,Dark - Not Lighted,Clear,0,0,2006.0,1,0,HILLSBOROUGH (57),NOT APPLICABLE
2021,10724,Florida,1,1,1,December,4,Saturday,3,NORTH HIAWASSEE RD,Local Street - Municipality,Urban,Minor Arterial,Not Reported,498.765306122449,28.54929444,-81.47561389,Pedestrian,Not a Collision,Not an Intersection,On Roadway,,Dark - Lighted,Clear,0,0,2014.0,1,0,ORANGE (95),NOT APPLICABLE
2021,10724,Florida,1,1,1,December,4,Saturday,3,NORTH HIAWASSEE RD,Local Street - Municipality,Urban,Minor Arterial,Not Reported,498.765306122449,28.54929444,-81.47561389,Pedestrian,Not a Collision,Not an Intersection,On Roadway,,Dark - Lighted,Clear,0,0,2020.0,0,0,ORANGE (95),NOT APPLICABLE
2021,10725,Florida,0,2,2,November,14,Sunday,24,SR-70,State Highway,Rural,Principal Arterial - Other,State Highway Agency,498.765306122449,27.30961389,-82.09864444,Motor Vehicle In-Transport,Front-to-Front,Not an Intersection,On Roadway,,Dark - Not Lighted,Clear,0,0,2000.0,1,1,MANATEE (81),NOT APPLICABLE
2021,10726,Florida,1,1,1,November,19,Friday,2,SR-860,State Highway,Urban,Minor Arterial,State Highway Agency,498.765306122449,25.94069167,-80.25373333,Pedestrian,Not a Collision,Four-Way Intersection,On Roadway,,Dark - Lighted,Cloudy,0,0,2012.0,1,0,MIAMI-DADE (86),MIAMI GARDENS
2021,10727,Florida,1,1,1,December,13,Monday,23,NE 95TH ST,Local Street - Municipality,Urban,Minor Arterial,Not Reported,498.765306122449,25.86240833,-80.19736389,Pedestrian,Not a Collision,Four-Way Intersection,On Roadway,,Dark - Lighted,Clear,0,0,2012.0,1,0,MIAMI-DADE (86),MIAMI SHORES
2021,10727,Florida,1,1,1,December,13,Monday,23,NE 95TH ST,Local Street - Municipality,Urban,Minor Arterial,Not Reported,498.765306122449,25.86240833,-80.19736389,Pedestrian,Not a Collision,Four-Way Intersection,On Roadway,,Dark - Lighted,Clear,0,0,2020.0,0,0,MIAMI-DADE (86),MIAMI SHORES
2021,10727,Florida,1,1,1,December,13,Monday,23,NE 95TH ST,Local Street - Municipality,Urban,Minor Arterial,Not Reported,498.765306122449,25.86240833,-80.19736389,Pedestrian,Not a Collision,Four-Way Intersection,On Roadway,,Dark - Lighted,Clear,0,0,2020.0,0,0,MIAMI-DADE (86),MIAMI SHORES
2021,10727,Florida,1,1,1,December,13,Monday,23,NE 95TH ST,Local Street - Municipality,Urban,Minor Arterial,Not Reported,498.765306122449,25.86240833,-80.19736389,Pedestrian,Not a Collision,Four-Way Intersection,On Roadway,,Dark - Lighted,Clear,0,0,2005.0,0,0,MIAMI-DADE (86),MIAMI SHORES
2021,10728,Florida,1,1,1,December,11,Saturday,4,CARR RD,Local Street - Municipality,Urban,Local,Not Reported,498.765306122449,27.85711667,-82.28379167,Pedestrian,Not a Collision,Not an Intersection,On Roadway,,Dark - Not Lighted,Clear,0,0,2007.0,1,0,HILLSBOROUGH (57),NOT APPLICABLE
2021,10729,Florida,1,1,2,December,12,Sunday,4,US-19,U.S. Highway,Rural,Principal Arterial - Other,State Highway Agency,498.765306122449,28.93026389,-82.61580833,Pedestrian,Not a Collision,Not an Intersection,On Roadway,,Dark - Not Lighted,"Fog, Smog, Smoke",0,0,1999.0,1,1,CITRUS (17),NOT APPLICABLE
2021,10729,Florida,1,1,2,December,12,Sunday,4,US-19,U.S. Highway,Rural,Principal Arterial - Other,State Highway Agency,498.765306122449,28.93026389,-82.61580833,Pedestrian,Not a Collision,Not an Intersection,On Roadway,,Dark - Not Lighted,"Fog, Smog, Smoke",0,0,2012.0,0,0,CITRUS (17),NOT APPLICABLE
2021,10729,Florida,1,1,2,December,12,Sunday,4,US-19,U.S. Highway,Rural,Principal Arterial - Other,State Highway Agency,498.765306122449,28.93026389,-82.61580833,Pedestrian,Not a Collision,Not an Intersection,On Roadway,,Dark - Not Lighted,"Fog, Smog, Smoke",0,0,2005.0,0,0,CITRUS (17),NOT APPLICABLE
2021,10730,Florida,1,1,1,December,8,Wednesday,23,53RD AVE W,Other,Urban,Major Collector,County Highway Agency,498.765306122449,27.44786389,-82.59997222,Pedestrian,Not a Collision,Four-Way Intersection,On Roadway,,Dark - Lighted,Clear,0,0,2005.0,1,0,MANATEE (81),NOT APPLICABLE
2021,10731,Florida,0,2,3,December,10,Friday,17,US-92,U.S. Highway,Urban,Principal Arterial - Other,State Highway Agency,498.765306122449,27.9864,-82.50542222,Motor Vehicle In-Transport,Front-to-Front,T-Intersection,On Roadway,,Dusk,Clear,0,0,2006.0,1,1,HILLSBOROUGH (57),TAMPA
2021,10732,Florida,0,2,7,December,3,Friday,20,GREEN RD,Other,Urban,Local,County Highway Agency,498.765306122449,28.13407778,-81.98606389,Motor Vehicle In-Transport,Front-to-Front,Not an Intersection,On Roadway,,Dark - Lighted,Clear,0,0,2015.0,0,1,POLK (105),NOT APPLICABLE
2021,10732,Florida,0,2,7,December,3,Friday,20,GREEN RD,Other,Urban,Local,County Highway Agency,498.765306122449,28.13407778,-81.98606389,Motor Vehicle In-Transport,Front-to-Front,Not an Intersection,On Roadway,,Dark - Lighted,Clear,0,0,2015.0,1,0,POLK (105),NOT APPLICABLE
2021,10733,Florida,1,1,1,December,5,Sunday,18,1ST ST NW,Other,Urban,Local,County Highway Agency,498.765306122449,28.12431111,-82.030925,Pedalcyclist,Not a Collision,T-Intersection,On Roadway,,Dark - Not Lighted,Clear,0,0,2005.0,1,1,POLK (105),NOT APPLICABLE
2021,10733,Florida,1,1,1,December,5,Sunday,18,1ST ST NW,Other,Urban,Local,County Highway Agency,498.765306122449,28.12431111,-82.030925,Pedalcyclist,Not a Collision,T-Intersection,On Roadway,,Dark - Not Lighted,Clear,0,0,2006.0,0,0,POLK (105),NOT APPLICABLE
2021,10734,Florida,0,1,1,September,25,Saturday,2,CR-712,County Road,Urban,Minor Arterial,Not Reported,498.765306122449,27.38128889,-80.29543056,Traffic Sign Support,Not a Collision,T-Intersection,On Roadside,,Dark - Not Lighted,Clear,0,0,2017.0,0,0,ST. LUCIE (111),NOT APPLICABLE
2021,10735,Florida,1,1,2,December,4,Saturday,22,I-75,Interstate,Rural,Interstate,State Highway Agency,498.765306122449,26.84253889,-81.9668,Pedestrian,Not a Collision,Not an Intersection,On Roadway,,Dark - Not Lighted,Clear,0,0,1990.0,1,0,CHARLOTTE (15),NOT APPLICABLE
2021,10736,Florida,0,1,1,December,4,Saturday,21,CAROLE RD,Local Street - Municipality,Urban,Major Collector,Not Reported,498.765306122449,29.63165,-81.66193056,Rollover/Overturn,Not a Collision,Not an Intersection,On Roadway,,Dark - Lighted,Cloudy,0,0,2017.0,0,0,PUTNAM (107),PALATKA
2021,10737,Florida,1,2,2,November,5,Friday,15,I-75,Interstate,Urban,Interstate,State Highway Agency,498.765306122449,27.93059722,-82.33141667,Parked Motor Vehicle,Not a Collision,Not an Intersection,On Roadside,,Daylight,Rain,0,0,2012.0,0,0,HILLSBOROUGH (57),NOT APPLICABLE
2021,10738,Florida,0,1,2,November,16,Tuesday,24,I-95,Interstate,Rural,Interstate,State Highway Agency,498.765306122449,27.07150556,-80.24565556,Concrete Traffic Barrier,Not a Collision,Not an Intersection,On Roadside,,Dark - Lighted,Clear,0,0,2006.0,0,0,MARTIN (85),NOT APPLICABLE
2021,10739,Florida,1,1,1,December,6,Monday,3,CR-423,County Road,Urban,Principal Arterial - Other,Not Reported,498.765306122449,28.47266389,-81.41740556,Pedalcyclist,Not a Collision,Not an Intersection,On Roadway,,Dark - Lighted,Clear,0,0,2007.0,1,0,ORANGE (95),NOT APPLICABLE
2021,10740,Florida,1,3,4,November,22,Monday,4,I-95,Interstate,Urban,Interstate,State Highway Agency,498.765306122449,26.03316944,-80.16421944,Motor Vehicle In-Transport,Front-to-Rear,Not an Intersection,On Roadway,,Dark - Lighted,Clear,0,0,2010.0,1,0,BROWARD (11),HOLLYWOOD
2021,10741,Florida,0,2,2,December,7,Tuesday,7,US-17,U.S. Highway,Rural,Principal Arterial - Other,State Highway Agency,498.765306122449,29.7742,-81.63965,Motor Vehicle In-Transport,Angle,Four-Way Intersection,On Roadway,,Daylight,"Fog, Smog, Smoke",0,0,2015.0,1,0,PUTNAM (107),NOT APPLICABLE
2021,10741,Florida,0,2,2,December,7,Tuesday,7,US-17,U.S. Highway,Rural,Principal Arterial - Other,State Highway Agency,498.765306122449,29.7742,-81.63965,Motor Vehicle In-Transport,Angle,Four-Way Intersection,On Roadway,,Daylight,"Fog, Smog, Smoke",0,0,2019.0,0,0,PUTNAM (107),NOT APPLICABLE
2021,10742,Florida,1,1,1,December,9,Thursday,18,SR-845,State Highway,Urban,Principal Arterial - Other,State Highway Agency,498.765306122449,26.23117778,-80.15683056,Pedalcyclist,Not a Collision,Not an Intersection,On Roadway,,Dark - Not Lighted,Clear,0,0,1997.0,1,1,BROWARD (11),POMPANO BEACH
2021,10742,Florida,1,1,1,December,9,Thursday,18,SR-845,State Highway,Urban,Principal Arterial - Other,State Highway Agency,498.765306122449,26.23117778,-80.15683056,Pedalcyclist,Not a Collision,Not an Intersection,On Roadway,,Dark - Not Lighted,Clear,0,0,2021.0,0,0,BROWARD (11),POMPANO BEACH
2021,10743,Florida,1,1,1,December,11,Saturday,20,US-90,U.S. Highway,Urban,Minor Arterial,State Highway Agency,498.765306122449,30.45611389,-84.37348056,Pedestrian,Not a Collision,Not an Intersection,On Roadway,,Dark - Lighted,Clear,0,1,2009.0,0,0,LEON (73),NOT APPLICABLE