YEAR,ST_CASE,STATENAME,NUM_PEDS,NUM_VEHC,PERSONS,MONTHNAME,DAYNAME,DAY_WEEKNAME,HOUR,ROAD_NAME,ROUTENAME,RUR_URBNAME,FUNC_SYSNAME,RD_OWNERNAME,MILE_MARKER,LATITUDE,LONGITUD,HARM_EVNAME,COLLISION_TYPE,TYP_INTNAME,REL_ROADNAME,WRK_ZONENAME,LGT_CONDNAME,WEATHERNAME,SCH_BUS,HIT_RUN,MOD_YEAR,DEATHS,DR_DRINK,COUNTYNAME,CITYNAME
2021,10744,Florida,0,2,3,December,13,Monday,8,SR-87,State Highway,Urban,Minor Arterial,State Highway Agency,498.765306122449,30.62171667,-86.96469444,Motor Vehicle In-Transport,Angle,Four-Way Intersection,On Roadway,,Daylight,Clear,0,0,2015.0,1,1,SANTA ROSA (113),NOT APPLICABLE
2021,10745,Florida,0,1,2,December,10,Friday,3,I-10,Interstate,Rural,Interstate,State Highway Agency,498.765306122449,30.74533889,-86.30304167,Tree (Standing Only),Not a Collision,Not an Intersection,On Roadside,,Dark - Not Lighted,Rain,0,0,2008.0,0,0,WALTON (131),NOT APPLICABLE
2021,10746,Florida,0,3,3,December,6,Monday,18,US-27,U.S. Highway,Urban,Principal Arterial - Other,State Highway Agency,498.765306122449,28.719425,-81.86181111,Motor Vehicle In-Transport,Front-to-Front,Not an Intersection,On Roadway,,Dark - Not Lighted,Clear,0,0,2012.0,1,0,LAKE (69),NOT APPLICABLE
2021,10747,Florida,1,1,1,December,10,Friday,17,SR-298,State Highway,Urban,Minor Arterial,State Highway Agency,498.765306122449,30.42123611,-87.31545556,Pedestrian,Not a Collision,Not an Intersection,On Roadway,,Dusk,Cloudy,0,0,2003.0,2,0,ESCAMBIA (33),NOT APPLICABLE
2021,10748,Florida,1,1,1,December,8,Wednesday,17,SR-292,State Highway,Urban,Principal Arterial - Other,State Highway Agency,498.765306122449,30.36828056,-87.3367,Pedalcyclist,Not a Collision,T-Intersection,On Roadway,,Dark - Not Lighted,Clear,0,0,2020.0,0,0,ESCAMBIA (33),NOT APPLICABLE
2021,10748,Florida,1,1,1,December,8,Wednesday,17,SR-292,State Highway,Urban,Principal Arterial - Other,State Highway Agency,498.765306122449,30.36828056,-87.3367,Pedalcyclist,Not a Collision,T-Intersection,On Roadway,,Dark - Not Lighted,Clear,0,0,2003.0,1,0,ESCAMBIA (33),NOT APPLICABLE
2021,10749,Florida,0,1,2,December,4,Saturday,7,SHERIDAN ST,Local Street - Municipality,Urban,Principal Arterial - Other,Not Reported,498.765306122449,26.02933611,-80.34977778,Curb,Not a Collision,Not an Intersection,On Roadside,,Daylight,Clear,0,0,2014.0,1,0,BROWARD (11),PEMBROKE PINES
2021,10750,Florida,0,1,1,November,25,Thursday,24,GALLOWAY RD N,Other,Urban,Local,County Highway Agency,498.765306122449,28.11560833,-82.00672778,Utility Pole/Light Support,Not a Collision,Not an Intersection,On Roadside,,Dark - Not Lighted,Clear,0,0,2011.0,1,0,POLK (105),NOT APPLICABLE
2021,10751,Florida,1,1,1,December,10,Friday,17,SUNRISE LAKES BLVD,Local Street - Municipality,Urban,Minor Collector,Not Reported,498.765306122449,26.16043611,-80.27439722,Pedestrian,Not a Collision,T-Intersection,On Roadway,,Dark - Lighted,Clear,0,0,1990.0,1,0,BROWARD (11),SUNRISE
2021,10751,Florida,1,1,1,December,10,Friday,17,SUNRISE LAKES BLVD,Local Street - Municipality,Urban,Minor Collector,Not Reported,498.765306122449,26.16043611,-80.27439722,Pedestrian,Not a Collision,T-Intersection,On Roadway,,Dark - Lighted,Clear,0,0,2014.0,0,0,BROWARD (11),SUNRISE
2021,10752,Florida,0,2,3,December,11,Saturday,5,SR-85,State Highway,Rural,Principal Arterial - Other,State Highway Agency,498.765306122449,30.87391111,-86.51835,Motor Vehicle In-Transport,Front-to-Front,Not an Intersection,On Roadway,,Dark - Not Lighted,Cloudy,0,0,2015.0,0,0,OKALOOSA (91),NOT APPLICABLE
2021,10752,Florida,0,2,3,December,11,Saturday,5,SR-85,State Highway,Rural,Principal Arterial - Other,State Highway Agency,498.765306122449,30.87391111,-86.51835,Motor Vehicle In-Transport,Front-to-Front,Not an Intersection,On Roadway,,Dark - Not Lighted,Cloudy,0,0,2005.0,2,0,OKALOOSA (91),NOT APPLICABLE
2021,10753,Florida,0,3,4,December,10,Friday,13,US-1,U.S. Highway,Urban,Principal Arterial - Other,State Highway Agency,498.765306122449,30.53097222,-81.80618333,Motor Vehicle In-Transport,Front-to-Rear,Not an Intersection,On Roadway,,Daylight,Clear,0,0,2013.0,0,1,NASSAU (89),NOT APPLICABLE
2021,10753,Florida,0,3,4,December,10,Friday,13,US-1,U.S. Highway,Urban,Principal Arterial - Other,State Highway Agency,498.765306122449,30.53097222,-81.80618333,Motor Vehicle In-Transport,Front-to-Rear,Not an Intersection,On Roadway,,Daylight,Clear,0,0,2019.0,1,0,NASSAU (89),NOT APPLICABLE
2021,10754,Florida,1,2,2,January,7,Thursday,5,9TH STREET,Local Street - Municipality,Urban,Major Collector,Not Reported,498.765306122449,28.56329722,-81.57525833,Pedalcyclist,Not a Collision,T-Intersection,On Roadway,,Dark - Not Lighted,Clear,0,0,2016.0,1,1,ORANGE (95),WINTER GARDEN
2021,10755,Florida,1,1,1,December,2,Thursday,5,NONE,Other,Trafficway Not in State Inventory,Trafficway Not in State Inventory,Trafficway Not in State Inventory,0.0,27.37531944,-80.32816944,Pedestrian,Not a Collision,Not an Intersection,On Roadway,,Daylight,Clear,0,0,2002.0,1,0,ST. LUCIE (111),FORT PIERCE
2021,10755,Florida,1,1,1,December,2,Thursday,5,NONE,Other,Trafficway Not in State Inventory,Trafficway Not in State Inventory,Trafficway Not in State Inventory,0.0,27.37531944,-80.32816944,Pedestrian,Not a Collision,Not an Intersection,On Roadway,,Daylight,Clear,0,0,2014.0,0,0,ST. LUCIE (111),FORT PIERCE
2021,10756,Florida,0,2,4,November,22,Monday,5,147TH AVE,Local Street - Municipality,Urban,Major Collector,Not Reported,498.765306122449,25.74295278,-80.43223611,Motor Vehicle In-Transport,Angle,Four-Way Intersection,On Roadway,,Dark - Lighted,"Fog, Smog, Smoke",0,0,1998.0,1,0,MIAMI-DADE (86),NOT APPLICABLE
2021,10757,Florida,1,1,1,December,7,Tuesday,7,SR-821,State Highway,Urban,Principal Arterial - Freeways,State Highway Agency,498.765306122449,25.5978,-80.37581667,Pedestrian,Not a Collision,Four-Way Intersection,On Roadway,,Daylight,Clear,0,0,2007.0,1,0,MIAMI-DADE (86),NOT APPLICABLE
2021,10757,Florida,1,1,1,December,7,Tuesday,7,SR-821,State Highway,Urban,Principal Arterial - Freeways,State Highway Agency,498.765306122449,25.5978,-80.37581667,Pedestrian,Not a Collision,Four-Way Intersection,On Roadway,,Daylight,Clear,0,0,2007.0,0,0,MIAMI-DADE (86),NOT APPLICABLE
2021,10758,Florida,1,3,5,November,24,Wednesday,20,I-4,Interstate,Urban,Interstate,State Highway Agency,498.765306122449,28.05458611,-82.01190833,Parked Motor Vehicle,Not a Collision,Not an Intersection,On Roadside,,Dark - Not Lighted,Clear,0,0,2004.0,1,0,POLK (105),LAKELAND
2021,10759,Florida,0,3,3,December,9,Thursday,6,US-441 N,U.S. Highway,Rural,Principal Arterial - Other,State Highway Agency,498.765306122449,27.39064722,-80.81600556,Motor Vehicle In-Transport,Angle,T-Intersection,On Roadway,,Dark - Not Lighted,"Fog, Smog, Smoke",0,0,2012.0,1,0,OKEECHOBEE (93),NOT APPLICABLE
2021,10759,Florida,0,3,3,December,9,Thursday,6,US-441 N,U.S. Highway,Rural,Principal Arterial - Other,State Highway Agency,498.765306122449,27.39064722,-80.81600556,Motor Vehicle In-Transport,Angle,T-Intersection,On Roadway,,Dark - Not Lighted,"Fog, Smog, Smoke",0,0,2006.0,0,0,OKEECHOBEE (93),NOT APPLICABLE
2021,10760,Florida,1,3,3,December,10,Friday,6,US-1,U.S. Highway,Urban,Principal Arterial - Other,State Highway Agency,498.765306122449,28.40393333,-80.75486111,Pedestrian,Not a Collision,Not an Intersection,On Roadway,,Dark - Not Lighted,"Fog, Smog, Smoke",0,1,2014.0,0,0,BREVARD (9),COCOA
2021,10761,Florida,0,1,1,December,10,Friday,22,PLACIDA RD,Unknown,Urban,Minor Arterial,Not Reported,498.765306122449,26.86161667,-82.30267778,Rollover/Overturn,Not a Collision,Not an Intersection,On Roadway,,Dark - Not Lighted,Clear,0,0,2016.0,0,0,CHARLOTTE (15),NOT APPLICABLE
2021,10762,Florida,0,1,1,October,30,Saturday,6,SR-60,State Highway,Urban,Principal Arterial - Other,State Highway Agency,498.765306122449,27.93740833,-82.16696111,Rollover/Overturn,Not a Collision,Not an Intersection,On Roadside,,Dark - Not Lighted,Clear,0,0,2002.0,1,0,HILLSBOROUGH (57),NOT APPLICABLE
2021,10763,Florida,1,2,2,December,9,Thursday,21,US-41,U.S. Highway,Urban,Principal Arterial - Other,State Highway Agency,498.765306122449,26.47633889,-81.83731111,Pedalcyclist,Not a Collision,Four-Way Intersection,On Roadway,,Dark - Not Lighted,"Fog, Smog, Smoke",0,0,2000.0,1,1,LEE (71),NOT APPLICABLE
2021,10764,Florida,0,1,2,December,16,Thursday,4,I-10,Interstate,Rural,Interstate,State Highway Agency,498.765306122449,30.68513333,-85.10819722,Utility Pole/Light Support,Not a Collision,Not an Intersection,On Roadside,,Dark - Not Lighted,Clear,0,0,2016.0,0,1,JACKSON (63),NOT APPLICABLE
2021,10764,Florida,0,1,2,December,16,Thursday,4,I-10,Interstate,Rural,Interstate,State Highway Agency,498.765306122449,30.68513333,-85.10819722,Utility Pole/Light Support,Not a Collision,Not an Intersection,On Roadside,,Dark - Not Lighted,Clear,0,0,2019.0,1,0,JACKSON (63),NOT APPLICABLE
2021,10764,Florida,0,1,2,December,16,Thursday,4,I-10,Interstate,Rural,Interstate,State Highway Agency,498.765306122449,30.68513333,-85.10819722,Utility Pole/Light Support,Not a Collision,Not an Intersection,On Roadside,,Dark - Not Lighted,Clear,0,0,2012.0,1,1,JACKSON (63),NOT APPLICABLE
2021,10765,Florida,1,1,1,December,11,Saturday,24,SR-78,State Highway,Urban,Principal Arterial - Other,State Highway Agency,498.765306122449,26.68251944,-81.87926389,Pedestrian,Not a Collision,Not an Intersection,On Roadway,,Dark - Lighted,Clear,0,0,2021.0,0,0,LEE (71),NOT APPLICABLE
2021,10766,Florida,1,5,9,November,9,Tuesday,16,SR-826,State Highway,Urban,Principal Arterial - Freeways,State Highway Agency,498.765306122449,25.86883333,-80.32329167,Pedestrian,Not a Collision,Not an Intersection,On Roadside,,Daylight,Clear,1,0,2019.0,1,1,MIAMI-DADE (86),HIALEAH
2021,10767,Florida,0,2,2,December,6,Monday,4,I-4,Interstate,Urban,Interstate,State Highway Agency,498.765306122449,28.00668056,-82.29863889,Motor Vehicle In-Transport,Front-to-Rear,Not an Intersection,On Roadway,,Dark - Not Lighted,Clear,0,0,1994.0,0,0,HILLSBOROUGH (57),NOT APPLICABLE
2021,10767,Florida,0,2,2,December,6,Monday,4,I-4,Interstate,Urban,Interstate,State Highway Agency,498.765306122449,28.00668056,-82.29863889,Motor Vehicle In-Transport,Front-to-Rear,Not an Intersection,On Roadway,,Dark - Not Lighted,Clear,0,0,2007.0,0,0,HILLSBOROUGH (57),NOT APPLICABLE
2021,10767,Florida,0,2,2,December,6,Monday,4,I-4,Interstate,Urban,Interstate,State Highway Agency,498.765306122449,28.00668056,-82.29863889,Motor Vehicle In-Transport,Front-to-Rear,Not an Intersection,On Roadway,,Dark - Not Lighted,Clear,0,0,2007.0,1,0,HILLSBOROUGH (57),NOT APPLICABLE
2021,10768,Florida,1,1,1,December,11,Saturday,13,SHAMROCK BLVD,Unknown,Urban,Major Collector,Not Reported,498.765306122449,27.07335278,-82.41525,Pedestrian,Not a Collision,Not an Intersection,On Roadway,,Daylight,Clear,0,0,2009.0,1,0,SARASOTA (115),NOT APPLICABLE
2021,10769,Florida,0,3,4,December,6,Monday,5,SR-31,State Highway,Rural,Minor Arterial,State Highway Agency,498.765306122449,26.9459,-81.76083056,Motor Vehicle In-Transport,Front-to-Front,Not an Intersection,On Roadway,,Dark - Not Lighted,"Fog, Smog, Smoke",0,0,2021.0,1,0,CHARLOTTE (15),NOT APPLICABLE
2021,10770,Florida,0,2,2,December,11,Saturday,2,I-4,Interstate,Urban,Interstate,State Highway Agency,498.765306122449,28.52477222,-81.38613889,Motor Vehicle In-Transport,Front-to-Rear,Not an Intersection,On Roadway,"Work Zone, Type Unknown",Dark - Lighted,Clear,0,0,2018.0,0,0,ORANGE (95),ORLANDO
2021,10771,Florida,0,1,1,December,2,Thursday,18,MURPHY RD,Unknown,Urban,Minor Arterial,County Highway Agency,498.765306122449,27.19995556,-80.29548333,Curb,Not a Collision,Not an Intersection,On Median,,Dark - Not Lighted,Clear,0,0,1998.0,2,0,MARTIN (85),NOT APPLICABLE
2021,10772,Florida,0,2,2,December,14,Tuesday,14,I-10,Interstate,Rural,Interstate,State Highway Agency,498.765306122449,30.72417778,-86.40945833,Motor Vehicle In-Transport,Front-to-Rear,Not an Intersection,On Roadway,,Daylight,Clear,0,0,2022.0,1,0,OKALOOSA (91),NOT APPLICABLE
2021,10773,Florida,1,1,4,December,10,Friday,19,US-17,U.S. Highway,Urban,Principal Arterial - Other,State Highway Agency,498.765306122449,27.57086389,-81.81606389,Pedestrian,Not a Collision,Not an Intersection,On Roadway,,Dark - Not Lighted,Clear,0,0,2004.0,1,0,HARDEE (49),NOT APPLICABLE
2021,10774,Florida,0,1,2,November,22,Monday,3,SR-836,State Highway,Urban,Principal Arterial - Freeways,State Highway Agency,498.765306122449,25.78411944,-80.28843056,Concrete Traffic Barrier,Not a Collision,Not an Intersection,On Median,,Dark - Lighted,Clear,0,0,2006.0,1,0,MIAMI-DADE (86),NOT APPLICABLE
2021,10775,Florida,0,2,2,December,12,Sunday,18,SR-202,State Highway,Urban,Principal Arterial - Freeways,State Highway Agency,498.765306122449,30.25719444,-81.43394444,Motor Vehicle In-Transport,Front-to-Rear,Not an Intersection,On Roadway,,Dark - Lighted,Clear,0,0,2019.0,0,0,DUVAL (31),JACKSONVILLE
2021,10776,Florida,0,3,4,December,3,Friday,20,SR-72,State Highway,Urban,Minor Arterial,State Highway Agency,498.765306122449,27.26926667,-82.48660278,Motor Vehicle In-Transport,Angle,T-Intersection,On Roadway,,Dark - Lighted,Clear,0,0,2021.0,0,0,SARASOTA (115),NOT APPLICABLE
2021,10777,Florida,0,2,2,December,2,Thursday,6,SR-500,State Highway,Rural,Principal Arterial - Other,State Highway Agency,498.765306122449,29.44766944,-82.64256944,Motor Vehicle In-Transport,Front-to-Rear,Four-Way Intersection,On Roadway,,Dark - Lighted,Clear,0,0,2007.0,1,0,LEVY (75),BRONSON
2021,10777,Florida,0,2,2,December,2,Thursday,6,SR-500,State Highway,Rural,Principal Arterial - Other,State Highway Agency,498.765306122449,29.44766944,-82.64256944,Motor Vehicle In-Transport,Front-to-Rear,Four-Way Intersection,On Roadway,,Dark - Lighted,Clear,0,0,2007.0,0,0,LEVY (75),BRONSON
2021,10778,Florida,0,1,2,December,11,Saturday,21,TAMARIND RD,Local Street - Municipality,Urban,Local,Not Reported,498.765306122449,25.11868611,-80.41367778,Rollover/Overturn,Not a Collision,T-Intersection,On Roadway,,Dark - Not Lighted,Clear,0,0,2002.0,1,0,MONROE (87),NOT APPLICABLE
2021,10778,Florida,0,1,2,December,11,Saturday,21,TAMARIND RD,Local Street - Municipality,Urban,Local,Not Reported,498.765306122449,25.11868611,-80.41367778,Rollover/Overturn,Not a Collision,T-Intersection,On Roadway,,Dark - Not Lighted,Clear,0,0,2014.0,0,0,MONROE (87),NOT APPLICABLE
2021,10779,Florida,0,2,2,December,4,Saturday,9,SW 288TH ST,Local Street - Municipality,Urban,Minor Arterial,Not Reported,498.765306122449,25.49943056,-80.44477778,Motor Vehicle In-Transport,Front-to-Rear,Four-Way Intersection,On Roadway,,Daylight,Clear,0,0,2013.0,1,0,MIAMI-DADE (86),NOT APPLICABLE
2021,10779,Florida,0,2,2,December,4,Saturday,9,SW 288TH ST,Local Street - Municipality,Urban,Minor Arterial,Not Reported,498.765306122449,25.49943056,-80.44477778,Motor Vehicle In-Transport,Front-to-Rear,Four-Way Intersection,On Roadway,,Daylight,Clear,0,0,1995.0,0,0,MIAMI-DADE (86),NOT APPLICABLE
2021,10780,Florida,1,1,1,December,11,Saturday,23,SR-3,State Highway,Urban,Principal Arterial - Other,State Highway Agency,498.765306122449,28.36923611,-80.70020833,Pedestrian,Not a Collision,T-Intersection,On Roadway,,Dark - Lighted,Clear,0,0,1998.0,1,0,BREVARD (9),NOT APPLICABLE
2021,10780,Florida,1,1,1,December,11,Saturday,23,SR-3,State Highway,Urban,Principal Arterial - Other,State Highway Agency,498.765306122449,28.36923611,-80.70020833,Pedestrian,Not a Collision,T-Intersection,On Roadway,,Dark - Lighted,Clear,0,0,2006.0,0,0,BREVARD (9),NOT APPLICABLE
2021,10781,Florida,1,2,2,December,8,Wednesday,18,PALM VALLEY RD,Local Street - Municipality,Urban,Major Collector,Not Reported,498.765306122449,30.19475833,-81.38085,Pedestrian,Not a Collision,T-Intersection,On Roadway,,Dusk,Rain,0,0,2007.0,1,0,ST. JOHNS (109),NOT APPLICABLE
2021,10782,Florida,1,1,1,December,16,Thursday,10,GIBSONTON DR,Unknown,Urban,Minor Arterial,Not Reported,498.765306122449,27.84978056,-82.376775,Pedalcyclist,Not a Collision,Not an Intersection,On Roadway,,Daylight,Clear,0,0,2021.0,1,0,HILLSBOROUGH (57),NOT APPLICABLE
2021,10783,Florida,0,1,1,December,4,Saturday,1,US-41,U.S. Highway,Urban,Principal Arterial - Other,State Highway Agency,498.765306122449,27.16871667,-82.47747778,Guardrail End,Not a Collision,Not an Intersection,On Median,,Dark - Not Lighted,Clear,0,0,2001.0,1,0,SARASOTA (115),NOT APPLICABLE
2021,10784,Florida,0,2,2,December,10,Friday,3,SR-50,State Highway,Urban,Principal Arterial - Other,State Highway Agency,498.765306122449,28.55214722,-81.46300833,Motor Vehicle In-Transport,Front-to-Rear,Not an Intersection,On Roadway,,Dark - Lighted,Clear,0,0,2005.0,1,0,ORANGE (95),NOT APPLICABLE
2021,10785,Florida,0,2,3,December,11,Saturday,19,US-92,U.S. Highway,Urban,Principal Arterial - Other,State Highway Agency,498.765306122449,29.05505,-81.29238333,Rollover/Overturn,Not a Collision,Not an Intersection,On Median,,Dark - Not Lighted,Clear,0,0,2015.0,1,1,VOLUSIA (127),DELAND
2021,10786,Florida,0,2,3,December,4,Saturday,16,STAR ROAD,Other,Urban,Local,County Highway Agency,498.765306122449,28.56266111,-82.52258056,Motor Vehicle In-Transport,Front-to-Rear,Not an Intersection,On Roadway,,Daylight,Clear,0,0,2014.0,1,0,HERNANDO (53),NOT APPLICABLE
2021,10787,Florida,0,2,4,November,26,Friday,23,US-1,U.S. Highway,Urban,Principal Arterial - Other,State Highway Agency,498.765306122449,25.56420278,-80.38361389,Motor Vehicle In-Transport,Angle,T-Intersection,On Roadway,,Dark - Lighted,Clear,0,0,2021.0,1,0,MIAMI-DADE (86),NOT APPLICABLE
2021,10788,Florida,0,3,4,August,26,Thursday,12,SR-39,State Highway,Urban,Principal Arterial - Other,State Highway Agency,498.765306122449,27.96700556,-82.12155556,Motor Vehicle In-Transport,Angle,Four-Way Intersection,On Roadway,,Daylight,Cloudy,0,0,2015.0,0,0,HILLSBOROUGH (57),PLANT CITY
2021,10788,Florida,0,3,4,August,26,Thursday,12,SR-39,State Highway,Urban,Principal Arterial - Other,State Highway Agency,498.765306122449,27.96700556,-82.12155556,Motor Vehicle In-Transport,Angle,Four-Way Intersection,On Roadway,,Daylight,Cloudy,0,0,2000.0,1,0,HILLSBOROUGH (57),PLANT CITY
2021,10789,Florida,0,2,2,December,5,Sunday,23,I-75,Interstate,Rural,Interstate,State Highway Agency,498.765306122449,30.37901944,-82.86713056,Motor Vehicle In-Transport,Angle,Not an Intersection,On Roadway,,Dark - Lighted,Clear,0,0,2014.0,0,0,HAMILTON (47),NOT APPLICABLE
2021,10789,Florida,0,2,2,December,5,Sunday,23,I-75,Interstate,Rural,Interstate,State Highway Agency,498.765306122449,30.37901944,-82.86713056,Motor Vehicle In-Transport,Angle,Not an Intersection,On Roadway,,Dark - Lighted,Clear,0,0,2018.0,0,1,HAMILTON (47),NOT APPLICABLE
2021,10790,Florida,0,2,2,December,17,Friday,14,I-75,Interstate,Urban,Interstate,State Highway Agency,498.765306122449,28.21454722,-82.37112222,Motor Vehicle In-Transport,Angle,Not an Intersection,On Roadway,,Daylight,Clear,0,0,2006.0,1,0,PASCO (101),NOT APPLICABLE
2021,10790,Florida,0,2,2,December,17,Friday,14,I-75,Interstate,Urban,Interstate,State Highway Agency,498.765306122449,28.21454722,-82.37112222,Motor Vehicle In-Transport,Angle,Not an Intersection,On Roadway,,Daylight,Clear,0,0,2015.0,0,0,PASCO (101),NOT APPLICABLE
2021,10791,Florida,1,1,1,May,2,Sunday,21,184TH ST,Other,Urban,Minor Arterial,County Highway Agency,498.765306122449,25.59796389,-80.37245,Pedestrian,Not a Collision,T-Intersection,On Roadway,,Dark - Lighted,Clear,0,0,2002.0,1,1,MIAMI-DADE (86),NOT APPLICABLE
2021,10792,Florida,2,1,1,July,4,Sunday,22,US-92 NEW TAMPA HWY,U.S. Highway,Urban,Principal Arterial - Other,State Highway Agency,498.765306122449,29.17416977659647,-82.66836234163044,Pedestrian,Not a Collision,Not an Intersection,On Shoulder,,Dark - Not Lighted,Cloudy,0,0,2021.0,1,1,POLK (105),NOT APPLICABLE
2021,10792,Florida,2,1,1,July,4,Sunday,22,US-92 NEW TAMPA HWY,U.S. Highway,Urban,Principal Arterial - Other,State Highway Agency,498.765306122449,29.17416977659647,-82.66836234163044,Pedestrian,Not a Collision,Not an Intersection,On Shoulder,,Dark - Not Lighted,Cloudy,0,0,2019.0,0,1,POLK (105),NOT APPLICABLE
2021,10793,Florida,0,3,5,July,23,Friday,11,SR-858 W HALLANDALE BCH BLVD,State Highway,Urban,Principal Arterial - Other,State Highway Agency,498.765306122449,25.98467222,-80.20264722,Curb,Not a Collision,Not an Intersection,On Roadside,,Daylight,Clear,0,0,1999.0,0,0,BROWARD (11),Other
2021,10793,Florida,0,3,5,July,23,Friday,11,SR-858 W HALLANDALE BCH BLVD,State Highway,Urban,Principal Arterial - Other,State Highway Agency,498.765306122449,25.98467222,-80.20264722,Curb,Not a Collision,Not an Intersection,On Roadside,,Daylight,Clear,0,0,2007.0,1,0,BROWARD (11),Other
2021,10793,Florida,0,3,5,July,23,Friday,11,SR-858 W HALLANDALE BCH BLVD,State Highway,Urban,Principal Arterial - Other,State Highway Agency,498.765306122449,25.98467222,-80.20264722,Curb,Not a Collision,Not an Intersection,On Roadside,,Daylight,Clear,0,0,2017.0,0,0,BROWARD (11),Other
2021,10794,Florida,0,2,5,September,6,Monday,20,12TH ST,Local Street - Municipality,Urban,Local,City or Municipal Highway Agency,498.765306122449,28.12500833,-81.62098889,Motor Vehicle In-Transport,Angle,Four-Way Intersection,On Roadway,,Dark - Not Lighted,Clear,0,0,2011.0,0,0,POLK (105),HAINES CITY
2021,10795,Florida,0,2,4,December,12,Sunday,18,SR-682,State Highway,Urban,Minor Arterial,State Highway Agency,498.765306122449,27.71918056,-82.69131389,Motor Vehicle In-Transport,Angle,Four-Way Intersection,On Roadway,,Dark - Lighted,Clear,0,0,2016.0,1,0,PINELLAS (103),SAINT PETERSBURG
2021,10795,Florida,0,2,4,December,12,Sunday,18,SR-682,State Highway,Urban,Minor Arterial,State Highway Agency,498.765306122449,27.71918056,-82.69131389,Motor Vehicle In-Transport,Angle,Four-Way Intersection,On Roadway,,Dark - Lighted,Clear,0,0,2019.0,0,0,PINELLAS (103),SAINT PETERSBURG
2021,10796,Florida,1,1,1,October,6,Wednesday,22,US-301,U.S. Highway,Urban,Principal Arterial - Other,State Highway Agency,498.765306122449,27.35594167,-82.53038056,Pedestrian,Not a Collision,Four-Way Intersection,On Roadway,,Dark - Lighted,Clear,0,1,2003.0,0,0,SARASOTA (115),SARASOTA
2021,10796,Florida,1,1,1,October,6,Wednesday,22,US-301,U.S. Highway,Urban,Principal Arterial - Other,State Highway Agency,498.765306122449,27.35594167,-82.53038056,Pedestrian,Not a Collision,Four-Way Intersection,On Roadway,,Dark - Lighted,Clear,0,0,2008.0,1,0,SARASOTA (115),SARASOTA
2021,10797,Florida,1,2,2,December,11,Saturday,23,49TH ST N,Local Street - Municipality,Urban,Minor Arterial,Not Reported,498.765306122449,27.86061389,-82.70031389,Pedalcyclist,Not a Collision,Not an Intersection,On Roadway,,Dark - Lighted,Clear,0,0,2018.0,0,0,PINELLAS (103),PINELLAS PARK
2021,10797,Florida,1,2,2,December,11,Saturday,23,49TH ST N,Local Street - Municipality,Urban,Minor Arterial,Not Reported,498.765306122449,27.86061389,-82.70031389,Pedalcyclist,Not a Collision,Not an Intersection,On Roadway,,Dark - Lighted,Clear,0,0,2008.0,1,0,PINELLAS (103),PINELLAS PARK
2021,10798,Florida,1,1,2,December,19,Sunday,17,SR-85,State Highway,Urban,Principal Arterial - Other,State Highway Agency,498.765306122449,30.74053889,-86.56413056,Pedestrian,Not a Collision,T-Intersection,On Roadway,,Dark - Lighted,Clear,0,0,2006.0,2,0,OKALOOSA (91),NOT APPLICABLE
2021,10799,Florida,0,1,2,November,20,Saturday,10,US-92,U.S. Highway,Urban,Principal Arterial - Other,State Highway Agency,498.765306122449,28.04864444,-81.85340833,Rollover/Overturn,Not a Collision,Not an Intersection,On Roadway,,Daylight,Cloudy,0,0,1988.0,1,0,POLK (105),NOT APPLICABLE
2021,10800,Florida,0,1,1,November,28,Sunday,10,SANDY RUN RD,Other,Rural,Local,County Highway Agency,498.765306122449,26.90658333,-80.235825,Tree (Standing Only),Not a Collision,Not an Intersection,On Roadside,,Reported as Unknown,Clear,0,0,2011.0,0,0,PALM BEACH (99),NOT APPLICABLE
2021,10801,Florida,1,1,1,December,19,Sunday,19,US-1 S DIXIE HWY,U.S. Highway,Urban,Minor Arterial,State Highway Agency,498.765306122449,26.60713889,-80.05761667,Pedestrian,Not a Collision,Not an Intersection,On Roadway,,Dark - Lighted,Cloudy,0,0,2017.0,0,0,PALM BEACH (99),LAKE WORTH
2021,10801,Florida,1,1,1,December,19,Sunday,19,US-1 S DIXIE HWY,U.S. Highway,Urban,Minor Arterial,State Highway Agency,498.765306122449,26.60713889,-80.05761667,Pedestrian,Not a Collision,Not an Intersection,On Roadway,,Dark - Lighted,Cloudy,0,0,2001.0,1,1,PALM BEACH (99),LAKE WORTH
2021,10802,Florida,1,1,3,December,12,Sunday,22,OAKLAND PARK BLVD,Local Street - Municipality,Urban,Principal Arterial - Other,Not Reported,498.765306122449,26.17007222,-80.28621944,Pedestrian,Not a Collision,Not an Intersection,On Roadway,,Dark - Lighted,Clear,0,0,2007.0,1,1,BROWARD (11),SUNRISE
2021,10802,Florida,1,1,3,December,12,Sunday,22,OAKLAND PARK BLVD,Local Street - Municipality,Urban,Principal Arterial - Other,Not Reported,498.765306122449,26.17007222,-80.28621944,Pedestrian,Not a Collision,Not an Intersection,On Roadway,,Dark - Lighted,Clear,0,0,2022.0,0,0,BROWARD (11),SUNRISE