YEAR,ST_CASE,STATENAME,NUM_PEDS,NUM_VEHC,PERSONS,MONTHNAME,DAYNAME,DAY_WEEKNAME,HOUR,ROAD_NAME,ROUTENAME,RUR_URBNAME,FUNC_SYSNAME,RD_OWNERNAME,MILE_MARKER,LATITUDE,LONGITUD,HARM_EVNAME,COLLISION_TYPE,TYP_INTNAME,REL_ROADNAME,WRK_ZONENAME,LGT_CONDNAME,WEATHERNAME,SCH_BUS,HIT_RUN,MOD_YEAR,DEATHS,DR_DRINK,COUNTYNAME,CITYNAME
2021,10863,Florida,0,1,1,December,24,Friday,24,SR-811,State Highway,Urban,Principal Arterial - Other,State Highway Agency,498.765306122449,26.87404167,-80.09558889,Curb,Not a Collision,Not an Intersection,On Median,,Dark - Not Lighted,Clear,0,0,2016.0,1,0,PALM BEACH (99),PALM BEACH GARDENS
2021,10864,Florida,1,1,1,August,15,Sunday,11,SR-21,State Highway,Urban,Principal Arterial - Other,State Highway Agency,498.765306122449,30.18624444,-81.73947222,Pedestrian,Not a Collision,Not an Intersection,On Roadway,,Daylight,Clear,0,0,2006.0,1,0,CLAY (19),NOT APPLICABLE
2021,10865,Florida,0,2,2,December,7,Tuesday,8,US-301,U.S. Highway,Urban,Principal Arterial - Other,State Highway Agency,498.765306122449,27.93016944,-82.35123056,Motor Vehicle In-Transport,Angle,Four-Way Intersection,On Roadway,,Daylight,"Fog, Smog, Smoke",0,0,2011.0,0,0,HILLSBOROUGH (57),NOT APPLICABLE
2021,10866,Florida,0,2,2,November,26,Friday,3,I-295,Interstate,Urban,Interstate,State Highway Agency,498.765306122449,30.21586111,-81.51415,Motor Vehicle In-Transport,Front-to-Front,Not an Intersection,On Roadway,"Work Zone, Type Unknown",Dark - Lighted,Clear,0,0,2018.0,1,0,DUVAL (31),NOT APPLICABLE
2021,10867,Florida,0,1,1,December,27,Monday,5,I-95,Interstate,Urban,Interstate,State Highway Agency,498.765306122449,30.11847222,-81.51387222,"Post, Pole or Other Supports",Not a Collision,Not an Intersection,On Roadside,,Daylight,"Fog, Smog, Smoke",0,0,2005.0,1,0,DUVAL (31),JACKSONVILLE
2021,10868,Florida,0,2,2,November,12,Friday,1,SR-574,State Highway,Urban,Principal Arterial - Other,State Highway Agency,498.765306122449,27.98138889,-82.33681667,Motor Vehicle In-Transport,Angle,T-Intersection,On Roadway,,Dark - Lighted,Clear,0,0,1996.0,1,0,HILLSBOROUGH (57),NOT APPLICABLE
2021,10869,Florida,0,2,2,December,27,Monday,12,SR-434,State Highway,Urban,Principal Arterial - Other,State Highway Agency,498.765306122449,28.63596111,-81.41515833,Motor Vehicle In-Transport,Angle,T-Intersection,On Roadway,,Daylight,Clear,0,0,2012.0,0,0,ORANGE (95),NOT APPLICABLE
2021,10870,Florida,0,2,2,December,20,Monday,15,POINCIANA BOULEVARD,Unknown,Urban,Principal Arterial - Other,Not Reported,498.765306122449,28.17321111,-81.44983056,Motor Vehicle In-Transport,Front-to-Front,Not an Intersection,On Roadway,,Daylight,Clear,0,0,2008.0,0,0,OSCEOLA (97),NOT APPLICABLE
2021,10870,Florida,0,2,2,December,20,Monday,15,POINCIANA BOULEVARD,Unknown,Urban,Principal Arterial - Other,Not Reported,498.765306122449,28.17321111,-81.44983056,Motor Vehicle In-Transport,Front-to-Front,Not an Intersection,On Roadway,,Daylight,Clear,0,0,2011.0,1,0,OSCEOLA (97),NOT APPLICABLE
2021,10871,Florida,0,3,4,December,10,Friday,16,OLD WINTER GARDEN RD,Local Street - Municipality,Urban,Minor Arterial,Not Reported,498.765306122449,28.54733889,-81.4348,Motor Vehicle In-Transport,Front-to-Front,T-Intersection,On Roadway,,Daylight,Clear,0,0,2021.0,1,0,ORANGE (95),NOT APPLICABLE
2021,10872,Florida,0,3,3,December,17,Friday,18,I-75,Interstate,Rural,Interstate,State Highway Agency,498.765306122449,26.15522222,-81.33970833,Motor Vehicle In-Transport,Sideswipe - Same Direction,Not an Intersection,On Roadway,,Dark - Lighted,Clear,0,0,2006.0,2,0,COLLIER (21),NOT APPLICABLE
2021,10873,Florida,0,1,2,December,25,Saturday,24,S DOUGLAS RD,Local Street - Municipality,Urban,Minor Arterial,Not Reported,498.765306122449,25.75538611,-80.25472222,Curb,Not a Collision,Four-Way Intersection,On Roadside,,Dark - Lighted,Clear,0,0,2021.0,1,0,MIAMI-DADE (86),NOT APPLICABLE
2021,10873,Florida,0,1,2,December,25,Saturday,24,S DOUGLAS RD,Local Street - Municipality,Urban,Minor Arterial,Not Reported,498.765306122449,25.75538611,-80.25472222,Curb,Not a Collision,Four-Way Intersection,On Roadside,,Dark - Lighted,Clear,0,0,2018.0,0,0,MIAMI-DADE (86),NOT APPLICABLE
2021,10874,Florida,1,1,1,December,3,Friday,1,SR-811,State Highway,Urban,Minor Arterial,State Highway Agency,498.765306122449,26.26470278,-80.11671389,Pedestrian,Not a Collision,Not an Intersection,On Roadside,,Dark - Lighted,Clear,0,0,2003.0,1,0,BROWARD (11),POMPANO BEACH
2021,10875,Florida,1,1,1,December,30,Thursday,15,NW 32ND ST,Local Street - Municipality,Urban,Local,Not Reported,498.765306122449,25.80531667,-80.23932222,Fence,Not a Collision,Not an Intersection,Off Roadway-Location Unknown,,Daylight,Clear,0,0,2001.0,1,0,MIAMI-DADE (86),MIAMI
2021,10876,Florida,1,1,1,December,30,Thursday,24,US-98,U.S. Highway,Urban,Principal Arterial - Other,State Highway Agency,498.765306122449,26.67735278,-80.10388889,Pedestrian,Not a Collision,Not an Intersection,On Roadway,,Dark - Lighted,Clear,0,0,1995.0,1,1,PALM BEACH (99),NOT APPLICABLE
2021,10876,Florida,1,1,1,December,30,Thursday,24,US-98,U.S. Highway,Urban,Principal Arterial - Other,State Highway Agency,498.765306122449,26.67735278,-80.10388889,Pedestrian,Not a Collision,Not an Intersection,On Roadway,,Dark - Lighted,Clear,0,0,2007.0,0,0,PALM BEACH (99),NOT APPLICABLE
2021,10877,Florida,0,2,6,December,23,Thursday,16,US-41,U.S. Highway,Urban,Principal Arterial - Other,State Highway Agency,498.765306122449,27.16631667,-82.47604167,Motor Vehicle In-Transport,Angle,Four-Way Intersection,On Roadway,,Daylight,Clear,0,0,2018.0,0,0,SARASOTA (115),NOT APPLICABLE
2021,10878,Florida,0,2,3,December,25,Saturday,3,SR-821,State Highway,Urban,Principal Arterial - Freeways,State Highway Agency,498.765306122449,25.64461389,-80.38549167,Motor Vehicle In-Transport,Front-to-Rear,Not an Intersection,On Roadway,,Dark - Lighted,Clear,0,0,2015.0,0,0,MIAMI-DADE (86),NOT APPLICABLE
2021,10878,Florida,0,2,3,December,25,Saturday,3,SR-821,State Highway,Urban,Principal Arterial - Freeways,State Highway Agency,498.765306122449,25.64461389,-80.38549167,Motor Vehicle In-Transport,Front-to-Rear,Not an Intersection,On Roadway,,Dark - Lighted,Clear,0,0,2011.0,2,0,MIAMI-DADE (86),NOT APPLICABLE
2021,10879,Florida,1,1,1,December,25,Saturday,19,SR-64 W MANATEE AVE W,State Highway,Urban,Principal Arterial - Other,State Highway Agency,498.765306122449,27.49577222,-82.601775,Pedestrian,Not a Collision,Not an Intersection,On Roadway,,Dark - Unknown Lighting,Clear,0,0,2014.0,2,0,MANATEE (81),WEST BRADENTON
2021,10879,Florida,1,1,1,December,25,Saturday,19,SR-64 W MANATEE AVE W,State Highway,Urban,Principal Arterial - Other,State Highway Agency,498.765306122449,27.49577222,-82.601775,Pedestrian,Not a Collision,Not an Intersection,On Roadway,,Dark - Unknown Lighting,Clear,0,0,2017.0,0,0,MANATEE (81),WEST BRADENTON
2021,10880,Florida,0,2,2,December,8,Wednesday,10,WALNUT ST,Other,Urban,Major Collector,County Highway Agency,498.765306122449,28.12591111,-81.46052778,Motor Vehicle In-Transport,Front-to-Front,Four-Way Intersection,On Roadway,,Daylight,Clear,0,0,1998.0,0,0,POLK (105),NOT APPLICABLE
2021,10881,Florida,0,2,2,December,26,Sunday,15,SR-115,State Highway,Urban,Principal Arterial - Freeways,State Highway Agency,498.765306122449,30.30743889,-81.55881389,Motor Vehicle In-Transport,Angle,T-Intersection,On Roadway,,Daylight,Cloudy,0,0,2011.0,0,0,DUVAL (31),JACKSONVILLE
2021,10881,Florida,0,2,2,December,26,Sunday,15,SR-115,State Highway,Urban,Principal Arterial - Freeways,State Highway Agency,498.765306122449,30.30743889,-81.55881389,Motor Vehicle In-Transport,Angle,T-Intersection,On Roadway,,Daylight,Cloudy,0,0,2014.0,1,0,DUVAL (31),JACKSONVILLE
2021,10881,Florida,0,2,2,December,26,Sunday,15,SR-115,State Highway,Urban,Principal Arterial - Freeways,State Highway Agency,498.765306122449,30.30743889,-81.55881389,Motor Vehicle In-Transport,Angle,T-Intersection,On Roadway,,Daylight,Cloudy,0,0,2013.0,0,0,DUVAL (31),JACKSONVILLE
2021,10882,Florida,1,1,1,September,20,Monday,19,SR-845,State Highway,Urban,Principal Arterial - Other,State Highway Agency,498.765306122449,26.19699167,-80.15564722,Pedalcyclist,Not a Collision,Not an Intersection,On Roadway,,Dark - Lighted,Clear,0,1,2009.0,0,0,BROWARD (11),POMPANO BEACH
2021,10882,Florida,1,1,1,September,20,Monday,19,SR-845,State Highway,Urban,Principal Arterial - Other,State Highway Agency,498.765306122449,26.19699167,-80.15564722,Pedalcyclist,Not a Collision,Not an Intersection,On Roadway,,Dark - Lighted,Clear,0,1,2009.0,0,0,BROWARD (11),POMPANO BEACH
2021,10883,Florida,1,1,1,September,27,Monday,18,4TH AVE,Local Street - Municipality,Urban,Major Collector,City or Municipal Highway Agency,498.765306122449,26.09245,-80.14671111,Pedestrian,Not a Collision,Not an Intersection,On Roadway,,Daylight,Clear,0,0,2010.0,1,0,BROWARD (11),FORT LAUDERDALE
2021,10884,Florida,1,1,1,September,18,Saturday,19,SR-518,State Highway,Urban,Principal Arterial - Other,State Highway Agency,498.765306122449,28.13858333,-80.59572778,Pedestrian,Not a Collision,Not an Intersection,On Roadway,,Dark - Lighted,Rain,0,0,2002.0,0,0,BREVARD (9),MELBOURNE
2021,10884,Florida,1,1,1,September,18,Saturday,19,SR-518,State Highway,Urban,Principal Arterial - Other,State Highway Agency,498.765306122449,28.13858333,-80.59572778,Pedestrian,Not a Collision,Not an Intersection,On Roadway,,Dark - Lighted,Rain,0,0,2018.0,1,0,BREVARD (9),MELBOURNE
2021,10885,Florida,0,1,1,October,3,Sunday,12,SYDNEY DOVER RD,Other,Urban,Local,County Highway Agency,498.765306122449,27.99728889,-82.20743611,Traffic Signal Support,Not a Collision,Not an Intersection,On Roadway,,Daylight,Clear,0,0,2000.0,1,0,HILLSBOROUGH (57),NOT APPLICABLE
2021,10886,Florida,0,1,2,September,24,Friday,20,PLANTERS DR S,Unknown,Rural,Local,Not Reported,498.765306122449,30.86422222,-86.32590833,Rollover/Overturn,Not a Collision,Not an Intersection,On Roadside,,Dark - Not Lighted,Clear,0,0,2016.0,1,0,WALTON (131),NOT APPLICABLE
2021,10886,Florida,0,1,2,September,24,Friday,20,PLANTERS DR S,Unknown,Rural,Local,Not Reported,498.765306122449,30.86422222,-86.32590833,Rollover/Overturn,Not a Collision,Not an Intersection,On Roadside,,Dark - Not Lighted,Clear,0,0,2022.0,0,0,WALTON (131),NOT APPLICABLE
2021,10886,Florida,0,1,2,September,24,Friday,20,PLANTERS DR S,Unknown,Rural,Local,Not Reported,498.765306122449,30.86422222,-86.32590833,Rollover/Overturn,Not a Collision,Not an Intersection,On Roadside,,Dark - Not Lighted,Clear,0,0,2019.0,0,0,WALTON (131),NOT APPLICABLE
2021,10887,Florida,0,2,4,September,30,Thursday,10,US-27 N,U.S. Highway,Urban,Principal Arterial - Other,State Highway Agency,498.765306122449,27.59960278,-81.51453889,Motor Vehicle In-Transport,Angle,T-Intersection,On Roadway,,Daylight,Clear,0,0,2013.0,1,1,HIGHLANDS (55),AVON PARK
2021,10888,Florida,1,1,1,October,2,Saturday,16,US-19,U.S. Highway,Urban,Principal Arterial - Other,State Highway Agency,498.765306122449,28.234225,-82.72886389,Pedestrian,Not a Collision,Not an Intersection,On Roadway,,Daylight,Clear,0,0,2015.0,1,0,PASCO (101),NEW PORT RICHEY
2021,10889,Florida,0,2,2,October,10,Sunday,7,SR-3,State Highway,Urban,Principal Arterial - Other,State Highway Agency,498.765306122449,28.4127,-80.70641944,Motor Vehicle In-Transport,Angle,Four-Way Intersection,On Roadway,,Dawn,Cloudy,0,0,2000.0,0,0,BREVARD (9),NOT APPLICABLE
2021,10889,Florida,0,2,2,October,10,Sunday,7,SR-3,State Highway,Urban,Principal Arterial - Other,State Highway Agency,498.765306122449,28.4127,-80.70641944,Motor Vehicle In-Transport,Angle,Four-Way Intersection,On Roadway,,Dawn,Cloudy,0,0,2013.0,1,0,BREVARD (9),NOT APPLICABLE
2021,10889,Florida,0,2,2,October,10,Sunday,7,SR-3,State Highway,Urban,Principal Arterial - Other,State Highway Agency,498.765306122449,28.4127,-80.70641944,Motor Vehicle In-Transport,Angle,Four-Way Intersection,On Roadway,,Dawn,Cloudy,0,0,2014.0,0,0,BREVARD (9),NOT APPLICABLE
2021,10889,Florida,0,2,2,October,10,Sunday,7,SR-3,State Highway,Urban,Principal Arterial - Other,State Highway Agency,498.765306122449,28.4127,-80.70641944,Motor Vehicle In-Transport,Angle,Four-Way Intersection,On Roadway,,Dawn,Cloudy,0,0,2004.0,0,0,BREVARD (9),NOT APPLICABLE
2021,10889,Florida,0,2,2,October,10,Sunday,7,SR-3,State Highway,Urban,Principal Arterial - Other,State Highway Agency,498.765306122449,28.4127,-80.70641944,Motor Vehicle In-Transport,Angle,Four-Way Intersection,On Roadway,,Dawn,Cloudy,0,0,2008.0,0,0,BREVARD (9),NOT APPLICABLE
2021,10890,Florida,0,1,1,September,30,Thursday,20,ALTA DR,Local Street - Municipality,Urban,Local,City or Municipal Highway Agency,498.765306122449,29.24305833,-81.04774444,Unknown Object Not Fixed,Not a Collision,Not an Intersection,On Roadside,,Dark - Lighted,Clear,0,0,2016.0,0,0,VOLUSIA (127),HOLLY HILL
2021,10890,Florida,0,1,1,September,30,Thursday,20,ALTA DR,Local Street - Municipality,Urban,Local,City or Municipal Highway Agency,498.765306122449,29.24305833,-81.04774444,Unknown Object Not Fixed,Not a Collision,Not an Intersection,On Roadside,,Dark - Lighted,Clear,0,0,2000.0,1,0,VOLUSIA (127),HOLLY HILL
2021,10891,Florida,1,1,1,October,13,Wednesday,5,E STORY RD,Local Street - Municipality,Urban,Major Collector,City or Municipal Highway Agency,498.765306122449,28.55845,-81.57213056,Pedestrian,Not a Collision,Not an Intersection,On Roadway,,Dark - Not Lighted,Clear,0,1,2007.0,0,1,ORANGE (95),WINTER GARDEN
2021,10892,Florida,0,2,3,October,2,Saturday,18,SW 30TH ST,Other,Urban,Local,County Highway Agency,498.765306122449,25.74155833,-80.36148333,Motor Vehicle In-Transport,Angle,Four-Way Intersection,On Roadway,,Daylight,Clear,0,0,2014.0,0,0,MIAMI-DADE (86),NOT APPLICABLE
2021,10892,Florida,0,2,3,October,2,Saturday,18,SW 30TH ST,Other,Urban,Local,County Highway Agency,498.765306122449,25.74155833,-80.36148333,Motor Vehicle In-Transport,Angle,Four-Way Intersection,On Roadway,,Daylight,Clear,0,0,2021.0,1,0,MIAMI-DADE (86),NOT APPLICABLE
2021,10893,Florida,1,1,1,October,14,Thursday,19,NW 18TH AVE,Local Street - Municipality,Urban,Local,City or Municipal Highway Agency,498.765306122449,25.79189722,-80.22526111,Pedalcyclist,Not a Collision,Four-Way Intersection,On Roadway,,Dark - Lighted,Clear,0,0,2017.0,0,0,MIAMI-DADE (86),MIAMI
2021,10893,Florida,1,1,1,October,14,Thursday,19,NW 18TH AVE,Local Street - Municipality,Urban,Local,City or Municipal Highway Agency,498.765306122449,25.79189722,-80.22526111,Pedalcyclist,Not a Collision,Four-Way Intersection,On Roadway,,Dark - Lighted,Clear,0,0,1998.0,1,0,MIAMI-DADE (86),MIAMI
2021,20001,Minnesota,0,2,5,September,25,Saturday,10,CR-7 7TH AVE NW,County Road,Urban,Minor Arterial,County Highway Agency,49.0,45.26842222,-93.37758056,Motor Vehicle In-Transport,Front-to-Front,Not an Intersection,On Roadway,,Daylight,Clear,0,1,2011.0,0,0,ANOKA (3),ANDOVER
2021,20002,Minnesota,0,2,2,September,30,Thursday,10,BURNSVILLE PARKWAY,Local Street - Municipality,Urban,Minor Arterial,City or Municipal Highway Agency,40.0,44.77056111,-93.28285556,Motor Vehicle In-Transport,Angle,Four-Way Intersection,On Roadway,,Daylight,Clear,0,0,2019.0,1,1,DAKOTA (37),BURNSVILLE
2021,20003,Minnesota,1,1,1,September,23,Thursday,8,CR-76 650TH ST,County Road,Rural,Local,County Highway Agency,48.0,45.80274722,-96.525475,Pedestrian,Not a Collision,Not an Intersection,On Roadway,,Daylight,Clear,0,0,2012.0,0,0,TRAVERSE (155),NOT APPLICABLE
2021,20003,Minnesota,1,1,1,September,23,Thursday,8,CR-76 650TH ST,County Road,Rural,Local,County Highway Agency,48.0,45.80274722,-96.525475,Pedestrian,Not a Collision,Not an Intersection,On Roadway,,Daylight,Clear,0,0,2011.0,0,0,TRAVERSE (155),NOT APPLICABLE
2021,20004,Minnesota,0,2,2,October,1,Friday,21,CR-68 MCKNIGHT RD N,County Road,Urban,Minor Arterial,County Highway Agency,80.0,45.01549167,-93.00496111,Motor Vehicle In-Transport,Angle,Four-Way Intersection,On Roadway,,Dark - Lighted,Rain,0,0,2007.0,0,0,RAMSEY (123),NORTH SAINT PAUL
2021,20005,Minnesota,0,1,1,October,2,Saturday,4,CR-4,County Road,Rural,Major Collector,County Highway Agency,191.0,43.59766389,-92.70914722,"Post, Pole or Other Supports",Not a Collision,T-Intersection,On Roadside,,Dark - Not Lighted,Rain,0,0,2001.0,0,0,MOWER (99),NOT APPLICABLE
2021,20006,Minnesota,0,1,1,October,1,Friday,12,CR-7,County Road,Rural,Major Collector,County Highway Agency,201.0,44.57049722,-92.73720278,Ditch,Not a Collision,Not an Intersection,On Roadside,,Daylight,Clear,0,0,2009.0,0,0,GOODHUE (49),NOT APPLICABLE
2021,20006,Minnesota,0,1,1,October,1,Friday,12,CR-7,County Road,Rural,Major Collector,County Highway Agency,201.0,44.57049722,-92.73720278,Ditch,Not a Collision,Not an Intersection,On Roadside,,Daylight,Clear,0,0,2000.0,1,0,GOODHUE (49),NOT APPLICABLE
2021,20007,Minnesota,1,1,1,October,2,Saturday,13,SR-197,State Highway,Urban,Principal Arterial - Other,State Highway Agency,52.0,47.49180556,-94.89614722,Non-Motorist on Personal Conveyance,Not a Collision,Four-Way Intersection,On Roadway,,Daylight,Clear,0,0,2006.0,0,0,BELTRAMI (7),BEMIDJI
2021,20007,Minnesota,1,1,1,October,2,Saturday,13,SR-197,State Highway,Urban,Principal Arterial - Other,State Highway Agency,52.0,47.49180556,-94.89614722,Non-Motorist on Personal Conveyance,Not a Collision,Four-Way Intersection,On Roadway,,Daylight,Clear,0,0,2009.0,1,0,BELTRAMI (7),BEMIDJI
2021,20008,Minnesota,0,2,2,September,14,Tuesday,5,CR-22,County Road,Urban,Minor Arterial,County Highway Agency,132.0,45.32046111,-93.28483611,Motor Vehicle In-Transport,Front-to-Front,Not an Intersection,On Roadway,,Dark - Not Lighted,Clear,0,0,2001.0,1,0,ANOKA (3),Other
2021,20008,Minnesota,0,2,2,September,14,Tuesday,5,CR-22,County Road,Urban,Minor Arterial,County Highway Agency,132.0,45.32046111,-93.28483611,Motor Vehicle In-Transport,Front-to-Front,Not an Intersection,On Roadway,,Dark - Not Lighted,Clear,0,0,2017.0,0,0,ANOKA (3),Other
2021,20009,Minnesota,1,2,1,October,4,Monday,6,CR-45,County Road,Rural,Minor Collector,County Highway Agency,75.0,45.41113056,-94.12120833,Motor Vehicle In-Transport,Front-to-Rear,Not an Intersection,On Roadway,,Dark - Not Lighted,"Fog, Smog, Smoke",0,0,1995.0,0,0,STEARNS (145),NOT APPLICABLE
2021,20009,Minnesota,1,2,1,October,4,Monday,6,CR-45,County Road,Rural,Minor Collector,County Highway Agency,75.0,45.41113056,-94.12120833,Motor Vehicle In-Transport,Front-to-Rear,Not an Intersection,On Roadway,,Dark - Not Lighted,"Fog, Smog, Smoke",0,0,2019.0,1,0,STEARNS (145),NOT APPLICABLE
2021,20010,Minnesota,0,2,3,October,5,Tuesday,22,ZANE AVE,Local Street - Municipality,Urban,Minor Arterial,City or Municipal Highway Agency,5.0,45.07625278,-93.35564722,Motor Vehicle In-Transport,Front-to-Front,Not an Intersection,On Roadway,,Dark - Lighted,Clear,0,0,2005.0,0,0,HENNEPIN (53),BROOKLYN PARK
2021,20011,Minnesota,0,2,2,October,4,Monday,20,US-71,U.S. Highway,Rural,Principal Arterial - Other,State Highway Agency,1614.0,45.62838611,-94.953125,Motor Vehicle In-Transport,Other,Not an Intersection,On Roadway,,Dark - Not Lighted,Clear,0,1,2008.0,0,0,STEARNS (145),NOT APPLICABLE
2021,20012,Minnesota,0,1,1,October,5,Tuesday,6,US-10 RAMP,U.S. Highway,Urban,Principal Arterial - Freeways,State Highway Agency,2347.0,45.14179167,-93.260825,Rollover/Overturn,Not a Collision,Not an Intersection,On Roadway,,Daylight,"Fog, Smog, Smoke",0,0,2009.0,0,0,ANOKA (3),BLAINE
2021,20013,Minnesota,0,1,1,October,7,Thursday,1,RIVER RAPIDS DR,Other,Urban,Local,Private (other than Railroad),2.0,45.19829444,-93.35516667,Curb,Not a Collision,Not an Intersection,On Roadside,,Dark - Lighted,Clear,0,0,2015.0,0,1,ANOKA (3),COON RAPIDS
2021,20013,Minnesota,0,1,1,October,7,Thursday,1,RIVER RAPIDS DR,Other,Urban,Local,Private (other than Railroad),2.0,45.19829444,-93.35516667,Curb,Not a Collision,Not an Intersection,On Roadside,,Dark - Lighted,Clear,0,0,2019.0,1,0,ANOKA (3),COON RAPIDS
2021,20014,Minnesota,0,1,3,September,25,Saturday,3,SR-57,State Highway,Rural,Major Collector,State Highway Agency,139.0,44.21399444,-92.79576667,Embankment,Not a Collision,Not an Intersection,On Roadside,,Dark - Not Lighted,Clear,0,1,2005.0,0,1,GOODHUE (49),NOT APPLICABLE
2021,20015,Minnesota,0,1,2,October,7,Thursday,14,CR-73,County Road,Rural,Minor Collector,County Highway Agency,82.0,45.91842222,-95.16476111,Culvert,Not a Collision,Not an Intersection,On Roadside,,Daylight,Cloudy,0,0,2015.0,0,0,DOUGLAS (41),NOT APPLICABLE
2021,20016,Minnesota,1,1,1,October,8,Friday,2,SR-610,State Highway,Urban,Principal Arterial - Freeways,State Highway Agency,74.0,45.12676667,-93.35081667,Pedestrian,Not a Collision,Not an Intersection,On Roadway,,Dark - Lighted,Clear,0,0,1998.0,1,0,HENNEPIN (53),BROOKLYN PARK
2021,20016,Minnesota,1,1,1,October,8,Friday,2,SR-610,State Highway,Urban,Principal Arterial - Freeways,State Highway Agency,74.0,45.12676667,-93.35081667,Pedestrian,Not a Collision,Not an Intersection,On Roadway,,Dark - Lighted,Clear,0,0,2018.0,0,0,HENNEPIN (53),BROOKLYN PARK
2021,20017,Minnesota,0,2,3,October,5,Tuesday,8,SR-13,State Highway,Urban,Minor Arterial,State Highway Agency,3.0,44.77741944,-93.32638333,Motor Vehicle In-Transport,Angle,Four-Way Intersection,On Roadway,,Daylight,Clear,0,0,2008.0,2,1,DAKOTA (37),BURNSVILLE
2021,20018,Minnesota,0,1,3,October,9,Saturday,19,W PLEASANT LAKE RD,Other,Urban,Local,Private (other than Railroad),8.0,45.09183333,-93.118675,Tree (Standing Only),Not a Collision,Not an Intersection,On Roadside,,Dark - Not Lighted,Cloudy,0,0,2008.0,1,0,RAMSEY (123),NORTH OAKS
2021,20019,Minnesota,0,1,1,October,1,Friday,22,CR-19 STACY TR N,County Road,Urban,Major Collector,County Highway Agency,82.0,45.39636944,-92.86890833,Utility Pole/Light Support,Not a Collision,Not an Intersection,On Roadside,,Dark - Lighted,Rain,0,0,2002.0,1,1,CHISAGO (25),LINDSTROM
2021,20020,Minnesota,0,1,1,October,10,Sunday,18,PIONEER TR,Local Street - Municipality,Rural,Local,City or Municipal Highway Agency,1.0,45.108775,-93.66534167,Rollover/Overturn,Not a Collision,Not an Intersection,On Roadside,,Dusk,Cloudy,0,0,2003.0,1,0,HENNEPIN (53),GREENFIELD
2021,20020,Minnesota,0,1,1,October,10,Sunday,18,PIONEER TR,Local Street - Municipality,Rural,Local,City or Municipal Highway Agency,1.0,45.108775,-93.66534167,Rollover/Overturn,Not a Collision,Not an Intersection,On Roadside,,Dusk,Cloudy,0,0,2006.0,0,0,HENNEPIN (53),GREENFIELD
2021,20021,Minnesota,0,1,4,October,10,Sunday,18,N SHORE TR,Local Street - Municipality,Urban,Minor Collector,City or Municipal Highway Agency,32.0,45.28255,-92.94892222,Utility Pole/Light Support,Not a Collision,Not an Intersection,On Roadside,,Dusk,Clear,0,0,1997.0,0,0,WASHINGTON (163),FOREST LAKE
2021,20021,Minnesota,0,1,4,October,10,Sunday,18,N SHORE TR,Local Street - Municipality,Urban,Minor Collector,City or Municipal Highway Agency,32.0,45.28255,-92.94892222,Utility Pole/Light Support,Not a Collision,Not an Intersection,On Roadside,,Dusk,Clear,0,0,2015.0,1,0,WASHINGTON (163),FOREST LAKE
2021,20022,Minnesota,0,1,1,October,7,Thursday,19,CR-107,County Road,Rural,Minor Collector,County Highway Agency,27.0,45.09454444,-94.01884444,Embankment,Not a Collision,Not an Intersection,On Roadside,,Dusk,Clear,0,0,2000.0,0,0,WRIGHT (171),NOT APPLICABLE
2021,20022,Minnesota,0,1,1,October,7,Thursday,19,CR-107,County Road,Rural,Minor Collector,County Highway Agency,27.0,45.09454444,-94.01884444,Embankment,Not a Collision,Not an Intersection,On Roadside,,Dusk,Clear,0,0,2002.0,1,0,WRIGHT (171),NOT APPLICABLE
2021,20022,Minnesota,0,1,1,October,7,Thursday,19,CR-107,County Road,Rural,Minor Collector,County Highway Agency,27.0,45.09454444,-94.01884444,Embankment,Not a Collision,Not an Intersection,On Roadside,,Dusk,Clear,0,0,2016.0,0,0,WRIGHT (171),NOT APPLICABLE
2021,20022,Minnesota,0,1,1,October,7,Thursday,19,CR-107,County Road,Rural,Minor Collector,County Highway Agency,27.0,45.09454444,-94.01884444,Embankment,Not a Collision,Not an Intersection,On Roadside,,Dusk,Clear,0,0,1997.0,0,0,WRIGHT (171),NOT APPLICABLE
2021,20023,Minnesota,0,2,4,October,12,Tuesday,19,US-212,U.S. Highway,Rural,Principal Arterial - Other,State Highway Agency,1294.0,44.76861944,-93.95825278,Motor Vehicle In-Transport,Angle,T-Intersection,On Roadway,,Dark - Not Lighted,Clear,1,0,2018.0,0,0,CARVER (19),NOT APPLICABLE
2021,20023,Minnesota,0,2,4,October,12,Tuesday,19,US-212,U.S. Highway,Rural,Principal Arterial - Other,State Highway Agency,1294.0,44.76861944,-93.95825278,Motor Vehicle In-Transport,Angle,T-Intersection,On Roadway,,Dark - Not Lighted,Clear,1,0,1997.0,1,0,CARVER (19),NOT APPLICABLE
2021,20024,Minnesota,1,1,5,October,14,Thursday,7,SR-29 3RD AVE E,State Highway,Urban,Minor Arterial,State Highway Agency,803.0,45.88943333,-95.37594167,Pedestrian,Not a Collision,Four-Way Intersection,On Roadway,,Dark - Lighted,Cloudy,0,1,2017.0,1,1,DOUGLAS (41),ALEXANDRIA