YEAR,ST_CASE,STATENAME,NUM_PEDS,NUM_VEHC,PERSONS,MONTHNAME,DAYNAME,DAY_WEEKNAME,HOUR,ROAD_NAME,ROUTENAME,RUR_URBNAME,FUNC_SYSNAME,RD_OWNERNAME,MILE_MARKER,LATITUDE,LONGITUD,HARM_EVNAME,COLLISION_TYPE,TYP_INTNAME,REL_ROADNAME,WRK_ZONENAME,LGT_CONDNAME,WEATHERNAME,SCH_BUS,HIT_RUN,MOD_YEAR,DEATHS,DR_DRINK,COUNTYNAME,CITYNAME
2021,20025,Minnesota,0,2,2,September,16,Thursday,13,SR-23,State Highway,Urban,Minor Arterial,State Highway Agency,3339.0,46.65935278,-92.25584167,Motor Vehicle In-Transport,Front-to-Rear,Not an Intersection,On Roadway,,Daylight,Clear,0,0,2012.0,3,1,ST. LOUIS (137),DULUTH
2021,20025,Minnesota,0,2,2,September,16,Thursday,13,SR-23,State Highway,Urban,Minor Arterial,State Highway Agency,3339.0,46.65935278,-92.25584167,Motor Vehicle In-Transport,Front-to-Rear,Not an Intersection,On Roadway,,Daylight,Clear,0,0,2001.0,0,0,ST. LOUIS (137),DULUTH
2021,20026,Minnesota,0,1,1,October,8,Friday,23,SR-197,State Highway,Urban,Principal Arterial - Other,State Highway Agency,30.0,47.46965,-94.87938333,Traffic Signal Support,Not a Collision,Four-Way Intersection,On Roadside,,Dark - Lighted,Rain,0,1,1976.0,0,1,BELTRAMI (7),BEMIDJI
2021,20027,Minnesota,0,1,1,October,14,Thursday,21,CR-6,County Road,Rural,Minor Arterial,County Highway Agency,127.0,45.14485556,-94.07345556,Embankment,Not a Collision,Not an Intersection,On Roadside,,Dark - Not Lighted,Clear,0,0,2012.0,1,1,WRIGHT (171),NOT APPLICABLE
2021,20028,Minnesota,0,1,1,October,15,Friday,11,SR-101,State Highway,Urban,Principal Arterial - Other,State Highway Agency,383.0,45.22958056,-93.55270833,Wall,Not a Collision,Not an Intersection,On Roadside,,Daylight,Cloudy,0,0,2019.0,1,0,WRIGHT (171),SAINT MICHAEL
2021,20028,Minnesota,0,1,1,October,15,Friday,11,SR-101,State Highway,Urban,Principal Arterial - Other,State Highway Agency,383.0,45.22958056,-93.55270833,Wall,Not a Collision,Not an Intersection,On Roadside,,Daylight,Cloudy,0,0,2016.0,0,0,WRIGHT (171),SAINT MICHAEL
2021,20028,Minnesota,0,1,1,October,15,Friday,11,SR-101,State Highway,Urban,Principal Arterial - Other,State Highway Agency,383.0,45.22958056,-93.55270833,Wall,Not a Collision,Not an Intersection,On Roadside,,Daylight,Cloudy,0,0,2016.0,0,0,WRIGHT (171),SAINT MICHAEL
2021,20029,Minnesota,0,1,1,October,16,Saturday,19,I-35W,Interstate,Urban,Interstate,State Highway Agency,159.0,44.94901111,-93.27470833,Building,Not a Collision,Not an Intersection,On Roadside,,Dark - Lighted,Clear,0,0,2005.0,0,1,HENNEPIN (53),MINNEAPOLIS
2021,20030,Minnesota,0,2,1,October,16,Saturday,2,SR-47 UNIVERSITY AVE NE,State Highway,Urban,Minor Arterial,State Highway Agency,81.0,45.07502222,-93.26337222,Parked Motor Vehicle,Not a Collision,Not an Intersection,On Shoulder,,Dark - Lighted,Clear,0,0,2012.0,0,0,ANOKA (3),FRIDLEY
2021,20030,Minnesota,0,2,1,October,16,Saturday,2,SR-47 UNIVERSITY AVE NE,State Highway,Urban,Minor Arterial,State Highway Agency,81.0,45.07502222,-93.26337222,Parked Motor Vehicle,Not a Collision,Not an Intersection,On Shoulder,,Dark - Lighted,Clear,0,0,2005.0,1,0,ANOKA (3),FRIDLEY
2021,20031,Minnesota,0,1,2,October,9,Saturday,15,CR-113,County Road,Rural,Local,County Highway Agency,19.0,45.22319444,-93.85020833,Fell/Jumped from Vehicle,Not a Collision,Not an Intersection,On Roadway,,Daylight,Clear,0,1,2015.0,0,1,WRIGHT (171),NOT APPLICABLE
2021,20032,Minnesota,1,1,1,October,11,Monday,14,CR-81 W BROADWAY AVE,County Road,Urban,Minor Arterial,County Highway Agency,4.0,44.99918611,-93.289375,Non-Motorist on Personal Conveyance,Not a Collision,Four-Way Intersection,On Roadway,,Daylight,Clear,0,0,2019.0,0,0,HENNEPIN (53),MINNEAPOLIS
2021,20033,Minnesota,0,1,1,October,18,Monday,16,CR-116 BUNKER LAKE BLVD,County Road,Urban,Minor Arterial,County Highway Agency,152.0,45.22549167,-93.18185556,Rollover/Overturn,Not a Collision,Not an Intersection,On Roadside,,Daylight,Clear,0,0,2009.0,0,0,ANOKA (3),HAM LAKE
2021,20034,Minnesota,0,2,2,September,5,Sunday,1,CR-60 BAKER RD,County Road,Urban,Minor Arterial,County Highway Agency,34.0,44.90706389,-93.447525,Utility Pole/Light Support,Not a Collision,Not an Intersection,On Roadside,,Dark - Lighted,Clear,0,0,1986.0,0,0,HENNEPIN (53),MINNETONKA MILLS
2021,20034,Minnesota,0,2,2,September,5,Sunday,1,CR-60 BAKER RD,County Road,Urban,Minor Arterial,County Highway Agency,34.0,44.90706389,-93.447525,Utility Pole/Light Support,Not a Collision,Not an Intersection,On Roadside,,Dark - Lighted,Clear,0,0,2010.0,0,0,HENNEPIN (53),MINNETONKA MILLS
2021,20034,Minnesota,0,2,2,September,5,Sunday,1,CR-60 BAKER RD,County Road,Urban,Minor Arterial,County Highway Agency,34.0,44.90706389,-93.447525,Utility Pole/Light Support,Not a Collision,Not an Intersection,On Roadside,,Dark - Lighted,Clear,0,0,2012.0,1,0,HENNEPIN (53),MINNETONKA MILLS
2021,20035,Minnesota,0,1,1,October,15,Friday,5,SR-210,State Highway,Rural,Principal Arterial - Other,State Highway Agency,2043.0,46.67153889,-92.72416111,Rollover/Overturn,Not a Collision,Not an Intersection,On Roadside,,Dark - Not Lighted,Clear,0,0,2011.0,1,1,CARLTON (17),NOT APPLICABLE
2021,20035,Minnesota,0,1,1,October,15,Friday,5,SR-210,State Highway,Rural,Principal Arterial - Other,State Highway Agency,2043.0,46.67153889,-92.72416111,Rollover/Overturn,Not a Collision,Not an Intersection,On Roadside,,Dark - Not Lighted,Clear,0,0,2018.0,2,1,CARLTON (17),NOT APPLICABLE
2021,20036,Minnesota,0,1,1,October,16,Saturday,21,CR-31,County Road,Rural,Minor Collector,County Highway Agency,37.0,44.53925278,-93.66709722,Rollover/Overturn,Not a Collision,Not an Intersection,On Roadside,,Dark - Not Lighted,Clear,0,0,2022.0,1,0,LE SUEUR (79),NOT APPLICABLE
2021,20037,Minnesota,0,1,1,October,19,Tuesday,12,CR-40,County Road,Rural,Minor Arterial,County Highway Agency,5.0,44.64564444,-93.75739167,Fell/Jumped from Vehicle,Not a Collision,Not an Intersection,On Shoulder,,Daylight,Clear,0,0,2018.0,1,0,CARVER (19),NOT APPLICABLE
2021,20037,Minnesota,0,1,1,October,19,Tuesday,12,CR-40,County Road,Rural,Minor Arterial,County Highway Agency,5.0,44.64564444,-93.75739167,Fell/Jumped from Vehicle,Not a Collision,Not an Intersection,On Shoulder,,Daylight,Clear,0,0,2014.0,0,0,CARVER (19),NOT APPLICABLE
2021,20038,Minnesota,0,2,2,October,17,Sunday,6,US-61,U.S. Highway,Rural,Principal Arterial - Other,State Highway Agency,978.0,44.59331111,-92.67363611,Motor Vehicle In-Transport,Front-to-Front,Not an Intersection,On Roadway,,Dark - Lighted,Clear,0,0,1995.0,1,1,GOODHUE (49),NOT APPLICABLE
2021,20039,Minnesota,0,3,5,October,19,Tuesday,14,CR-3 EXCELSIOR BLVD,County Road,Urban,Minor Arterial,County Highway Agency,44.0,44.92089444,-93.42706667,Motor Vehicle In-Transport,Angle,Four-Way Intersection,On Roadway,,Daylight,Clear,0,1,2009.0,0,0,HENNEPIN (53),MINNETONKA MILLS
2021,20040,Minnesota,0,1,2,October,23,Saturday,23,CR-19 S SHORE DR,County Road,Rural,Minor Collector,County Highway Agency,34.0,43.61140556,-93.30436111,Rollover/Overturn,Not a Collision,Not an Intersection,On Roadside,,Dark - Not Lighted,Clear,0,0,2021.0,1,0,FREEBORN (47),NOT APPLICABLE
2021,20040,Minnesota,0,1,2,October,23,Saturday,23,CR-19 S SHORE DR,County Road,Rural,Minor Collector,County Highway Agency,34.0,43.61140556,-93.30436111,Rollover/Overturn,Not a Collision,Not an Intersection,On Roadside,,Dark - Not Lighted,Clear,0,0,2015.0,0,0,FREEBORN (47),NOT APPLICABLE
2021,20041,Minnesota,0,1,1,October,23,Saturday,21,SR-100 RAMP,State Highway,Urban,Principal Arterial - Freeways,State Highway Agency,498.765306122449,45.06650556,-93.29898333,Rollover/Overturn,Not a Collision,Not an Intersection,On Roadside,,Dark - Lighted,Clear,0,0,1998.0,1,0,HENNEPIN (53),BROOKLYN CENTER
2021,20042,Minnesota,0,1,2,October,6,Wednesday,12,I-94,Interstate,Urban,Interstate,State Highway Agency,2311.0,44.98860833,-93.28875278,Concrete Traffic Barrier,Not a Collision,Not an Intersection,On Median,,Daylight,Clear,0,0,2009.0,1,1,HENNEPIN (53),MINNEAPOLIS
2021,20043,Minnesota,1,1,1,October,25,Monday,12,CR- 12 109TH AVE NE,County Road,Urban,Minor Arterial,County Highway Agency,42.0,45.16776944,-93.19563333,Pedestrian,Not a Collision,Not an Intersection,On Shoulder,,Daylight,Clear,0,0,1996.0,0,0,ANOKA (3),BLAINE
2021,20044,Minnesota,0,1,1,September,26,Sunday,20,CR-3,County Road,Rural,Minor Collector,County Highway Agency,45.0,44.40648056,-94.12978333,Live Animal,Not a Collision,Not an Intersection,On Roadway,,Dark - Not Lighted,Clear,0,0,2004.0,0,0,NICOLLET (103),NOT APPLICABLE
2021,20045,Minnesota,1,1,3,October,25,Monday,15,CR-42 145TH ST W,County Road,Urban,Principal Arterial - Other,County Highway Agency,114.0,44.73939444,-93.10656667,Pedalcyclist,Not a Collision,Not an Intersection,On Shoulder,,Daylight,Clear,0,0,2009.0,1,0,DAKOTA (37),ROSEMOUNT
2021,20046,Minnesota,0,2,3,October,26,Tuesday,16,US-71,U.S. Highway,Rural,Principal Arterial - Other,State Highway Agency,2307.0,46.50461389,-95.09328056,Motor Vehicle In-Transport,Front-to-Front,Not an Intersection,On Roadway,,Daylight,Clear,0,0,2009.0,1,0,WADENA (159),NOT APPLICABLE
2021,20046,Minnesota,0,2,3,October,26,Tuesday,16,US-71,U.S. Highway,Rural,Principal Arterial - Other,State Highway Agency,2307.0,46.50461389,-95.09328056,Motor Vehicle In-Transport,Front-to-Front,Not an Intersection,On Roadway,,Daylight,Clear,0,0,2002.0,0,0,WADENA (159),NOT APPLICABLE
2021,20047,Minnesota,0,2,2,September,11,Saturday,12,CR-52,County Road,Urban,Minor Arterial,County Highway Agency,12.0,45.14260833,-93.18880556,Motor Vehicle In-Transport,Front-to-Rear,T-Intersection,On Roadway,,Daylight,Clear,0,0,2015.0,0,1,ANOKA (3),BLAINE
2021,20048,Minnesota,1,1,1,October,28,Thursday,18,US-169,U.S. Highway,Urban,Principal Arterial - Other,State Highway Agency,3365.0,47.42884167,-92.92199722,Pedestrian,Not a Collision,Four-Way Intersection,On Roadway,,Dark - Lighted,Cloudy,0,0,2010.0,1,1,ST. LOUIS (137),HIBBING
2021,20049,Minnesota,1,1,1,October,28,Thursday,12,US-8 LAKE BLVD N,U.S. Highway,Urban,Principal Arterial - Other,State Highway Agency,44.0,45.31874167,-92.93123889,Pedalcyclist,Not a Collision,Four-Way Intersection,On Roadway,,Daylight,Rain,0,0,2008.0,0,0,CHISAGO (25),CHISAGO CITY
2021,20049,Minnesota,1,1,1,October,28,Thursday,12,US-8 LAKE BLVD N,U.S. Highway,Urban,Principal Arterial - Other,State Highway Agency,44.0,45.31874167,-92.93123889,Pedalcyclist,Not a Collision,Four-Way Intersection,On Roadway,,Daylight,Rain,0,0,2009.0,1,0,CHISAGO (25),CHISAGO CITY
2021,20050,Minnesota,0,2,2,October,19,Tuesday,12,I-94,Interstate,Urban,Interstate,State Highway Agency,2059.0,45.21759444,-93.59475556,Motor Vehicle In-Transport,Front-to-Rear,Not an Intersection,On Roadway,Construction,Daylight,Clear,0,0,2017.0,1,1,WRIGHT (171),SAINT MICHAEL
2021,20050,Minnesota,0,2,2,October,19,Tuesday,12,I-94,Interstate,Urban,Interstate,State Highway Agency,2059.0,45.21759444,-93.59475556,Motor Vehicle In-Transport,Front-to-Rear,Not an Intersection,On Roadway,Construction,Daylight,Clear,0,0,2001.0,0,0,WRIGHT (171),SAINT MICHAEL
2021,20051,Minnesota,0,2,2,October,29,Friday,15,US-71 WASHINGTON AVE S,U.S. Highway,Rural,Principal Arterial - Other,State Highway Agency,2307.0,47.41640833,-94.86344444,Motor Vehicle In-Transport,Front-to-Rear,Not an Intersection,On Roadway,,Daylight,Clear,0,0,2007.0,1,0,BELTRAMI (7),NOT APPLICABLE
2021,20051,Minnesota,0,2,2,October,29,Friday,15,US-71 WASHINGTON AVE S,U.S. Highway,Rural,Principal Arterial - Other,State Highway Agency,2307.0,47.41640833,-94.86344444,Motor Vehicle In-Transport,Front-to-Rear,Not an Intersection,On Roadway,,Daylight,Clear,0,0,2011.0,0,0,BELTRAMI (7),NOT APPLICABLE
2021,20051,Minnesota,0,2,2,October,29,Friday,15,US-71 WASHINGTON AVE S,U.S. Highway,Rural,Principal Arterial - Other,State Highway Agency,2307.0,47.41640833,-94.86344444,Motor Vehicle In-Transport,Front-to-Rear,Not an Intersection,On Roadway,,Daylight,Clear,0,0,2014.0,0,0,BELTRAMI (7),NOT APPLICABLE
2021,20052,Minnesota,0,2,3,October,31,Sunday,11,CR-152 BROOKLYN BLVD,County Road,Urban,Minor Arterial,County Highway Agency,26.0,45.08158333,-93.33821667,Motor Vehicle In-Transport,Angle,T-Intersection,On Roadway,,Daylight,Clear,0,0,2013.0,1,1,HENNEPIN (53),BROOKLYN CENTER
2021,20052,Minnesota,0,2,3,October,31,Sunday,11,CR-152 BROOKLYN BLVD,County Road,Urban,Minor Arterial,County Highway Agency,26.0,45.08158333,-93.33821667,Motor Vehicle In-Transport,Angle,T-Intersection,On Roadway,,Daylight,Clear,0,0,2001.0,1,0,HENNEPIN (53),BROOKLYN CENTER
2021,20052,Minnesota,0,2,3,October,31,Sunday,11,CR-152 BROOKLYN BLVD,County Road,Urban,Minor Arterial,County Highway Agency,26.0,45.08158333,-93.33821667,Motor Vehicle In-Transport,Angle,T-Intersection,On Roadway,,Daylight,Clear,0,0,2008.0,0,0,HENNEPIN (53),BROOKLYN CENTER
2021,20053,Minnesota,0,1,1,October,30,Saturday,1,CR-45 4TH ST W,County Road,Urban,Major Collector,County Highway Agency,26.0,45.44867222,-93.5937,Other Fixed Object,Not a Collision,T-Intersection,Outside Trafficway,,Dark - Lighted,Clear,0,0,2013.0,1,0,SHERBURNE (141),ZIMMERMAN
2021,20054,Minnesota,1,1,1,May,15,Saturday,22,MSAS-125 20TH ST SE,Local Street - Municipality,Urban,Major Collector,City or Municipal Highway Agency,17.0,43.99322778,-92.42904444,Pedestrian,Not a Collision,Not an Intersection,On Roadway,,Dark - Not Lighted,Clear,0,0,2002.0,2,0,OLMSTED (109),ROCHESTER
2021,20054,Minnesota,1,1,1,May,15,Saturday,22,MSAS-125 20TH ST SE,Local Street - Municipality,Urban,Major Collector,City or Municipal Highway Agency,17.0,43.99322778,-92.42904444,Pedestrian,Not a Collision,Not an Intersection,On Roadway,,Dark - Not Lighted,Clear,0,0,2000.0,0,0,OLMSTED (109),ROCHESTER
2021,20055,Minnesota,0,2,3,November,3,Wednesday,15,SR-210,State Highway,Urban,Principal Arterial - Other,State Highway Agency,1242.0,46.36388611,-94.17447222,Motor Vehicle In-Transport,Angle,Four-Way Intersection,On Roadway,,Daylight,Clear,0,0,2004.0,1,0,CROW WING (35),BRAINERD
2021,20055,Minnesota,0,2,3,November,3,Wednesday,15,SR-210,State Highway,Urban,Principal Arterial - Other,State Highway Agency,1242.0,46.36388611,-94.17447222,Motor Vehicle In-Transport,Angle,Four-Way Intersection,On Roadway,,Daylight,Clear,0,0,2015.0,0,0,CROW WING (35),BRAINERD
2021,20056,Minnesota,0,2,2,November,6,Saturday,12,SR-47,State Highway,Urban,Minor Arterial,State Highway Agency,75.0,45.0658,-93.26300833,Motor Vehicle In-Transport,Sideswipe - Same Direction,Not an Intersection,On Roadway,,Daylight,Clear,0,0,2004.0,1,0,ANOKA (3),FRIDLEY
2021,20057,Minnesota,1,1,3,November,7,Sunday,17,SR-65 CENTRAL AVE NE,State Highway,Urban,Minor Arterial,State Highway Agency,69.0,45.051675,-93.24766944,Pedestrian,Not a Collision,Not an Intersection,On Roadway,,Dusk,Clear,0,0,2016.0,0,0,ANOKA (3),HILLTOP
2021,20057,Minnesota,1,1,3,November,7,Sunday,17,SR-65 CENTRAL AVE NE,State Highway,Urban,Minor Arterial,State Highway Agency,69.0,45.051675,-93.24766944,Pedestrian,Not a Collision,Not an Intersection,On Roadway,,Dusk,Clear,0,0,2010.0,1,0,ANOKA (3),HILLTOP
2021,20057,Minnesota,1,1,3,November,7,Sunday,17,SR-65 CENTRAL AVE NE,State Highway,Urban,Minor Arterial,State Highway Agency,69.0,45.051675,-93.24766944,Pedestrian,Not a Collision,Not an Intersection,On Roadway,,Dusk,Clear,0,0,2004.0,0,0,ANOKA (3),HILLTOP
2021,20058,Minnesota,0,1,1,October,28,Thursday,21,CR-39 230TH ST W,County Road,Rural,Major Collector,County Highway Agency,1.0,44.25474444,-93.34365278,Building,Not a Collision,T-Intersection,Outside Trafficway,,Dark - Not Lighted,Rain,0,0,2016.0,0,0,RICE (131),NOT APPLICABLE
2021,20058,Minnesota,0,1,1,October,28,Thursday,21,CR-39 230TH ST W,County Road,Rural,Major Collector,County Highway Agency,1.0,44.25474444,-93.34365278,Building,Not a Collision,T-Intersection,Outside Trafficway,,Dark - Not Lighted,Rain,0,0,2010.0,1,0,RICE (131),NOT APPLICABLE
2021,20059,Minnesota,0,1,1,October,4,Monday,18,I-94,Interstate,Rural,Interstate,State Highway Agency,495.0,46.35019722,-96.14939722,Cable Barrier,Not a Collision,Not an Intersection,On Median,,Daylight,Clear,0,0,2000.0,1,1,OTTER TAIL (111),NOT APPLICABLE
2022,10001,Florida,0,2,2,August,13,Saturday,23,SR-44,State Highway,Rural,Principal Arterial - Other,State Highway Agency,374.688,29.01317222,-81.08798056,Motor Vehicle In-Transport,Front-to-Front,Not an Intersection,On Roadway,,Dark - Not Lighted,Clear,0,0,2016.0,1,0,VOLUSIA (127),NOT APPLICABLE
2022,10001,Florida,0,2,2,August,13,Saturday,23,SR-44,State Highway,Rural,Principal Arterial - Other,State Highway Agency,374.688,29.01317222,-81.08798056,Motor Vehicle In-Transport,Front-to-Front,Not an Intersection,On Roadway,,Dark - Not Lighted,Clear,0,0,2021.0,0,0,VOLUSIA (127),NOT APPLICABLE
2022,10002,Florida,0,1,1,August,9,Tuesday,6,SR-44,State Highway,Rural,Principal Arterial - Other,State Highway Agency,374.688,28.85391111,-82.20776111,Rollover/Overturn,Not a Collision,Not an Intersection,On Median,,Dawn,Clear,0,0,2019.0,1,1,SUMTER (119),NOT APPLICABLE
2022,10002,Florida,0,1,1,August,9,Tuesday,6,SR-44,State Highway,Rural,Principal Arterial - Other,State Highway Agency,374.688,28.85391111,-82.20776111,Rollover/Overturn,Not a Collision,Not an Intersection,On Median,,Dawn,Clear,0,0,2012.0,1,0,SUMTER (119),NOT APPLICABLE
2022,10003,Florida,0,2,5,August,17,Wednesday,18,CR-865,County Road,Urban,Minor Arterial,Not Reported,374.688,26.66568333,-81.81229167,Motor Vehicle In-Transport,Angle,T-Intersection,On Roadway,,Daylight,Clear,0,0,2006.0,1,0,LEE (71),NOT APPLICABLE
2022,10004,Florida,0,1,3,August,17,Wednesday,21,I-75,Interstate,Rural,Interstate,State Highway Agency,374.688,26.83245278,-81.95619722,Rollover/Overturn,Not a Collision,Not an Intersection,On Median,,Dark - Not Lighted,Cloudy,0,0,2015.0,1,0,CHARLOTTE (15),NOT APPLICABLE
2022,10005,Florida,1,1,1,August,18,Thursday,20,US-19,US Highway,Urban,Principal Arterial - Other,State Highway Agency,374.688,27.86428611,-82.64024722,Pedalcyclist,Not a Collision,T-Intersection,On Roadway,,Dusk,Clear,0,1,2010.0,0,0,PINELLAS (103),LARGO
2022,10006,Florida,0,1,1,June,26,Sunday,10,POWELL RD,Local Street - Township,Rural,Major Collector,Not Reported,374.688,28.49989722,-82.32420278,Fence,Not a Collision,Not an Intersection,Outside Trafficway,,Daylight,Clear,0,0,2016.0,0,0,HERNANDO (53),BROOKSVILLE
2022,10007,Florida,0,1,1,August,14,Sunday,18,US-1,US Highway,Urban,Principal Arterial - Other,State Highway Agency,374.688,29.09138889,-80.97076389,Tree (Standing Only),Not a Collision,Not an Intersection,On Roadside,,Daylight,Cloudy,0,0,2022.0,0,0,VOLUSIA (127),NOT APPLICABLE
2022,10007,Florida,0,1,1,August,14,Sunday,18,US-1,US Highway,Urban,Principal Arterial - Other,State Highway Agency,374.688,29.09138889,-80.97076389,Tree (Standing Only),Not a Collision,Not an Intersection,On Roadside,,Daylight,Cloudy,0,0,2007.0,1,0,VOLUSIA (127),NOT APPLICABLE
2022,10008,Florida,0,2,3,August,22,Monday,20,SR-40,State Highway,Urban,Principal Arterial - Other,State Highway Agency,374.688,29.28288611,-81.08246944,Motor Vehicle In-Transport,Front-to-Front,Not an Intersection,On Roadway,,Dark - Lighted,Clear,0,0,2002.0,1,0,VOLUSIA (127),ORMOND BEACH
2022,10009,Florida,0,1,1,August,21,Sunday,2,US-1,US Highway,Urban,Principal Arterial - Other,Not Reported,374.688,26.136825,-80.13627222,Curb,Not a Collision,T-Intersection,On Roadside,,Dark - Lighted,Clear,0,0,2013.0,1,0,BROWARD (11),FORT LAUDERDALE
2022,10009,Florida,0,1,1,August,21,Sunday,2,US-1,US Highway,Urban,Principal Arterial - Other,Not Reported,374.688,26.136825,-80.13627222,Curb,Not a Collision,T-Intersection,On Roadside,,Dark - Lighted,Clear,0,0,2015.0,0,0,BROWARD (11),FORT LAUDERDALE
2022,10010,Florida,1,1,1,August,15,Monday,2,US-90,US Highway,Urban,Principal Arterial - Other,State Highway Agency,374.688,30.42583333,-87.18921667,Pedalcyclist,Not a Collision,Not an Intersection,On Roadway,,Dark - Lighted,Clear,0,0,2020.0,1,0,ESCAMBIA (33),PENSACOLA
2022,10011,Florida,0,2,3,August,22,Monday,14,SR-80,State Highway,Urban,Principal Arterial - Other,Not Reported,374.688,26.76837778,-81.21184167,Motor Vehicle In-Transport,Angle,T-Intersection,On Roadway,,Daylight,Cloudy,0,0,2019.0,1,0,HENDRY (51),NOT APPLICABLE
2022,10012,Florida,0,2,3,June,11,Saturday,22,US-41,US Highway,Urban,Principal Arterial - Other,State Highway Agency,374.688,28.74236944,-82.29985278,Motor Vehicle In-Transport,Angle,Not an Intersection,On Roadway,,Dark - Lighted,Clear,0,0,2012.0,1,0,CITRUS (17),FLORAL CITY
2022,10012,Florida,0,2,3,June,11,Saturday,22,US-41,US Highway,Urban,Principal Arterial - Other,State Highway Agency,374.688,28.74236944,-82.29985278,Motor Vehicle In-Transport,Angle,Not an Intersection,On Roadway,,Dark - Lighted,Clear,0,0,2011.0,1,0,CITRUS (17),FLORAL CITY
2022,10013,Florida,0,3,4,August,8,Monday,10,CR-437,County Road,Urban,Major Collector,Not Reported,374.688,28.7714,-81.55983889,Motor Vehicle In-Transport,Angle,Four-Way Intersection,On Roadway,,Daylight,Clear,0,0,2017.0,0,1,ORANGE (95),NOT APPLICABLE
2022,10013,Florida,0,3,4,August,8,Monday,10,CR-437,County Road,Urban,Major Collector,Not Reported,374.688,28.7714,-81.55983889,Motor Vehicle In-Transport,Angle,Four-Way Intersection,On Roadway,,Daylight,Clear,0,0,1999.0,1,0,ORANGE (95),NOT APPLICABLE
2022,10014,Florida,0,2,3,August,5,Friday,10,SR-78,State Highway,Urban,Principal Arterial - Other,State Highway Agency,374.688,26.67793056,-81.9191,Motor Vehicle In-Transport,Angle,T-Intersection,On Roadway,,Daylight,Clear,0,0,2007.0,1,0,LEE (71),CAPE CORAL
2022,10014,Florida,0,2,3,August,5,Friday,10,SR-78,State Highway,Urban,Principal Arterial - Other,State Highway Agency,374.688,26.67793056,-81.9191,Motor Vehicle In-Transport,Angle,T-Intersection,On Roadway,,Daylight,Clear,0,0,2019.0,0,0,LEE (71),CAPE CORAL
2022,10015,Florida,0,2,2,August,24,Wednesday,9,PARSONS AVE,Local Street - Municipality,Urban,Minor Arterial,State Highway Agency,374.688,27.94094167,-82.28578611,Motor Vehicle In-Transport,Angle,T-Intersection,On Roadway,,Daylight,Clear,0,0,1996.0,1,1,HILLSBOROUGH (57),BRANDON
2022,10016,Florida,0,1,2,August,16,Tuesday,9,I-75,Interstate,Urban,Interstate,State Highway Agency,374.688,27.34690556,-82.44685833,Rollover/Overturn,Not a Collision,Not an Intersection,On Median,,Daylight,Cloudy,0,0,2011.0,1,0,SARASOTA (115),NOT APPLICABLE
2022,10017,Florida,0,2,4,August,13,Saturday,15,SR-50,State Highway,Urban,Principal Arterial - Other,State Highway Agency,374.688,28.55795556,-81.81229167,Motor Vehicle In-Transport,Angle,Four-Way Intersection,On Roadway,,Daylight,Clear,0,0,2006.0,1,0,LAKE (69),GROVELAND
2022,10018,Florida,0,2,3,August,21,Sunday,3,OAKRIDGE BLVD,Local Street - Municipality,Urban,Minor Arterial,Not Reported,374.688,29.23355556,-81.01270278,Motor Vehicle In-Transport,Angle,Four-Way Intersection,On Roadway,,Dark - Lighted,Clear,0,0,2005.0,1,0,VOLUSIA (127),DAYTONA BEACH
2022,10019,Florida,1,1,1,August,20,Saturday,20,SR-77,State Highway,Urban,Principal Arterial - Other,State Highway Agency,374.688,30.2328,-85.64896667,Pedestrian,Not a Collision,Four-Way Intersection,On Roadway,,Dark - Lighted,Clear,0,0,2020.0,0,0,BAY (5),LYNN HAVEN
2022,10020,Florida,1,1,1,August,21,Sunday,21,SR-29,State Highway,Urban,Principal Arterial - Other,State Highway Agency,374.688,26.42418056,-81.43363889,Pedalcyclist,Not a Collision,Not an Intersection,On Roadway,,Dark - Lighted,Clear,0,0,2005.0,1,1,COLLIER (21),IMMOKALEE
2022,10021,Florida,1,1,2,July,28,Thursday,3,I-10,Interstate,Urban,Interstate,State Highway Agency,374.688,30.29786111,-81.93655,Pedestrian,Not a Collision,Not an Intersection,On Roadway,,Dark - Not Lighted,Cloudy,0,0,2018.0,1,1,DUVAL (31),JACKSONVILLE
2022,10022,Florida,0,2,2,August,12,Friday,21,SR-91 FLORIDA TURNPIKE SB MM,State Highway,Rural,Principal Arterial - Freeways,State Highway Agency,374.688,27.58306389,-80.80656944,Motor Vehicle In-Transport,Front-to-Rear,Not an Intersection,On Roadway,,Dark - Not Lighted,Clear,0,0,2003.0,1,0,OKEECHOBEE (93),NOT APPLICABLE
2022,10023,Florida,0,2,2,August,15,Monday,17,E 2ND ST,Unknown,Rural,Local,Not Reported,374.688,26.60687222,-81.59731111,Motor Vehicle In-Transport,Angle,Not an Intersection,On Roadway,,Daylight,Clear,0,0,2006.0,1,0,LEE (71),NOT APPLICABLE
2022,10023,Florida,0,2,2,August,15,Monday,17,E 2ND ST,Unknown,Rural,Local,Not Reported,374.688,26.60687222,-81.59731111,Motor Vehicle In-Transport,Angle,Not an Intersection,On Roadway,,Daylight,Clear,0,0,2022.0,0,0,LEE (71),NOT APPLICABLE
2022,10024,Florida,0,3,3,July,27,Wednesday,8,US-1,US Highway,Urban,Principal Arterial - Other,State Highway Agency,374.688,28.18141667,-80.65187222,Motor Vehicle In-Transport,Angle,Not an Intersection,On Roadway,,Daylight,Clear,0,0,2004.0,0,0,BREVARD (9),PALM BAY
2022,10024,Florida,0,3,3,July,27,Wednesday,8,US-1,US Highway,Urban,Principal Arterial - Other,State Highway Agency,374.688,28.18141667,-80.65187222,Motor Vehicle In-Transport,Angle,Not an Intersection,On Roadway,,Daylight,Clear,0,0,2017.0,1,0,BREVARD (9),PALM BAY