YEAR,ST_CASE,STATENAME,NUM_PEDS,NUM_VEHC,PERSONS,MONTHNAME,DAYNAME,DAY_WEEKNAME,HOUR,ROAD_NAME,ROUTENAME,RUR_URBNAME,FUNC_SYSNAME,RD_OWNERNAME,MILE_MARKER,LATITUDE,LONGITUD,HARM_EVNAME,COLLISION_TYPE,TYP_INTNAME,REL_ROADNAME,WRK_ZONENAME,LGT_CONDNAME,WEATHERNAME,SCH_BUS,HIT_RUN,MOD_YEAR,DEATHS,DR_DRINK,COUNTYNAME,CITYNAME
2022,10083,Florida,0,2,2,August,26,Friday,2,18TH ST,Local Street - Municipality,Urban,Major Collector,Not Reported,374.688,26.33158333,-80.17085,Motor Vehicle In-Transport,Front-to-Rear,Not an Intersection,On Roadway,,Dark - Not Lighted,Clear,0,0,2003.0,0,0,PALM BEACH (99),NOT APPLICABLE
2022,10083,Florida,0,2,2,August,26,Friday,2,18TH ST,Local Street - Municipality,Urban,Major Collector,Not Reported,374.688,26.33158333,-80.17085,Motor Vehicle In-Transport,Front-to-Rear,Not an Intersection,On Roadway,,Dark - Not Lighted,Clear,0,0,2018.0,1,0,PALM BEACH (99),NOT APPLICABLE
2022,10084,Florida,0,1,1,August,28,Sunday,21,MARY ST,Local Street - Municipality,Urban,Local,Not Reported,374.688,26.93533611,-82.04008056,Other Fixed Object,Not a Collision,T-Intersection,On Roadside,,Dark - Lighted,Clear,0,0,2000.0,1,0,CHARLOTTE (15),PUNTA GORDA
2022,10085,Florida,0,2,2,August,29,Monday,13,US-41,US Highway,Urban,Principal Arterial - Other,State Highway Agency,374.688,27.96176389,-82.40175,Rollover/Overturn,Not a Collision,Four-Way Intersection,On Roadway,,Daylight,Cloudy,0,0,2013.0,1,1,HILLSBOROUGH (57),TAMPA
2022,10085,Florida,0,2,2,August,29,Monday,13,US-41,US Highway,Urban,Principal Arterial - Other,State Highway Agency,374.688,27.96176389,-82.40175,Rollover/Overturn,Not a Collision,Four-Way Intersection,On Roadway,,Daylight,Cloudy,0,0,2020.0,0,0,HILLSBOROUGH (57),TAMPA
2022,10086,Florida,0,1,2,August,26,Friday,17,I-75,Interstate,Rural,Interstate,State Highway Agency,374.688,29.57236111,-82.35226944,Tree (Standing Only),Not a Collision,Not an Intersection,On Roadside,,Daylight,Cloudy,0,0,2015.0,0,0,ALACHUA (1),NOT APPLICABLE
2022,10087,Florida,1,1,1,August,23,Tuesday,23,CR-139,County Road,Rural,Local,County Highway Agency,374.688,30.2801,-82.21253889,Pedestrian,Not a Collision,Not an Intersection,On Roadway,,Dark - Not Lighted,Clear,0,0,1997.0,0,0,BAKER (3),NOT APPLICABLE
2022,10087,Florida,1,1,1,August,23,Tuesday,23,CR-139,County Road,Rural,Local,County Highway Agency,374.688,30.2801,-82.21253889,Pedestrian,Not a Collision,Not an Intersection,On Roadway,,Dark - Not Lighted,Clear,0,0,1997.0,0,0,BAKER (3),NOT APPLICABLE
2022,10088,Florida,0,1,1,August,17,Wednesday,14,I-95,Interstate,Urban,Interstate,State Highway Agency,374.688,26.06286944,-80.16416111,"Post, Pole or Other Supports",Not a Collision,Not an Intersection,On Roadside,"Work Zone, Type Unknown",Daylight,Clear,0,0,2011.0,0,0,BROWARD (11),DANIA BEACH
2022,10089,Florida,0,2,3,August,27,Saturday,3,US-1,US Highway,Urban,Principal Arterial - Other,State Highway Agency,374.688,29.36362778,-81.16836111,Motor Vehicle In-Transport,Front-to-Front,Not an Intersection,On Roadway,,Dark - Not Lighted,Clear,0,0,2006.0,1,0,FLAGLER (35),NOT APPLICABLE
2022,10089,Florida,0,2,3,August,27,Saturday,3,US-1,US Highway,Urban,Principal Arterial - Other,State Highway Agency,374.688,29.36362778,-81.16836111,Motor Vehicle In-Transport,Front-to-Front,Not an Intersection,On Roadway,,Dark - Not Lighted,Clear,0,0,2020.0,0,0,FLAGLER (35),NOT APPLICABLE
2022,10090,Florida,0,2,2,July,26,Tuesday,13,CR-581,County Road,Rural,Major Collector,County Highway Agency,374.688,28.40835556,-82.37156944,Motor Vehicle In-Transport,Sideswipe - Opposite Direction,Not an Intersection,On Roadway,,Daylight,Clear,0,0,2006.0,1,0,PASCO (101),NOT APPLICABLE
2022,10090,Florida,0,2,2,July,26,Tuesday,13,CR-581,County Road,Rural,Major Collector,County Highway Agency,374.688,28.40835556,-82.37156944,Motor Vehicle In-Transport,Sideswipe - Opposite Direction,Not an Intersection,On Roadway,,Daylight,Clear,0,0,2018.0,0,0,PASCO (101),NOT APPLICABLE
2022,10091,Florida,1,1,2,August,21,Sunday,17,US-19,US Highway,Urban,Principal Arterial - Other,State Highway Agency,374.688,28.11713889,-82.73978889,Pedalcyclist,Not a Collision,Not an Intersection,Off Roadway-Location Unknown,,Daylight,Clear,0,0,2020.0,0,0,PINELLAS (103),NOT APPLICABLE
2022,10092,Florida,0,2,4,August,22,Monday,18,US-301,US Highway,Rural,Principal Arterial - Other,State Highway Agency,374.688,30.13839722,-82.03798056,Ditch,Not a Collision,Not an Intersection,On Median,,Daylight,Cloudy,0,0,2002.0,1,0,CLAY (19),NOT APPLICABLE
2022,10092,Florida,0,2,4,August,22,Monday,18,US-301,US Highway,Rural,Principal Arterial - Other,State Highway Agency,374.688,30.13839722,-82.03798056,Ditch,Not a Collision,Not an Intersection,On Median,,Daylight,Cloudy,0,0,2007.0,0,0,CLAY (19),NOT APPLICABLE
2022,10093,Florida,1,1,1,August,28,Sunday,24,BAYLINE DR,Unknown,Rural,Local,Not Reported,374.688,26.68203056,-81.87805278,Pedestrian,Not a Collision,Not an Intersection,On Roadway,,Dark - Lighted,Clear,0,0,2018.0,0,0,LEE (71),NOT APPLICABLE
2022,10093,Florida,1,1,1,August,28,Sunday,24,BAYLINE DR,Unknown,Rural,Local,Not Reported,374.688,26.68203056,-81.87805278,Pedestrian,Not a Collision,Not an Intersection,On Roadway,,Dark - Lighted,Clear,0,0,1998.0,1,0,LEE (71),NOT APPLICABLE
2022,10094,Florida,0,2,2,August,28,Sunday,18,WEST WETHERBEE ROAD,Local Street - Municipality,Urban,Major Collector,Not Reported,374.688,28.38868889,-81.39818056,Motor Vehicle In-Transport,Angle,Four-Way Intersection,On Roadway,,Daylight,Cloudy,0,0,2020.0,0,0,ORANGE (95),NOT APPLICABLE
2022,10095,Florida,1,6,5,August,18,Thursday,8,I-75,Interstate,Urban,Interstate,State Highway Agency,374.688,28.11857778,-82.37319444,Motor Vehicle In-Transport,Angle,Not an Intersection,On Roadway,,Daylight,Clear,0,0,2021.0,1,1,HILLSBOROUGH (57),NOT APPLICABLE
2022,10096,Florida,0,2,2,August,30,Tuesday,14,US-231,US Highway,Urban,Principal Arterial - Other,State Highway Agency,374.688,30.22521111,-85.59028889,Motor Vehicle In-Transport,Angle,T-Intersection,On Roadway,,Daylight,Clear,0,0,2013.0,1,1,BAY (5),NOT APPLICABLE
2022,10097,Florida,2,2,1,August,28,Sunday,24,SR-200,State Highway,Rural,Principal Arterial - Other,State Highway Agency,374.688,30.61511944,-81.70086111,Parked Motor Vehicle,Not a Collision,Not an Intersection,On Roadway,,Dark - Not Lighted,Cloudy,0,0,2011.0,1,0,NASSAU (89),NOT APPLICABLE
2022,10098,Florida,0,1,1,August,23,Tuesday,1,US-17,US Highway,Urban,Principal Arterial - Other,State Highway Agency,374.688,30.10760556,-81.70520833,Tree (Standing Only),Not a Collision,Not an Intersection,On Roadside,,Dark - Lighted,Clear,0,0,2010.0,1,0,CLAY (19),NOT APPLICABLE
2022,10099,Florida,0,1,1,August,27,Saturday,16,US-41,US Highway,Urban,Principal Arterial - Other,State Highway Agency,374.688,27.89373889,-82.40176944,Rollover/Overturn,Not a Collision,Not an Intersection,On Median,,Daylight,Cloudy,0,0,2008.0,1,0,HILLSBOROUGH (57),NOT APPLICABLE
2022,10099,Florida,0,1,1,August,27,Saturday,16,US-41,US Highway,Urban,Principal Arterial - Other,State Highway Agency,374.688,27.89373889,-82.40176944,Rollover/Overturn,Not a Collision,Not an Intersection,On Median,,Daylight,Cloudy,0,0,2017.0,0,0,HILLSBOROUGH (57),NOT APPLICABLE
2022,10100,Florida,0,2,3,August,25,Thursday,20,SR-115,State Highway,Urban,Principal Arterial - Other,State Highway Agency,374.688,30.2183,-81.55189722,Motor Vehicle In-Transport,Front-to-Front,Four-Way Intersection,On Roadway,,Dark - Lighted,Clear,0,0,1998.0,2,0,DUVAL (31),JACKSONVILLE
2022,10101,Florida,1,1,2,August,22,Monday,23,2ND AVE N,Local Street - Municipality,Urban,Major Collector,City or Municipal Highway Agency,374.688,26.61948889,-80.09193889,Pedestrian,Not a Collision,Not an Intersection,On Roadway,,Dark - Not Lighted,Clear,0,0,2020.0,0,0,PALM BEACH (99),PALM SPRINGS
2022,10101,Florida,1,1,2,August,22,Monday,23,2ND AVE N,Local Street - Municipality,Urban,Major Collector,City or Municipal Highway Agency,374.688,26.61948889,-80.09193889,Pedestrian,Not a Collision,Not an Intersection,On Roadway,,Dark - Not Lighted,Clear,0,0,2004.0,0,0,PALM BEACH (99),PALM SPRINGS
2022,10102,Florida,0,2,2,August,14,Sunday,3,SR-834,State Highway,Urban,Principal Arterial - Other,State Highway Agency,374.688,26.27387222,-80.18029167,Motor Vehicle In-Transport,Angle,Not an Intersection,On Roadway,,Dark - Lighted,Clear,0,0,2009.0,1,0,BROWARD (11),COCONUT CREEK
2022,10102,Florida,0,2,2,August,14,Sunday,3,SR-834,State Highway,Urban,Principal Arterial - Other,State Highway Agency,374.688,26.27387222,-80.18029167,Motor Vehicle In-Transport,Angle,Not an Intersection,On Roadway,,Dark - Lighted,Clear,0,0,2015.0,0,0,BROWARD (11),COCONUT CREEK
2022,10103,Florida,0,3,8,August,28,Sunday,5,SR-816,State Highway,Urban,Principal Arterial - Other,Not Reported,374.688,26.16614167,-80.15458056,Motor Vehicle In-Transport,Angle,Four-Way Intersection,On Roadway,,Dark - Lighted,Clear,0,0,2017.0,1,0,BROWARD (11),OAKLAND PARK
2022,10104,Florida,0,1,1,August,23,Tuesday,5,US-27,US Highway,Rural,Principal Arterial - Other,State Highway Agency,374.688,26.2597,-80.47966944,Rollover/Overturn,Not a Collision,Not an Intersection,On Median,"Work Zone, Type Unknown",Dark - Not Lighted,Clear,0,0,2020.0,0,1,BROWARD (11),NOT APPLICABLE
2022,10104,Florida,0,1,1,August,23,Tuesday,5,US-27,US Highway,Rural,Principal Arterial - Other,State Highway Agency,374.688,26.2597,-80.47966944,Rollover/Overturn,Not a Collision,Not an Intersection,On Median,"Work Zone, Type Unknown",Dark - Not Lighted,Clear,0,0,2013.0,1,1,BROWARD (11),NOT APPLICABLE
2022,10105,Florida,0,1,1,August,25,Thursday,24,25TH AVE NE,Unknown,Rural,Local,Not Reported,374.688,26.27925833,-81.60132222,Immersion or Partial Immersion,Not a Collision,Not an Intersection,Off Roadway-Location Unknown,,Dark - Unknown Lighting,Not Reported,0,0,2005.0,1,0,COLLIER (21),NOT APPLICABLE
2022,10105,Florida,0,1,1,August,25,Thursday,24,25TH AVE NE,Unknown,Rural,Local,Not Reported,374.688,26.27925833,-81.60132222,Immersion or Partial Immersion,Not a Collision,Not an Intersection,Off Roadway-Location Unknown,,Dark - Unknown Lighting,Not Reported,0,0,2019.0,0,0,COLLIER (21),NOT APPLICABLE
2022,10106,Florida,0,1,1,August,30,Tuesday,3,SANTA BARBARA BOULEVARD,Local Street - Municipality,Urban,Major Collector,State Highway Agency,374.688,26.14443889,-81.71826111,Traffic Signal Support,Not a Collision,Not an Intersection,On Roadside,"Work Zone, Type Unknown",Dark - Lighted,Rain,0,0,2004.0,1,0,COLLIER (21),NOT APPLICABLE
2022,10106,Florida,0,1,1,August,30,Tuesday,3,SANTA BARBARA BOULEVARD,Local Street - Municipality,Urban,Major Collector,State Highway Agency,374.688,26.14443889,-81.71826111,Traffic Signal Support,Not a Collision,Not an Intersection,On Roadside,"Work Zone, Type Unknown",Dark - Lighted,Rain,0,0,2012.0,0,0,COLLIER (21),NOT APPLICABLE
2022,10107,Florida,0,3,4,August,28,Sunday,21,BRYAN DAIRY RD,Local Street - Municipality,Urban,Principal Arterial - Other,Not Reported,374.688,27.87221667,-82.73990833,Motor Vehicle In-Transport,Front-to-Front,Not an Intersection,On Roadway,,Dark - Lighted,Rain,0,0,2011.0,1,0,PINELLAS (103),PINELLAS PARK
2022,10107,Florida,0,3,4,August,28,Sunday,21,BRYAN DAIRY RD,Local Street - Municipality,Urban,Principal Arterial - Other,Not Reported,374.688,27.87221667,-82.73990833,Motor Vehicle In-Transport,Front-to-Front,Not an Intersection,On Roadway,,Dark - Lighted,Rain,0,0,2020.0,0,0,PINELLAS (103),PINELLAS PARK
2022,10108,Florida,0,2,2,August,2,Tuesday,23,127TH AVE,Local Street - Municipality,Rural,Major Collector,State Highway Agency,374.688,25.77544167,-80.40097222,Motor Vehicle In-Transport,Angle,T-Intersection,On Roadway,,Dark - Lighted,Clear,0,0,2003.0,1,0,MIAMI-DADE (86),NOT APPLICABLE
2022,10109,Florida,1,1,2,August,28,Sunday,20,SR-80,State Highway,Urban,Principal Arterial - Other,State Highway Agency,374.688,26.675925,-81.81338889,Pedestrian,Not a Collision,T-Intersection,On Roadway,,Dark - Not Lighted,Rain,0,0,2005.0,1,1,LEE (71),NOT APPLICABLE
2022,10110,Florida,1,1,1,September,3,Saturday,24,GEIGER RD,Unknown,Urban,Minor Collector,City or Municipal Highway Agency,374.688,28.24461667,-82.19526111,Pedestrian,Not a Collision,Not an Intersection,On Roadway,,Dark - Unknown Lighting,Rain,0,0,2019.0,0,0,PASCO (101),ZEPHYRHILLS
2022,10111,Florida,0,1,2,September,3,Saturday,24,W MCNAB RD,Local Street - Municipality,Urban,Principal Arterial - Other,Not Reported,374.688,26.20843889,-80.28072222,Utility Pole/Light Support,Not a Collision,Not an Intersection,On Roadside,,Dark - Not Lighted,Clear,0,0,2016.0,1,0,BROWARD (11),NORTH LAUDERDALE
2022,10111,Florida,0,1,2,September,3,Saturday,24,W MCNAB RD,Local Street - Municipality,Urban,Principal Arterial - Other,Not Reported,374.688,26.20843889,-80.28072222,Utility Pole/Light Support,Not a Collision,Not an Intersection,On Roadside,,Dark - Not Lighted,Clear,0,0,2018.0,0,0,BROWARD (11),NORTH LAUDERDALE
2022,10112,Florida,1,1,1,September,3,Saturday,2,US-19,US Highway,Urban,Minor Arterial,State Highway Agency,374.688,28.10686944,-82.76863611,Pedestrian,Not a Collision,Not an Intersection,On Roadway,,Dark - Not Lighted,Clear,0,0,2014.0,1,1,PINELLAS (103),NOT APPLICABLE
2022,10113,Florida,1,1,1,August,20,Saturday,21,SR-934,State Highway,Urban,Minor Arterial,Not Reported,374.688,25.846475,-80.22418889,Pedestrian,Not a Collision,Not an Intersection,On Roadway,,Dark - Lighted,Clear,0,0,2007.0,1,1,MIAMI-DADE (86),NOT APPLICABLE
2022,10113,Florida,1,1,1,August,20,Saturday,21,SR-934,State Highway,Urban,Minor Arterial,Not Reported,374.688,25.846475,-80.22418889,Pedestrian,Not a Collision,Not an Intersection,On Roadway,,Dark - Lighted,Clear,0,0,2013.0,1,0,MIAMI-DADE (86),NOT APPLICABLE
2022,10114,Florida,0,1,1,September,3,Saturday,22,US-1,US Highway,Urban,Principal Arterial - Other,Not Reported,374.688,29.31930833,-81.10908889,Live Animal,Not a Collision,Not an Intersection,On Roadway,,Dark - Not Lighted,Clear,0,0,2007.0,1,0,VOLUSIA (127),ORMOND BEACH
2022,10114,Florida,0,1,1,September,3,Saturday,22,US-1,US Highway,Urban,Principal Arterial - Other,Not Reported,374.688,29.31930833,-81.10908889,Live Animal,Not a Collision,Not an Intersection,On Roadway,,Dark - Not Lighted,Clear,0,0,2012.0,0,0,VOLUSIA (127),ORMOND BEACH
2022,10115,Florida,0,1,1,August,10,Wednesday,6,I-4 RAMP,Interstate,Urban,Interstate,State Highway Agency,374.688,28.34401944,-81.53636111,Guardrail Face,Not a Collision,Not an Intersection,On Roadside,,Dawn,Clear,0,0,1997.0,1,0,OSCEOLA (97),NOT APPLICABLE
2022,10116,Florida,0,2,3,August,12,Friday,14,CR-48,County Road,Urban,Major Collector,Not Reported,374.688,28.74033056,-81.89624167,Motor Vehicle In-Transport,Angle,T-Intersection,On Roadway,,Daylight,Cloudy,0,0,2019.0,1,0,LAKE (69),NOT APPLICABLE
2022,10117,Florida,0,2,1,August,26,Friday,16,US-90,US Highway,Urban,Principal Arterial - Other,State Highway Agency,374.688,30.42508333,-87.17931944,Curb,Not a Collision,T-Intersection,On Roadside,,Daylight,Clear,0,0,2003.0,1,1,ESCAMBIA (33),PENSACOLA
2022,10118,Florida,0,1,1,September,4,Sunday,16,IMPERIAL PKWY,Local Street - Municipality,Urban,Minor Arterial,Not Reported,374.688,26.35208611,-81.763925,Curb,Not a Collision,Not an Intersection,On Median,,Daylight,Clear,0,0,2007.0,1,0,LEE (71),BONITA SPRINGS
2022,10119,Florida,0,1,3,September,3,Saturday,22,53RD ST W,Other,Rural,Local,Not Reported,374.688,26.66446667,-81.66559167,Mail Box,Not a Collision,Not an Intersection,On Roadside,,Dark - Not Lighted,Clear,0,0,2014.0,1,0,LEE (71),NOT APPLICABLE
2022,10120,Florida,1,1,1,August,26,Friday,14,SR-582,State Highway,Urban,Principal Arterial - Other,State Highway Agency,374.688,28.05451667,-82.43243889,Pedalcyclist,Not a Collision,Not an Intersection,On Roadway,,Daylight,Rain,0,0,2017.0,2,0,HILLSBOROUGH (57),TAMPA
2022,10121,Florida,1,2,3,September,2,Friday,15,US-41,US Highway,Urban,Principal Arterial - Other,State Highway Agency,374.688,27.049375,-82.32083333,Pedalcyclist,Not a Collision,Four-Way Intersection,On Roadway,,Daylight,Clear,0,0,2006.0,1,1,SARASOTA (115),NORTH PORT
2022,10122,Florida,0,1,1,August,26,Friday,18,US-27,US Highway,Rural,Principal Arterial - Other,State Highway Agency,374.688,26.18485,-80.45081111,Other Object (not fixed),Not a Collision,Not an Intersection,On Median,"Work Zone, Type Unknown",Daylight,Clear,0,1,2011.0,0,0,BROWARD (11),NOT APPLICABLE
2022,10123,Florida,1,1,1,August,31,Wednesday,20,SR-94,State Highway,Rural,Principal Arterial - Freeways,State Highway Agency,374.688,25.68683889,-80.36683611,Pedestrian,Not a Collision,Not an Intersection,On Roadway,,Dark - Not Lighted,Clear,0,0,2003.0,0,0,MIAMI-DADE (86),NOT APPLICABLE
2022,10124,Florida,0,2,2,August,25,Thursday,6,CR-423,County Road,Urban,Principal Arterial - Other,Not Reported,374.688,28.47730833,-81.417575,Motor Vehicle In-Transport,Angle,Not an Intersection,On Roadway,,Dark - Not Lighted,Clear,0,0,2005.0,1,1,ORANGE (95),NOT APPLICABLE
2022,10125,Florida,1,1,2,August,16,Tuesday,14,JONES ST,Local Street - Municipality,Urban,Local,City or Municipal Highway Agency,374.688,27.96905833,-82.79593056,Pedalcyclist,Not a Collision,Four-Way Intersection,On Roadway,,Daylight,Clear,0,0,2007.0,1,0,PINELLAS (103),CLEARWATER
2022,10126,Florida,0,2,4,August,23,Tuesday,2,SR-29 S,State Highway,Rural,Principal Arterial - Other,Not Reported,374.688,26.39018056,-81.37718611,Motor Vehicle In-Transport,Front-to-Front,Not an Intersection,On Roadway,,Dark - Not Lighted,Clear,0,0,2006.0,1,1,COLLIER (21),NOT APPLICABLE
2022,10127,Florida,1,1,1,August,26,Friday,6,CR-464,County Road,Urban,Minor Arterial,County Highway Agency,374.688,27.93842778,-82.73568056,Pedestrian,Not a Collision,Not an Intersection,On Roadway,,Dawn,Clear,0,0,2014.0,1,0,PINELLAS (103),NOT APPLICABLE
2022,10128,Florida,0,1,1,August,27,Saturday,5,OLD CUTLER RD,Local Street - Municipality,Urban,Minor Arterial,Not Reported,374.688,25.64332778,-80.30497222,Tree (Standing Only),Not a Collision,Not an Intersection,On Roadside,,Dark - Not Lighted,Clear,0,0,2016.0,1,1,MIAMI-DADE (86),PALMETTO BAY
2022,10128,Florida,0,1,1,August,27,Saturday,5,OLD CUTLER RD,Local Street - Municipality,Urban,Minor Arterial,Not Reported,374.688,25.64332778,-80.30497222,Tree (Standing Only),Not a Collision,Not an Intersection,On Roadside,,Dark - Not Lighted,Clear,0,0,2019.0,0,0,MIAMI-DADE (86),PALMETTO BAY
2022,10129,Florida,0,4,5,August,10,Wednesday,14,SR-52,State Highway,Urban,Principal Arterial - Other,State Highway Agency,374.688,28.33091111,-82.64971111,Motor Vehicle In-Transport,Angle,Four-Way Intersection,On Roadway,,Daylight,Clear,0,0,2008.0,1,0,PASCO (101),NOT APPLICABLE
2022,10130,Florida,0,2,3,September,5,Monday,24,US-441,US Highway,Urban,Principal Arterial - Other,Not Reported,374.688,26.2826,-80.20180278,Motor Vehicle In-Transport,Front-to-Rear,Not an Intersection,On Roadway,,Dark - Lighted,Clear,0,0,2011.0,0,0,BROWARD (11),DAVIE
2022,10130,Florida,0,2,3,September,5,Monday,24,US-441,US Highway,Urban,Principal Arterial - Other,Not Reported,374.688,26.2826,-80.20180278,Motor Vehicle In-Transport,Front-to-Rear,Not an Intersection,On Roadway,,Dark - Lighted,Clear,0,0,2005.0,1,0,BROWARD (11),DAVIE
2022,10130,Florida,0,2,3,September,5,Monday,24,US-441,US Highway,Urban,Principal Arterial - Other,Not Reported,374.688,26.2826,-80.20180278,Motor Vehicle In-Transport,Front-to-Rear,Not an Intersection,On Roadway,,Dark - Lighted,Clear,0,0,2022.0,0,0,BROWARD (11),DAVIE
2022,10131,Florida,0,1,1,August,15,Monday,9,INDRIO RD,Unknown,Rural,Local,Not Reported,374.688,27.52075,-80.35288889,Immersion or Partial Immersion,Not a Collision,T-Intersection,Off Roadway-Location Unknown,,Daylight,Clear,0,0,2007.0,1,0,ST LUCIE (111),NOT APPLICABLE
2022,10131,Florida,0,1,1,August,15,Monday,9,INDRIO RD,Unknown,Rural,Local,Not Reported,374.688,27.52075,-80.35288889,Immersion or Partial Immersion,Not a Collision,T-Intersection,Off Roadway-Location Unknown,,Daylight,Clear,0,0,2015.0,0,0,ST LUCIE (111),NOT APPLICABLE
2022,10132,Florida,1,1,2,September,3,Saturday,1,NW 62ND ST,Local Street - Municipality,Urban,Minor Arterial,City or Municipal Highway Agency,374.688,25.83173889,-80.22315556,Pedestrian,Not a Collision,Four-Way Intersection,On Roadway,,Dark - Not Lighted,Clear,0,0,2002.0,1,0,MIAMI-DADE (86),MIAMI
2022,10132,Florida,1,1,2,September,3,Saturday,1,NW 62ND ST,Local Street - Municipality,Urban,Minor Arterial,City or Municipal Highway Agency,374.688,25.83173889,-80.22315556,Pedestrian,Not a Collision,Four-Way Intersection,On Roadway,,Dark - Not Lighted,Clear,0,0,2020.0,0,0,MIAMI-DADE (86),MIAMI
2022,10133,Florida,0,1,1,September,2,Friday,24,I-4,Interstate,Urban,Interstate,State Highway Agency,374.688,28.73891944,-81.36920833,Tree (Standing Only),Not a Collision,Not an Intersection,On Roadside,,Dark - Not Lighted,Cloudy,0,0,2004.0,1,1,SEMINOLE (117),LAKE MARY
2022,10133,Florida,0,1,1,September,2,Friday,24,I-4,Interstate,Urban,Interstate,State Highway Agency,374.688,28.73891944,-81.36920833,Tree (Standing Only),Not a Collision,Not an Intersection,On Roadside,,Dark - Not Lighted,Cloudy,0,0,2018.0,0,0,SEMINOLE (117),LAKE MARY
2022,10134,Florida,1,1,3,August,26,Friday,5,STARKEY RD,Local Street - Municipality,Urban,Minor Arterial,City or Municipal Highway Agency,374.688,27.84104722,-82.76226111,Pedestrian,Not a Collision,Not an Intersection,On Roadway,,Dark - Not Lighted,Clear,0,0,2000.0,1,0,PINELLAS (103),SEMINOLE
2022,10134,Florida,1,1,3,August,26,Friday,5,STARKEY RD,Local Street - Municipality,Urban,Minor Arterial,City or Municipal Highway Agency,374.688,27.84104722,-82.76226111,Pedestrian,Not a Collision,Not an Intersection,On Roadway,,Dark - Not Lighted,Clear,0,0,2022.0,0,0,PINELLAS (103),SEMINOLE
2022,10135,Florida,1,1,1,August,13,Saturday,21,SIMPSON ROAD,Unknown,Urban,Minor Arterial,City or Municipal Highway Agency,374.688,28.29862778,-81.35081944,Pedestrian,Not a Collision,T-Intersection,On Roadway,,Dark - Lighted,Rain,0,0,2013.0,1,0,OSCEOLA (97),NOT APPLICABLE
2022,10135,Florida,1,1,1,August,13,Saturday,21,SIMPSON ROAD,Unknown,Urban,Minor Arterial,City or Municipal Highway Agency,374.688,28.29862778,-81.35081944,Pedestrian,Not a Collision,T-Intersection,On Roadway,,Dark - Lighted,Rain,0,0,2017.0,0,0,OSCEOLA (97),NOT APPLICABLE
2022,10136,Florida,1,2,2,August,14,Sunday,3,I-95,Interstate,Urban,Interstate,State Highway Agency,374.688,26.00728333,-80.16680556,Pedestrian,Not a Collision,Not an Intersection,On Roadway,,Dark - Lighted,Cloudy,0,0,2010.0,0,0,BROWARD (11),HOLLYWOOD
2022,10137,Florida,0,3,4,August,21,Sunday,2,I-4,Interstate,Urban,Interstate,State Highway Agency,374.688,29.01688333,-81.23231944,Guardrail Face,Not a Collision,Not an Intersection,On Median,,Dark - Lighted,Clear,0,0,2005.0,1,1,VOLUSIA (127),NOT APPLICABLE
2022,10138,Florida,1,1,2,September,3,Saturday,9,TALTON AVE,Other,Rural,Local,City or Municipal Highway Agency,374.688,29.02333056,-81.32873056,Pedalcyclist,Not a Collision,Four-Way Intersection,On Roadway,,Daylight,Clear,0,0,1995.0,1,0,VOLUSIA (127),NOT APPLICABLE
2022,10138,Florida,1,1,2,September,3,Saturday,9,TALTON AVE,Other,Rural,Local,City or Municipal Highway Agency,374.688,29.02333056,-81.32873056,Pedalcyclist,Not a Collision,Four-Way Intersection,On Roadway,,Daylight,Clear,0,0,2020.0,0,0,VOLUSIA (127),NOT APPLICABLE
2022,10139,Florida,0,2,3,August,27,Saturday,14,SR-40,State Highway,Urban,Principal Arterial - Other,State Highway Agency,374.688,29.18648889,-82.23188889,Motor Vehicle In-Transport,Angle,Four-Way Intersection,On Roadway,,Daylight,Clear,0,0,1998.0,1,0,MARION (83),NOT APPLICABLE
2022,10140,Florida,0,2,6,August,22,Monday,15,I-10,Interstate,Rural,Interstate,State Highway Agency,374.688,30.67456944,-86.83146944,Motor Vehicle In-Transport,Angle,Not an Intersection,On Roadway,,Daylight,Rain,0,0,2016.0,1,1,SANTA ROSA (113),NOT APPLICABLE
2022,10140,Florida,0,2,6,August,22,Monday,15,I-10,Interstate,Rural,Interstate,State Highway Agency,374.688,30.67456944,-86.83146944,Motor Vehicle In-Transport,Angle,Not an Intersection,On Roadway,,Daylight,Rain,0,0,2013.0,0,0,SANTA ROSA (113),NOT APPLICABLE
2022,10140,Florida,0,2,6,August,22,Monday,15,I-10,Interstate,Rural,Interstate,State Highway Agency,374.688,30.67456944,-86.83146944,Motor Vehicle In-Transport,Angle,Not an Intersection,On Roadway,,Daylight,Rain,0,0,2003.0,0,0,SANTA ROSA (113),NOT APPLICABLE
2022,10140,Florida,0,2,6,August,22,Monday,15,I-10,Interstate,Rural,Interstate,State Highway Agency,374.688,30.67456944,-86.83146944,Motor Vehicle In-Transport,Angle,Not an Intersection,On Roadway,,Daylight,Rain,0,0,2018.0,0,0,SANTA ROSA (113),NOT APPLICABLE
2022,10141,Florida,0,2,4,August,24,Wednesday,6,US-301,US Highway,Urban,Principal Arterial - Other,State Highway Agency,374.688,27.93016944,-82.35123056,Motor Vehicle In-Transport,Angle,Four-Way Intersection,On Roadway,,Dark - Lighted,Clear,0,0,2011.0,1,1,HILLSBOROUGH (57),NOT APPLICABLE