YEAR,ST_CASE,STATENAME,NUM_PEDS,NUM_VEHC,PERSONS,MONTHNAME,DAYNAME,DAY_WEEKNAME,HOUR,ROAD_NAME,ROUTENAME,RUR_URBNAME,FUNC_SYSNAME,RD_OWNERNAME,MILE_MARKER,LATITUDE,LONGITUD,HARM_EVNAME,COLLISION_TYPE,TYP_INTNAME,REL_ROADNAME,WRK_ZONENAME,LGT_CONDNAME,WEATHERNAME,SCH_BUS,HIT_RUN,MOD_YEAR,DEATHS,DR_DRINK,COUNTYNAME,CITYNAME
2022,10313,Florida,1,1,1,September,22,Thursday,6,PICCIOLA CUTOFF RD,Local Street - Municipality,Urban,Local,City or Municipal Highway Agency,374.688,28.84960556,-81.895475,Pedestrian,Not a Collision,Not an Intersection,On Roadway,,Dawn,"Fog, Smog, Smoke",0,0,2019.0,0,1,LAKE (69),FRUITLAND PARK
2022,10313,Florida,1,1,1,September,22,Thursday,6,PICCIOLA CUTOFF RD,Local Street - Municipality,Urban,Local,City or Municipal Highway Agency,374.688,28.84960556,-81.895475,Pedestrian,Not a Collision,Not an Intersection,On Roadway,,Dawn,"Fog, Smog, Smoke",0,0,2017.0,0,0,LAKE (69),FRUITLAND PARK
2022,10314,Florida,1,1,2,September,24,Saturday,2,SR-85,State Highway,Urban,Principal Arterial - Other,State Highway Agency,374.688,30.81840278,-86.53821389,Pedestrian,Not a Collision,Not an Intersection,On Roadway,,Dark - Not Lighted,Clear,0,0,2003.0,1,0,OKALOOSA (91),NOT APPLICABLE
2022,10315,Florida,0,2,4,September,26,Monday,22,6TH AVE S,Local Street - Municipality,Urban,Minor Arterial,Not Reported,374.688,26.60929444,-80.08235833,Motor Vehicle In-Transport,Front-to-Front,Not an Intersection,On Roadway,,Dark - Not Lighted,Rain,0,0,2009.0,0,0,PALM BEACH (99),NOT APPLICABLE
2022,10316,Florida,0,1,1,September,25,Sunday,17,CR-565,County Road,Rural,Minor Collector,County Highway Agency,374.688,28.63060278,-81.84776667,Ditch,Not a Collision,Not an Intersection,On Roadside,,Daylight,Clear,0,0,2015.0,1,0,LAKE (69),NOT APPLICABLE
2022,10316,Florida,0,1,1,September,25,Sunday,17,CR-565,County Road,Rural,Minor Collector,County Highway Agency,374.688,28.63060278,-81.84776667,Ditch,Not a Collision,Not an Intersection,On Roadside,,Daylight,Clear,0,0,2020.0,0,0,LAKE (69),NOT APPLICABLE
2022,10317,Florida,0,2,2,September,11,Sunday,10,US-19,US Highway,Urban,Principal Arterial - Other,State Highway Agency,374.688,28.03386667,-82.73832222,Motor Vehicle In-Transport,Front-to-Rear,Not an Intersection,On Roadway,,Daylight,Clear,0,0,2022.0,1,0,PINELLAS (103),NOT APPLICABLE
2022,10318,Florida,2,4,1,September,20,Tuesday,19,99TH ST,Unknown,Urban,Local,Not Reported,374.688,25.86464722,-80.23342222,Parked Motor Vehicle,Not a Collision,Not an Intersection,Outside Trafficway,,Dark - Lighted,Clear,0,0,2010.0,2,0,MIAMI-DADE (86),NOT APPLICABLE
2022,10319,Florida,1,1,1,September,22,Thursday,22,N  PERIMETER RD,Local Street - Municipality,Urban,Local,Not Reported,374.688,25.67851389,-80.37759722,Pedestrian,Not a Collision,Not an Intersection,On Roadway,,Dark - Lighted,Clear,0,0,2021.0,1,0,MIAMI-DADE (86),NOT APPLICABLE
2022,10320,Florida,0,1,1,September,24,Saturday,1,SR-801,State Highway,Urban,Minor Arterial,State Highway Agency,374.688,26.21081389,-80.13240278,Other Non-Collision,Not a Collision,Four-Way Intersection,Off Roadway-Location Unknown,,Dark - Not Lighted,Clear,0,1,2003.0,1,0,BROWARD (11),POMPANO BEACH
2022,10321,Florida,0,1,1,September,24,Saturday,12,SR-823 W 41ST ST,State Highway,Urban,Principal Arterial - Other,State Highway Agency,374.688,25.85895278,-80.29025833,Fence,Not a Collision,Not an Intersection,Outside Trafficway,,Daylight,Clear,0,0,2001.0,1,0,MIAMI-DADE (86),HIALEAH
2022,10321,Florida,0,1,1,September,24,Saturday,12,SR-823 W 41ST ST,State Highway,Urban,Principal Arterial - Other,State Highway Agency,374.688,25.85895278,-80.29025833,Fence,Not a Collision,Not an Intersection,Outside Trafficway,,Daylight,Clear,0,0,2021.0,0,0,MIAMI-DADE (86),HIALEAH
2022,10321,Florida,0,1,1,September,24,Saturday,12,SR-823 W 41ST ST,State Highway,Urban,Principal Arterial - Other,State Highway Agency,374.688,25.85895278,-80.29025833,Fence,Not a Collision,Not an Intersection,Outside Trafficway,,Daylight,Clear,0,0,2012.0,0,0,MIAMI-DADE (86),HIALEAH
2022,10321,Florida,0,1,1,September,24,Saturday,12,SR-823 W 41ST ST,State Highway,Urban,Principal Arterial - Other,State Highway Agency,374.688,25.85895278,-80.29025833,Fence,Not a Collision,Not an Intersection,Outside Trafficway,,Daylight,Clear,0,0,2020.0,0,0,MIAMI-DADE (86),HIALEAH
2022,10322,Florida,1,1,1,September,25,Sunday,20,SR-80,State Highway,Urban,Principal Arterial - Other,State Highway Agency,374.688,26.67581944,-81.81345,Pedalcyclist,Not a Collision,T-Intersection,On Roadway,,Dusk,Clear,0,0,2015.0,1,0,LEE (71),NOT APPLICABLE
2022,10323,Florida,0,2,3,September,27,Tuesday,17,W LEROY ST,Local Street - Municipality,Urban,Local,Town or Township Highway Agency,374.688,27.97184444,-82.49515833,Motor Vehicle In-Transport,Angle,Four-Way Intersection,On Roadway,,Daylight,Cloudy,0,0,2017.0,0,0,HILLSBOROUGH (57),TAMPA
2022,10323,Florida,0,2,3,September,27,Tuesday,17,W LEROY ST,Local Street - Municipality,Urban,Local,Town or Township Highway Agency,374.688,27.97184444,-82.49515833,Motor Vehicle In-Transport,Angle,Four-Way Intersection,On Roadway,,Daylight,Cloudy,0,0,2008.0,1,0,HILLSBOROUGH (57),TAMPA
2022,10324,Florida,1,1,1,October,1,Saturday,20,NOROAD,Local Street - Municipality,Urban,Local,Not Reported,374.688,30.25485,-81.79758889,Pedestrian,Not a Collision,Not an Intersection,On Roadway,,Dark - Lighted,Clear,0,0,2005.0,1,1,DUVAL (31),JACKSONVILLE
2022,10324,Florida,1,1,1,October,1,Saturday,20,NOROAD,Local Street - Municipality,Urban,Local,Not Reported,374.688,30.25485,-81.79758889,Pedestrian,Not a Collision,Not an Intersection,On Roadway,,Dark - Lighted,Clear,0,0,2019.0,0,0,DUVAL (31),JACKSONVILLE
2022,10324,Florida,1,1,1,October,1,Saturday,20,NOROAD,Local Street - Municipality,Urban,Local,Not Reported,374.688,30.25485,-81.79758889,Pedestrian,Not a Collision,Not an Intersection,On Roadway,,Dark - Lighted,Clear,0,0,2004.0,0,0,DUVAL (31),JACKSONVILLE
2022,10324,Florida,1,1,1,October,1,Saturday,20,NOROAD,Local Street - Municipality,Urban,Local,Not Reported,374.688,30.25485,-81.79758889,Pedestrian,Not a Collision,Not an Intersection,On Roadway,,Dark - Lighted,Clear,0,0,2015.0,0,0,DUVAL (31),JACKSONVILLE
2022,10324,Florida,1,1,1,October,1,Saturday,20,NOROAD,Local Street - Municipality,Urban,Local,Not Reported,374.688,30.25485,-81.79758889,Pedestrian,Not a Collision,Not an Intersection,On Roadway,,Dark - Lighted,Clear,0,0,2020.0,0,0,DUVAL (31),JACKSONVILLE
2022,10324,Florida,1,1,1,October,1,Saturday,20,NOROAD,Local Street - Municipality,Urban,Local,Not Reported,374.688,30.25485,-81.79758889,Pedestrian,Not a Collision,Not an Intersection,On Roadway,,Dark - Lighted,Clear,0,0,2019.0,0,0,DUVAL (31),JACKSONVILLE
2022,10325,Florida,0,2,4,September,2,Friday,22,US-41,US Highway,Urban,Principal Arterial - Other,Not Reported,374.688,28.41918056,-82.46993056,Motor Vehicle In-Transport,Angle,Four-Way Intersection,On Roadway,,Dark - Not Lighted,Cloudy,0,0,2016.0,1,0,PASCO (101),NOT APPLICABLE
2022,10326,Florida,1,2,1,September,10,Saturday,20,CR-393,County Road,Rural,Minor Collector,County Highway Agency,374.688,30.39518056,-86.22856111,Pedestrian,Not a Collision,Not an Intersection,On Roadway,,Dark - Not Lighted,Cloudy,0,0,2020.0,1,0,WALTON (131),NOT APPLICABLE
2022,10326,Florida,1,2,1,September,10,Saturday,20,CR-393,County Road,Rural,Minor Collector,County Highway Agency,374.688,30.39518056,-86.22856111,Pedestrian,Not a Collision,Not an Intersection,On Roadway,,Dark - Not Lighted,Cloudy,0,0,2008.0,0,0,WALTON (131),NOT APPLICABLE
2022,10327,Florida,0,2,2,September,17,Saturday,6,US-98,US Highway,Rural,Principal Arterial - Other,State Highway Agency,374.688,28.22976944,-82.03443333,Motor Vehicle In-Transport,Angle,Not an Intersection,On Roadway,,Dark - Not Lighted,Clear,0,0,2018.0,0,0,POLK (105),NOT APPLICABLE
2022,10327,Florida,0,2,2,September,17,Saturday,6,US-98,US Highway,Rural,Principal Arterial - Other,State Highway Agency,374.688,28.22976944,-82.03443333,Motor Vehicle In-Transport,Angle,Not an Intersection,On Roadway,,Dark - Not Lighted,Clear,0,0,2018.0,1,0,POLK (105),NOT APPLICABLE
2022,10328,Florida,0,2,3,September,22,Thursday,13,SR-40,State Highway,Rural,Principal Arterial - Other,State Highway Agency,374.688,29.199225,-81.92114722,Motor Vehicle In-Transport,Front-to-Front,Not an Intersection,On Roadway,,Daylight,Clear,0,0,2018.0,0,0,MARION (83),NOT APPLICABLE
2022,10329,Florida,0,3,3,September,22,Thursday,6,SR-78,State Highway,Rural,Minor Arterial,State Highway Agency,374.688,27.15269167,-80.86741111,Motor Vehicle In-Transport,Angle,Four-Way Intersection,On Roadway,,Daylight,Clear,0,0,1999.0,1,1,OKEECHOBEE (93),NOT APPLICABLE
2022,10330,Florida,0,1,1,September,24,Saturday,24,CR-439,County Road,Urban,Minor Arterial,County Highway Agency,374.688,28.44949722,-81.47770556,Curb,Not a Collision,Not an Intersection,On Roadside,,Dark - Lighted,Clear,0,0,2000.0,1,0,ORANGE (95),NOT APPLICABLE
2022,10331,Florida,0,2,2,September,24,Saturday,15,31ST ST,Local Street - Municipality,Urban,Minor Arterial,Town or Township Highway Agency,374.688,29.15508056,-82.08683889,Motor Vehicle In-Transport,Angle,Four-Way Intersection,On Roadway,,Daylight,Clear,0,0,2008.0,0,1,MARION (83),NOT APPLICABLE
2022,10331,Florida,0,2,2,September,24,Saturday,15,31ST ST,Local Street - Municipality,Urban,Minor Arterial,Town or Township Highway Agency,374.688,29.15508056,-82.08683889,Motor Vehicle In-Transport,Angle,Four-Way Intersection,On Roadway,,Daylight,Clear,0,0,2018.0,2,0,MARION (83),NOT APPLICABLE
2022,10332,Florida,0,2,2,September,25,Sunday,18,US-301,US Highway,Urban,Principal Arterial - Other,State Highway Agency,374.688,27.87823056,-82.32666944,Motor Vehicle In-Transport,Angle,Not an Intersection,On Roadway,,Daylight,Clear,0,0,2010.0,1,0,HILLSBOROUGH (57),RIVERVIEW
2022,10332,Florida,0,2,2,September,25,Sunday,18,US-301,US Highway,Urban,Principal Arterial - Other,State Highway Agency,374.688,27.87823056,-82.32666944,Motor Vehicle In-Transport,Angle,Not an Intersection,On Roadway,,Daylight,Clear,0,0,2019.0,0,0,HILLSBOROUGH (57),RIVERVIEW
2022,10333,Florida,0,2,2,September,27,Tuesday,6,POLYNESIAN ISLE BLVD,Local Street - Municipality,Urban,Local,City or Municipal Highway Agency,374.688,28.34216111,-81.49516944,Motor Vehicle In-Transport,Angle,Four-Way Intersection,On Roadway,,Dark - Lighted,Cloudy,0,0,2015.0,1,0,OSCEOLA (97),NOT APPLICABLE
2022,10333,Florida,0,2,2,September,27,Tuesday,6,POLYNESIAN ISLE BLVD,Local Street - Municipality,Urban,Local,City or Municipal Highway Agency,374.688,28.34216111,-81.49516944,Motor Vehicle In-Transport,Angle,Four-Way Intersection,On Roadway,,Dark - Lighted,Cloudy,0,0,2019.0,0,0,OSCEOLA (97),NOT APPLICABLE
2022,10334,Florida,0,2,2,September,28,Wednesday,12,CR-48,County Road,Rural,Major Collector,County Highway Agency,374.688,28.71293056,-81.71028889,Motor Vehicle In-Transport,Front-to-Front,Not an Intersection,On Roadway,,Daylight,Rain,0,0,2002.0,1,0,LAKE (69),NOT APPLICABLE
2022,10334,Florida,0,2,2,September,28,Wednesday,12,CR-48,County Road,Rural,Major Collector,County Highway Agency,374.688,28.71293056,-81.71028889,Motor Vehicle In-Transport,Front-to-Front,Not an Intersection,On Roadway,,Daylight,Rain,0,0,2006.0,2,0,LAKE (69),NOT APPLICABLE
2022,10335,Florida,1,1,1,September,29,Thursday,11,107TH AVE,Local Street - Municipality,Urban,Local,City or Municipal Highway Agency,374.688,26.026575,-80.29175,Non-Motorist on Personal Conveyance,Not a Collision,Not an Intersection,On Roadway,,Daylight,Cloudy,0,0,2006.0,1,1,BROWARD (11),PEMBROKE PINES
2022,10336,Florida,0,1,1,September,30,Friday,17,ROGERS RD,Unknown,Rural,Local,City or Municipal Highway Agency,374.688,28.02118889,-82.19119722,Other Object (not fixed),Not a Collision,Not an Intersection,On Roadway,,Reported as Unknown,Other,0,0,2018.0,0,0,HILLSBOROUGH (57),NOT APPLICABLE
2022,10337,Florida,2,2,1,October,1,Saturday,22,CR-473,County Road,Urban,Minor Arterial,County Highway Agency,374.688,28.83195,-81.77341944,Motor Vehicle In-Transport,Front-to-Front,Not an Intersection,On Roadway,,Dark - Not Lighted,Clear,0,0,1998.0,1,1,LAKE (69),NOT APPLICABLE
2022,10338,Florida,1,1,1,October,1,Saturday,2,I-75,Interstate,Urban,Interstate,State Highway Agency,374.688,26.14581944,-80.45366111,Pedestrian,Not a Collision,Not an Intersection,On Roadway,"Work Zone, Type Unknown",Dark - Not Lighted,Clear,0,0,2003.0,1,1,BROWARD (11),NOT APPLICABLE
2022,10339,Florida,0,2,4,September,25,Sunday,3,US-1,US Highway,Urban,Principal Arterial - Other,State Highway Agency,374.688,28.64030278,-80.83167222,Motor Vehicle In-Transport,Front-to-Front,Four-Way Intersection,On Roadway,,Dark - Lighted,Clear,0,0,1996.0,1,1,BREVARD (9),NOT APPLICABLE
2022,10340,Florida,1,1,1,September,10,Saturday,20,JOHNSON ST,Local Street - Municipality,Urban,Major Collector,City or Municipal Highway Agency,374.688,26.01763333,-80.21004722,Pedalcyclist,Not a Collision,Four-Way Intersection,On Roadway,,Dark - Lighted,Clear,0,0,2006.0,1,0,BROWARD (11),HOLLYWOOD
2022,10340,Florida,1,1,1,September,10,Saturday,20,JOHNSON ST,Local Street - Municipality,Urban,Major Collector,City or Municipal Highway Agency,374.688,26.01763333,-80.21004722,Pedalcyclist,Not a Collision,Four-Way Intersection,On Roadway,,Dark - Lighted,Clear,0,0,2011.0,0,0,BROWARD (11),HOLLYWOOD
2022,10341,Florida,1,1,1,September,7,Wednesday,19,N HIATUS RD,Local Street - Municipality,Urban,Minor Arterial,City or Municipal Highway Agency,374.688,26.12651389,-80.2973,Pedalcyclist,Not a Collision,Not an Intersection,On Roadway,,Dusk,Cloudy,0,0,2011.0,1,0,BROWARD (11),PLANTATION
2022,10341,Florida,1,1,1,September,7,Wednesday,19,N HIATUS RD,Local Street - Municipality,Urban,Minor Arterial,City or Municipal Highway Agency,374.688,26.12651389,-80.2973,Pedalcyclist,Not a Collision,Not an Intersection,On Roadway,,Dusk,Cloudy,0,0,2016.0,0,0,BROWARD (11),PLANTATION
2022,10341,Florida,1,1,1,September,7,Wednesday,19,N HIATUS RD,Local Street - Municipality,Urban,Minor Arterial,City or Municipal Highway Agency,374.688,26.12651389,-80.2973,Pedalcyclist,Not a Collision,Not an Intersection,On Roadway,,Dusk,Cloudy,0,0,2011.0,0,0,BROWARD (11),PLANTATION
2022,10342,Florida,0,1,3,September,25,Sunday,17,58TH AVE,Other,Rural,Local,Not Reported,374.688,28.96163333,-82.05361667,Fence,Not a Collision,Not an Intersection,Outside Trafficway,,Daylight,Clear,0,0,1989.0,1,1,MARION (83),NOT APPLICABLE
2022,10342,Florida,0,1,3,September,25,Sunday,17,58TH AVE,Other,Rural,Local,Not Reported,374.688,28.96163333,-82.05361667,Fence,Not a Collision,Not an Intersection,Outside Trafficway,,Daylight,Clear,0,0,2014.0,0,1,MARION (83),NOT APPLICABLE
2022,10343,Florida,0,1,1,September,30,Friday,15,US-27,US Highway,Urban,Principal Arterial - Other,State Highway Agency,374.688,27.412,-81.41598611,Tree (Standing Only),Not a Collision,Not an Intersection,Off Roadway-Location Unknown,,Daylight,Clear,0,0,2017.0,1,0,HIGHLANDS (55),NOT APPLICABLE
2022,10343,Florida,0,1,1,September,30,Friday,15,US-27,US Highway,Urban,Principal Arterial - Other,State Highway Agency,374.688,27.412,-81.41598611,Tree (Standing Only),Not a Collision,Not an Intersection,Off Roadway-Location Unknown,,Daylight,Clear,0,0,2007.0,0,0,HIGHLANDS (55),NOT APPLICABLE
2022,10344,Florida,0,2,2,May,19,Thursday,16,82ND AVE,Local Street - Township,Urban,Major Collector,Not Reported,374.688,25.91333056,-80.33295,Motor Vehicle In-Transport,Front-to-Front,Four-Way Intersection,On Roadway,,Daylight,Clear,0,0,2011.0,1,1,MIAMI-DADE (86),MIAMI LAKES
2022,10345,Florida,0,3,5,September,4,Sunday,18,US-1,US Highway,Urban,Principal Arterial - Other,Not Reported,374.688,25.53043889,-80.41678889,Curb,Not a Collision,Not an Intersection,On Median,,Daylight,Clear,0,0,1990.0,1,0,MIAMI-DADE (86),NOT APPLICABLE
2022,10345,Florida,0,3,5,September,4,Sunday,18,US-1,US Highway,Urban,Principal Arterial - Other,Not Reported,374.688,25.53043889,-80.41678889,Curb,Not a Collision,Not an Intersection,On Median,,Daylight,Clear,0,0,2009.0,0,1,MIAMI-DADE (86),NOT APPLICABLE
2022,10346,Florida,0,2,4,September,11,Sunday,14,SR-976,State Highway,Urban,Principal Arterial - Other,State Highway Agency,374.688,25.73317222,-80.31092778,Motor Vehicle In-Transport,Angle,Four-Way Intersection,On Roadway,,Daylight,Clear,0,0,2006.0,1,0,MIAMI-DADE (86),NOT APPLICABLE
2022,10346,Florida,0,2,4,September,11,Sunday,14,SR-976,State Highway,Urban,Principal Arterial - Other,State Highway Agency,374.688,25.73317222,-80.31092778,Motor Vehicle In-Transport,Angle,Four-Way Intersection,On Roadway,,Daylight,Clear,0,0,2020.0,0,0,MIAMI-DADE (86),NOT APPLICABLE
2022,10346,Florida,0,2,4,September,11,Sunday,14,SR-976,State Highway,Urban,Principal Arterial - Other,State Highway Agency,374.688,25.73317222,-80.31092778,Motor Vehicle In-Transport,Angle,Four-Way Intersection,On Roadway,,Daylight,Clear,0,0,2013.0,0,0,MIAMI-DADE (86),NOT APPLICABLE
2022,10347,Florida,0,2,2,September,20,Tuesday,20,CR-466,County Road,Rural,Major Collector,County Highway Agency,374.688,28.92729722,-82.07032778,Motor Vehicle In-Transport,Front-to-Front,Four-Way Intersection,On Roadway,,Dark - Not Lighted,Clear,0,0,1999.0,1,0,SUMTER (119),NOT APPLICABLE
2022,10347,Florida,0,2,2,September,20,Tuesday,20,CR-466,County Road,Rural,Major Collector,County Highway Agency,374.688,28.92729722,-82.07032778,Motor Vehicle In-Transport,Front-to-Front,Four-Way Intersection,On Roadway,,Dark - Not Lighted,Clear,0,0,2018.0,0,0,SUMTER (119),NOT APPLICABLE
2022,10348,Florida,0,2,2,September,25,Sunday,4,CR-846,County Road,Rural,Minor Arterial,County Highway Agency,374.688,26.36661111,-81.52153889,Motor Vehicle In-Transport,Front-to-Front,Not an Intersection,On Roadway,,Dark - Not Lighted,Clear,0,0,2001.0,1,0,COLLIER (21),NOT APPLICABLE
2022,10348,Florida,0,2,2,September,25,Sunday,4,CR-846,County Road,Rural,Minor Arterial,County Highway Agency,374.688,26.36661111,-81.52153889,Motor Vehicle In-Transport,Front-to-Front,Not an Intersection,On Roadway,,Dark - Not Lighted,Clear,0,0,2016.0,0,0,COLLIER (21),NOT APPLICABLE
2022,10349,Florida,0,2,2,September,26,Monday,8,CR-491,County Road,Urban,Minor Arterial,County Highway Agency,374.688,28.91507222,-82.47215278,Motor Vehicle In-Transport,Sideswipe - Same Direction,Not an Intersection,On Roadway,,Daylight,Clear,0,0,2010.0,1,0,CITRUS (17),NOT APPLICABLE
2022,10350,Florida,0,2,3,September,27,Tuesday,8,CR-476,County Road,Rural,Major Collector,County Highway Agency,374.688,28.64407778,-82.25585833,Motor Vehicle In-Transport,Angle,Not an Intersection,On Roadway,,Daylight,Cloudy,0,0,2006.0,0,1,SUMTER (119),NOT APPLICABLE
2022,10350,Florida,0,2,3,September,27,Tuesday,8,CR-476,County Road,Rural,Major Collector,County Highway Agency,374.688,28.64407778,-82.25585833,Motor Vehicle In-Transport,Angle,Not an Intersection,On Roadway,,Daylight,Cloudy,0,0,2018.0,1,0,SUMTER (119),NOT APPLICABLE
2022,10351,Florida,1,1,1,October,3,Monday,23,SR-292,State Highway,Urban,Minor Arterial,State Highway Agency,374.688,30.44338056,-87.23994444,Pedestrian,Not a Collision,Not an Intersection,On Roadway,,Dark - Not Lighted,Clear,0,0,2004.0,1,0,ESCAMBIA (33),NOT APPLICABLE
2022,10351,Florida,1,1,1,October,3,Monday,23,SR-292,State Highway,Urban,Minor Arterial,State Highway Agency,374.688,30.44338056,-87.23994444,Pedestrian,Not a Collision,Not an Intersection,On Roadway,,Dark - Not Lighted,Clear,0,0,2019.0,0,0,ESCAMBIA (33),NOT APPLICABLE
2022,10352,Florida,0,2,3,October,3,Monday,17,BUFFALO TRL,Unknown,Rural,Local,Not Reported,374.688,28.92826111,-82.02028889,Motor Vehicle In-Transport,Angle,Four-Way Intersection,On Roadway,,Daylight,Clear,0,1,2010.0,0,0,SUMTER (119),NOT APPLICABLE
2022,10353,Florida,0,1,1,October,3,Monday,19,SR-293,State Highway,Rural,Minor Arterial,State Highway Agency,374.688,30.52803889,-86.41783056,Rollover/Overturn,Not a Collision,Not an Intersection,On Roadside,,Dark - Not Lighted,Clear,0,0,2004.0,1,1,OKALOOSA (91),NOT APPLICABLE
2022,10354,Florida,0,2,3,September,5,Monday,17,US-1,US Highway,Urban,Principal Arterial - Other,Not Reported,374.688,26.12614722,-80.13744167,Motor Vehicle In-Transport,Reported as Unknown,Four-Way Intersection,On Roadway,,Daylight,Clear,0,0,2011.0,0,0,BROWARD (11),FORT LAUDERDALE
2022,10354,Florida,0,2,3,September,5,Monday,17,US-1,US Highway,Urban,Principal Arterial - Other,Not Reported,374.688,26.12614722,-80.13744167,Motor Vehicle In-Transport,Reported as Unknown,Four-Way Intersection,On Roadway,,Daylight,Clear,0,0,2016.0,1,0,BROWARD (11),FORT LAUDERDALE
2022,10354,Florida,0,2,3,September,5,Monday,17,US-1,US Highway,Urban,Principal Arterial - Other,Not Reported,374.688,26.12614722,-80.13744167,Motor Vehicle In-Transport,Reported as Unknown,Four-Way Intersection,On Roadway,,Daylight,Clear,0,0,2016.0,0,0,BROWARD (11),FORT LAUDERDALE
2022,10355,Florida,0,2,9,September,9,Friday,22,8TH ST,Local Street - Municipality,Urban,Major Collector,Not Reported,374.688,25.47757222,-80.43613333,Motor Vehicle In-Transport,Angle,Four-Way Intersection,On Roadway,,Dark - Lighted,Clear,0,0,2017.0,0,0,MIAMI-DADE (86),HOMESTEAD
2022,10355,Florida,0,2,9,September,9,Friday,22,8TH ST,Local Street - Municipality,Urban,Major Collector,Not Reported,374.688,25.47757222,-80.43613333,Motor Vehicle In-Transport,Angle,Four-Way Intersection,On Roadway,,Dark - Lighted,Clear,0,0,2016.0,1,0,MIAMI-DADE (86),HOMESTEAD
2022,10356,Florida,0,3,6,September,17,Saturday,16,ORANGE AVE,Local Street - Municipality,Urban,Minor Arterial,Town or Township Highway Agency,374.688,29.20118611,-81.03511667,Motor Vehicle In-Transport,Angle,Four-Way Intersection,On Roadway,,Daylight,Rain,0,0,1994.0,1,0,VOLUSIA (127),DAYTONA BEACH
2022,10357,Florida,0,2,5,September,24,Saturday,16,US-41,US Highway,Urban,Principal Arterial - Other,City or Municipal Highway Agency,374.688,26.65978333,-81.87506389,Motor Vehicle In-Transport,Front-to-Front,Not an Intersection,On Roadway,,Daylight,Clear,0,0,2017.0,1,1,LEE (71),FORT MYERS
2022,10358,Florida,0,2,5,September,29,Thursday,21,ADAMO DR,Local Street - Municipality,Urban,Principal Arterial - Other,Town or Township Highway Agency,374.688,27.95224444,-82.388375,Motor Vehicle In-Transport,Front-to-Rear,Four-Way Intersection,On Roadway,,Dark - Not Lighted,Clear,0,0,2008.0,0,0,HILLSBOROUGH (57),TAMPA
2022,10359,Florida,0,3,18,September,21,Wednesday,6,SR-60,State Highway,Rural,Principal Arterial - Other,State Highway Agency,374.688,27.73343889,-81.02341111,Motor Vehicle In-Transport,Front-to-Front,Not an Intersection,On Roadway,,Dark - Not Lighted,"Fog, Smog, Smoke",0,0,2008.0,1,0,OSCEOLA (97),NOT APPLICABLE
2022,10360,Florida,0,1,1,September,25,Sunday,12,I-95,Interstate,Rural,Interstate,State Highway Agency,374.688,27.04518056,-80.23421111,Fence,Not a Collision,Not an Intersection,On Roadside,,Daylight,Clear,0,0,2018.0,1,0,MARTIN (85),NOT APPLICABLE
2022,10361,Florida,0,2,6,September,26,Monday,16,US-301,US Highway,Urban,Principal Arterial - Other,State Highway Agency,374.688,28.05145,-82.3354,Motor Vehicle In-Transport,Front-to-Front,Not an Intersection,On Roadway,,Daylight,Clear,0,0,2009.0,1,0,HILLSBOROUGH (57),NOT APPLICABLE
2022,10361,Florida,0,2,6,September,26,Monday,16,US-301,US Highway,Urban,Principal Arterial - Other,State Highway Agency,374.688,28.05145,-82.3354,Motor Vehicle In-Transport,Front-to-Front,Not an Intersection,On Roadway,,Daylight,Clear,0,0,2015.0,0,0,HILLSBOROUGH (57),NOT APPLICABLE
2022,10362,Florida,1,1,1,October,5,Wednesday,18,US-41 8TH AVE W,US Highway,Urban,Principal Arterial - Other,State Highway Agency,374.688,27.52271944,-82.572925,Pedestrian,Not a Collision,Not an Intersection,On Roadway,,Daylight,Clear,0,0,2020.0,0,0,MANATEE (81),PALMETTO
2022,10363,Florida,0,1,1,September,30,Friday,23,SE 11TH COURT,Other,Rural,Major Collector,City or Municipal Highway Agency,374.688,29.04295,-82.58236111,Utility Pole/Light Support,Not a Collision,T-Intersection,On Roadside,,Dark - Not Lighted,Clear,0,0,2022.0,1,1,LEVY (75),NOT APPLICABLE
2022,10364,Florida,0,2,4,September,11,Sunday,17,US-19,US Highway,Urban,Principal Arterial - Other,City or Municipal Highway Agency,374.688,28.45971111,-82.62716944,Motor Vehicle In-Transport,Angle,Four-Way Intersection,On Roadway,,Daylight,Clear,0,0,2010.0,1,1,HERNANDO (53),SPRING HILL
2022,10365,Florida,1,1,2,September,17,Saturday,22,US-19,US Highway,Urban,Principal Arterial - Other,State Highway Agency,374.688,28.38790556,-82.67103056,Pedestrian,Not a Collision,T-Intersection,On Roadway,,Dark - Lighted,Clear,0,0,2014.0,1,1,PASCO (101),NOT APPLICABLE
2022,10365,Florida,1,1,2,September,17,Saturday,22,US-19,US Highway,Urban,Principal Arterial - Other,State Highway Agency,374.688,28.38790556,-82.67103056,Pedestrian,Not a Collision,T-Intersection,On Roadway,,Dark - Lighted,Clear,0,0,2012.0,0,0,PASCO (101),NOT APPLICABLE