YEAR,ST_CASE,STATENAME,NUM_PEDS,NUM_VEHC,PERSONS,MONTHNAME,DAYNAME,DAY_WEEKNAME,HOUR,ROAD_NAME,ROUTENAME,RUR_URBNAME,FUNC_SYSNAME,RD_OWNERNAME,MILE_MARKER,LATITUDE,LONGITUD,HARM_EVNAME,COLLISION_TYPE,TYP_INTNAME,REL_ROADNAME,WRK_ZONENAME,LGT_CONDNAME,WEATHERNAME,SCH_BUS,HIT_RUN,MOD_YEAR,DEATHS,DR_DRINK,COUNTYNAME,CITYNAME
2022,10365,Florida,1,1,2,September,17,Saturday,22,US-19,US Highway,Urban,Principal Arterial - Other,State Highway Agency,374.688,28.38790556,-82.67103056,Pedestrian,Not a Collision,T-Intersection,On Roadway,,Dark - Lighted,Clear,0,0,2009.0,0,0,PASCO (101),NOT APPLICABLE
2022,10366,Florida,1,1,1,September,26,Monday,7,SUMNER ROAD,Other,Rural,Local,Not Reported,374.688,27.75570278,-82.33494167,Pedestrian,Not a Collision,Not an Intersection,On Roadway,,Dawn,Cloudy,0,0,2013.0,1,0,HILLSBOROUGH (57),BALM
2022,10367,Florida,0,1,1,October,1,Saturday,9,US-1,US Highway,Urban,Principal Arterial - Other,State Highway Agency,374.688,30.1647,-85.58995833,Curb,Not a Collision,Not an Intersection,On Roadside,,Daylight,Clear,0,0,2012.0,0,0,BAY (5),CALLAWAY
2022,10368,Florida,1,1,1,June,5,Sunday,21,US-1,US Highway,Urban,Principal Arterial - Other,State Highway Agency,374.688,26.09707222,-80.13660556,Non-Motorist on Personal Conveyance,Not a Collision,Not an Intersection,On Roadway,,Dark - Lighted,Clear,0,0,2004.0,1,1,BROWARD (11),FORT LAUDERDALE
2022,10369,Florida,0,2,2,June,16,Thursday,22,SR-26,State Highway,Urban,Principal Arterial - Other,State Highway Agency,374.688,29.65238056,-82.38089444,Motor Vehicle In-Transport,Angle,Four-Way Intersection,On Roadway,,Dark - Lighted,Clear,0,0,1984.0,1,0,ALACHUA (1),GAINESVILLE
2022,10370,Florida,0,1,1,June,16,Thursday,12,I-4,Interstate,Urban,Interstate,State Highway Agency,374.688,28.69603889,-81.38708056,Utility Pole/Light Support,Not a Collision,Not an Intersection,On Roadside,,Daylight,Clear,0,0,2009.0,1,0,SEMINOLE (117),NOT APPLICABLE
2022,10371,Florida,1,1,1,June,20,Monday,21,US-1,US Highway,Urban,Principal Arterial - Other,State Highway Agency,374.688,26.11315,-80.13713611,Pedestrian,Not a Collision,Four-Way Intersection,On Roadway,,Dark - Not Lighted,Rain,0,0,2011.0,1,1,BROWARD (11),FORT LAUDERDALE
2022,10371,Florida,1,1,1,June,20,Monday,21,US-1,US Highway,Urban,Principal Arterial - Other,State Highway Agency,374.688,26.11315,-80.13713611,Pedestrian,Not a Collision,Four-Way Intersection,On Roadway,,Dark - Not Lighted,Rain,0,0,2003.0,0,0,BROWARD (11),FORT LAUDERDALE
2022,10372,Florida,0,2,3,June,27,Monday,16,US-92,US Highway,Urban,Principal Arterial - Other,State Highway Agency,374.688,28.03503056,-82.01925556,Motor Vehicle In-Transport,Angle,Four-Way Intersection,On Roadway,,Daylight,Clear,0,0,2000.0,0,0,POLK (105),LAKELAND
2022,10373,Florida,0,2,4,July,2,Saturday,17,18TH ST,Local Street - Municipality,Urban,Major Collector,Not Reported,374.688,26.33176667,-80.15999722,Motor Vehicle In-Transport,Angle,Four-Way Intersection,On Roadway,,Daylight,Clear,0,0,2021.0,1,0,PALM BEACH (99),NOT APPLICABLE
2022,10373,Florida,0,2,4,July,2,Saturday,17,18TH ST,Local Street - Municipality,Urban,Major Collector,Not Reported,374.688,26.33176667,-80.15999722,Motor Vehicle In-Transport,Angle,Four-Way Intersection,On Roadway,,Daylight,Clear,0,0,2019.0,0,0,PALM BEACH (99),NOT APPLICABLE
2022,10374,Florida,0,3,3,July,15,Friday,15,SR-319,State Highway,Urban,Principal Arterial - Other,State Highway Agency,374.688,30.375925,-84.29264167,Motor Vehicle In-Transport,Angle,Four-Way Intersection,On Roadway,,Daylight,Clear,0,0,2007.0,1,0,LEON (73),TALLAHASSEE
2022,10374,Florida,0,3,3,July,15,Friday,15,SR-319,State Highway,Urban,Principal Arterial - Other,State Highway Agency,374.688,30.375925,-84.29264167,Motor Vehicle In-Transport,Angle,Four-Way Intersection,On Roadway,,Daylight,Clear,0,0,2017.0,0,0,LEON (73),TALLAHASSEE
2022,10374,Florida,0,3,3,July,15,Friday,15,SR-319,State Highway,Urban,Principal Arterial - Other,State Highway Agency,374.688,30.375925,-84.29264167,Motor Vehicle In-Transport,Angle,Four-Way Intersection,On Roadway,,Daylight,Clear,0,0,2018.0,0,0,LEON (73),TALLAHASSEE
2022,10374,Florida,0,3,3,July,15,Friday,15,SR-319,State Highway,Urban,Principal Arterial - Other,State Highway Agency,374.688,30.375925,-84.29264167,Motor Vehicle In-Transport,Angle,Four-Way Intersection,On Roadway,,Daylight,Clear,0,0,2015.0,0,0,LEON (73),TALLAHASSEE
2022,10375,Florida,0,2,3,July,16,Saturday,18,SUMTER BLVD,Local Street - Municipality,Urban,Major Collector,Not Reported,374.688,27.04960278,-82.21654444,Motor Vehicle In-Transport,Angle,T-Intersection,On Roadway,,Daylight,Cloudy,0,0,2014.0,1,0,SARASOTA (115),NORTH PORT
2022,10376,Florida,0,2,3,July,18,Monday,7,SR-87,State Highway,Urban,Minor Arterial,State Highway Agency,374.688,30.64535556,-87.04415556,Motor Vehicle In-Transport,Angle,T-Intersection,On Roadway,,Daylight,Clear,0,0,2017.0,1,1,SANTA ROSA (113),MILTON
2022,10376,Florida,0,2,3,July,18,Monday,7,SR-87,State Highway,Urban,Minor Arterial,State Highway Agency,374.688,30.64535556,-87.04415556,Motor Vehicle In-Transport,Angle,T-Intersection,On Roadway,,Daylight,Clear,0,0,2012.0,0,0,SANTA ROSA (113),MILTON
2022,10376,Florida,0,2,3,July,18,Monday,7,SR-87,State Highway,Urban,Minor Arterial,State Highway Agency,374.688,30.64535556,-87.04415556,Motor Vehicle In-Transport,Angle,T-Intersection,On Roadway,,Daylight,Clear,0,0,2013.0,0,0,SANTA ROSA (113),MILTON
2022,10377,Florida,0,2,2,July,23,Saturday,19,SR-89,State Highway,Urban,Principal Arterial - Other,State Highway Agency,374.688,30.62959722,-87.05568611,Motor Vehicle In-Transport,Front-to-Rear,Not an Intersection,On Roadway,,Daylight,Clear,0,0,2013.0,0,0,SANTA ROSA (113),MILTON
2022,10377,Florida,0,2,2,July,23,Saturday,19,SR-89,State Highway,Urban,Principal Arterial - Other,State Highway Agency,374.688,30.62959722,-87.05568611,Motor Vehicle In-Transport,Front-to-Rear,Not an Intersection,On Roadway,,Daylight,Clear,0,0,2004.0,1,0,SANTA ROSA (113),MILTON
2022,10377,Florida,0,2,2,July,23,Saturday,19,SR-89,State Highway,Urban,Principal Arterial - Other,State Highway Agency,374.688,30.62959722,-87.05568611,Motor Vehicle In-Transport,Front-to-Rear,Not an Intersection,On Roadway,,Daylight,Clear,0,0,2016.0,0,0,SANTA ROSA (113),MILTON
2022,10378,Florida,0,2,2,July,31,Sunday,21,NW 27TH AVE,Local Street - Municipality,Urban,Principal Arterial - Other,City or Municipal Highway Agency,374.688,25.919075,-80.24448611,Motor Vehicle In-Transport,Angle,T-Intersection,On Roadway,,Dark - Not Lighted,Clear,0,0,2014.0,1,1,MIAMI-DADE (86),MIAMI GARDENS
2022,10379,Florida,0,1,1,July,31,Sunday,11,US-19,US Highway,Urban,Principal Arterial - Other,State Highway Agency,374.688,27.90838333,-82.72953333,Traffic Sign Support,Not a Collision,Not an Intersection,On Roadside,,Daylight,Clear,0,0,2016.0,1,0,PINELLAS (103),LARGO
2022,10379,Florida,0,1,1,July,31,Sunday,11,US-19,US Highway,Urban,Principal Arterial - Other,State Highway Agency,374.688,27.90838333,-82.72953333,Traffic Sign Support,Not a Collision,Not an Intersection,On Roadside,,Daylight,Clear,0,0,2019.0,0,0,PINELLAS (103),LARGO
2022,10380,Florida,0,1,2,August,3,Wednesday,21,US-1,US Highway,Urban,Principal Arterial - Other,State Highway Agency,374.688,26.19108889,-80.11404722,Curb,Not a Collision,Not an Intersection,On Median,,Dark - Not Lighted,Clear,0,0,2005.0,1,0,BROWARD (11),FORT LAUDERDALE
2022,10381,Florida,0,2,2,August,5,Friday,13,US-1 S DIXIE HWY,US Highway,Urban,Principal Arterial - Other,State Highway Agency,374.688,25.44416111,-80.47515833,Motor Vehicle In-Transport,Angle,Four-Way Intersection,On Roadway,,Daylight,Clear,0,0,2022.0,1,1,MIAMI-DADE (86),FLORIDA CITY
2022,10382,Florida,0,2,2,August,5,Friday,12,SE SUNSET HARBOR ROAD,Local Street - Municipality,Urban,Minor Collector,City or Municipal Highway Agency,374.688,28.98613333,-81.96178611,Motor Vehicle In-Transport,Angle,Not an Intersection,On Roadway,,Daylight,Clear,0,0,2018.0,1,0,MARION (83),NOT APPLICABLE
2022,10382,Florida,0,2,2,August,5,Friday,12,SE SUNSET HARBOR ROAD,Local Street - Municipality,Urban,Minor Collector,City or Municipal Highway Agency,374.688,28.98613333,-81.96178611,Motor Vehicle In-Transport,Angle,Not an Intersection,On Roadway,,Daylight,Clear,0,0,2015.0,0,0,MARION (83),NOT APPLICABLE
2022,10383,Florida,0,2,2,August,6,Saturday,17,SHERIDAN ST,Local Street - Municipality,Urban,Principal Arterial - Other,City or Municipal Highway Agency,374.688,26.03058056,-80.26686944,Motor Vehicle In-Transport,Angle,T-Intersection,On Roadway,,Daylight,Clear,0,0,2011.0,1,0,BROWARD (11),COOPER CITY
2022,10384,Florida,1,1,1,August,12,Friday,14,NONE,Other,Trafficway Not in State Inventory,Trafficway Not in State Inventory,Trafficway Not in State Inventory,374.688,25.88143056,-80.35251111,Pedestrian,Not a Collision,Not an Intersection,On Roadway,,Daylight,Clear,0,0,1993.0,1,1,MIAMI-DADE (86),HIALEAH GARDENS
2022,10385,Florida,0,1,2,September,25,Sunday,3,NW WALTER POTTS RD,Other,Rural,Local,Not Reported,374.688,30.54724722,-85.34168611,Culvert,Not a Collision,Not an Intersection,On Roadside,,Dark - Not Lighted,Clear,0,0,1995.0,1,0,CALHOUN (13),ALTHA
2022,10386,Florida,0,2,2,September,26,Monday,21,HAMILTON BRIDGE ROAD,Unknown,Urban,Major Collector,Not Reported,374.688,30.62506944,-87.12558889,Motor Vehicle In-Transport,Angle,T-Intersection,On Roadway,,Dark - Not Lighted,Clear,0,0,2009.0,0,0,SANTA ROSA (113),NOT APPLICABLE
2022,10386,Florida,0,2,2,September,26,Monday,21,HAMILTON BRIDGE ROAD,Unknown,Urban,Major Collector,Not Reported,374.688,30.62506944,-87.12558889,Motor Vehicle In-Transport,Angle,T-Intersection,On Roadway,,Dark - Not Lighted,Clear,0,0,2020.0,0,0,SANTA ROSA (113),NOT APPLICABLE
2022,10386,Florida,0,2,2,September,26,Monday,21,HAMILTON BRIDGE ROAD,Unknown,Urban,Major Collector,Not Reported,374.688,30.62506944,-87.12558889,Motor Vehicle In-Transport,Angle,T-Intersection,On Roadway,,Dark - Not Lighted,Clear,0,0,2016.0,1,0,SANTA ROSA (113),NOT APPLICABLE
2022,10387,Florida,1,1,1,October,2,Sunday,6,CR-439,County Road,Urban,Minor Arterial,Not Reported,374.688,28.45008056,-81.47793889,Pedestrian,Not a Collision,Not an Intersection,On Roadway,,Dawn,Clear,0,0,2010.0,1,0,ORANGE (95),NOT APPLICABLE
2022,10388,Florida,1,1,1,October,2,Sunday,21,SR-727,State Highway,Urban,Minor Arterial,State Highway Agency,374.688,30.42555278,-87.316875,Pedestrian,Not a Collision,Not an Intersection,On Roadside,,Dark - Not Lighted,Clear,0,0,1999.0,1,0,ESCAMBIA (33),MYRTLE GROVE
2022,10389,Florida,1,1,1,October,4,Tuesday,9,US-41,US Highway,Urban,Principal Arterial - Other,State Highway Agency,374.688,27.45836111,-82.57535,Pedalcyclist,Not a Collision,Not an Intersection,On Roadway,,Daylight,Clear,0,0,2013.0,1,1,MANATEE (81),NOT APPLICABLE
2022,10390,Florida,0,2,2,October,6,Thursday,9,CR-268,County Road,Rural,Minor Collector,County Highway Agency,374.688,30.62116944,-84.7073,Vehicle Strikes Cargo from Other Vehicle,Other,Not an Intersection,On Roadway,,Daylight,Clear,0,1,2010.0,0,0,GADSDEN (39),NOT APPLICABLE
2022,10391,Florida,0,2,2,October,7,Friday,1,W OKEECHOBEE RD,Local Street - Municipality,Urban,Principal Arterial - Other,State Highway Agency,374.688,25.83878333,-80.30211667,Motor Vehicle In-Transport,Front-to-Front,T-Intersection,On Roadway,,Dark - Lighted,Clear,0,0,2019.0,1,0,MIAMI-DADE (86),HIALEAH
2022,10392,Florida,1,1,1,October,9,Sunday,21,US-90,US Highway,Urban,Principal Arterial - Other,State Highway Agency,374.688,30.30622778,-81.63873889,Pedestrian,Not a Collision,Not an Intersection,On Roadway,,Dark - Lighted,Clear,0,0,2005.0,1,0,DUVAL (31),JACKSONVILLE
2022,10393,Florida,0,1,1,September,18,Sunday,20,SR-528,State Highway,Rural,Principal Arterial - Freeways,State Highway Agency,374.688,28.45157222,-81.15509722,Rollover/Overturn,Not a Collision,Not an Intersection,On Shoulder,,Dark - Not Lighted,Clear,0,0,2014.0,0,0,ORANGE (95),NOT APPLICABLE
2022,10393,Florida,0,1,1,September,18,Sunday,20,SR-528,State Highway,Rural,Principal Arterial - Freeways,State Highway Agency,374.688,28.45157222,-81.15509722,Rollover/Overturn,Not a Collision,Not an Intersection,On Shoulder,,Dark - Not Lighted,Clear,0,0,2020.0,0,0,ORANGE (95),NOT APPLICABLE
2022,10393,Florida,0,1,1,September,18,Sunday,20,SR-528,State Highway,Rural,Principal Arterial - Freeways,State Highway Agency,374.688,28.45157222,-81.15509722,Rollover/Overturn,Not a Collision,Not an Intersection,On Shoulder,,Dark - Not Lighted,Clear,0,0,2021.0,0,0,ORANGE (95),NOT APPLICABLE
2022,10394,Florida,0,2,2,September,20,Tuesday,13,FLORIDA AVENUE,Other,Rural,Local,Town or Township Highway Agency,374.688,28.69238333,-81.1798,Motor Vehicle In-Transport,Angle,Four-Way Intersection,On Roadway,,Daylight,Clear,0,0,2008.0,1,1,SEMINOLE (117),NOT APPLICABLE
2022,10395,Florida,0,2,3,September,25,Sunday,19,BLUE SPRINGS AVE,Other,Rural,Local,City or Municipal Highway Agency,374.688,28.94331111,-81.3237,Motor Vehicle In-Transport,Angle,Four-Way Intersection,On Roadway,,Dark - Not Lighted,Clear,0,0,2006.0,1,1,VOLUSIA (127),NOT APPLICABLE
2022,10396,Florida,0,1,2,September,29,Thursday,17,EAST CRACKER SWAMP ROAD,Other,Rural,Minor Collector,City or Municipal Highway Agency,374.688,29.66681111,-81.54436944,Rollover/Overturn,Not a Collision,Not an Intersection,On Roadside,,Daylight,Cloudy,0,0,2015.0,1,0,PUTNAM (107),NOT APPLICABLE
2022,10397,Florida,1,1,1,October,4,Tuesday,20,LANTANA RD,Local Street - Municipality,Urban,Principal Arterial - Other,State Highway Agency,374.688,26.58816389,-80.09421389,Pedalcyclist,Not a Collision,Four-Way Intersection,On Roadway,,Dark - Lighted,Clear,0,1,2010.0,0,0,PALM BEACH (99),NOT APPLICABLE
2022,10398,Florida,1,1,3,October,7,Friday,22,US-98,US Highway,Urban,Principal Arterial - Other,State Highway Agency,374.688,27.9062,-81.84360833,Pedestrian,Not a Collision,Not an Intersection,On Roadway,,Dark - Not Lighted,Clear,0,0,2020.0,1,0,POLK (105),BARTOW
2022,10398,Florida,1,1,3,October,7,Friday,22,US-98,US Highway,Urban,Principal Arterial - Other,State Highway Agency,374.688,27.9062,-81.84360833,Pedestrian,Not a Collision,Not an Intersection,On Roadway,,Dark - Not Lighted,Clear,0,0,2016.0,0,0,POLK (105),BARTOW
2022,10399,Florida,0,2,2,October,7,Friday,8,CR-606,County Road,Urban,Minor Arterial,Not Reported,374.688,27.5872,-80.41421944,Motor Vehicle In-Transport,Angle,Four-Way Intersection,On Roadway,,Daylight,Clear,0,0,2014.0,0,0,INDIAN RIVER (61),NOT APPLICABLE
2022,10399,Florida,0,2,2,October,7,Friday,8,CR-606,County Road,Urban,Minor Arterial,Not Reported,374.688,27.5872,-80.41421944,Motor Vehicle In-Transport,Angle,Four-Way Intersection,On Roadway,,Daylight,Clear,0,0,2003.0,1,0,INDIAN RIVER (61),NOT APPLICABLE
2022,10400,Florida,1,1,1,September,15,Thursday,6,SW 20TH STREET,Local Street - Municipality,Urban,Major Collector,City or Municipal Highway Agency,374.688,29.16811944,-82.17258889,Pedestrian,Not a Collision,Not an Intersection,On Roadway,,Dark - Not Lighted,Clear,0,0,2003.0,1,1,MARION (83),OCALA
2022,10401,Florida,1,1,1,October,5,Wednesday,12,US-19 N,US Highway,Urban,Principal Arterial - Other,State Highway Agency,374.688,28.13845278,-82.74005278,Non-Motorist on Personal Conveyance,Not a Collision,Four-Way Intersection,On Roadway,,Daylight,Clear,0,0,2017.0,1,0,PINELLAS (103),TARPON SPRINGS
2022,10402,Florida,1,1,2,September,23,Friday,23,SR-997,State Highway,Urban,Principal Arterial - Other,State Highway Agency,374.688,25.572625,-80.47827778,Pedestrian,Not a Collision,Not an Intersection,On Roadway,,Dark - Lighted,Clear,0,0,2018.0,0,0,MIAMI-DADE (86),NOT APPLICABLE
2022,10403,Florida,0,2,2,October,1,Saturday,2,SYMMES RD,Local Street - Municipality,Urban,Major Collector,City or Municipal Highway Agency,374.688,27.83453333,-82.31530556,Motor Vehicle In-Transport,Front-to-Front,T-Intersection,On Roadway,,Dark - Lighted,Clear,0,0,1988.0,1,1,HILLSBOROUGH (57),RIVERVIEW
2022,10404,Florida,1,1,1,September,20,Tuesday,3,SR-13,State Highway,Urban,Minor Arterial,State Highway Agency,374.688,30.20841389,-81.61721667,Pedalcyclist,Not a Collision,Not an Intersection,On Roadway,,Dark - Lighted,Clear,0,0,1990.0,0,0,DUVAL (31),JACKSONVILLE
2022,10404,Florida,1,1,1,September,20,Tuesday,3,SR-13,State Highway,Urban,Minor Arterial,State Highway Agency,374.688,30.20841389,-81.61721667,Pedalcyclist,Not a Collision,Not an Intersection,On Roadway,,Dark - Lighted,Clear,0,0,2005.0,2,0,DUVAL (31),JACKSONVILLE
2022,10405,Florida,0,2,2,October,6,Thursday,20,US-19,US Highway,Urban,Principal Arterial - Other,State Highway Agency,374.688,28.08631111,-82.73950278,Motor Vehicle In-Transport,Angle,T-Intersection,On Roadway,,Dark - Lighted,Clear,0,0,2020.0,1,0,PINELLAS (103),NOT APPLICABLE
2022,10406,Florida,0,2,2,October,7,Friday,19,CRESTMORE DR,Unknown,Rural,Local,Town or Township Highway Agency,374.688,27.2756,-81.35171111,Motor Vehicle In-Transport,Angle,Four-Way Intersection,On Roadway,,Dusk,Clear,0,0,2004.0,1,0,HIGHLANDS (55),NOT APPLICABLE
2022,10407,Florida,1,1,1,October,7,Friday,6,OWENS AVE,Other,Rural,Local,County Highway Agency,374.688,27.22668889,-81.90401944,Pedalcyclist,Not a Collision,T-Intersection,On Roadway,,Dawn,Clear,0,0,2014.0,1,0,DE SOTO (27),NOT APPLICABLE
2022,10407,Florida,1,1,1,October,7,Friday,6,OWENS AVE,Other,Rural,Local,County Highway Agency,374.688,27.22668889,-81.90401944,Pedalcyclist,Not a Collision,T-Intersection,On Roadway,,Dawn,Clear,0,0,2019.0,0,0,DE SOTO (27),NOT APPLICABLE
2022,10408,Florida,0,3,4,September,17,Saturday,10,US-98,US Highway,Urban,Principal Arterial - Other,State Highway Agency,374.688,28.02383611,-81.92493611,Motor Vehicle In-Transport,Front-to-Front,Four-Way Intersection,On Roadway,,Daylight,Cloudy,0,0,2008.0,0,0,POLK (105),LAKELAND
2022,10408,Florida,0,3,4,September,17,Saturday,10,US-98,US Highway,Urban,Principal Arterial - Other,State Highway Agency,374.688,28.02383611,-81.92493611,Motor Vehicle In-Transport,Front-to-Front,Four-Way Intersection,On Roadway,,Daylight,Cloudy,0,0,1994.0,1,0,POLK (105),LAKELAND
2022,10408,Florida,0,3,4,September,17,Saturday,10,US-98,US Highway,Urban,Principal Arterial - Other,State Highway Agency,374.688,28.02383611,-81.92493611,Motor Vehicle In-Transport,Front-to-Front,Four-Way Intersection,On Roadway,,Daylight,Cloudy,0,0,2013.0,0,0,POLK (105),LAKELAND
2022,10410,Florida,0,1,1,September,19,Monday,15,GARDENS PKWY,Local Street - Municipality,Urban,Minor Collector,City or Municipal Highway Agency,374.688,26.85045278,-80.09116667,Curb,Not a Collision,Not an Intersection,On Median,,Daylight,Clear,0,0,2011.0,1,0,PALM BEACH (99),PALM BEACH GARDENS
2022,10412,Florida,1,1,1,October,6,Thursday,16,CR-462,County Road,Urban,Major Collector,City or Municipal Highway Agency,374.688,28.86565278,-82.02055,Pedestrian,Not a Collision,Four-Way Intersection,On Roadway,,Daylight,Clear,0,0,2005.0,1,0,SUMTER (119),WILDWOOD
2022,10413,Florida,0,2,3,September,19,Monday,17,N WICKHAM RD,Local Street - Municipality,Urban,Principal Arterial - Other,Town or Township Highway Agency,374.688,28.17431111,-80.67199167,Motor Vehicle In-Transport,Angle,Four-Way Intersection,On Roadway,,Daylight,Clear,0,1,2000.0,0,1,BREVARD (9),MELBOURNE
2022,10414,Florida,0,2,2,September,21,Wednesday,9,US-41,US Highway,Urban,Principal Arterial - Other,State Highway Agency,374.688,27.92661944,-82.40188056,Motor Vehicle In-Transport,Angle,T-Intersection,On Roadway,,Daylight,Clear,0,0,2004.0,1,0,HILLSBOROUGH (57),TAMPA
2022,10415,Florida,0,2,4,October,4,Tuesday,7,SR-22,State Highway,Rural,Principal Arterial - Other,State Highway Agency,374.688,30.15261111,-85.49833056,Motor Vehicle In-Transport,Front-to-Front,Not an Intersection,On Shoulder,,Daylight,Clear,0,0,2010.0,1,1,BAY (5),NOT APPLICABLE
2022,10416,Florida,0,2,2,October,7,Friday,10,SR-551,State Highway,Urban,Minor Arterial,State Highway Agency,374.688,28.45116389,-81.28621389,Motor Vehicle In-Transport,Angle,Four-Way Intersection,On Roadway,,Daylight,Clear,0,0,2016.0,1,0,ORANGE (95),ORLANDO
2022,10416,Florida,0,2,2,October,7,Friday,10,SR-551,State Highway,Urban,Minor Arterial,State Highway Agency,374.688,28.45116389,-81.28621389,Motor Vehicle In-Transport,Angle,Four-Way Intersection,On Roadway,,Daylight,Clear,0,0,2019.0,0,0,ORANGE (95),ORLANDO
2022,10417,Florida,1,1,1,October,2,Sunday,9,W LEE ST,Unknown,Urban,Local,Not Reported,374.688,30.42683889,-87.25953889,Pedalcyclist,Not a Collision,Four-Way Intersection,On Roadway,,Daylight,Clear,0,0,2003.0,1,0,ESCAMBIA (33),NOT APPLICABLE
2022,10418,Florida,0,1,1,October,6,Thursday,11,SR-817 N UNIVERSITY DR,State Highway,Urban,Principal Arterial - Other,State Highway Agency,374.688,26.15007222,-80.25720278,Curb,Not a Collision,Not an Intersection,On Roadside,,Daylight,Clear,0,0,2008.0,1,1,BROWARD (11),TAMARAC
2022,10419,Florida,1,1,1,October,10,Monday,7,LINEBAUGH AVE,Local Street - Municipality,Urban,Major Collector,State Highway Agency,374.688,28.04043889,-82.56653333,Pedestrian,Not a Collision,Four-Way Intersection,On Roadway,,Dark - Lighted,Clear,0,0,2006.0,1,0,HILLSBOROUGH (57),NOT APPLICABLE
2022,10420,Florida,0,1,1,October,12,Wednesday,17,FERN ST,Local Street - Municipality,Urban,Local,City or Municipal Highway Agency,374.688,26.710425,-80.05529167,Railway Vehicle,Not a Collision,Not an Intersection,On Roadway,,Daylight,Clear,0,0,2003.0,0,0,PALM BEACH (99),WEST PALM BEACH
2022,10420,Florida,0,1,1,October,12,Wednesday,17,FERN ST,Local Street - Municipality,Urban,Local,City or Municipal Highway Agency,374.688,26.710425,-80.05529167,Railway Vehicle,Not a Collision,Not an Intersection,On Roadway,,Daylight,Clear,0,0,2006.0,1,0,PALM BEACH (99),WEST PALM BEACH
2022,10421,Florida,0,3,5,October,12,Wednesday,16,SR-54,State Highway,Urban,Principal Arterial - Other,State Highway Agency,374.688,28.18735,-82.45415,Motor Vehicle In-Transport,Front-to-Front,Not an Intersection,On Roadway,,Daylight,Clear,0,0,2012.0,1,0,PASCO (101),NOT APPLICABLE
2022,10422,Florida,0,1,1,October,1,Saturday,2,I-75,Interstate,Urban,Interstate,State Highway Agency,374.688,27.397025,-82.45155833,Ditch,Not a Collision,Not an Intersection,On Roadside,,Dark - Not Lighted,Clear,0,0,2006.0,1,1,MANATEE (81),NOT APPLICABLE
2022,10422,Florida,0,1,1,October,1,Saturday,2,I-75,Interstate,Urban,Interstate,State Highway Agency,374.688,27.397025,-82.45155833,Ditch,Not a Collision,Not an Intersection,On Roadside,,Dark - Not Lighted,Clear,0,0,2017.0,0,0,MANATEE (81),NOT APPLICABLE
2022,10422,Florida,0,1,1,October,1,Saturday,2,I-75,Interstate,Urban,Interstate,State Highway Agency,374.688,27.397025,-82.45155833,Ditch,Not a Collision,Not an Intersection,On Roadside,,Dark - Not Lighted,Clear,0,0,2012.0,0,0,MANATEE (81),NOT APPLICABLE
2022,10423,Florida,0,1,2,October,9,Sunday,4,JOHN YOUNG PKWY,Local Street - Municipality,Urban,Principal Arterial - Other,Not Reported,374.688,28.53290833,-81.41395278,Curb,Not a Collision,Not an Intersection,On Roadside,,Dark - Lighted,Clear,0,1,1995.0,0,1,ORANGE (95),ORLANDO
2022,10424,Florida,0,2,2,October,12,Wednesday,9,SR-809,State Highway,Urban,Principal Arterial - Other,State Highway Agency,374.688,26.47798333,-80.122675,Motor Vehicle In-Transport,Angle,Not an Intersection,On Roadway,,Daylight,Clear,0,0,2009.0,1,0,PALM BEACH (99),NOT APPLICABLE
2022,10424,Florida,0,2,2,October,12,Wednesday,9,SR-809,State Highway,Urban,Principal Arterial - Other,State Highway Agency,374.688,26.47798333,-80.122675,Motor Vehicle In-Transport,Angle,Not an Intersection,On Roadway,,Daylight,Clear,0,0,2019.0,0,0,PALM BEACH (99),NOT APPLICABLE
2022,10425,Florida,0,1,1,July,23,Saturday,9,CR-13,County Road,Urban,Principal Arterial - Other,State Highway Agency,374.688,29.91791944,-81.59396111,Tree (Standing Only),Not a Collision,Not an Intersection,Outside Trafficway,,Daylight,Clear,0,0,1995.0,1,0,ST JOHNS (109),NOT APPLICABLE
2022,10426,Florida,0,2,4,October,6,Thursday,19,SR-15A,State Highway,Urban,Principal Arterial - Other,Not Reported,374.688,29.05441111,-81.32498056,Motor Vehicle In-Transport,Angle,Four-Way Intersection,On Roadway,,Dusk,Clear,0,0,2005.0,1,0,VOLUSIA (127),DELAND
2022,10426,Florida,0,2,4,October,6,Thursday,19,SR-15A,State Highway,Urban,Principal Arterial - Other,Not Reported,374.688,29.05441111,-81.32498056,Motor Vehicle In-Transport,Angle,Four-Way Intersection,On Roadway,,Dusk,Clear,0,0,2017.0,0,0,VOLUSIA (127),DELAND
2022,10427,Florida,1,1,1,October,2,Sunday,24,US-17,US Highway,Urban,Principal Arterial - Other,State Highway Agency,374.688,28.53645,-81.39716667,Pedalcyclist,Not a Collision,Four-Way Intersection,On Roadway,,Dark - Lighted,Clear,0,0,2013.0,1,0,ORANGE (95),ORLANDO
2022,10428,Florida,0,1,2,October,7,Friday,10,DEL WEBB BLVD,Local Street - Municipality,Urban,Local,Not Reported,374.688,29.01949167,-82.00980556,Curb,Not a Collision,Not an Intersection,On Roadside,,Daylight,Clear,0,0,2003.0,1,0,MARION (83),NOT APPLICABLE
2022,10429,Florida,1,1,1,January,27,Thursday,6,DYER BLVD,Local Street - Municipality,Urban,Major Collector,Not Reported,374.688,28.31723056,-81.43655,Pedestrian,Not a Collision,Four-Way Intersection,On Roadway,,Dark - Lighted,Clear,0,0,2017.0,1,1,OSCEOLA (97),KISSIMMEE