YEAR,ST_CASE,STATENAME,NUM_PEDS,NUM_VEHC,PERSONS,MONTHNAME,DAYNAME,DAY_WEEKNAME,HOUR,ROAD_NAME,ROUTENAME,RUR_URBNAME,FUNC_SYSNAME,RD_OWNERNAME,MILE_MARKER,LATITUDE,LONGITUD,HARM_EVNAME,COLLISION_TYPE,TYP_INTNAME,REL_ROADNAME,WRK_ZONENAME,LGT_CONDNAME,WEATHERNAME,SCH_BUS,HIT_RUN,MOD_YEAR,DEATHS,DR_DRINK,COUNTYNAME,CITYNAME
2022,10486,Florida,0,1,1,October,12,Wednesday,21,US-98,US Highway,Urban,Principal Arterial - Other,State Highway Agency,374.688,30.39798056,-87.41781944,Utility Pole/Light Support,Not a Collision,Not an Intersection,On Roadside,,Dark - Not Lighted,Cloudy,0,0,2010.0,1,0,ESCAMBIA (33),NOT APPLICABLE
2022,10487,Florida,1,1,1,October,23,Sunday,6,SR-809,State Highway,Urban,Principal Arterial - Other,State Highway Agency,374.688,26.65880833,-80.11264167,Pedestrian,Not a Collision,Not an Intersection,On Roadway,,Dark - Lighted,Clear,0,0,2014.0,0,0,PALM BEACH (99),NOT APPLICABLE
2022,10487,Florida,1,1,1,October,23,Sunday,6,SR-809,State Highway,Urban,Principal Arterial - Other,State Highway Agency,374.688,26.65880833,-80.11264167,Pedestrian,Not a Collision,Not an Intersection,On Roadway,,Dark - Lighted,Clear,0,0,2004.0,1,1,PALM BEACH (99),NOT APPLICABLE
2022,10488,Florida,1,1,1,October,26,Wednesday,4,W JOHN F KENNEDY BLVD,Other,Urban,Principal Arterial - Other,State Highway Agency,374.688,27.94474722,-82.52367778,Pedestrian,Not a Collision,Not an Intersection,On Roadway,"Work Zone, Type Unknown",Dark - Lighted,Clear,0,0,2005.0,1,1,HILLSBOROUGH (57),TAMPA
2022,10489,Florida,1,1,1,October,5,Wednesday,6,SR-973,State Highway,Urban,Principal Arterial - Other,State Highway Agency,374.688,25.7769,-80.33674722,Pedestrian,Not a Collision,Not an Intersection,On Roadway,,Dark - Lighted,Clear,0,0,2011.0,1,0,MIAMI-DADE (86),NOT APPLICABLE
2022,10489,Florida,1,1,1,October,5,Wednesday,6,SR-973,State Highway,Urban,Principal Arterial - Other,State Highway Agency,374.688,25.7769,-80.33674722,Pedestrian,Not a Collision,Not an Intersection,On Roadway,,Dark - Lighted,Clear,0,0,2020.0,0,0,MIAMI-DADE (86),NOT APPLICABLE
2022,10490,Florida,0,1,2,October,16,Sunday,9,CR-576,County Road,Rural,Major Collector,County Highway Agency,374.688,28.45256111,-82.35238889,Culvert,Not a Collision,Not an Intersection,On Roadside,,Daylight,Clear,0,0,2018.0,1,0,HERNANDO (53),NOT APPLICABLE
2022,10490,Florida,0,1,2,October,16,Sunday,9,CR-576,County Road,Rural,Major Collector,County Highway Agency,374.688,28.45256111,-82.35238889,Culvert,Not a Collision,Not an Intersection,On Roadside,,Daylight,Clear,0,0,2007.0,0,0,HERNANDO (53),NOT APPLICABLE
2022,10490,Florida,0,1,2,October,16,Sunday,9,CR-576,County Road,Rural,Major Collector,County Highway Agency,374.688,28.45256111,-82.35238889,Culvert,Not a Collision,Not an Intersection,On Roadside,,Daylight,Clear,0,0,2020.0,0,0,HERNANDO (53),NOT APPLICABLE
2022,10490,Florida,0,1,2,October,16,Sunday,9,CR-576,County Road,Rural,Major Collector,County Highway Agency,374.688,28.45256111,-82.35238889,Culvert,Not a Collision,Not an Intersection,On Roadside,,Daylight,Clear,0,0,2014.0,0,0,HERNANDO (53),NOT APPLICABLE
2022,10490,Florida,0,1,2,October,16,Sunday,9,CR-576,County Road,Rural,Major Collector,County Highway Agency,374.688,28.45256111,-82.35238889,Culvert,Not a Collision,Not an Intersection,On Roadside,,Daylight,Clear,0,0,2021.0,0,0,HERNANDO (53),NOT APPLICABLE
2022,10491,Florida,0,1,1,October,20,Thursday,4,I-75,Interstate,Urban,Interstate,State Highway Agency,374.688,26.56399167,-81.79416944,Rollover/Overturn,Not a Collision,Not an Intersection,On Median,,Dark - Not Lighted,Clear,0,0,2004.0,1,1,LEE (71),NOT APPLICABLE
2022,10492,Florida,0,1,2,October,21,Friday,2,SR-821,State Highway,Urban,Principal Arterial - Freeways,State Highway Agency,374.688,25.46865,-80.4531,Concrete Traffic Barrier,Not a Collision,Not an Intersection,On Median,,Dark - Lighted,Clear,0,0,2020.0,1,0,MIAMI-DADE (86),NOT APPLICABLE
2022,10492,Florida,0,1,2,October,21,Friday,2,SR-821,State Highway,Urban,Principal Arterial - Freeways,State Highway Agency,374.688,25.46865,-80.4531,Concrete Traffic Barrier,Not a Collision,Not an Intersection,On Median,,Dark - Lighted,Clear,0,0,2015.0,0,0,MIAMI-DADE (86),NOT APPLICABLE
2022,10493,Florida,0,2,3,October,15,Saturday,20,SR-85,State Highway,Rural,Principal Arterial - Other,State Highway Agency,374.688,30.96675,-86.40548889,Motor Vehicle In-Transport,Angle,Four-Way Intersection,On Roadway,,Dark - Not Lighted,Clear,0,0,1999.0,1,1,OKALOOSA (91),NOT APPLICABLE
2022,10494,Florida,0,2,2,October,10,Monday,19,SR-54,State Highway,Urban,Principal Arterial - Other,State Highway Agency,374.688,28.21711111,-82.70228889,Motor Vehicle In-Transport,Angle,T-Intersection,On Roadway,,Dark - Lighted,Clear,0,0,2015.0,1,1,PASCO (101),NOT APPLICABLE
2022,10495,Florida,0,2,2,October,19,Wednesday,21,SR-54,State Highway,Urban,Principal Arterial - Other,State Highway Agency,374.688,28.1861,-82.42385,Motor Vehicle In-Transport,Angle,T-Intersection,On Roadway,,Dark - Not Lighted,Clear,0,0,2009.0,1,0,PASCO (101),NOT APPLICABLE
2022,10496,Florida,1,1,1,August,3,Wednesday,5,SR-823,State Highway,Urban,Principal Arterial - Other,State Highway Agency,374.688,25.97419722,-80.29515,Pedestrian,Not a Collision,Not an Intersection,On Roadway,,Dark - Lighted,Cloudy,0,0,2006.0,0,1,BROWARD (11),MIRAMAR
2022,10496,Florida,1,1,1,August,3,Wednesday,5,SR-823,State Highway,Urban,Principal Arterial - Other,State Highway Agency,374.688,25.97419722,-80.29515,Pedestrian,Not a Collision,Not an Intersection,On Roadway,,Dark - Lighted,Cloudy,0,0,2005.0,1,1,BROWARD (11),MIRAMAR
2022,10497,Florida,0,1,1,October,17,Monday,21,LONG ROAD,Unknown,Rural,Local,County Highway Agency,374.688,30.82824722,-86.34194722,Tree (Standing Only),Not a Collision,Not an Intersection,On Roadside,,Dark - Not Lighted,Clear,0,0,2004.0,1,0,WALTON (131),NOT APPLICABLE
2022,10497,Florida,0,1,1,October,17,Monday,21,LONG ROAD,Unknown,Rural,Local,County Highway Agency,374.688,30.82824722,-86.34194722,Tree (Standing Only),Not a Collision,Not an Intersection,On Roadside,,Dark - Not Lighted,Clear,0,0,2014.0,0,0,WALTON (131),NOT APPLICABLE
2022,10498,Florida,0,2,4,October,18,Tuesday,12,US-1,US Highway,Urban,Principal Arterial - Other,City or Municipal Highway Agency,374.688,27.2224,-80.26367222,Motor Vehicle In-Transport,Angle,Four-Way Intersection,On Roadway,,Daylight,Cloudy,0,0,2000.0,0,0,MARTIN (85),STUART
2022,10498,Florida,0,2,4,October,18,Tuesday,12,US-1,US Highway,Urban,Principal Arterial - Other,City or Municipal Highway Agency,374.688,27.2224,-80.26367222,Motor Vehicle In-Transport,Angle,Four-Way Intersection,On Roadway,,Daylight,Cloudy,0,0,2000.0,1,0,MARTIN (85),STUART
2022,10498,Florida,0,2,4,October,18,Tuesday,12,US-1,US Highway,Urban,Principal Arterial - Other,City or Municipal Highway Agency,374.688,27.2224,-80.26367222,Motor Vehicle In-Transport,Angle,Four-Way Intersection,On Roadway,,Daylight,Cloudy,0,0,2015.0,0,0,MARTIN (85),STUART
2022,10499,Florida,0,1,3,October,12,Wednesday,24,DEEN STILL ROAD,Unknown,Rural,Local,County Highway Agency,374.688,28.25909722,-81.76185278,Fence,Not a Collision,Not an Intersection,On Roadside,,Dark - Not Lighted,Clear,0,0,2004.0,1,0,POLK (105),NOT APPLICABLE
2022,10500,Florida,0,3,3,October,21,Friday,13,SR-80,State Highway,Rural,Major Collector,State Highway Agency,374.688,26.725625,-80.45128889,Motor Vehicle In-Transport,Angle,Four-Way Intersection,On Roadway,,Daylight,Clear,0,0,2010.0,1,0,PALM BEACH (99),BELLE GLADE
2022,10500,Florida,0,3,3,October,21,Friday,13,SR-80,State Highway,Rural,Major Collector,State Highway Agency,374.688,26.725625,-80.45128889,Motor Vehicle In-Transport,Angle,Four-Way Intersection,On Roadway,,Daylight,Clear,0,0,2016.0,0,0,PALM BEACH (99),BELLE GLADE
2022,10501,Florida,0,2,3,October,21,Friday,24,SR-811,State Highway,Urban,Minor Arterial,State Highway Agency,374.688,26.83792222,-80.09370556,Motor Vehicle In-Transport,Angle,Four-Way Intersection,On Roadway,,Dark - Lighted,Clear,0,0,2014.0,1,1,PALM BEACH (99),PALM BEACH GARDENS
2022,10502,Florida,0,1,1,October,24,Monday,20,SR-710,State Highway,Rural,Principal Arterial - Other,State Highway Agency,374.688,27.10136389,-80.59059167,Tree (Standing Only),Not a Collision,Not an Intersection,Off Roadway-Location Unknown,,Dark - Not Lighted,Clear,0,0,2001.0,1,0,MARTIN (85),NOT APPLICABLE
2022,10502,Florida,0,1,1,October,24,Monday,20,SR-710,State Highway,Rural,Principal Arterial - Other,State Highway Agency,374.688,27.10136389,-80.59059167,Tree (Standing Only),Not a Collision,Not an Intersection,Off Roadway-Location Unknown,,Dark - Not Lighted,Clear,0,0,2019.0,0,0,MARTIN (85),NOT APPLICABLE
2022,10502,Florida,0,1,1,October,24,Monday,20,SR-710,State Highway,Rural,Principal Arterial - Other,State Highway Agency,374.688,27.10136389,-80.59059167,Tree (Standing Only),Not a Collision,Not an Intersection,Off Roadway-Location Unknown,,Dark - Not Lighted,Clear,0,0,2016.0,0,0,MARTIN (85),NOT APPLICABLE
2022,10503,Florida,0,2,4,October,24,Monday,22,CR-896,County Road,Rural,Minor Arterial,County Highway Agency,374.688,26.21198056,-81.71230278,Motor Vehicle In-Transport,Sideswipe - Same Direction,Not an Intersection,On Roadway,,Dark - Not Lighted,Clear,0,0,2006.0,1,1,COLLIER (21),NOT APPLICABLE
2022,10504,Florida,1,1,1,October,24,Monday,6,SR-69,State Highway,Rural,Major Collector,State Highway Agency,374.688,30.46331944,-85.04496667,Pedestrian,Not a Collision,Not an Intersection,On Shoulder,"Work Zone, Type Unknown",Dawn,Clear,0,0,2007.0,1,1,CALHOUN (13),NOT APPLICABLE
2022,10505,Florida,0,2,2,October,24,Monday,7,US-41 N NEBRASKA AVE,US Highway,Urban,Principal Arterial - Other,State Highway Agency,374.688,28.04350278,-82.45124167,Motor Vehicle In-Transport,Angle,Four-Way Intersection,On Roadway,,Daylight,Clear,0,0,2004.0,1,1,HILLSBOROUGH (57),TAMPA
2022,10506,Florida,0,3,4,October,26,Wednesday,20,US-331,US Highway,Rural,Principal Arterial - Other,State Highway Agency,374.688,30.49108889,-86.1212,Motor Vehicle In-Transport,Angle,Four-Way Intersection,On Roadway,,Dark - Not Lighted,Clear,0,0,2011.0,1,0,WALTON (131),NOT APPLICABLE
2022,10507,Florida,1,1,1,October,30,Sunday,21,US-92,US Highway,Urban,Principal Arterial - Other,State Highway Agency,374.688,28.05182222,-81.92908333,Pedestrian,Not a Collision,Not an Intersection,On Roadway,,Dark - Lighted,Clear,0,0,2013.0,0,0,POLK (105),LAKELAND
2022,10508,Florida,0,3,4,October,24,Monday,9,W WOOLBRIGHT RD,Local Street - Municipality,Urban,Minor Arterial,City or Municipal Highway Agency,374.688,26.51458056,-80.06785,Motor Vehicle In-Transport,Angle,T-Intersection,On Roadway,,Daylight,Clear,0,0,2007.0,1,0,PALM BEACH (99),BOYNTON BEACH
2022,10509,Florida,0,1,1,October,25,Tuesday,12,OKEECHOBEE BLVD,Local Street - Municipality,Urban,Minor Collector,County Highway Agency,374.688,26.70719722,-80.30853333,Curb,Not a Collision,Not an Intersection,On Roadside,,Daylight,Clear,0,0,2001.0,2,1,PALM BEACH (99),NOT APPLICABLE
2022,10510,Florida,0,2,5,October,28,Friday,7,HAVERHILL RD S,Local Street - Municipality,Urban,Minor Arterial,County Highway Agency,374.688,26.67022778,-80.12052222,Motor Vehicle In-Transport,Angle,T-Intersection,On Roadway,,Dawn,Clear,0,0,2009.0,0,0,PALM BEACH (99),NOT APPLICABLE
2022,10511,Florida,0,1,1,September,26,Monday,9,US-331,US Highway,Urban,Principal Arterial - Other,State Highway Agency,374.688,30.49148889,-86.12066667,Curb,Not a Collision,Four-Way Intersection,On Roadside,,Daylight,Clear,0,0,2010.0,0,0,WALTON (131),NOT APPLICABLE
2022,10512,Florida,1,1,2,September,30,Friday,22,SR-817 S UNIVERSITY DR,State Highway,Urban,Principal Arterial - Other,State Highway Agency,374.688,26.11014722,-80.25018889,Pedestrian,Not a Collision,Not an Intersection,On Roadway,"Work Zone, Type Unknown",Dark - Lighted,Clear,0,0,2022.0,1,0,BROWARD (11),PLANTATION
2022,10513,Florida,0,1,3,October,2,Sunday,3,N 62ND AVE,Local Street - Municipality,Urban,Major Collector,City or Municipal Highway Agency,374.688,27.8283,-82.64892778,Curb,Not a Collision,Not an Intersection,On Roadside,,Dark - Lighted,Clear,0,0,2018.0,1,0,PINELLAS (103),SAINT PETERSBURG
2022,10513,Florida,0,1,3,October,2,Sunday,3,N 62ND AVE,Local Street - Municipality,Urban,Major Collector,City or Municipal Highway Agency,374.688,27.8283,-82.64892778,Curb,Not a Collision,Not an Intersection,On Roadside,,Dark - Lighted,Clear,0,0,2020.0,0,0,PINELLAS (103),SAINT PETERSBURG
2022,10514,Florida,1,1,1,October,7,Friday,21,US-27,US Highway,Urban,Principal Arterial - Other,State Highway Agency,374.688,27.71131667,-81.56102222,Pedestrian,Not a Collision,Not an Intersection,On Roadway,,Dark - Not Lighted,Clear,0,1,2010.0,0,0,POLK (105),NOT APPLICABLE
2022,10515,Florida,0,2,5,October,8,Saturday,19,SR-80,State Highway,Urban,Principal Arterial - Other,State Highway Agency,374.688,26.76388611,-81.39012222,Motor Vehicle In-Transport,Angle,Four-Way Intersection,On Roadway,,Dark - Not Lighted,Clear,0,0,2004.0,1,0,HENDRY (51),NOT APPLICABLE
2022,10516,Florida,0,1,2,October,17,Monday,19,SEMINOLE WOODS BOULEVARD,Local Street - Municipality,Urban,Major Collector,City or Municipal Highway Agency,374.688,29.44453333,-81.18080556,Tree (Standing Only),Not a Collision,Not an Intersection,On Median,,Dark - Not Lighted,Rain,0,0,1997.0,1,0,FLAGLER (35),PALM COAST
2022,10517,Florida,1,1,1,October,14,Friday,20,US-441,US Highway,Urban,Principal Arterial - Other,State Highway Agency,374.688,29.146275,-82.11403056,Pedestrian,Not a Collision,Not an Intersection,On Roadside,,Dark - Not Lighted,Clear,0,0,1999.0,0,0,MARION (83),OCALA
2022,10518,Florida,0,2,2,October,17,Monday,15,QUESADA AVE,Unknown,Urban,Major Collector,County Highway Agency,374.688,27.01005,-82.09051111,Motor Vehicle In-Transport,Angle,Four-Way Intersection,On Roadway,,Daylight,Clear,0,0,2000.0,1,1,CHARLOTTE (15),NOT APPLICABLE
2022,10519,Florida,2,1,1,October,18,Tuesday,19,FRONT ST,Local Street - Municipality,Urban,Minor Collector,City or Municipal Highway Agency,374.688,28.07951389,-80.60093056,Pedestrian,Not a Collision,Not an Intersection,Off Roadway-Location Unknown,,Dark - Lighted,Cloudy,0,0,2017.0,0,0,BREVARD (9),MELBOURNE
2022,10521,Florida,0,3,2,October,17,Monday,5,SR-580,State Highway,Urban,Principal Arterial - Other,State Highway Agency,374.688,27.99599167,-82.46807222,Motor Vehicle In-Transport,Sideswipe - Same Direction,T-Intersection,On Roadway,,Dark - Lighted,Clear,0,0,2013.0,1,0,HILLSBOROUGH (57),TAMPA
2022,10521,Florida,0,3,2,October,17,Monday,5,SR-580,State Highway,Urban,Principal Arterial - Other,State Highway Agency,374.688,27.99599167,-82.46807222,Motor Vehicle In-Transport,Sideswipe - Same Direction,T-Intersection,On Roadway,,Dark - Lighted,Clear,0,0,2021.0,0,0,HILLSBOROUGH (57),TAMPA
2022,10522,Florida,0,1,1,October,15,Saturday,15,SR-973,State Highway,Urban,Principal Arterial - Other,State Highway Agency,374.688,25.73343333,-80.33588889,Other Traffic Barrier,Not a Collision,Not an Intersection,On Roadside,,Daylight,Clear,0,0,2011.0,1,0,MIAMI-DADE (86),NOT APPLICABLE
2022,10522,Florida,0,1,1,October,15,Saturday,15,SR-973,State Highway,Urban,Principal Arterial - Other,State Highway Agency,374.688,25.73343333,-80.33588889,Other Traffic Barrier,Not a Collision,Not an Intersection,On Roadside,,Daylight,Clear,0,0,2011.0,0,0,MIAMI-DADE (86),NOT APPLICABLE
2022,10523,Florida,0,2,3,October,23,Sunday,16,SR-11,State Highway,Rural,Minor Collector,County Highway Agency,374.688,29.34331111,-81.31096111,Motor Vehicle In-Transport,Angle,Four-Way Intersection,On Roadway,,Daylight,Clear,0,0,2015.0,1,0,FLAGLER (35),NOT APPLICABLE
2022,10524,Florida,0,2,3,October,23,Sunday,24,CALIFORNIA ST,Local Street - Municipality,Urban,Local,City or Municipal Highway Agency,374.688,30.45634444,-84.30936111,Motor Vehicle In-Transport,Angle,Four-Way Intersection,On Roadway,,Dark - Lighted,Clear,0,0,2008.0,1,1,LEON (73),TALLAHASSEE
2022,10524,Florida,0,2,3,October,23,Sunday,24,CALIFORNIA ST,Local Street - Municipality,Urban,Local,City or Municipal Highway Agency,374.688,30.45634444,-84.30936111,Motor Vehicle In-Transport,Angle,Four-Way Intersection,On Roadway,,Dark - Lighted,Clear,0,0,2017.0,0,0,LEON (73),TALLAHASSEE
2022,10525,Florida,0,1,3,October,22,Saturday,14,US-27,US Highway,Urban,Principal Arterial - Other,State Highway Agency,374.688,26.48515278,-80.654125,Rollover/Overturn,Not a Collision,Not an Intersection,On Median,,Daylight,Clear,0,0,2012.0,0,0,PALM BEACH (99),SOUTH BAY
2022,10525,Florida,0,1,3,October,22,Saturday,14,US-27,US Highway,Urban,Principal Arterial - Other,State Highway Agency,374.688,26.48515278,-80.654125,Rollover/Overturn,Not a Collision,Not an Intersection,On Median,,Daylight,Clear,0,0,2014.0,1,0,PALM BEACH (99),SOUTH BAY
2022,10526,Florida,0,2,2,October,22,Saturday,17,KEYLIME BLVD,Unknown,Urban,Local,Private (other than Railroad),374.688,26.78715278,-80.26333611,Motor Vehicle In-Transport,Angle,Not an Intersection,On Roadway,,Daylight,Clear,0,0,2013.0,1,0,PALM BEACH (99),NOT APPLICABLE
2022,10526,Florida,0,2,2,October,22,Saturday,17,KEYLIME BLVD,Unknown,Urban,Local,Private (other than Railroad),374.688,26.78715278,-80.26333611,Motor Vehicle In-Transport,Angle,Not an Intersection,On Roadway,,Daylight,Clear,0,0,2021.0,0,0,PALM BEACH (99),NOT APPLICABLE
2022,10527,Florida,0,1,3,October,21,Friday,13,US-27,US Highway,Rural,Principal Arterial - Other,State Highway Agency,374.688,27.76807222,-81.59606944,Rollover/Overturn,Not a Collision,Not an Intersection,On Roadside,,Daylight,Clear,0,0,2008.0,1,0,POLK (105),NOT APPLICABLE
2022,10527,Florida,0,1,3,October,21,Friday,13,US-27,US Highway,Rural,Principal Arterial - Other,State Highway Agency,374.688,27.76807222,-81.59606944,Rollover/Overturn,Not a Collision,Not an Intersection,On Roadside,,Daylight,Clear,0,0,2022.0,0,0,POLK (105),NOT APPLICABLE
2022,10528,Florida,0,2,2,October,25,Tuesday,6,S MIAMI AVE,Local Street - Municipality,Urban,Minor Arterial,City or Municipal Highway Agency,374.688,25.74998333,-80.206725,Motor Vehicle In-Transport,Front-to-Front,Four-Way Intersection,On Roadway,,Daylight,Clear,0,0,2009.0,1,0,MIAMI-DADE (86),MIAMI
2022,10529,Florida,0,1,1,September,9,Friday,24,6TH ST,Local Street - Municipality,Urban,Minor Collector,Not Reported,374.688,26.12933889,-80.16108889,Curb,Not a Collision,Not an Intersection,On Median,,Dark - Lighted,Clear,0,0,2020.0,1,1,BROWARD (11),FORT LAUDERDALE
2022,10530,Florida,0,4,6,October,27,Thursday,17,I-95,Interstate,Urban,Interstate,State Highway Agency,374.688,28.00996111,-80.63845,Motor Vehicle In-Transport,Front-to-Rear,Not an Intersection,On Roadway,,Daylight,Clear,0,0,2013.0,1,0,BREVARD (9),PALM BAY
2022,10530,Florida,0,4,6,October,27,Thursday,17,I-95,Interstate,Urban,Interstate,State Highway Agency,374.688,28.00996111,-80.63845,Motor Vehicle In-Transport,Front-to-Rear,Not an Intersection,On Roadway,,Daylight,Clear,0,0,2015.0,0,0,BREVARD (9),PALM BAY
2022,10531,Florida,1,1,1,October,15,Saturday,19,NW 7TH ST,Local Street - Municipality,Urban,Local,City or Municipal Highway Agency,374.688,26.35715,-80.10608889,Pedestrian,Not a Collision,Not an Intersection,On Roadway,,Dark - Not Lighted,Clear,0,0,2022.0,1,0,PALM BEACH (99),BOCA RATON
2022,10531,Florida,1,1,1,October,15,Saturday,19,NW 7TH ST,Local Street - Municipality,Urban,Local,City or Municipal Highway Agency,374.688,26.35715,-80.10608889,Pedestrian,Not a Collision,Not an Intersection,On Roadway,,Dark - Not Lighted,Clear,0,0,2018.0,0,0,PALM BEACH (99),BOCA RATON
2022,10532,Florida,0,2,2,October,30,Sunday,16,DIXI HWY,Other,Urban,Minor Arterial,State Highway Agency,374.688,26.62758611,-80.05696389,Motor Vehicle In-Transport,Angle,Four-Way Intersection,On Roadway,,Daylight,Clear,0,0,2012.0,0,0,PALM BEACH (99),Other
2022,10532,Florida,0,2,2,October,30,Sunday,16,DIXI HWY,Other,Urban,Minor Arterial,State Highway Agency,374.688,26.62758611,-80.05696389,Motor Vehicle In-Transport,Angle,Four-Way Intersection,On Roadway,,Daylight,Clear,0,0,2018.0,1,0,PALM BEACH (99),Other
2022,10532,Florida,0,2,2,October,30,Sunday,16,DIXI HWY,Other,Urban,Minor Arterial,State Highway Agency,374.688,26.62758611,-80.05696389,Motor Vehicle In-Transport,Angle,Four-Way Intersection,On Roadway,,Daylight,Clear,0,0,2019.0,0,0,PALM BEACH (99),Other
2022,10533,Florida,0,2,3,October,7,Friday,12,SR-40,State Highway,Urban,Principal Arterial - Other,State Highway Agency,374.688,29.28312222,-81.06208333,Motor Vehicle In-Transport,Angle,Four-Way Intersection,On Roadway,,Daylight,Clear,0,0,2018.0,1,0,VOLUSIA (127),ORMOND BEACH
2022,10533,Florida,0,2,3,October,7,Friday,12,SR-40,State Highway,Urban,Principal Arterial - Other,State Highway Agency,374.688,29.28312222,-81.06208333,Motor Vehicle In-Transport,Angle,Four-Way Intersection,On Roadway,,Daylight,Clear,0,0,2020.0,0,0,VOLUSIA (127),ORMOND BEACH
2022,10534,Florida,0,3,4,October,7,Friday,16,POND CT,Local Street - Municipality,Urban,Minor Arterial,Private (other than Railroad),374.688,28.89673889,-81.284275,Motor Vehicle In-Transport,Front-to-Front,T-Intersection,On Roadway,,Daylight,Clear,0,0,2003.0,1,0,VOLUSIA (127),DELTONA
2022,10534,Florida,0,3,4,October,7,Friday,16,POND CT,Local Street - Municipality,Urban,Minor Arterial,Private (other than Railroad),374.688,28.89673889,-81.284275,Motor Vehicle In-Transport,Front-to-Front,T-Intersection,On Roadway,,Daylight,Clear,0,0,2006.0,0,0,VOLUSIA (127),DELTONA
2022,10535,Florida,0,1,1,October,9,Sunday,12,NW 14TH ST,Unknown,Rural,Local,Unknown,374.688,29.20183611,-82.30590833,Utility Pole/Light Support,Not a Collision,Not an Intersection,On Roadside,,Daylight,Clear,0,0,2022.0,0,0,MARION (83),NOT APPLICABLE
2022,10536,Florida,0,2,2,October,11,Tuesday,15,CR-435,County Road,Urban,Minor Arterial,County Highway Agency,374.688,28.43800556,-81.504125,Motor Vehicle In-Transport,Front-to-Rear,Not an Intersection,On Roadway,,Daylight,Clear,0,0,2013.0,0,1,ORANGE (95),NOT APPLICABLE
2022,10536,Florida,0,2,2,October,11,Tuesday,15,CR-435,County Road,Urban,Minor Arterial,County Highway Agency,374.688,28.43800556,-81.504125,Motor Vehicle In-Transport,Front-to-Rear,Not an Intersection,On Roadway,,Daylight,Clear,0,0,2008.0,1,0,ORANGE (95),NOT APPLICABLE
2022,10536,Florida,0,2,2,October,11,Tuesday,15,CR-435,County Road,Urban,Minor Arterial,County Highway Agency,374.688,28.43800556,-81.504125,Motor Vehicle In-Transport,Front-to-Rear,Not an Intersection,On Roadway,,Daylight,Clear,0,0,2016.0,0,0,ORANGE (95),NOT APPLICABLE
2022,10537,Florida,1,2,3,October,17,Monday,23,SR-435,State Highway,Urban,Principal Arterial - Other,State Highway Agency,374.688,28.49643333,-81.45911389,Pedestrian,Not a Collision,Not an Intersection,On Roadway,,Dark - Lighted,Clear,0,0,2007.0,0,0,ORANGE (95),ORLANDO
2022,10537,Florida,1,2,3,October,17,Monday,23,SR-435,State Highway,Urban,Principal Arterial - Other,State Highway Agency,374.688,28.49643333,-81.45911389,Pedestrian,Not a Collision,Not an Intersection,On Roadway,,Dark - Lighted,Clear,0,0,2010.0,0,0,ORANGE (95),ORLANDO
2022,10538,Florida,0,2,2,October,17,Monday,18,NW 6TH ST,Local Street - Municipality,Urban,Local,State Highway Agency,374.688,25.47528889,-80.48153889,Motor Vehicle In-Transport,Angle,Four-Way Intersection,On Roadway,,Daylight,Clear,0,0,2012.0,0,0,MIAMI-DADE (86),HOMESTEAD
2022,10538,Florida,0,2,2,October,17,Monday,18,NW 6TH ST,Local Street - Municipality,Urban,Local,State Highway Agency,374.688,25.47528889,-80.48153889,Motor Vehicle In-Transport,Angle,Four-Way Intersection,On Roadway,,Daylight,Clear,0,0,1995.0,1,0,MIAMI-DADE (86),HOMESTEAD
2022,10539,Florida,0,2,3,October,23,Sunday,18,SARNO RD,Local Street - Municipality,Urban,Minor Arterial,County Highway Agency,374.688,28.1216,-80.65487778,Motor Vehicle In-Transport,Angle,Four-Way Intersection,On Roadway,,Daylight,Clear,0,0,1998.0,1,0,BREVARD (9),MELBOURNE
2022,10540,Florida,0,2,3,October,23,Sunday,17,US-27,US Highway,Urban,Principal Arterial - Other,State Highway Agency,374.688,27.26691111,-81.3477,Motor Vehicle In-Transport,Angle,T-Intersection,On Roadway,,Daylight,Clear,0,0,2006.0,1,1,HIGHLANDS (55),NOT APPLICABLE
2022,10541,Florida,0,1,1,October,24,Monday,22,US-98,US Highway,Urban,Principal Arterial - Other,State Highway Agency,374.688,30.23519722,-85.90178333,Curb,Not a Collision,T-Intersection,On Median,,Dark - Not Lighted,Clear,0,0,2012.0,1,0,BAY (5),PANAMA CITY BEACH
2022,10542,Florida,1,1,1,October,27,Thursday,20,US-41,US Highway,Urban,Principal Arterial - Other,State Highway Agency,374.688,27.04497222,-82.24083611,Pedestrian,Not a Collision,Not an Intersection,On Roadway,,Dark - Lighted,Clear,0,0,2009.0,2,0,SARASOTA (115),NORTH PORT
2022,10543,Florida,1,1,2,October,29,Saturday,22,A1A SOUTH,Other,Urban,Minor Arterial,State Highway Agency,374.688,29.89196111,-81.30116944,Pedestrian,Not a Collision,Not an Intersection,On Roadway,,Dark - Not Lighted,Clear,0,0,2017.0,2,1,ST JOHNS (109),SAINT AUGUSTINE