YEAR,ST_CASE,STATENAME,NUM_PEDS,NUM_VEHC,PERSONS,MONTHNAME,DAYNAME,DAY_WEEKNAME,HOUR,ROAD_NAME,ROUTENAME,RUR_URBNAME,FUNC_SYSNAME,RD_OWNERNAME,MILE_MARKER,LATITUDE,LONGITUD,HARM_EVNAME,COLLISION_TYPE,TYP_INTNAME,REL_ROADNAME,WRK_ZONENAME,LGT_CONDNAME,WEATHERNAME,SCH_BUS,HIT_RUN,MOD_YEAR,DEATHS,DR_DRINK,COUNTYNAME,CITYNAME
2022,10544,Florida,0,2,2,November,1,Tuesday,5,KEYSVILLE RD E,Other,Rural,Minor Collector,County Highway Agency,374.688,27.87218611,-82.09584722,Motor Vehicle In-Transport,Front-to-Front,Not an Intersection,On Roadway,,Dark - Not Lighted,Clear,0,0,2021.0,0,0,HILLSBOROUGH (57),NOT APPLICABLE
2022,10545,Florida,0,2,2,March,20,Sunday,17,1ST AVE,Local Street - Municipality,Urban,Major Collector,Not Reported,374.688,27.770125,-82.67398889,Motor Vehicle In-Transport,Front-to-Rear,Four-Way Intersection,On Roadway,,Daylight,Clear,0,0,2013.0,1,0,PINELLAS (103),SAINT PETERSBURG
2022,10546,Florida,0,2,2,October,12,Wednesday,8,SR-91,State Highway,Urban,Principal Arterial - Freeways,State Highway Agency,374.688,26.49053056,-80.17254167,Guardrail Face,Not a Collision,Not an Intersection,On Roadside,,Daylight,Clear,0,0,2007.0,1,0,PALM BEACH (99),NOT APPLICABLE
2022,10547,Florida,0,5,9,October,21,Friday,15,US-41,US Highway,Urban,Principal Arterial - Other,State Highway Agency,374.688,26.29821944,-81.80254444,Motor Vehicle In-Transport,Front-to-Rear,Not an Intersection,On Roadway,,Daylight,Cloudy,0,0,2003.0,1,0,COLLIER (21),NOT APPLICABLE
2022,10548,Florida,0,2,2,October,24,Monday,23,I-95,Interstate,Rural,Interstate,State Highway Agency,374.688,30.08813889,-81.49791389,Parked Motor Vehicle,Not a Collision,Not an Intersection,Off Roadway-Location Unknown,,Dark - Not Lighted,Clear,0,0,2004.0,1,0,ST JOHNS (109),NOT APPLICABLE
2022,10549,Florida,0,2,3,October,24,Monday,19,US-90,US Highway,Rural,Minor Arterial,State Highway Agency,374.688,30.25336111,-82.89728056,Motor Vehicle In-Transport,Front-to-Front,Not an Intersection,On Shoulder,,Dusk,Clear,0,0,2001.0,3,0,SUWANNEE (121),NOT APPLICABLE
2022,10550,Florida,0,2,2,October,14,Friday,9,US-1,US Highway,Urban,Principal Arterial - Other,State Highway Agency,374.688,25.11459167,-80.42186111,Motor Vehicle In-Transport,Angle,T-Intersection,On Roadway,,Daylight,Clear,0,0,1998.0,2,0,MONROE (87),KEY LARGO
2022,10551,Florida,1,1,1,August,18,Thursday,6,264TH ST,Unknown,Rural,Minor Collector,Not Reported,374.688,25.52128889,-80.45932222,Pedestrian,Not a Collision,Not an Intersection,On Roadway,,Dark - Not Lighted,Clear,0,0,1992.0,1,0,MIAMI-DADE (86),NOT APPLICABLE
2022,10552,Florida,1,1,1,September,17,Saturday,20,10TH AVE N,Local Street - Municipality,Urban,Minor Arterial,Not Reported,374.688,26.62802222,-80.07541667,Pedestrian,Not a Collision,Four-Way Intersection,On Roadway,,Dark - Lighted,Clear,0,0,2016.0,1,1,PALM BEACH (99),NOT APPLICABLE
2022,10552,Florida,1,1,1,September,17,Saturday,20,10TH AVE N,Local Street - Municipality,Urban,Minor Arterial,Not Reported,374.688,26.62802222,-80.07541667,Pedestrian,Not a Collision,Four-Way Intersection,On Roadway,,Dark - Lighted,Clear,0,0,2007.0,0,0,PALM BEACH (99),NOT APPLICABLE
2022,10553,Florida,1,1,1,September,30,Friday,5,US-1,US Highway,Urban,Principal Arterial - Other,City or Municipal Highway Agency,374.688,27.28271111,-80.31148889,Pedalcyclist,Not a Collision,T-Intersection,On Roadway,,Dark - Not Lighted,Clear,0,0,2005.0,0,0,ST LUCIE (111),PORT SAINT LUCIE
2022,10553,Florida,1,1,1,September,30,Friday,5,US-1,US Highway,Urban,Principal Arterial - Other,City or Municipal Highway Agency,374.688,27.28271111,-80.31148889,Pedalcyclist,Not a Collision,T-Intersection,On Roadway,,Dark - Not Lighted,Clear,0,0,2006.0,1,0,ST LUCIE (111),PORT SAINT LUCIE
2022,10554,Florida,0,1,1,October,1,Saturday,15,I-95,Interstate,Urban,Principal Arterial - Other,State Highway Agency,374.688,27.17383889,-80.23264722,Rollover/Overturn,Not a Collision,Not an Intersection,On Roadway,,Daylight,Cloudy,0,0,2013.0,0,0,MARTIN (85),STUART
2022,10554,Florida,0,1,1,October,1,Saturday,15,I-95,Interstate,Urban,Principal Arterial - Other,State Highway Agency,374.688,27.17383889,-80.23264722,Rollover/Overturn,Not a Collision,Not an Intersection,On Roadway,,Daylight,Cloudy,0,0,2019.0,0,0,MARTIN (85),STUART
2022,10555,Florida,0,2,4,October,9,Sunday,11,JAMES L REDMAN PKWY,Local Street - Municipality,Urban,Principal Arterial - Other,State Highway Agency,374.688,27.97794722,-82.12178611,Motor Vehicle In-Transport,Angle,T-Intersection,On Roadway,,Daylight,Clear,0,0,2021.0,2,1,HILLSBOROUGH (57),PLANT CITY
2022,10556,Florida,0,1,1,October,21,Friday,18,FISHER WAY,Unknown,Rural,Local,Not Reported,374.688,29.04308611,-81.88289722,Rollover/Overturn,Not a Collision,Not an Intersection,On Roadside,,Dusk,Clear,0,0,2018.0,1,1,MARION (83),NOT APPLICABLE
2022,10556,Florida,0,1,1,October,21,Friday,18,FISHER WAY,Unknown,Rural,Local,Not Reported,374.688,29.04308611,-81.88289722,Rollover/Overturn,Not a Collision,Not an Intersection,On Roadside,,Dusk,Clear,0,0,2019.0,0,1,MARION (83),NOT APPLICABLE
2022,10557,Florida,1,1,1,September,19,Monday,6,STEVE ROBERTS SPECIAL,Other,Rural,Minor Collector,Not Reported,374.688,27.50025,-81.78072778,Pedestrian,Not a Collision,Not an Intersection,On Roadway,,Dark - Not Lighted,Clear,0,1,2019.0,0,0,HARDEE (49),NOT APPLICABLE
2022,10558,Florida,1,1,1,October,11,Tuesday,20,SR-207,State Highway,Rural,Principal Arterial - Other,State Highway Agency,374.688,29.82719722,-81.37784722,Pedestrian,Not a Collision,Not an Intersection,On Roadway,,Dark - Not Lighted,Clear,0,0,2015.0,1,0,ST JOHNS (109),NOT APPLICABLE
2022,10559,Florida,1,1,1,October,20,Thursday,7,JUNIPER ROAD,Other,Urban,Minor Collector,City or Municipal Highway Agency,374.688,29.09865556,-82.05535833,Pedestrian,Not a Collision,Not an Intersection,On Roadway,,Dark - Not Lighted,Clear,0,0,2011.0,1,0,MARION (83),NOT APPLICABLE
2022,10559,Florida,1,1,1,October,20,Thursday,7,JUNIPER ROAD,Other,Urban,Minor Collector,City or Municipal Highway Agency,374.688,29.09865556,-82.05535833,Pedestrian,Not a Collision,Not an Intersection,On Roadway,,Dark - Not Lighted,Clear,0,0,2020.0,0,0,MARION (83),NOT APPLICABLE
2022,10560,Florida,0,1,1,October,22,Saturday,17,LAKEPOINT RD,Unknown,Urban,Major Collector,County Highway Agency,374.688,30.63156389,-85.397,Ditch,Not a Collision,Not an Intersection,On Roadside,,Dusk,Clear,0,0,2007.0,1,0,JACKSON (63),NOT APPLICABLE
2022,10560,Florida,0,1,1,October,22,Saturday,17,LAKEPOINT RD,Unknown,Urban,Major Collector,County Highway Agency,374.688,30.63156389,-85.397,Ditch,Not a Collision,Not an Intersection,On Roadside,,Dusk,Clear,0,0,2007.0,0,0,JACKSON (63),NOT APPLICABLE
2022,10561,Florida,0,1,1,October,25,Tuesday,7,I-75,Interstate,Urban,Interstate,State Highway Agency,374.688,29.61640278,-82.38562222,Guardrail Face,Not a Collision,Not an Intersection,On Roadside,,Daylight,Clear,0,0,2003.0,1,0,ALACHUA (1),GAINESVILLE
2022,10561,Florida,0,1,1,October,25,Tuesday,7,I-75,Interstate,Urban,Interstate,State Highway Agency,374.688,29.61640278,-82.38562222,Guardrail Face,Not a Collision,Not an Intersection,On Roadside,,Daylight,Clear,0,0,2016.0,0,0,ALACHUA (1),GAINESVILLE
2022,10562,Florida,0,2,4,October,27,Thursday,15,US-441,US Highway,Rural,Principal Arterial - Other,State Highway Agency,374.688,30.11048056,-82.61201111,Motor Vehicle In-Transport,Front-to-Rear,Not an Intersection,On Roadway,,Daylight,Clear,0,0,2003.0,1,1,COLUMBIA (23),NOT APPLICABLE
2022,10563,Florida,0,1,7,October,28,Friday,21,CR-309,County Road,Rural,Major Collector,County Highway Agency,374.688,29.41573056,-81.64337778,Rollover/Overturn,Not a Collision,Not an Intersection,On Shoulder,,Dark - Not Lighted,Clear,0,0,2020.0,0,0,PUTNAM (107),NOT APPLICABLE
2022,10564,Florida,0,2,3,October,28,Friday,15,SR-40,State Highway,Rural,Principal Arterial - Other,State Highway Agency,374.688,29.20986667,-81.947725,Motor Vehicle In-Transport,Front-to-Front,Not an Intersection,On Roadway,,Daylight,Cloudy,0,1,2010.0,0,0,MARION (83),NOT APPLICABLE
2022,10564,Florida,0,2,3,October,28,Friday,15,SR-40,State Highway,Rural,Principal Arterial - Other,State Highway Agency,374.688,29.20986667,-81.947725,Motor Vehicle In-Transport,Front-to-Front,Not an Intersection,On Roadway,,Daylight,Cloudy,0,0,2003.0,0,0,MARION (83),NOT APPLICABLE
2022,10565,Florida,0,2,2,October,26,Wednesday,24,US-1,US Highway,Urban,Principal Arterial - Other,State Highway Agency,374.688,30.43865278,-81.76386944,Motor Vehicle In-Transport,Sideswipe - Same Direction,Not an Intersection,On Roadway,,Dark - Not Lighted,Cloudy,0,0,2010.0,1,0,DUVAL (31),JACKSONVILLE
2022,10566,Florida,1,1,1,October,25,Tuesday,20,US-231,US Highway,Urban,Principal Arterial - Other,State Highway Agency,374.688,30.23355,-85.57856944,Pedestrian,Not a Collision,Not an Intersection,On Roadway,,Dark - Not Lighted,Cloudy,0,0,2003.0,1,0,BAY (5),PANAMA CITY
2022,10566,Florida,1,1,1,October,25,Tuesday,20,US-231,US Highway,Urban,Principal Arterial - Other,State Highway Agency,374.688,30.23355,-85.57856944,Pedestrian,Not a Collision,Not an Intersection,On Roadway,,Dark - Not Lighted,Cloudy,0,0,2000.0,0,0,BAY (5),PANAMA CITY
2022,10567,Florida,0,3,4,October,9,Sunday,13,SR-438,State Highway,Urban,Minor Arterial,State Highway Agency,374.688,28.57790278,-81.45991944,Motor Vehicle In-Transport,Angle,Four-Way Intersection,On Roadway,,Daylight,Clear,0,0,2007.0,1,0,ORANGE (95),NOT APPLICABLE
2022,10567,Florida,0,3,4,October,9,Sunday,13,SR-438,State Highway,Urban,Minor Arterial,State Highway Agency,374.688,28.57790278,-81.45991944,Motor Vehicle In-Transport,Angle,Four-Way Intersection,On Roadway,,Daylight,Clear,0,0,2015.0,0,0,ORANGE (95),NOT APPLICABLE
2022,10567,Florida,0,3,4,October,9,Sunday,13,SR-438,State Highway,Urban,Minor Arterial,State Highway Agency,374.688,28.57790278,-81.45991944,Motor Vehicle In-Transport,Angle,Four-Way Intersection,On Roadway,,Daylight,Clear,0,0,2017.0,0,0,ORANGE (95),NOT APPLICABLE
2022,10568,Florida,0,1,1,October,20,Thursday,11,US-441,US Highway,Urban,Principal Arterial - Other,State Highway Agency,374.688,28.63330278,-81.45219167,Curb,Not a Collision,T-Intersection,On Roadside,,Daylight,Clear,0,0,2017.0,0,0,ORANGE (95),NOT APPLICABLE
2022,10568,Florida,0,1,1,October,20,Thursday,11,US-441,US Highway,Urban,Principal Arterial - Other,State Highway Agency,374.688,28.63330278,-81.45219167,Curb,Not a Collision,T-Intersection,On Roadside,,Daylight,Clear,0,0,2008.0,1,0,ORANGE (95),NOT APPLICABLE
2022,10569,Florida,1,1,1,October,21,Friday,8,LAURIE AVENUE,Local Street - Township,Rural,Local,Not Reported,374.688,30.17615278,-85.78237778,Pedalcyclist,Not a Collision,Not an Intersection,On Roadway,,Daylight,Clear,0,0,2020.0,1,1,BAY (5),NOT APPLICABLE
2022,10570,Florida,0,2,2,October,21,Friday,15,CR-760A,County Road,Rural,Major Collector,County Highway Agency,374.688,27.15081944,-81.84376944,Motor Vehicle In-Transport,Angle,Four-Way Intersection,On Roadway,,Daylight,Clear,0,0,2015.0,1,1,DE SOTO (27),NOT APPLICABLE
2022,10570,Florida,0,2,2,October,21,Friday,15,CR-760A,County Road,Rural,Major Collector,County Highway Agency,374.688,27.15081944,-81.84376944,Motor Vehicle In-Transport,Angle,Four-Way Intersection,On Roadway,,Daylight,Clear,0,0,2014.0,0,0,DE SOTO (27),NOT APPLICABLE
2022,10570,Florida,0,2,2,October,21,Friday,15,CR-760A,County Road,Rural,Major Collector,County Highway Agency,374.688,27.15081944,-81.84376944,Motor Vehicle In-Transport,Angle,Four-Way Intersection,On Roadway,,Daylight,Clear,0,0,2020.0,0,0,DE SOTO (27),NOT APPLICABLE
2022,10571,Florida,1,1,1,October,25,Tuesday,21,SR-520,State Highway,Urban,Principal Arterial - Other,State Highway Agency,374.688,28.35741389,-80.66337778,Pedestrian,Not a Collision,Not an Intersection,On Roadway,,Dark - Not Lighted,Clear,0,0,2017.0,0,1,BREVARD (9),MERRITT ISLAND
2022,10571,Florida,1,1,1,October,25,Tuesday,21,SR-520,State Highway,Urban,Principal Arterial - Other,State Highway Agency,374.688,28.35741389,-80.66337778,Pedestrian,Not a Collision,Not an Intersection,On Roadway,,Dark - Not Lighted,Clear,0,0,2011.0,1,0,BREVARD (9),MERRITT ISLAND
2022,10572,Florida,1,1,1,October,26,Wednesday,22,COOPER ST,Local Street - Municipality,Urban,Major Collector,County Highway Agency,374.688,26.93426944,-82.03944722,Pedestrian,Not a Collision,Not an Intersection,On Roadway,,Dark - Not Lighted,Clear,0,1,2006.0,0,1,CHARLOTTE (15),SOLANA
2022,10572,Florida,1,1,1,October,26,Wednesday,22,COOPER ST,Local Street - Municipality,Urban,Major Collector,County Highway Agency,374.688,26.93426944,-82.03944722,Pedestrian,Not a Collision,Not an Intersection,On Roadway,,Dark - Not Lighted,Clear,0,0,2021.0,1,0,CHARLOTTE (15),SOLANA
2022,10573,Florida,0,2,2,October,27,Thursday,23,I-75 S,Interstate,Urban,Interstate,State Highway Agency,374.688,26.52021944,-81.79453056,Motor Vehicle In-Transport,Front-to-Rear,Not an Intersection,On Roadway,,Dark - Not Lighted,Clear,0,0,2006.0,1,0,LEE (71),NOT APPLICABLE
2022,10574,Florida,0,1,1,October,30,Sunday,3,CR-437 OCOEE APOPKA RD,County Road,Urban,Major Collector,County Highway Agency,374.688,28.57891667,-81.55069722,Mail Box,Not a Collision,Not an Intersection,On Roadside,,Dark - Not Lighted,"Fog, Smog, Smoke",0,0,2013.0,1,0,ORANGE (95),NOT APPLICABLE
2022,10574,Florida,0,1,1,October,30,Sunday,3,CR-437 OCOEE APOPKA RD,County Road,Urban,Major Collector,County Highway Agency,374.688,28.57891667,-81.55069722,Mail Box,Not a Collision,Not an Intersection,On Roadside,,Dark - Not Lighted,"Fog, Smog, Smoke",0,0,1998.0,0,0,ORANGE (95),NOT APPLICABLE
2022,10575,Florida,0,2,3,October,30,Sunday,24,SR-809,State Highway,Urban,Principal Arterial - Other,State Highway Agency,374.688,26.68098889,-80.11206667,Rollover/Overturn,Not a Collision,Four-Way Intersection,On Roadway,,Dark - Lighted,Clear,0,0,2020.0,1,0,PALM BEACH (99),NOT APPLICABLE
2022,10576,Florida,0,2,2,October,31,Monday,7,SR-91,State Highway,Rural,Principal Arterial - Freeways,State Highway Agency,374.688,28.13185,-81.28971111,Motor Vehicle In-Transport,Front-to-Rear,Not an Intersection,On Roadway,,Dark - Not Lighted,Clear,0,1,2010.0,0,0,OSCEOLA (97),NOT APPLICABLE
2022,10577,Florida,1,1,1,October,27,Thursday,18,CR-464,County Road,Urban,Minor Arterial,County Highway Agency,374.688,29.10279167,-82.01114167,Pedestrian,Not a Collision,Not an Intersection,On Roadway,,Daylight,Cloudy,0,0,2007.0,1,1,MARION (83),NOT APPLICABLE
2022,10577,Florida,1,1,1,October,27,Thursday,18,CR-464,County Road,Urban,Minor Arterial,County Highway Agency,374.688,29.10279167,-82.01114167,Pedestrian,Not a Collision,Not an Intersection,On Roadway,,Daylight,Cloudy,0,0,2018.0,0,0,MARION (83),NOT APPLICABLE
2022,10578,Florida,0,2,2,October,30,Sunday,3,SR-91 NB MM68,State Highway,Urban,Principal Arterial - Freeways,State Highway Agency,374.688,26.26060833,-80.16755278,Motor Vehicle In-Transport,Front-to-Rear,Not an Intersection,On Roadway,,Dark - Lighted,Clear,0,0,2008.0,1,0,BROWARD (11),POMPANO BEACH
2022,10579,Florida,0,2,4,October,28,Friday,17,US-19,US Highway,Urban,Minor Arterial,State Highway Agency,374.688,28.17506944,-82.74773056,Motor Vehicle In-Transport,Angle,Not an Intersection,On Roadway,,Daylight,Cloudy,0,0,2009.0,0,0,PASCO (101),NOT APPLICABLE
2022,10579,Florida,0,2,4,October,28,Friday,17,US-19,US Highway,Urban,Minor Arterial,State Highway Agency,374.688,28.17506944,-82.74773056,Motor Vehicle In-Transport,Angle,Not an Intersection,On Roadway,,Daylight,Cloudy,0,0,2011.0,0,0,PASCO (101),NOT APPLICABLE
2022,10580,Florida,0,1,1,September,17,Saturday,20,CR-214,County Road,Rural,Minor Collector,County Highway Agency,374.688,29.84505,-81.5588,Tree (Standing Only),Not a Collision,T-Intersection,Outside Trafficway,,Dark - Not Lighted,Cloudy,0,0,2011.0,1,1,ST JOHNS (109),NOT APPLICABLE
2022,10581,Florida,0,2,3,October,13,Thursday,19,CR-464,County Road,Urban,Minor Arterial,County Highway Agency,374.688,29.13536111,-82.04531111,Motor Vehicle In-Transport,Angle,T-Intersection,On Roadway,,Dark - Not Lighted,Clear,0,0,2022.0,1,0,MARION (83),NOT APPLICABLE
2022,10582,Florida,0,1,1,October,26,Wednesday,11,SR-683,State Highway,Urban,Minor Arterial,State Highway Agency,374.688,27.46054444,-82.55501944,Utility Pole/Light Support,Not a Collision,Not an Intersection,On Roadside,,Daylight,Clear,0,0,1996.0,1,0,MANATEE (81),NOT APPLICABLE
2022,10582,Florida,0,1,1,October,26,Wednesday,11,SR-683,State Highway,Urban,Minor Arterial,State Highway Agency,374.688,27.46054444,-82.55501944,Utility Pole/Light Support,Not a Collision,Not an Intersection,On Roadside,,Daylight,Clear,0,0,2018.0,0,0,MANATEE (81),NOT APPLICABLE
2022,10582,Florida,0,1,1,October,26,Wednesday,11,SR-683,State Highway,Urban,Minor Arterial,State Highway Agency,374.688,27.46054444,-82.55501944,Utility Pole/Light Support,Not a Collision,Not an Intersection,On Roadside,,Daylight,Clear,0,0,2002.0,0,0,MANATEE (81),NOT APPLICABLE
2022,10583,Florida,0,2,2,October,27,Thursday,11,106TH ST,Local Street - Municipality,Urban,Local,County Highway Agency,374.688,25.87043611,-80.25086667,Motor Vehicle In-Transport,Angle,Four-Way Intersection,On Roadway,,Daylight,Clear,0,0,2015.0,0,0,MIAMI-DADE (86),NOT APPLICABLE
2022,10583,Florida,0,2,2,October,27,Thursday,11,106TH ST,Local Street - Municipality,Urban,Local,County Highway Agency,374.688,25.87043611,-80.25086667,Motor Vehicle In-Transport,Angle,Four-Way Intersection,On Roadway,,Daylight,Clear,0,0,2017.0,1,0,MIAMI-DADE (86),NOT APPLICABLE
2022,10584,Florida,1,1,1,October,29,Saturday,3,US-27,US Highway,Urban,Principal Arterial - Other,State Highway Agency,374.688,27.9469,-81.61651111,Pedestrian,Not a Collision,Not an Intersection,On Roadway,,Dark - Not Lighted,Cloudy,0,0,2015.0,0,0,POLK (105),LAKE WALES
2022,10584,Florida,1,1,1,October,29,Saturday,3,US-27,US Highway,Urban,Principal Arterial - Other,State Highway Agency,374.688,27.9469,-81.61651111,Pedestrian,Not a Collision,Not an Intersection,On Roadway,,Dark - Not Lighted,Cloudy,0,0,1997.0,1,0,POLK (105),LAKE WALES
2022,10585,Florida,0,1,1,November,3,Thursday,9,HARNEY RD,Other,Urban,Minor Arterial,State Highway Agency,374.688,28.01465556,-82.37458889,Tree (Standing Only),Not a Collision,Not an Intersection,On Roadside,,Daylight,Clear,0,0,2008.0,0,0,HILLSBOROUGH (57),NOT APPLICABLE
2022,10586,Florida,1,1,1,November,3,Thursday,16,SKEES RD,Other,Urban,Major Collector,County Highway Agency,374.688,26.69994444,-80.15768333,Curb,Not a Collision,Not an Intersection,On Roadside,,Daylight,Clear,0,0,2000.0,0,0,PALM BEACH (99),NOT APPLICABLE
2022,10587,Florida,0,1,1,November,5,Saturday,22,SR-103,State Highway,Urban,Minor Arterial,Not Reported,374.688,30.29069167,-81.75518611,Curb,Not a Collision,Not an Intersection,On Roadside,,Dark - Lighted,Other,0,0,2000.0,0,0,DUVAL (31),JACKSONVILLE
2022,10587,Florida,0,1,1,November,5,Saturday,22,SR-103,State Highway,Urban,Minor Arterial,Not Reported,374.688,30.29069167,-81.75518611,Curb,Not a Collision,Not an Intersection,On Roadside,,Dark - Lighted,Other,0,0,2013.0,1,0,DUVAL (31),JACKSONVILLE
2022,10588,Florida,0,1,1,November,6,Sunday,12,I-95,Interstate,Rural,Interstate,State Highway Agency,374.688,28.82335278,-80.90906667,Rollover/Overturn,Not a Collision,Not an Intersection,On Roadway,,Daylight,Clear,0,0,2006.0,1,0,VOLUSIA (127),NOT APPLICABLE
2022,10589,Florida,0,2,3,November,6,Sunday,24,BEACH BLVD,Local Street - Municipality,Urban,Principal Arterial - Other,Not Reported,374.688,30.28643056,-81.55737778,Motor Vehicle In-Transport,Angle,Not an Intersection,On Roadway,,Dark - Lighted,Clear,0,0,2016.0,1,0,DUVAL (31),JACKSONVILLE
2022,10589,Florida,0,2,3,November,6,Sunday,24,BEACH BLVD,Local Street - Municipality,Urban,Principal Arterial - Other,Not Reported,374.688,30.28643056,-81.55737778,Motor Vehicle In-Transport,Angle,Not an Intersection,On Roadway,,Dark - Lighted,Clear,0,0,2015.0,1,0,DUVAL (31),JACKSONVILLE
2022,10590,Florida,1,1,1,June,28,Tuesday,15,US-17,US Highway,Urban,Principal Arterial - Other,State Highway Agency,374.688,28.63312222,-81.36230833,Pedalcyclist,Not a Collision,Reported as Unknown,Reported as Unknown,,Daylight,Reported as Unknown,0,0,2016.0,0,0,ORANGE (95),MAITLAND
2022,10590,Florida,1,1,1,June,28,Tuesday,15,US-17,US Highway,Urban,Principal Arterial - Other,State Highway Agency,374.688,28.63312222,-81.36230833,Pedalcyclist,Not a Collision,Reported as Unknown,Reported as Unknown,,Daylight,Reported as Unknown,0,0,2017.0,1,0,ORANGE (95),MAITLAND
2022,10590,Florida,1,1,1,June,28,Tuesday,15,US-17,US Highway,Urban,Principal Arterial - Other,State Highway Agency,374.688,28.63312222,-81.36230833,Pedalcyclist,Not a Collision,Reported as Unknown,Reported as Unknown,,Daylight,Reported as Unknown,0,0,2015.0,0,0,ORANGE (95),MAITLAND
2022,10590,Florida,1,1,1,June,28,Tuesday,15,US-17,US Highway,Urban,Principal Arterial - Other,State Highway Agency,374.688,28.63312222,-81.36230833,Pedalcyclist,Not a Collision,Reported as Unknown,Reported as Unknown,,Daylight,Reported as Unknown,0,0,2019.0,0,0,ORANGE (95),MAITLAND
2022,10591,Florida,2,1,1,October,19,Wednesday,19,SR-292,State Highway,Urban,Principal Arterial - Other,State Highway Agency,374.688,30.36104722,-87.35756111,Pedalcyclist,Not a Collision,Not an Intersection,On Roadway,,Dark - Not Lighted,Clear,0,0,2012.0,1,0,ESCAMBIA (33),NOT APPLICABLE
2022,10592,Florida,2,2,2,October,23,Sunday,1,DALLAS BOULEVARD,Unknown,Rural,Minor Collector,County Highway Agency,374.688,28.49586667,-81.09501944,Motor Vehicle In-Transport,Angle,Not an Intersection,On Roadway,,Dark - Not Lighted,Clear,0,0,2013.0,0,0,ORANGE (95),NOT APPLICABLE
2022,10592,Florida,2,2,2,October,23,Sunday,1,DALLAS BOULEVARD,Unknown,Rural,Minor Collector,County Highway Agency,374.688,28.49586667,-81.09501944,Motor Vehicle In-Transport,Angle,Not an Intersection,On Roadway,,Dark - Not Lighted,Clear,0,0,2006.0,1,0,ORANGE (95),NOT APPLICABLE
2022,10592,Florida,2,2,2,October,23,Sunday,1,DALLAS BOULEVARD,Unknown,Rural,Minor Collector,County Highway Agency,374.688,28.49586667,-81.09501944,Motor Vehicle In-Transport,Angle,Not an Intersection,On Roadway,,Dark - Not Lighted,Clear,0,0,2012.0,0,0,ORANGE (95),NOT APPLICABLE
2022,10593,Florida,0,1,1,October,27,Thursday,15,SR-429,State Highway,Urban,Principal Arterial - Freeways,State Highway Agency,374.688,28.52985,-81.56215,Guardrail Face,Not a Collision,Not an Intersection,On Roadside,,Daylight,Cloudy,0,0,1986.0,0,1,ORANGE (95),NOT APPLICABLE
2022,10593,Florida,0,1,1,October,27,Thursday,15,SR-429,State Highway,Urban,Principal Arterial - Freeways,State Highway Agency,374.688,28.52985,-81.56215,Guardrail Face,Not a Collision,Not an Intersection,On Roadside,,Daylight,Cloudy,0,0,2022.0,1,0,ORANGE (95),NOT APPLICABLE
2022,10594,Florida,0,2,2,October,28,Friday,22,US-17,US Highway,Urban,Principal Arterial - Other,State Highway Agency,374.688,27.27456111,-81.83400278,Motor Vehicle In-Transport,Front-to-Rear,Not an Intersection,On Roadway,,Dark - Not Lighted,Clear,0,0,2013.0,0,0,DE SOTO (27),NOT APPLICABLE
2022,10594,Florida,0,2,2,October,28,Friday,22,US-17,US Highway,Urban,Principal Arterial - Other,State Highway Agency,374.688,27.27456111,-81.83400278,Motor Vehicle In-Transport,Front-to-Rear,Not an Intersection,On Roadway,,Dark - Not Lighted,Clear,0,0,2002.0,1,0,DE SOTO (27),NOT APPLICABLE
2022,10595,Florida,2,1,1,November,4,Friday,19,SR-50,State Highway,Urban,Principal Arterial - Other,State Highway Agency,374.688,28.55241944,-81.44641111,Pedestrian,Not a Collision,Not an Intersection,On Roadway,,Dark - Lighted,Clear,0,0,2015.0,0,0,ORANGE (95),NOT APPLICABLE
2022,10595,Florida,2,1,1,November,4,Friday,19,SR-50,State Highway,Urban,Principal Arterial - Other,State Highway Agency,374.688,28.55241944,-81.44641111,Pedestrian,Not a Collision,Not an Intersection,On Roadway,,Dark - Lighted,Clear,0,0,2019.0,1,0,ORANGE (95),NOT APPLICABLE
2022,10596,Florida,1,1,5,November,5,Saturday,24,SR-824,State Highway,Urban,Principal Arterial - Other,Not Reported,374.688,25.99512222,-80.22230833,Non-Motorist on Personal Conveyance,Not a Collision,Not an Intersection,On Roadway,,Dark - Lighted,Clear,0,0,1998.0,1,0,BROWARD (11),PEMBROKE PINES
2022,10597,Florida,1,1,1,November,5,Saturday,5,SR-824,State Highway,Urban,Principal Arterial - Other,State Highway Agency,374.688,25.99485833,-80.23846111,Pedalcyclist,Not a Collision,Not an Intersection,On Roadway,,Dark - Lighted,Rain,0,0,2016.0,1,1,BROWARD (11),PEMBROKE PINES
2022,10598,Florida,0,1,2,November,6,Sunday,15,27TH ST W,Local Street - Municipality,Rural,Local,Not Reported,374.688,26.63834722,-81.67035833,Tree (Standing Only),Not a Collision,Not an Intersection,On Roadside,,Daylight,Clear,0,0,2012.0,1,0,LEE (71),NOT APPLICABLE
2022,10599,Florida,0,1,1,October,7,Friday,8,NE 18TH AVE,Local Street - Municipality,Urban,Local,City or Municipal Highway Agency,374.688,25.4762,-80.45253611,Curb,Not a Collision,Not an Intersection,On Roadside,,Daylight,Clear,0,0,2002.0,2,0,MIAMI-DADE (86),HOMESTEAD