YEAR,ST_CASE,STATENAME,NUM_PEDS,NUM_VEHC,PERSONS,MONTHNAME,DAYNAME,DAY_WEEKNAME,HOUR,ROAD_NAME,ROUTENAME,RUR_URBNAME,FUNC_SYSNAME,RD_OWNERNAME,MILE_MARKER,LATITUDE,LONGITUD,HARM_EVNAME,COLLISION_TYPE,TYP_INTNAME,REL_ROADNAME,WRK_ZONENAME,LGT_CONDNAME,WEATHERNAME,SCH_BUS,HIT_RUN,MOD_YEAR,DEATHS,DR_DRINK,COUNTYNAME,CITYNAME
2022,10657,Florida,0,2,2,November,14,Monday,1,HAMMOND BLVD,Local Street - Municipality,Urban,Major Collector,Not Reported,374.688,30.30215833,-81.79798611,Motor Vehicle In-Transport,Angle,Four-Way Intersection,On Roadway,,Dark - Lighted,Clear,0,0,2005.0,0,0,DUVAL (31),JACKSONVILLE
2022,10657,Florida,0,2,2,November,14,Monday,1,HAMMOND BLVD,Local Street - Municipality,Urban,Major Collector,Not Reported,374.688,30.30215833,-81.79798611,Motor Vehicle In-Transport,Angle,Four-Way Intersection,On Roadway,,Dark - Lighted,Clear,0,0,2022.0,1,0,DUVAL (31),JACKSONVILLE
2022,10658,Florida,0,3,3,September,1,Thursday,13,26TH ST,Local Street - Municipality,Urban,Minor Collector,Not Reported,374.688,27.96750556,-82.43060278,Motor Vehicle In-Transport,Angle,Four-Way Intersection,On Roadway,,Daylight,Cloudy,0,0,2000.0,1,0,HILLSBOROUGH (57),TAMPA
2022,10659,Florida,0,1,1,November,10,Thursday,20,PHEASANT WAY,Local Street - Municipality,Urban,Local,Not Reported,374.688,26.41604444,-80.11036111,Tree (Standing Only),Not a Collision,Not an Intersection,Outside Trafficway,,Dark - Lighted,Clear,0,0,2006.0,1,1,PALM BEACH (99),NOT APPLICABLE
2022,10660,Florida,1,1,1,October,21,Friday,6,APPLEYARD DR,Local Street - Municipality,Urban,Major Collector,City or Municipal Highway Agency,374.688,30.45025,-84.33795278,Pedestrian,Not a Collision,Not an Intersection,On Roadway,,Dark - Lighted,Clear,0,0,1993.0,1,0,LEON (73),TALLAHASSEE
2022,10661,Florida,1,1,1,October,31,Monday,19,SR-70,State Highway,Rural,Principal Arterial - Other,State Highway Agency,374.688,27.24356389,-80.84673611,Pedestrian,Not a Collision,Not an Intersection,On Roadway,,Dusk,Clear,0,0,1989.0,1,0,OKEECHOBEE (93),NOT APPLICABLE
2022,10662,Florida,0,1,1,November,4,Friday,14,CENTURY VILLAGE BLVD,Other,Urban,Local,Private (other than Railroad),374.688,26.38423889,-80.18333889,Other Fixed Object,Not a Collision,Not an Intersection,On Roadside,,Daylight,Clear,0,0,2012.0,0,1,PALM BEACH (99),NOT APPLICABLE
2022,10662,Florida,0,1,1,November,4,Friday,14,CENTURY VILLAGE BLVD,Other,Urban,Local,Private (other than Railroad),374.688,26.38423889,-80.18333889,Other Fixed Object,Not a Collision,Not an Intersection,On Roadside,,Daylight,Clear,0,0,2009.0,1,0,PALM BEACH (99),NOT APPLICABLE
2022,10663,Florida,0,2,2,November,8,Tuesday,15,LYONS RD,Other,Urban,Minor Arterial,County Highway Agency,374.688,26.39649167,-80.1867,Motor Vehicle In-Transport,Front-to-Rear,Not an Intersection,On Roadway,,Daylight,Cloudy,0,0,2001.0,1,0,PALM BEACH (99),NOT APPLICABLE
2022,10664,Florida,0,1,3,November,9,Wednesday,13,RINEHART RD,Local Street - Municipality,Urban,Major Collector,Not Reported,374.688,28.80798889,-81.33133889,Traffic Sign Support,Not a Collision,Not an Intersection,On Roadside,,Daylight,Rain,0,0,2006.0,1,0,SEMINOLE (117),SANFORD
2022,10664,Florida,0,1,3,November,9,Wednesday,13,RINEHART RD,Local Street - Municipality,Urban,Major Collector,Not Reported,374.688,28.80798889,-81.33133889,Traffic Sign Support,Not a Collision,Not an Intersection,On Roadside,,Daylight,Rain,0,0,2014.0,0,0,SEMINOLE (117),SANFORD
2022,10665,Florida,0,2,2,October,19,Wednesday,18,DAVIE RD,Local Street - Municipality,Urban,Minor Arterial,City or Municipal Highway Agency,374.688,26.03785278,-80.237925,Motor Vehicle In-Transport,Front-to-Front,Not an Intersection,On Roadway,,Dark - Lighted,Cloudy,0,0,2014.0,0,0,BROWARD (11),HOLLYWOOD
2022,10665,Florida,0,2,2,October,19,Wednesday,18,DAVIE RD,Local Street - Municipality,Urban,Minor Arterial,City or Municipal Highway Agency,374.688,26.03785278,-80.237925,Motor Vehicle In-Transport,Front-to-Front,Not an Intersection,On Roadway,,Dark - Lighted,Cloudy,0,0,2012.0,1,0,BROWARD (11),HOLLYWOOD
2022,10666,Florida,1,1,1,November,11,Friday,21,DR MARTIN LUTHER KING BLVD,Local Street - Township,Urban,Principal Arterial - Other,State Highway Agency,374.688,26.64105278,-81.85068056,Pedalcyclist,Not a Collision,T-Intersection,On Roadway,,Dark - Lighted,Clear,0,0,2019.0,0,0,LEE (71),FORT MYERS
2022,10666,Florida,1,1,1,November,11,Friday,21,DR MARTIN LUTHER KING BLVD,Local Street - Township,Urban,Principal Arterial - Other,State Highway Agency,374.688,26.64105278,-81.85068056,Pedalcyclist,Not a Collision,T-Intersection,On Roadway,,Dark - Lighted,Clear,0,0,2021.0,2,0,LEE (71),FORT MYERS
2022,10666,Florida,1,1,1,November,11,Friday,21,DR MARTIN LUTHER KING BLVD,Local Street - Township,Urban,Principal Arterial - Other,State Highway Agency,374.688,26.64105278,-81.85068056,Pedalcyclist,Not a Collision,T-Intersection,On Roadway,,Dark - Lighted,Clear,0,0,2017.0,0,0,LEE (71),FORT MYERS
2022,10666,Florida,1,1,1,November,11,Friday,21,DR MARTIN LUTHER KING BLVD,Local Street - Township,Urban,Principal Arterial - Other,State Highway Agency,374.688,26.64105278,-81.85068056,Pedalcyclist,Not a Collision,T-Intersection,On Roadway,,Dark - Lighted,Clear,0,0,2016.0,0,0,LEE (71),FORT MYERS
2022,10667,Florida,0,1,1,November,12,Saturday,1,EDISON BRG,Local Street - Township,Urban,Principal Arterial - Other,Not Reported,374.688,26.65948333,-81.87475833,Curb,Not a Collision,Not an Intersection,On Roadside,,Dark - Lighted,Clear,0,0,2019.0,1,0,LEE (71),FORT MYERS
2022,10668,Florida,0,4,5,October,19,Wednesday,15,I-4 RAMP,Interstate,Urban,Interstate,State Highway Agency,374.688,28.66106111,-81.388075,Motor Vehicle In-Transport,Front-to-Rear,Not an Intersection,On Roadway,,Daylight,Clear,0,0,2012.0,0,0,SEMINOLE (117),ALTAMONTE SPRINGS
2022,10669,Florida,0,1,1,November,1,Tuesday,24,CR-884,County Road,Urban,Principal Arterial - Freeways,City or Municipal Highway Agency,374.688,26.60803333,-81.91225,Concrete Traffic Barrier,Not a Collision,Not an Intersection,On Median,,Dark - Not Lighted,Clear,0,0,2006.0,1,0,LEE (71),NOT APPLICABLE
2022,10670,Florida,1,1,1,November,1,Tuesday,7,US-41,US Highway,Urban,Principal Arterial - Other,State Highway Agency,374.688,26.52444722,-81.87104444,Pedestrian,Not a Collision,Not an Intersection,On Roadway,,Dawn,"Fog, Smog, Smoke",0,0,2014.0,1,1,LEE (71),NOT APPLICABLE
2022,10670,Florida,1,1,1,November,1,Tuesday,7,US-41,US Highway,Urban,Principal Arterial - Other,State Highway Agency,374.688,26.52444722,-81.87104444,Pedestrian,Not a Collision,Not an Intersection,On Roadway,,Dawn,"Fog, Smog, Smoke",0,0,2021.0,0,0,LEE (71),NOT APPLICABLE
2022,10671,Florida,0,1,1,November,1,Tuesday,19,CR-881,County Road,Urban,Minor Arterial,County Highway Agency,374.688,26.21592222,-81.75201389,Curb,Not a Collision,Not an Intersection,On Median,,Daylight,Clear,0,0,2019.0,1,0,COLLIER (21),NOT APPLICABLE
2022,10671,Florida,0,1,1,November,1,Tuesday,19,CR-881,County Road,Urban,Minor Arterial,County Highway Agency,374.688,26.21592222,-81.75201389,Curb,Not a Collision,Not an Intersection,On Median,,Daylight,Clear,0,0,1998.0,0,0,COLLIER (21),NOT APPLICABLE
2022,10672,Florida,0,1,1,November,6,Sunday,18,I-75,Interstate,Rural,Interstate,State Highway Agency,374.688,26.15313056,-81.55463056,Guardrail Face,Not a Collision,Not an Intersection,On Roadside,,Dark - Not Lighted,Clear,0,0,2008.0,2,1,COLLIER (21),NOT APPLICABLE
2022,10672,Florida,0,1,1,November,6,Sunday,18,I-75,Interstate,Rural,Interstate,State Highway Agency,374.688,26.15313056,-81.55463056,Guardrail Face,Not a Collision,Not an Intersection,On Roadside,,Dark - Not Lighted,Clear,0,0,2001.0,0,0,COLLIER (21),NOT APPLICABLE
2022,10672,Florida,0,1,1,November,6,Sunday,18,I-75,Interstate,Rural,Interstate,State Highway Agency,374.688,26.15313056,-81.55463056,Guardrail Face,Not a Collision,Not an Intersection,On Roadside,,Dark - Not Lighted,Clear,0,0,2015.0,0,0,COLLIER (21),NOT APPLICABLE
2022,10673,Florida,0,1,1,November,11,Friday,17,YAHL STREET,Local Street - Municipality,Urban,Local,Not Reported,374.688,26.21703056,-81.77748889,Utility Pole/Light Support,Not a Collision,Not an Intersection,On Roadside,,Dusk,Clear,0,0,2006.0,1,1,COLLIER (21),NAPLES
2022,10674,Florida,0,1,1,November,1,Tuesday,10,DAVIE RD EXT,Local Street - Municipality,Urban,Minor Arterial,City or Municipal Highway Agency,374.688,26.03492778,-80.24476389,Tree (Standing Only),Not a Collision,Four-Way Intersection,Off Roadway-Location Unknown,,Daylight,Clear,0,0,2019.0,0,0,BROWARD (11),HOLLYWOOD
2022,10675,Florida,0,1,3,November,2,Wednesday,19,SAULS ST,Local Street - Municipality,Urban,Local,City or Municipal Highway Agency,374.688,29.15818611,-81.01033611,Curb,Not a Collision,T-Intersection,On Roadside,,Dark - Not Lighted,Clear,0,0,2020.0,0,0,VOLUSIA (127),SOUTH DAYTONA
2022,10676,Florida,0,2,4,November,6,Sunday,18,NW 199TH ST,Local Street - Municipality,Urban,Local,Not Reported,374.688,25.95234722,-80.30225,Motor Vehicle In-Transport,Angle,Four-Way Intersection,On Roadway,,Dark - Lighted,Rain,0,0,2017.0,1,1,MIAMI-DADE (86),NOT APPLICABLE
2022,10676,Florida,0,2,4,November,6,Sunday,18,NW 199TH ST,Local Street - Municipality,Urban,Local,Not Reported,374.688,25.95234722,-80.30225,Motor Vehicle In-Transport,Angle,Four-Way Intersection,On Roadway,,Dark - Lighted,Rain,0,0,2016.0,0,0,MIAMI-DADE (86),NOT APPLICABLE
2022,10677,Florida,1,1,3,November,10,Thursday,14,US-98,US Highway,Urban,Principal Arterial - Other,City or Municipal Highway Agency,374.688,30.40773611,-86.63991111,Pedestrian,Not a Collision,Not an Intersection,On Roadway,,Daylight,Cloudy,0,0,2010.0,0,0,OKALOOSA (91),FORT WALTON BEACH
2022,10677,Florida,1,1,3,November,10,Thursday,14,US-98,US Highway,Urban,Principal Arterial - Other,City or Municipal Highway Agency,374.688,30.40773611,-86.63991111,Pedestrian,Not a Collision,Not an Intersection,On Roadway,,Daylight,Cloudy,0,0,2003.0,1,0,OKALOOSA (91),FORT WALTON BEACH
2022,10678,Florida,0,2,2,September,16,Friday,5,US-1 RIDGEWOOD AVE,US Highway,Urban,Principal Arterial - Other,State Highway Agency,374.688,29.22352778,-81.02952222,Motor Vehicle In-Transport,Angle,Four-Way Intersection,On Roadway,,Dark - Lighted,Clear,0,0,2003.0,1,0,VOLUSIA (127),DAYTONA BEACH
2022,10678,Florida,0,2,2,September,16,Friday,5,US-1 RIDGEWOOD AVE,US Highway,Urban,Principal Arterial - Other,State Highway Agency,374.688,29.22352778,-81.02952222,Motor Vehicle In-Transport,Angle,Four-Way Intersection,On Roadway,,Dark - Lighted,Clear,0,0,1995.0,0,0,VOLUSIA (127),DAYTONA BEACH
2022,10679,Florida,0,2,2,October,25,Tuesday,13,US-1,US Highway,Urban,Principal Arterial - Other,State Highway Agency,374.688,29.82493889,-81.32221667,Motor Vehicle In-Transport,Angle,T-Intersection,On Roadway,,Daylight,Clear,0,0,1999.0,1,0,ST JOHNS (109),NOT APPLICABLE
2022,10680,Florida,0,2,3,November,4,Friday,16,CR-2301,County Road,Urban,Major Collector,County Highway Agency,374.688,30.29075556,-85.54029167,Motor Vehicle In-Transport,Angle,T-Intersection,On Roadway,,Daylight,Clear,0,0,2010.0,1,0,BAY (5),PANAMA CITY
2022,10681,Florida,0,1,1,November,7,Monday,23,ROCK HILL RD,Unknown,Rural,Local,Unknown,374.688,30.59139722,-86.07227778,Tree (Standing Only),Not a Collision,Not an Intersection,Outside Trafficway,,Dark - Not Lighted,Clear,0,0,2016.0,1,0,WALTON (131),NOT APPLICABLE
2022,10682,Florida,0,1,1,November,9,Wednesday,9,I-110,Interstate,Urban,Interstate,State Highway Agency,374.688,30.50303056,-87.229875,Guardrail Face,Not a Collision,Not an Intersection,On Roadside,,Daylight,Clear,0,0,2008.0,1,0,ESCAMBIA (33),NOT APPLICABLE
2022,10683,Florida,1,1,1,November,11,Friday,1,US-27,US Highway,Urban,Principal Arterial - Other,State Highway Agency,374.688,27.415075,-81.41671389,Pedalcyclist,Not a Collision,Not an Intersection,On Roadway,"Work Zone, Type Unknown",Dark - Not Lighted,Clear,0,0,2022.0,1,0,HIGHLANDS (55),NOT APPLICABLE
2022,10683,Florida,1,1,1,November,11,Friday,1,US-27,US Highway,Urban,Principal Arterial - Other,State Highway Agency,374.688,27.415075,-81.41671389,Pedalcyclist,Not a Collision,Not an Intersection,On Roadway,"Work Zone, Type Unknown",Dark - Not Lighted,Clear,0,0,2020.0,0,0,HIGHLANDS (55),NOT APPLICABLE
2022,10683,Florida,1,1,1,November,11,Friday,1,US-27,US Highway,Urban,Principal Arterial - Other,State Highway Agency,374.688,27.415075,-81.41671389,Pedalcyclist,Not a Collision,Not an Intersection,On Roadway,"Work Zone, Type Unknown",Dark - Not Lighted,Clear,0,0,2005.0,0,0,HIGHLANDS (55),NOT APPLICABLE
2022,10684,Florida,0,2,2,November,11,Friday,4,US-90,US Highway,Urban,Minor Arterial,Not Reported,374.688,30.53276111,-87.2477,Motor Vehicle In-Transport,Angle,T-Intersection,On Roadway,"Work Zone, Type Unknown",Dark - Not Lighted,Clear,0,0,2015.0,2,0,ESCAMBIA (33),ENSLEY
2022,10684,Florida,0,2,2,November,11,Friday,4,US-90,US Highway,Urban,Minor Arterial,Not Reported,374.688,30.53276111,-87.2477,Motor Vehicle In-Transport,Angle,T-Intersection,On Roadway,"Work Zone, Type Unknown",Dark - Not Lighted,Clear,0,0,2020.0,0,0,ESCAMBIA (33),ENSLEY
2022,10685,Florida,0,2,5,November,11,Friday,16,CR-1,County Road,Urban,Minor Arterial,Not Reported,374.688,28.29088056,-82.67579167,Motor Vehicle In-Transport,Angle,Four-Way Intersection,On Roadway,,Daylight,Clear,0,0,2018.0,0,0,PASCO (101),NOT APPLICABLE
2022,10685,Florida,0,2,5,November,11,Friday,16,CR-1,County Road,Urban,Minor Arterial,Not Reported,374.688,28.29088056,-82.67579167,Motor Vehicle In-Transport,Angle,Four-Way Intersection,On Roadway,,Daylight,Clear,0,0,2013.0,0,0,PASCO (101),NOT APPLICABLE
2022,10685,Florida,0,2,5,November,11,Friday,16,CR-1,County Road,Urban,Minor Arterial,Not Reported,374.688,28.29088056,-82.67579167,Motor Vehicle In-Transport,Angle,Four-Way Intersection,On Roadway,,Daylight,Clear,0,0,2019.0,0,0,PASCO (101),NOT APPLICABLE
2022,10685,Florida,0,2,5,November,11,Friday,16,CR-1,County Road,Urban,Minor Arterial,Not Reported,374.688,28.29088056,-82.67579167,Motor Vehicle In-Transport,Angle,Four-Way Intersection,On Roadway,,Daylight,Clear,0,0,2013.0,1,0,PASCO (101),NOT APPLICABLE
2022,10685,Florida,0,2,5,November,11,Friday,16,CR-1,County Road,Urban,Minor Arterial,Not Reported,374.688,28.29088056,-82.67579167,Motor Vehicle In-Transport,Angle,Four-Way Intersection,On Roadway,,Daylight,Clear,0,0,2021.0,0,0,PASCO (101),NOT APPLICABLE
2022,10685,Florida,0,2,5,November,11,Friday,16,CR-1,County Road,Urban,Minor Arterial,Not Reported,374.688,28.29088056,-82.67579167,Motor Vehicle In-Transport,Angle,Four-Way Intersection,On Roadway,,Daylight,Clear,0,0,2018.0,0,0,PASCO (101),NOT APPLICABLE
2022,10686,Florida,0,2,5,November,16,Wednesday,6,CR-329,County Road,Rural,Minor Collector,Not Reported,374.688,29.33066111,-82.1599,Motor Vehicle In-Transport,Angle,Not an Intersection,On Roadway,,Dawn,Cloudy,0,0,2015.0,1,0,MARION (83),NOT APPLICABLE
2022,10686,Florida,0,2,5,November,16,Wednesday,6,CR-329,County Road,Rural,Minor Collector,Not Reported,374.688,29.33066111,-82.1599,Motor Vehicle In-Transport,Angle,Not an Intersection,On Roadway,,Dawn,Cloudy,0,0,2007.0,0,0,MARION (83),NOT APPLICABLE
2022,10687,Florida,1,1,4,November,4,Friday,16,TYRONE BLVD N,Other,Urban,Minor Arterial,State Highway Agency,374.688,27.79201389,-82.72822778,Pedestrian,Not a Collision,Four-Way Intersection,On Roadway,,Daylight,Clear,0,0,2018.0,0,0,PINELLAS (103),SAINT PETERSBURG
2022,10688,Florida,1,1,1,October,29,Saturday,21,US-1,US Highway,Urban,Principal Arterial - Other,State Highway Agency,374.688,27.491925,-80.34313333,Pedestrian,Not a Collision,Not an Intersection,On Roadway,,Dark - Not Lighted,Clear,0,0,2022.0,1,0,ST LUCIE (111),NOT APPLICABLE
2022,10689,Florida,0,2,2,November,2,Wednesday,12,CR-470,County Road,Rural,Major Collector,County Highway Agency,374.688,28.75549722,-81.96121111,Motor Vehicle In-Transport,Front-to-Front,Not an Intersection,On Roadway,,Daylight,Clear,0,0,2006.0,1,0,SUMTER (119),NOT APPLICABLE
2022,10690,Florida,0,1,1,November,5,Saturday,14,US-19,US Highway,Rural,Principal Arterial - Other,Not Reported,374.688,29.60158889,-82.98175,Traffic Sign Support,Not a Collision,Not an Intersection,On Roadside,,Daylight,Cloudy,0,0,2002.0,1,1,DIXIE (29),NOT APPLICABLE
2022,10691,Florida,0,2,2,November,6,Sunday,14,SR-70,State Highway,Rural,Principal Arterial - Other,Not Reported,374.688,27.225425,-81.09474444,Motor Vehicle In-Transport,Angle,T-Intersection,On Roadway,,Daylight,Clear,0,0,2006.0,1,0,HIGHLANDS (55),NOT APPLICABLE
2022,10692,Florida,1,1,1,November,6,Sunday,20,SR-50,State Highway,Urban,Principal Arterial - Other,State Highway Agency,374.688,28.55196389,-81.47860278,Pedestrian,Not a Collision,Not an Intersection,On Roadway,,Dark - Lighted,Clear,0,0,2010.0,1,0,ORANGE (95),NOT APPLICABLE
2022,10693,Florida,0,2,2,November,8,Tuesday,20,US-441,US Highway,Rural,Principal Arterial - Other,State Highway Agency,374.688,27.13782222,-80.68908889,Motor Vehicle In-Transport,Front-to-Front,Not an Intersection,On Roadway,,Dark - Not Lighted,Clear,0,0,2007.0,1,0,OKEECHOBEE (93),NOT APPLICABLE
2022,10693,Florida,0,2,2,November,8,Tuesday,20,US-441,US Highway,Rural,Principal Arterial - Other,State Highway Agency,374.688,27.13782222,-80.68908889,Motor Vehicle In-Transport,Front-to-Front,Not an Intersection,On Roadway,,Dark - Not Lighted,Clear,0,0,2021.0,0,0,OKEECHOBEE (93),NOT APPLICABLE
2022,10694,Florida,0,1,1,November,8,Tuesday,19,CR-184,County Road,Rural,Major Collector,Not Reported,374.688,30.67127778,-87.26210556,Guardrail Face,Not a Collision,Not an Intersection,On Roadside,,Dark - Not Lighted,Clear,0,0,2011.0,1,1,SANTA ROSA (113),NOT APPLICABLE
2022,10694,Florida,0,1,1,November,8,Tuesday,19,CR-184,County Road,Rural,Major Collector,Not Reported,374.688,30.67127778,-87.26210556,Guardrail Face,Not a Collision,Not an Intersection,On Roadside,,Dark - Not Lighted,Clear,0,0,2007.0,0,0,SANTA ROSA (113),NOT APPLICABLE
2022,10695,Florida,1,1,1,November,11,Friday,18,SR-72,State Highway,Urban,Minor Arterial,State Highway Agency,374.688,27.26937222,-82.51166944,Pedestrian,Not a Collision,Not an Intersection,On Roadway,,Dark - Lighted,Clear,0,0,2013.0,0,1,SARASOTA (115),NOT APPLICABLE
2022,10696,Florida,1,1,2,November,17,Thursday,21,SR-10,State Highway,Urban,Principal Arterial - Other,State Highway Agency,374.688,30.31947222,-81.55386944,Pedestrian,Not a Collision,Not an Intersection,On Roadway,,Dark - Lighted,Clear,0,0,2005.0,2,0,DUVAL (31),JACKSONVILLE
2022,10697,Florida,0,3,4,November,3,Thursday,14,SR-44,State Highway,Urban,Principal Arterial - Other,State Highway Agency,374.688,29.01217222,-81.02045,Motor Vehicle In-Transport,Front-to-Rear,Not an Intersection,On Roadway,,Daylight,Clear,0,0,2014.0,0,0,VOLUSIA (127),NEW SMYRNA BEACH
2022,10698,Florida,1,1,1,November,14,Monday,18,PRINEVILLE ST,Other,Urban,Major Collector,Not Reported,374.688,27.01696944,-82.14018611,Pedalcyclist,Not a Collision,Not an Intersection,On Roadway,,Dark - Not Lighted,Clear,0,0,1995.0,1,0,CHARLOTTE (15),PORT CHARLOTTE
2022,10699,Florida,0,1,1,August,4,Thursday,12,US-441 N STATE ROAD 7,US Highway,Urban,Principal Arterial - Other,State Highway Agency,374.688,26.23570556,-80.20473889,Rollover/Overturn,Not a Collision,Not an Intersection,On Roadway,,Daylight,Clear,0,0,2019.0,2,0,BROWARD (11),HAMMONDVILLE
2022,10699,Florida,0,1,1,August,4,Thursday,12,US-441 N STATE ROAD 7,US Highway,Urban,Principal Arterial - Other,State Highway Agency,374.688,26.23570556,-80.20473889,Rollover/Overturn,Not a Collision,Not an Intersection,On Roadway,,Daylight,Clear,0,0,2009.0,0,0,BROWARD (11),HAMMONDVILLE
2022,10700,Florida,0,4,4,November,7,Monday,7,CR-44,County Road,Rural,Major Collector,Not Reported,374.688,28.83734167,-81.81548611,Motor Vehicle In-Transport,Front-to-Rear,T-Intersection,On Roadway,,Daylight,Clear,0,0,2014.0,1,0,LAKE (69),NOT APPLICABLE
2022,10702,Florida,0,1,1,November,15,Tuesday,22,CR-77,County Road,Urban,Principal Arterial - Other,County Highway Agency,374.688,28.20971944,-82.69378889,Traffic Sign Support,Not a Collision,Not an Intersection,On Roadside,,Dark - Lighted,Clear,0,0,2012.0,0,0,PASCO (101),NOT APPLICABLE
2022,10703,Florida,1,1,1,November,18,Friday,20,CENTRAL AVE,Local Street - Municipality,Urban,Minor Arterial,City or Municipal Highway Agency,374.688,27.77103333,-82.6675,Pedestrian,Not a Collision,Not an Intersection,On Roadway,,Dark - Not Lighted,Clear,0,0,2011.0,1,1,PINELLAS (103),SAINT PETERSBURG
2022,10704,Florida,0,1,1,August,27,Saturday,8,I-75,Interstate,Urban,Interstate,State Highway Agency,374.688,26.06242222,-80.35417778,Concrete Traffic Barrier,Not a Collision,Not an Intersection,On Median,,Daylight,Cloudy,0,0,1999.0,1,0,BROWARD (11),DAVIE
2022,10704,Florida,0,1,1,August,27,Saturday,8,I-75,Interstate,Urban,Interstate,State Highway Agency,374.688,26.06242222,-80.35417778,Concrete Traffic Barrier,Not a Collision,Not an Intersection,On Median,,Daylight,Cloudy,0,0,2021.0,0,0,BROWARD (11),DAVIE
2022,10705,Florida,0,1,4,September,25,Sunday,4,I-95,Interstate,Urban,Interstate,State Highway Agency,374.688,26.22653333,-80.13408056,Impact Attenuator/Crash Cushion,Not a Collision,Not an Intersection,On Roadside,,Dark - Lighted,Cloudy,0,0,2012.0,1,1,BROWARD (11),POMPANO BEACH
2022,10706,Florida,0,1,1,October,22,Saturday,24,TAMPA PALMS BLVD E,Local Street - Municipality,Urban,Minor Collector,City or Municipal Highway Agency,374.688,28.10523333,-82.37323333,Curb,Not a Collision,Not an Intersection,On Median,,Dark - Lighted,Clear,0,0,2007.0,2,0,HILLSBOROUGH (57),TAMPA
2022,10706,Florida,0,1,1,October,22,Saturday,24,TAMPA PALMS BLVD E,Local Street - Municipality,Urban,Minor Collector,City or Municipal Highway Agency,374.688,28.10523333,-82.37323333,Curb,Not a Collision,Not an Intersection,On Median,,Dark - Lighted,Clear,0,0,2006.0,0,0,HILLSBOROUGH (57),TAMPA
2022,10707,Florida,0,1,2,October,29,Saturday,4,SR-295,State Highway,Urban,Principal Arterial - Other,State Highway Agency,374.688,30.42123889,-87.27528056,Fell/Jumped from Vehicle,Not a Collision,Not an Intersection,On Roadway,,Dark - Not Lighted,Rain,0,0,2013.0,1,0,ESCAMBIA (33),WEST PENSACOLA
2022,10707,Florida,0,1,2,October,29,Saturday,4,SR-295,State Highway,Urban,Principal Arterial - Other,State Highway Agency,374.688,30.42123889,-87.27528056,Fell/Jumped from Vehicle,Not a Collision,Not an Intersection,On Roadway,,Dark - Not Lighted,Rain,0,0,2016.0,0,1,ESCAMBIA (33),WEST PENSACOLA
2022,10708,Florida,0,3,4,November,5,Saturday,21,US-27,US Highway,Urban,Principal Arterial - Other,Not Reported,374.688,29.197,-82.16846944,Motor Vehicle In-Transport,Angle,Four-Way Intersection,On Roadway,,Dark - Lighted,Clear,0,0,2018.0,1,0,MARION (83),OCALA
2022,10708,Florida,0,3,4,November,5,Saturday,21,US-27,US Highway,Urban,Principal Arterial - Other,Not Reported,374.688,29.197,-82.16846944,Motor Vehicle In-Transport,Angle,Four-Way Intersection,On Roadway,,Dark - Lighted,Clear,0,0,2022.0,0,0,MARION (83),OCALA
2022,10709,Florida,1,1,2,November,15,Tuesday,18,E 7TH AVE,Local Street - Municipality,Urban,Major Collector,City or Municipal Highway Agency,374.688,27.960725,-82.40635833,Pedestrian,Not a Collision,Not an Intersection,On Roadway,,Dark - Not Lighted,Clear,0,0,2013.0,1,1,HILLSBOROUGH (57),TAMPA
2022,10709,Florida,1,1,2,November,15,Tuesday,18,E 7TH AVE,Local Street - Municipality,Urban,Major Collector,City or Municipal Highway Agency,374.688,27.960725,-82.40635833,Pedestrian,Not a Collision,Not an Intersection,On Roadway,,Dark - Not Lighted,Clear,0,0,2016.0,0,0,HILLSBOROUGH (57),TAMPA
2022,10709,Florida,1,1,2,November,15,Tuesday,18,E 7TH AVE,Local Street - Municipality,Urban,Major Collector,City or Municipal Highway Agency,374.688,27.960725,-82.40635833,Pedestrian,Not a Collision,Not an Intersection,On Roadway,,Dark - Not Lighted,Clear,0,0,2022.0,0,0,HILLSBOROUGH (57),TAMPA
2022,10710,Florida,0,2,2,November,17,Thursday,23,SR-580,State Highway,Urban,Principal Arterial - Other,State Highway Agency,374.688,28.03284167,-82.45115833,Motor Vehicle In-Transport,Front-to-Front,Four-Way Intersection,On Roadway,,Dark - Lighted,Clear,0,0,2006.0,1,0,HILLSBOROUGH (57),TAMPA
2022,10711,Florida,1,1,1,November,17,Thursday,17,US-441,US Highway,Urban,Principal Arterial - Other,State Highway Agency,374.688,26.401625,-80.20373889,Pedalcyclist,Not a Collision,T-Intersection,On Roadway,,Dark - Lighted,Clear,0,0,2017.0,1,0,PALM BEACH (99),NOT APPLICABLE
2022,10712,Florida,1,1,1,October,31,Monday,8,KEECH ST,Local Street - Municipality,Urban,Local,City or Municipal Highway Agency,374.688,29.21050278,-81.04004444,Pedalcyclist,Not a Collision,Not an Intersection,On Roadway,,Daylight,Clear,0,0,2001.0,0,1,VOLUSIA (127),DAYTONA BEACH
2022,10713,Florida,0,2,2,November,5,Saturday,22,NW 87TH AVE,Local Street - Municipality,Urban,Principal Arterial - Other,Not Reported,374.688,25.79397222,-80.33812778,Motor Vehicle In-Transport,Angle,T-Intersection,On Roadway,,Dark - Lighted,Clear,0,0,2019.0,1,0,MIAMI-DADE (86),DORAL