YEAR,ST_CASE,STATENAME,NUM_PEDS,NUM_VEHC,PERSONS,MONTHNAME,DAYNAME,DAY_WEEKNAME,HOUR,ROAD_NAME,ROUTENAME,RUR_URBNAME,FUNC_SYSNAME,RD_OWNERNAME,MILE_MARKER,LATITUDE,LONGITUD,HARM_EVNAME,COLLISION_TYPE,TYP_INTNAME,REL_ROADNAME,WRK_ZONENAME,LGT_CONDNAME,WEATHERNAME,SCH_BUS,HIT_RUN,MOD_YEAR,DEATHS,DR_DRINK,COUNTYNAME,CITYNAME
2022,10828,Florida,0,2,3,November,23,Wednesday,18,AVENUE OF THE AMERICAS,Other,Urban,Local,Town or Township Highway Agency,374.688,26.91703889,-82.30577222,Motor Vehicle In-Transport,Front-to-Rear,Not an Intersection,On Roadway,,Dark - Not Lighted,Clear,0,0,2022.0,1,0,CHARLOTTE (15),NOT APPLICABLE
2022,10829,Florida,0,2,12,November,26,Saturday,18,SR-870,State Highway,Urban,Principal Arterial - Other,State Highway Agency,374.688,26.19375556,-80.21753889,Motor Vehicle In-Transport,Angle,Four-Way Intersection,On Roadway,,Dark - Lighted,Clear,0,0,1995.0,1,0,BROWARD (11),TAMARAC
2022,10829,Florida,0,2,12,November,26,Saturday,18,SR-870,State Highway,Urban,Principal Arterial - Other,State Highway Agency,374.688,26.19375556,-80.21753889,Motor Vehicle In-Transport,Angle,Four-Way Intersection,On Roadway,,Dark - Lighted,Clear,0,0,1999.0,0,0,BROWARD (11),TAMARAC
2022,10830,Florida,0,2,3,December,1,Thursday,19,SR-563,State Highway,Urban,Minor Arterial,State Highway Agency,374.688,28.01631667,-81.97432778,Fell/Jumped from Vehicle,Not a Collision,Not an Intersection,On Roadway,,Dark - Lighted,Clear,0,0,2020.0,0,0,POLK (105),LAKELAND
2022,10831,Florida,0,1,1,October,22,Saturday,6,SR-429 RAMP,State Highway,Urban,Principal Arterial - Freeways,State Highway Agency,374.688,28.54039167,-81.55650833,Traffic Sign Support,Not a Collision,Not an Intersection,On Roadside,,Dark - Lighted,Clear,0,0,2016.0,0,0,ORANGE (95),ORLANDO
2022,10831,Florida,0,1,1,October,22,Saturday,6,SR-429 RAMP,State Highway,Urban,Principal Arterial - Freeways,State Highway Agency,374.688,28.54039167,-81.55650833,Traffic Sign Support,Not a Collision,Not an Intersection,On Roadside,,Dark - Lighted,Clear,0,0,2009.0,2,0,ORANGE (95),ORLANDO
2022,10831,Florida,0,1,1,October,22,Saturday,6,SR-429 RAMP,State Highway,Urban,Principal Arterial - Freeways,State Highway Agency,374.688,28.54039167,-81.55650833,Traffic Sign Support,Not a Collision,Not an Intersection,On Roadside,,Dark - Lighted,Clear,0,0,2018.0,0,0,ORANGE (95),ORLANDO
2022,10831,Florida,0,1,1,October,22,Saturday,6,SR-429 RAMP,State Highway,Urban,Principal Arterial - Freeways,State Highway Agency,374.688,28.54039167,-81.55650833,Traffic Sign Support,Not a Collision,Not an Intersection,On Roadside,,Dark - Lighted,Clear,0,0,2018.0,0,0,ORANGE (95),ORLANDO
2022,10831,Florida,0,1,1,October,22,Saturday,6,SR-429 RAMP,State Highway,Urban,Principal Arterial - Freeways,State Highway Agency,374.688,28.54039167,-81.55650833,Traffic Sign Support,Not a Collision,Not an Intersection,On Roadside,,Dark - Lighted,Clear,0,0,2012.0,0,0,ORANGE (95),ORLANDO
2022,10831,Florida,0,1,1,October,22,Saturday,6,SR-429 RAMP,State Highway,Urban,Principal Arterial - Freeways,State Highway Agency,374.688,28.54039167,-81.55650833,Traffic Sign Support,Not a Collision,Not an Intersection,On Roadside,,Dark - Lighted,Clear,0,0,2023.0,0,0,ORANGE (95),ORLANDO
2022,10832,Florida,1,1,3,November,9,Wednesday,20,SR-50,State Highway,Urban,Principal Arterial - Other,State Highway Agency,374.688,28.55228889,-81.45541667,Pedestrian,Not a Collision,Not an Intersection,On Roadway,,Dark - Lighted,Rain,0,1,2010.0,0,0,ORANGE (95),NOT APPLICABLE
2022,10833,Florida,0,2,2,November,19,Saturday,20,CR-437,County Road,Urban,Major Collector,County Highway Agency,374.688,28.63151944,-81.5486,Motor Vehicle In-Transport,Front-to-Front,Not an Intersection,On Roadway,,Dark - Not Lighted,Clear,0,0,2021.0,0,0,ORANGE (95),NOT APPLICABLE
2022,10834,Florida,0,2,3,November,18,Friday,11,SR-710,State Highway,Rural,Principal Arterial - Other,State Highway Agency,374.688,27.1591,-80.67722222,Motor Vehicle In-Transport,Reported as Unknown,T-Intersection,On Roadway,,Daylight,Cloudy,0,0,2007.0,1,0,MARTIN (85),NOT APPLICABLE
2022,10835,Florida,1,1,1,November,21,Monday,15,SR-535,State Highway,Urban,Minor Arterial,State Highway Agency,374.688,28.36396944,-81.50175556,Pedalcyclist,Not a Collision,T-Intersection,On Roadway,,Daylight,Cloudy,0,0,2008.0,1,0,ORANGE (95),NOT APPLICABLE
2022,10835,Florida,1,1,1,November,21,Monday,15,SR-535,State Highway,Urban,Minor Arterial,State Highway Agency,374.688,28.36396944,-81.50175556,Pedalcyclist,Not a Collision,T-Intersection,On Roadway,,Daylight,Cloudy,0,0,2006.0,0,1,ORANGE (95),NOT APPLICABLE
2022,10836,Florida,0,1,1,November,26,Saturday,19,CR-4038,County Road,Urban,Minor Collector,County Highway Agency,374.688,29.11738056,-81.33463056,Fence,Not a Collision,Not an Intersection,Outside Trafficway,,Dark - Not Lighted,Clear,0,0,2016.0,1,0,VOLUSIA (127),NOT APPLICABLE
2022,10837,Florida,1,1,1,November,26,Saturday,6,US-1,US Highway,Urban,Principal Arterial - Other,State Highway Agency,374.688,29.35388333,-81.15557222,Pedestrian,Not a Collision,Not an Intersection,On Median,,Dark - Not Lighted,Cloudy,0,0,2012.0,0,1,FLAGLER (35),NOT APPLICABLE
2022,10837,Florida,1,1,1,November,26,Saturday,6,US-1,US Highway,Urban,Principal Arterial - Other,State Highway Agency,374.688,29.35388333,-81.15557222,Pedestrian,Not a Collision,Not an Intersection,On Median,,Dark - Not Lighted,Cloudy,0,0,2006.0,1,1,FLAGLER (35),NOT APPLICABLE
2022,10838,Florida,1,1,1,November,27,Sunday,11,N POWERS DRIVE,Local Street - Municipality,Urban,Major Collector,City or Municipal Highway Agency,374.688,28.54671944,-81.46761944,Pedalcyclist,Not a Collision,T-Intersection,On Roadway,,Daylight,Clear,0,0,2015.0,1,0,ORANGE (95),NOT APPLICABLE
2022,10839,Florida,1,1,5,November,27,Sunday,24,I-75,Interstate,Rural,Interstate,State Highway Agency,374.688,26.76654722,-81.87619167,Pedestrian,Not a Collision,Not an Intersection,On Roadway,,Dark - Not Lighted,Clear,0,0,2021.0,1,0,LEE (71),NOT APPLICABLE
2022,10840,Florida,1,1,2,November,26,Saturday,18,US-41,US Highway,Urban,Principal Arterial - Other,State Highway Agency,374.688,26.98295,-82.10022222,Rollover/Overturn,Not a Collision,Not an Intersection,On Roadway,,Dark - Not Lighted,Cloudy,0,0,2007.0,1,0,CHARLOTTE (15),PORT CHARLOTTE
2022,10840,Florida,1,1,2,November,26,Saturday,18,US-41,US Highway,Urban,Principal Arterial - Other,State Highway Agency,374.688,26.98295,-82.10022222,Rollover/Overturn,Not a Collision,Not an Intersection,On Roadway,,Dark - Not Lighted,Cloudy,0,0,2012.0,0,0,CHARLOTTE (15),PORT CHARLOTTE
2022,10841,Florida,1,1,1,November,22,Tuesday,18,CAMELOT DR,Other,Urban,Local,County Highway Agency,374.688,26.55251111,-81.90956389,Pedestrian,Not a Collision,Not an Intersection,On Roadway,,Dark - Not Lighted,Clear,0,0,2014.0,1,0,LEE (71),NOT APPLICABLE
2022,10841,Florida,1,1,1,November,22,Tuesday,18,CAMELOT DR,Other,Urban,Local,County Highway Agency,374.688,26.55251111,-81.90956389,Pedestrian,Not a Collision,Not an Intersection,On Roadway,,Dark - Not Lighted,Clear,0,0,2020.0,0,0,LEE (71),NOT APPLICABLE
2022,10842,Florida,0,3,8,November,26,Saturday,21,SR-994,State Highway,Urban,Minor Arterial,State Highway Agency,374.688,25.59533611,-80.3715,Motor Vehicle In-Transport,Angle,Four-Way Intersection,On Roadway,,Dark - Lighted,Clear,0,0,1998.0,1,0,MIAMI-DADE (86),NOT APPLICABLE
2022,10843,Florida,0,3,4,November,26,Saturday,11,CR-655,County Road,Urban,Major Collector,Town or Township Highway Agency,374.688,27.95349444,-81.72668611,Motor Vehicle In-Transport,Front-to-Rear,T-Intersection,On Roadway,,Daylight,Clear,0,0,2017.0,1,0,POLK (105),NOT APPLICABLE
2022,10844,Florida,1,1,1,November,28,Monday,5,SR-329 MAIN ST,State Highway,Urban,Major Collector,State Highway Agency,374.688,29.62180556,-82.33160278,Pedalcyclist,Not a Collision,T-Intersection,On Roadway,,Reported as Unknown,Clear,0,0,2018.0,1,1,ALACHUA (1),GAINESVILLE
2022,10844,Florida,1,1,1,November,28,Monday,5,SR-329 MAIN ST,State Highway,Urban,Major Collector,State Highway Agency,374.688,29.62180556,-82.33160278,Pedalcyclist,Not a Collision,T-Intersection,On Roadway,,Reported as Unknown,Clear,0,0,2013.0,0,0,ALACHUA (1),GAINESVILLE
2022,10845,Florida,1,1,1,October,24,Monday,10,9TH ST,Other,Urban,Local,City or Municipal Highway Agency,374.688,27.34379722,-82.52867222,Pedestrian,Not a Collision,Not an Intersection,On Roadway,,Daylight,Clear,0,0,2017.0,0,0,SARASOTA (115),SARASOTA
2022,10846,Florida,1,1,4,October,25,Tuesday,19,SR-44 W GULF TO LAKE HWY,State Highway,Urban,Principal Arterial - Other,State Highway Agency,374.688,28.85183333,-82.48623889,Pedestrian,Not a Collision,Not an Intersection,On Roadway,,Dark - Not Lighted,Clear,0,0,2019.0,1,1,CITRUS (17),NOT APPLICABLE
2022,10847,Florida,1,1,1,October,29,Saturday,24,SR- 581,State Highway,Urban,Principal Arterial - Other,State Highway Agency,374.688,28.20929722,-82.35320278,Pedestrian,Not a Collision,Not an Intersection,On Roadway,,Dark - Not Lighted,Clear,0,0,2021.0,1,0,PASCO (101),NOT APPLICABLE
2022,10847,Florida,1,1,1,October,29,Saturday,24,SR- 581,State Highway,Urban,Principal Arterial - Other,State Highway Agency,374.688,28.20929722,-82.35320278,Pedestrian,Not a Collision,Not an Intersection,On Roadway,,Dark - Not Lighted,Clear,0,0,2015.0,1,0,PASCO (101),NOT APPLICABLE
2022,10848,Florida,1,1,1,November,3,Thursday,7,RINGLING BLVD,Other,Urban,Major Collector,County Highway Agency,374.688,27.33402222,-82.54038333,Pedalcyclist,Not a Collision,Traffic Circle,On Roadway,,Dark - Lighted,Cloudy,0,0,2008.0,0,0,SARASOTA (115),SARASOTA
2022,10849,Florida,0,1,1,November,17,Thursday,9,WHITE RD,Other,Rural,Local,County Highway Agency,374.688,30.61091389,-87.13978056,Tree (Standing Only),Not a Collision,Not an Intersection,Off Roadway-Location Unknown,,Daylight,Cloudy,0,0,2012.0,1,0,SANTA ROSA (113),NOT APPLICABLE
2022,10849,Florida,0,1,1,November,17,Thursday,9,WHITE RD,Other,Rural,Local,County Highway Agency,374.688,30.61091389,-87.13978056,Tree (Standing Only),Not a Collision,Not an Intersection,Off Roadway-Location Unknown,,Daylight,Cloudy,0,0,2005.0,0,0,SANTA ROSA (113),NOT APPLICABLE
2022,10850,Florida,0,1,1,November,21,Monday,7,I-95,Interstate,Rural,Interstate,State Highway Agency,374.688,28.81331944,-80.90621944,Culvert,Not a Collision,Not an Intersection,On Roadside,,Daylight,Cloudy,0,0,2007.0,0,0,VOLUSIA (127),NOT APPLICABLE
2022,10851,Florida,0,3,4,November,24,Thursday,20,I-275,Interstate,Urban,Interstate,State Highway Agency,374.688,28.10278333,-82.44220556,Motor Vehicle In-Transport,Sideswipe - Same Direction,Not an Intersection,On Roadway,,Dark - Not Lighted,Clear,0,0,2004.0,1,1,HILLSBOROUGH (57),LUTZ
2022,10852,Florida,0,1,1,November,25,Friday,1,US-90,US Highway,Urban,Minor Arterial,State Highway Agency,374.688,30.57801944,-87.18171111,Traffic Sign Support,Not a Collision,Not an Intersection,On Roadside,"Work Zone, Type Unknown",Dark - Not Lighted,Rain,0,0,2008.0,1,0,SANTA ROSA (113),NOT APPLICABLE
2022,10852,Florida,0,1,1,November,25,Friday,1,US-90,US Highway,Urban,Minor Arterial,State Highway Agency,374.688,30.57801944,-87.18171111,Traffic Sign Support,Not a Collision,Not an Intersection,On Roadside,"Work Zone, Type Unknown",Dark - Not Lighted,Rain,0,0,2017.0,0,0,SANTA ROSA (113),NOT APPLICABLE
2022,10852,Florida,0,1,1,November,25,Friday,1,US-90,US Highway,Urban,Minor Arterial,State Highway Agency,374.688,30.57801944,-87.18171111,Traffic Sign Support,Not a Collision,Not an Intersection,On Roadside,"Work Zone, Type Unknown",Dark - Not Lighted,Rain,0,0,2004.0,0,0,SANTA ROSA (113),NOT APPLICABLE
2022,10853,Florida,0,1,1,November,26,Saturday,22,SOUTHWEST ILLINOIS STREET,Other,Rural,Local,Town or Township Highway Agency,374.688,29.93523611,-82.76158611,Rollover/Overturn,Not a Collision,Not an Intersection,On Roadway,,Dark - Not Lighted,Cloudy,0,0,2022.0,0,0,COLUMBIA (23),NOT APPLICABLE
2022,10854,Florida,2,3,2,November,22,Tuesday,20,I-75,Interstate,Urban,Interstate,State Highway Agency,374.688,26.99935833,-82.03509722,Parked Motor Vehicle,Not a Collision,Not an Intersection,On Shoulder,,Dark - Lighted,Clear,0,0,2003.0,0,0,CHARLOTTE (15),NOT APPLICABLE
2022,10855,Florida,0,1,1,December,3,Saturday,18,CR-225,County Road,Rural,Major Collector,County Highway Agency,374.688,29.83441111,-82.26321111,Embankment,Not a Collision,Not an Intersection,On Roadside,,Dark - Not Lighted,Clear,0,0,2022.0,1,0,ALACHUA (1),NOT APPLICABLE
2022,10856,Florida,0,1,1,December,3,Saturday,3,EAU GALLIE CSWY,Local Street - Township,Urban,Principal Arterial - Other,Town or Township Highway Agency,374.688,28.13116667,-80.62288333,Guardrail Face,Not a Collision,Not an Intersection,On Roadside,,Dark - Lighted,Clear,0,0,2007.0,1,1,BREVARD (9),MELBOURNE
2022,10856,Florida,0,1,1,December,3,Saturday,3,EAU GALLIE CSWY,Local Street - Township,Urban,Principal Arterial - Other,Town or Township Highway Agency,374.688,28.13116667,-80.62288333,Guardrail Face,Not a Collision,Not an Intersection,On Roadside,,Dark - Lighted,Clear,0,0,2006.0,0,0,BREVARD (9),MELBOURNE
2022,10856,Florida,0,1,1,December,3,Saturday,3,EAU GALLIE CSWY,Local Street - Township,Urban,Principal Arterial - Other,Town or Township Highway Agency,374.688,28.13116667,-80.62288333,Guardrail Face,Not a Collision,Not an Intersection,On Roadside,,Dark - Lighted,Clear,0,0,2009.0,0,1,BREVARD (9),MELBOURNE
2022,10857,Florida,0,1,1,October,26,Wednesday,14,CR-54,County Road,Urban,Minor Arterial,County Highway Agency,374.688,28.25165278,-82.18308889,Fence,Not a Collision,Not an Intersection,On Roadside,"Work Zone, Type Unknown",Daylight,Clear,0,0,2015.0,1,0,PASCO (101),ZEPHYRHILLS
2022,10857,Florida,0,1,1,October,26,Wednesday,14,CR-54,County Road,Urban,Minor Arterial,County Highway Agency,374.688,28.25165278,-82.18308889,Fence,Not a Collision,Not an Intersection,On Roadside,"Work Zone, Type Unknown",Daylight,Clear,0,0,2017.0,0,0,PASCO (101),ZEPHYRHILLS
2022,10858,Florida,1,1,1,November,19,Saturday,2,DAVIS RD,Local Street - Municipality,Urban,Minor Arterial,City or Municipal Highway Agency,374.688,26.62883611,-80.09679722,Pedestrian,Not a Collision,Four-Way Intersection,On Roadway,,Dark - Unknown Lighting,Clear,0,0,1996.0,1,0,PALM BEACH (99),PALM SPRINGS
2022,10859,Florida,0,2,2,November,24,Thursday,12,SR-794,State Highway,Urban,Principal Arterial - Other,State Highway Agency,374.688,26.39450556,-80.09555,Motor Vehicle In-Transport,Angle,Four-Way Intersection,On Roadway,,Daylight,Clear,0,0,2007.0,1,0,PALM BEACH (99),BOCA RATON
2022,10860,Florida,0,1,1,November,26,Saturday,12,US-17,US Highway,Urban,Principal Arterial - Other,State Highway Agency,374.688,30.22055,-81.70201944,Utility Pole/Light Support,Not a Collision,Not an Intersection,On Roadside,,Daylight,Cloudy,0,0,2006.0,2,0,DUVAL (31),JACKSONVILLE
2022,10861,Florida,0,2,3,November,26,Saturday,10,NW 32ND AVE,Local Street - Municipality,Urban,Minor Arterial,City or Municipal Highway Agency,374.688,25.86519444,-80.25067222,Motor Vehicle In-Transport,Front-to-Front,Not an Intersection,On Roadway,,Daylight,Clear,0,0,1999.0,1,0,MIAMI-DADE (86),NOT APPLICABLE
2022,10861,Florida,0,2,3,November,26,Saturday,10,NW 32ND AVE,Local Street - Municipality,Urban,Minor Arterial,City or Municipal Highway Agency,374.688,25.86519444,-80.25067222,Motor Vehicle In-Transport,Front-to-Front,Not an Intersection,On Roadway,,Daylight,Clear,0,0,2007.0,0,0,MIAMI-DADE (86),NOT APPLICABLE
2022,10862,Florida,0,2,3,December,1,Thursday,18,SR-64,State Highway,Rural,Minor Arterial,State Highway Agency,374.688,27.54875833,-81.70879722,Motor Vehicle In-Transport,Front-to-Front,Not an Intersection,On Roadway,,Dark - Not Lighted,Clear,0,0,2007.0,1,1,HARDEE (49),NOT APPLICABLE
2022,10863,Florida,1,1,1,November,21,Monday,19,W NASA BLVD,Local Street - Municipality,Urban,Principal Arterial - Other,Not Reported,374.688,28.09779444,-80.65983889,Pedalcyclist,Not a Collision,Not an Intersection,On Roadway,,Dark - Lighted,Rain,0,0,1979.0,1,0,BREVARD (9),MELBOURNE
2022,10863,Florida,1,1,1,November,21,Monday,19,W NASA BLVD,Local Street - Municipality,Urban,Principal Arterial - Other,Not Reported,374.688,28.09779444,-80.65983889,Pedalcyclist,Not a Collision,Not an Intersection,On Roadway,,Dark - Lighted,Rain,0,0,2000.0,0,0,BREVARD (9),MELBOURNE
2022,10864,Florida,0,1,1,November,24,Thursday,1,SR-44,State Highway,Urban,Principal Arterial - Other,State Highway Agency,374.688,29.02793889,-81.32418056,"Post, Pole or Other Supports",Not a Collision,Four-Way Intersection,On Roadside,,Dark - Lighted,"Fog, Smog, Smoke",0,0,1996.0,1,0,VOLUSIA (127),DELAND
2022,10865,Florida,0,2,4,November,26,Saturday,17,SR-540,State Highway,Urban,Principal Arterial - Other,State Highway Agency,374.688,27.98199722,-81.67575,Motor Vehicle In-Transport,Angle,Four-Way Intersection,On Roadway,,Dusk,Clear,0,0,2015.0,1,0,POLK (105),NOT APPLICABLE
2022,10866,Florida,0,1,3,November,27,Sunday,20,US-27,US Highway,Rural,Principal Arterial - Other,State Highway Agency,374.688,29.8782,-82.66095,Tree (Standing Only),Not a Collision,Not an Intersection,On Roadside,,Dark - Not Lighted,Clear,0,0,2000.0,0,0,COLUMBIA (23),NOT APPLICABLE
2022,10866,Florida,0,1,3,November,27,Sunday,20,US-27,US Highway,Rural,Principal Arterial - Other,State Highway Agency,374.688,29.8782,-82.66095,Tree (Standing Only),Not a Collision,Not an Intersection,On Roadside,,Dark - Not Lighted,Clear,0,0,2015.0,0,0,COLUMBIA (23),NOT APPLICABLE
2022,10867,Florida,0,2,5,December,1,Thursday,18,SR-51,State Highway,Rural,Minor Arterial,State Highway Agency,374.688,30.24636944,-83.04701111,Motor Vehicle In-Transport,Angle,Four-Way Intersection,On Roadway,,Dark - Not Lighted,Clear,0,0,2015.0,1,0,SUWANNEE (121),NOT APPLICABLE
2022,10867,Florida,0,2,5,December,1,Thursday,18,SR-51,State Highway,Rural,Minor Arterial,State Highway Agency,374.688,30.24636944,-83.04701111,Motor Vehicle In-Transport,Angle,Four-Way Intersection,On Roadway,,Dark - Not Lighted,Clear,0,0,2020.0,0,0,SUWANNEE (121),NOT APPLICABLE
2022,10868,Florida,1,1,2,December,4,Sunday,20,CR-54,County Road,Urban,Minor Arterial,County Highway Agency,374.688,28.25193056,-82.14525833,Non-Motorist on Personal Conveyance,Not a Collision,Not an Intersection,On Roadway,,Dark - Not Lighted,Other,0,0,2013.0,1,0,PASCO (101),NOT APPLICABLE
2022,10868,Florida,1,1,2,December,4,Sunday,20,CR-54,County Road,Urban,Minor Arterial,County Highway Agency,374.688,28.25193056,-82.14525833,Non-Motorist on Personal Conveyance,Not a Collision,Not an Intersection,On Roadway,,Dark - Not Lighted,Other,0,0,2017.0,0,0,PASCO (101),NOT APPLICABLE
2022,10869,Florida,0,2,2,October,24,Monday,18,OLD PLANK RD,Other,Urban,Major Collector,City or Municipal Highway Agency,374.688,30.32651667,-81.77494444,Motor Vehicle In-Transport,Front-to-Front,Not an Intersection,On Roadway,,Daylight,Clear,0,0,1997.0,1,0,DUVAL (31),JACKSONVILLE
2022,10870,Florida,0,2,4,November,2,Wednesday,15,US-17 S FRENCH AVE,US Highway,Urban,Principal Arterial - Other,State Highway Agency,374.688,28.78662778,-81.27308889,Motor Vehicle In-Transport,Angle,Four-Way Intersection,On Roadway,,Daylight,Clear,0,0,2014.0,1,1,SEMINOLE (117),SANFORD
2022,10871,Florida,1,1,2,November,17,Thursday,1,SW SAVONA BLVD,Local Street - Municipality,Urban,Minor Arterial,City or Municipal Highway Agency,374.688,27.25589167,-80.38997778,Pedestrian,Not a Collision,Not an Intersection,On Roadway,,Dark - Lighted,Clear,0,0,2000.0,0,0,ST LUCIE (111),PORT SAINT LUCIE
2022,10871,Florida,1,1,2,November,17,Thursday,1,SW SAVONA BLVD,Local Street - Municipality,Urban,Minor Arterial,City or Municipal Highway Agency,374.688,27.25589167,-80.38997778,Pedestrian,Not a Collision,Not an Intersection,On Roadway,,Dark - Lighted,Clear,0,0,2021.0,1,0,ST LUCIE (111),PORT SAINT LUCIE
2022,10872,Florida,0,1,1,November,27,Sunday,2,I-75,Interstate,Urban,Interstate,State Highway Agency,374.688,26.0418,-80.35305278,Tree (Standing Only),Not a Collision,Not an Intersection,On Roadside,,Dark - Lighted,Clear,0,0,2018.0,1,0,BROWARD (11),DAVIE
2022,10872,Florida,0,1,1,November,27,Sunday,2,I-75,Interstate,Urban,Interstate,State Highway Agency,374.688,26.0418,-80.35305278,Tree (Standing Only),Not a Collision,Not an Intersection,On Roadside,,Dark - Lighted,Clear,0,0,2004.0,0,0,BROWARD (11),DAVIE
2022,10873,Florida,1,1,2,December,1,Thursday,15,CR-769 KINGS HWY,County Road,Urban,Minor Arterial,County Highway Agency,374.688,26.97265556,-82.0665,Pedalcyclist,Not a Collision,Four-Way Intersection,On Roadway,,Daylight,Clear,0,0,2009.0,1,0,CHARLOTTE (15),PORT CHARLOTTE
2022,10873,Florida,1,1,2,December,1,Thursday,15,CR-769 KINGS HWY,County Road,Urban,Minor Arterial,County Highway Agency,374.688,26.97265556,-82.0665,Pedalcyclist,Not a Collision,Four-Way Intersection,On Roadway,,Daylight,Clear,0,0,2009.0,0,0,CHARLOTTE (15),PORT CHARLOTTE
2022,10874,Florida,1,1,1,October,24,Monday,11,SR-115,State Highway,Urban,Minor Arterial,State Highway Agency,374.688,30.3996,-81.683725,Pedalcyclist,Not a Collision,Four-Way Intersection,On Roadway,,Daylight,Clear,0,0,2003.0,1,0,DUVAL (31),JACKSONVILLE
2022,10874,Florida,1,1,1,October,24,Monday,11,SR-115,State Highway,Urban,Minor Arterial,State Highway Agency,374.688,30.3996,-81.683725,Pedalcyclist,Not a Collision,Four-Way Intersection,On Roadway,,Daylight,Clear,0,0,2016.0,0,0,DUVAL (31),JACKSONVILLE
2022,10875,Florida,0,2,5,December,2,Friday,22,US-27,US Highway,Rural,Principal Arterial - Other,State Highway Agency,374.688,30.10477778,-83.24556667,Motor Vehicle In-Transport,Angle,Not an Intersection,On Roadway,,Dark - Not Lighted,Clear,0,0,2015.0,1,0,LAFAYETTE (67),NOT APPLICABLE
2022,10875,Florida,0,2,5,December,2,Friday,22,US-27,US Highway,Rural,Principal Arterial - Other,State Highway Agency,374.688,30.10477778,-83.24556667,Motor Vehicle In-Transport,Angle,Not an Intersection,On Roadway,,Dark - Not Lighted,Clear,0,0,2015.0,0,0,LAFAYETTE (67),NOT APPLICABLE
2022,10876,Florida,0,3,3,December,2,Friday,12,SR-263,State Highway,Urban,Principal Arterial - Other,State Highway Agency,374.688,30.50655278,-84.36175278,Motor Vehicle In-Transport,Angle,Not an Intersection,On Roadway,,Daylight,Clear,0,0,2021.0,1,0,LEON (73),NOT APPLICABLE
2022,10876,Florida,0,3,3,December,2,Friday,12,SR-263,State Highway,Urban,Principal Arterial - Other,State Highway Agency,374.688,30.50655278,-84.36175278,Motor Vehicle In-Transport,Angle,Not an Intersection,On Roadway,,Daylight,Clear,0,0,2020.0,0,0,LEON (73),NOT APPLICABLE
2022,10877,Florida,0,1,1,December,5,Monday,3,LEE BLVD,Local Street - Municipality,Urban,Minor Arterial,County Highway Agency,374.688,26.61980278,-81.76666389,Tree (Standing Only),Not a Collision,Not an Intersection,On Roadside,,Dark - Lighted,Clear,0,0,2013.0,1,0,LEE (71),FORT MYERS
2022,10877,Florida,0,1,1,December,5,Monday,3,LEE BLVD,Local Street - Municipality,Urban,Minor Arterial,County Highway Agency,374.688,26.61980278,-81.76666389,Tree (Standing Only),Not a Collision,Not an Intersection,On Roadside,,Dark - Lighted,Clear,0,0,2022.0,0,0,LEE (71),FORT MYERS
2022,10878,Florida,0,2,2,December,3,Saturday,13,SR-997 SB,State Highway,Rural,Principal Arterial - Other,State Highway Agency,374.688,25.95068056,-80.43106944,Motor Vehicle In-Transport,Front-to-Rear,Not an Intersection,On Roadway,,Daylight,Clear,0,0,2010.0,1,0,MIAMI-DADE (86),NOT APPLICABLE
2022,10879,Florida,0,2,3,November,24,Thursday,15,NW 15TH TER,Other,Urban,Local,City or Municipal Highway Agency,374.688,29.376513508881576,-82.80020022840131,Motor Vehicle In-Transport,Angle,Four-Way Intersection,On Roadway,,Daylight,Clear,0,0,2004.0,1,0,LEE (71),CAPE CORAL
2022,10879,Florida,0,2,3,November,24,Thursday,15,NW 15TH TER,Other,Urban,Local,City or Municipal Highway Agency,374.688,29.376513508881576,-82.80020022840131,Motor Vehicle In-Transport,Angle,Four-Way Intersection,On Roadway,,Daylight,Clear,0,0,2022.0,0,1,LEE (71),CAPE CORAL
2022,10880,Florida,0,3,4,November,26,Saturday,2,US-1,US Highway,Urban,Principal Arterial - Other,State Highway Agency,374.688,28.50563889,-80.78428056,Motor Vehicle In-Transport,Front-to-Rear,Not an Intersection,On Roadway,,Dark - Unknown Lighting,Clear,0,0,2020.0,0,0,BREVARD (9),NOT APPLICABLE
2022,10880,Florida,0,3,4,November,26,Saturday,2,US-1,US Highway,Urban,Principal Arterial - Other,State Highway Agency,374.688,28.50563889,-80.78428056,Motor Vehicle In-Transport,Front-to-Rear,Not an Intersection,On Roadway,,Dark - Unknown Lighting,Clear,0,0,2014.0,1,0,BREVARD (9),NOT APPLICABLE
2022,10881,Florida,0,1,1,December,3,Saturday,12,NW WALTER POTTS RD,Other,Rural,Local,Town or Township Highway Agency,374.688,30.54724167,-85.34156111,Utility Pole/Light Support,Not a Collision,Not an Intersection,On Roadside,,Daylight,Clear,0,0,2003.0,0,0,CALHOUN (13),ALTHA
2022,10882,Florida,0,2,2,December,4,Sunday,24,SR-60,State Highway,Urban,Principal Arterial - Other,State Highway Agency,374.688,27.96044722,-82.73046667,Motor Vehicle In-Transport,Angle,Four-Way Intersection,On Roadway,"Work Zone, Type Unknown",Dark - Lighted,Clear,0,0,2012.0,1,0,PINELLAS (103),CLEARWATER