YEAR,ST_CASE,STATENAME,NUM_PEDS,NUM_VEHC,PERSONS,MONTHNAME,DAYNAME,DAY_WEEKNAME,HOUR,ROAD_NAME,ROUTENAME,RUR_URBNAME,FUNC_SYSNAME,RD_OWNERNAME,MILE_MARKER,LATITUDE,LONGITUD,HARM_EVNAME,COLLISION_TYPE,TYP_INTNAME,REL_ROADNAME,WRK_ZONENAME,LGT_CONDNAME,WEATHERNAME,SCH_BUS,HIT_RUN,MOD_YEAR,DEATHS,DR_DRINK,COUNTYNAME,CITYNAME
2016,20044,Nevada,0,1,2,November,15,Tuesday,8,SR-294 GRASS VALLEY RD,State Highway,Rural,Major Collector,State Highway Agency,66.0,40.946575,-117.7469944,Rollover/Overturn,Not a Collision with Motor Vehicle In-Transport,Not an Intersection,On Roadway,,Daylight,Clear,0,0,2007.0,0,0,HUMBOLDT (13),NOT APPLICABLE
2016,20045,Nevada,0,2,2,October,1,Saturday,14,SIX MILE CANYON RD,Local Street - Township,Rural,Major Collector,Town or Township Highway Agency,0.0,39.31296389,-119.579775,Motor Vehicle In-Transport,Front-to-Front,Not an Intersection,On Roadway,,Daylight,Clear,0,1,2005.0,0,0,STOREY (29),NOT APPLICABLE
2016,20046,Nevada,0,3,5,November,24,Thursday,15,WASHINTON AVE,Local Street - Municipality,Urban,Minor Arterial,City or Municipal Highway Agency,0.0,36.18085278,-115.1608194,Motor Vehicle In-Transport,Angle,Four-Way Intersection,On Roadway,,Daylight,Clear,0,0,1997.0,1,1,CLARK (3),LAS VEGAS
2016,20047,Nevada,0,2,2,August,15,Monday,20,SR-659 MCCARRAN BLVD,State Highway,Urban,Principal Arterial - Other,State Highway Agency,76.36406779661017,39.50480556,-119.8586333,Motor Vehicle In-Transport,Front-to-Front,Not an Intersection,On Roadway,,Dark - Not Lighted,Clear,0,0,2002.0,1,1,WASHOE (31),RENO
2016,20048,Nevada,0,1,1,November,17,Thursday,11,LONGLEY LN,Local Street - Municipality,Urban,Minor Arterial,City or Municipal Highway Agency,0.0,39.48157222,-119.7608583,Tree (Standing Only),Not a Collision with Motor Vehicle In-Transport,Not an Intersection,On Roadside,,Daylight,Clear,0,0,2001.0,1,0,WASHOE (31),RENO
2016,20049,Nevada,1,1,2,November,16,Wednesday,18,E 6TH ST,Local Street - Municipality,Urban,Minor Arterial,City or Municipal Highway Agency,0.0,39.53286944,-119.8125694,Pedestrian,Not a Collision with Motor Vehicle In-Transport,Four-Way Intersection,On Roadway,,Dark - Lighted,Clear,0,0,2001.0,1,0,WASHOE (31),RENO
2016,20050,Nevada,0,1,1,December,3,Saturday,23,I-80,Interstate,Rural,Interstate,State Highway Agency,680.0,39.81381111,-119.0007111,Rollover/Overturn,Not a Collision with Motor Vehicle In-Transport,Not an Intersection,On Median,,Dark - Not Lighted,Clear,0,0,2015.0,1,0,CHURCHILL (1),NOT APPLICABLE
2016,20050,Nevada,0,1,1,December,3,Saturday,23,I-80,Interstate,Rural,Interstate,State Highway Agency,680.0,39.81381111,-119.0007111,Rollover/Overturn,Not a Collision with Motor Vehicle In-Transport,Not an Intersection,On Median,,Dark - Not Lighted,Clear,0,0,2006.0,0,0,CHURCHILL (1),NOT APPLICABLE
2016,20051,Nevada,1,1,1,December,11,Sunday,16,PAVILION CENTER DR,Local Street - Municipality,Urban,Local,City or Municipal Highway Agency,0.0,36.16724444,-115.3322583,Pedestrian,Not a Collision with Motor Vehicle In-Transport,T-Intersection,On Roadway,,Dusk,Clear,0,1,2005.0,0,0,CLARK (3),LAS VEGAS
2016,20052,Nevada,0,1,1,November,8,Tuesday,4,I-80,Interstate,Rural,Interstate,State Highway Agency,1086.0,40.20250833,-118.428025,Rollover/Overturn,Not a Collision with Motor Vehicle In-Transport,Not an Intersection,On Median,,Dark - Not Lighted,Clear,0,0,2004.0,1,1,PERSHING (27),NOT APPLICABLE
2016,20053,Nevada,1,1,4,December,9,Friday,1,LAS VEGAS BLVD,Local Street - Township,Urban,Minor Arterial,State Highway Agency,0.0,36.04775278,-115.1723472,Pedestrian,Not a Collision with Motor Vehicle In-Transport,T-Intersection,On Roadway,,Dark - Lighted,Clear,0,0,1997.0,1,1,CLARK (3),NOT APPLICABLE
2016,20054,Nevada,0,2,2,July,22,Friday,24,SR-159 CHARLESTON BLVD,State Highway,Urban,Minor Arterial,State Highway Agency,76.36406779661017,36.15887222,-115.2936306,Motor Vehicle In-Transport,Front-to-Rear,Not an Intersection,On Roadway,,Dark - Lighted,Clear,0,0,2011.0,1,0,CLARK (3),NOT APPLICABLE
2016,20055,Nevada,0,2,4,December,15,Thursday,23,SR-596 JONES BLVD,State Highway,Urban,Minor Arterial,State Highway Agency,76.36406779661017,36.15180556,-115.2256444,Motor Vehicle In-Transport,Angle,Four-Way Intersection,On Roadway,,Dark - Lighted,Clear,0,0,1990.0,0,0,CLARK (3),LAS VEGAS
2016,20055,Nevada,0,2,4,December,15,Thursday,23,SR-596 JONES BLVD,State Highway,Urban,Minor Arterial,State Highway Agency,76.36406779661017,36.15180556,-115.2256444,Motor Vehicle In-Transport,Angle,Four-Way Intersection,On Roadway,,Dark - Lighted,Clear,0,0,2015.0,1,0,CLARK (3),LAS VEGAS
2016,20056,Nevada,1,1,1,December,5,Monday,17,DESERT INN RD,Local Street - Township,Urban,Minor Arterial,Town or Township Highway Agency,0.0,36.129775,-115.1401639,Pedestrian,Not a Collision with Motor Vehicle In-Transport,Not an Intersection,On Roadway,,Dark - Lighted,Clear,0,0,2006.0,0,1,CLARK (3),NOT APPLICABLE
2016,20057,Nevada,0,2,2,June,27,Monday,8,SR-147 LAKE MEAD BLVD,State Highway,Urban,Minor Arterial,State Highway Agency,76.36406779661017,36.19592222,-115.0357861,Motor Vehicle In-Transport,Front-to-Rear,Four-Way Intersection,On Roadway,,Daylight,Clear,0,0,2006.0,1,1,CLARK (3),NOT APPLICABLE
2016,20058,Nevada,1,1,1,July,8,Friday,10,ALEXANDER RD,Local Street - Municipality,Urban,Minor Collector,City or Municipal Highway Agency,0.0,36.23325556,-115.2626194,Pedalcyclist,Not a Collision with Motor Vehicle In-Transport,Not an Intersection,On Roadside,,Daylight,Clear,0,0,2000.0,1,1,CLARK (3),LAS VEGAS
2016,20059,Nevada,1,1,1,August,11,Thursday,5,SR-589 SAHARA AVE,State Highway,Urban,Minor Arterial,State Highway Agency,76.36406779661017,36.14825556,-115.1232056,Pedestrian,Not a Collision with Motor Vehicle In-Transport,Four-Way Intersection,On Roadway,,Dark - Lighted,Clear,0,0,2005.0,1,1,CLARK (3),NOT APPLICABLE
2016,20060,Nevada,0,1,1,August,17,Wednesday,22,AIRPORT WAY,Unknown,Rural,Not Reported,Not Reported,0.0,40.73141389,-114.048975,Fence,Not a Collision with Motor Vehicle In-Transport,Not an Intersection,On Roadside,,Dark - Not Lighted,Clear,0,0,2008.0,1,1,ELKO (7),WEST WENDOVER
2016,20061,Nevada,1,1,1,August,18,Thursday,9,HARMON AVE,Local Street - Township,Urban,Minor Collector,Town or Township Highway Agency,0.0,36.10807222,-115.1528806,Pedestrian,Not a Collision with Motor Vehicle In-Transport,Not an Intersection,On Roadway,,Daylight,Clear,0,0,1991.0,1,0,CLARK (3),NOT APPLICABLE
2016,20061,Nevada,1,1,1,August,18,Thursday,9,HARMON AVE,Local Street - Township,Urban,Minor Collector,Town or Township Highway Agency,0.0,36.10807222,-115.1528806,Pedestrian,Not a Collision with Motor Vehicle In-Transport,Not an Intersection,On Roadway,,Daylight,Clear,0,0,1997.0,0,0,CLARK (3),NOT APPLICABLE
2016,20062,Nevada,0,2,2,August,21,Sunday,1,SILVERADO RANCH BLVD,Local Street - Township,Urban,Minor Arterial,Town or Township Highway Agency,0.0,36.0135,-115.1634111,Motor Vehicle In-Transport,Angle,Four-Way Intersection,On Roadway,,Dark - Lighted,Clear,0,0,2005.0,0,0,CLARK (3),NOT APPLICABLE
2016,20062,Nevada,0,2,2,August,21,Sunday,1,SILVERADO RANCH BLVD,Local Street - Township,Urban,Minor Arterial,Town or Township Highway Agency,0.0,36.0135,-115.1634111,Motor Vehicle In-Transport,Angle,Four-Way Intersection,On Roadway,,Dark - Lighted,Clear,0,0,2014.0,1,0,CLARK (3),NOT APPLICABLE
2016,20063,Nevada,1,1,2,October,4,Tuesday,17,SR-596 JONES BLVD,State Highway,Urban,Minor Arterial,State Highway Agency,76.36406779661017,36.17052778,-115.2239778,Pedestrian,Not a Collision with Motor Vehicle In-Transport,T-Intersection,On Roadway,,Daylight,Clear,0,0,2003.0,1,0,CLARK (3),LAS VEGAS
2016,20064,Nevada,0,2,4,October,6,Thursday,14,CASINO DR,Local Street - Municipality,Rural,Principal Arterial - Other,City or Municipal Highway Agency,0.0,35.15323333,-114.5747028,Motor Vehicle In-Transport,Angle,Not an Intersection,On Roadway,,Daylight,Clear,0,0,2002.0,1,0,CLARK (3),LAUGHLIN
2016,20065,Nevada,0,2,3,October,8,Saturday,6,I-215,Interstate,Urban,Interstate,State Highway Agency,76.36406779661017,36.02352222,-115.1029417,Motor Vehicle In-Transport,Sideswipe - Same Direction,Not an Intersection,On Roadway,,Dawn,Clear,0,0,1986.0,0,0,CLARK (3),NOT APPLICABLE
2016,20066,Nevada,0,3,4,October,10,Monday,12,SR-160 BLUE DIAMOND RD,State Highway,Rural,Principal Arterial - Other,State Highway Agency,150.0,35.99385833,-115.4632806,Motor Vehicle In-Transport,Front-to-Rear,Not an Intersection,On Roadway,Maintenance,Daylight,Clear,0,0,1997.0,1,0,CLARK (3),NOT APPLICABLE
2016,20066,Nevada,0,3,4,October,10,Monday,12,SR-160 BLUE DIAMOND RD,State Highway,Rural,Principal Arterial - Other,State Highway Agency,150.0,35.99385833,-115.4632806,Motor Vehicle In-Transport,Front-to-Rear,Not an Intersection,On Roadway,Maintenance,Daylight,Clear,0,0,2006.0,0,0,CLARK (3),NOT APPLICABLE
2016,20066,Nevada,0,3,4,October,10,Monday,12,SR-160 BLUE DIAMOND RD,State Highway,Rural,Principal Arterial - Other,State Highway Agency,150.0,35.99385833,-115.4632806,Motor Vehicle In-Transport,Front-to-Rear,Not an Intersection,On Roadway,Maintenance,Daylight,Clear,0,0,2003.0,0,0,CLARK (3),NOT APPLICABLE
2016,20066,Nevada,0,3,4,October,10,Monday,12,SR-160 BLUE DIAMOND RD,State Highway,Rural,Principal Arterial - Other,State Highway Agency,150.0,35.99385833,-115.4632806,Motor Vehicle In-Transport,Front-to-Rear,Not an Intersection,On Roadway,Maintenance,Daylight,Clear,0,0,2000.0,0,0,CLARK (3),NOT APPLICABLE
2016,20067,Nevada,0,1,1,October,11,Tuesday,22,I-580,Interstate,Urban,Interstate,State Highway Agency,230.0,39.50588056,-119.7803083,Fence,Not a Collision with Motor Vehicle In-Transport,Not an Intersection,Outside Trafficway,,Dark - Lighted,Clear,0,0,2005.0,1,0,WASHOE (31),NOT APPLICABLE
2016,20068,Nevada,1,1,1,October,16,Sunday,21,BRUCE ST,Local Street - Municipality,Urban,Minor Arterial,City or Municipal Highway Agency,0.0,36.18696667,-115.1249417,Pedestrian,Not a Collision with Motor Vehicle In-Transport,Not an Intersection,On Roadway,,Dark - Lighted,Clear,0,0,2002.0,1,0,CLARK (3),LAS VEGAS
2016,20068,Nevada,1,1,1,October,16,Sunday,21,BRUCE ST,Local Street - Municipality,Urban,Minor Arterial,City or Municipal Highway Agency,0.0,36.18696667,-115.1249417,Pedestrian,Not a Collision with Motor Vehicle In-Transport,Not an Intersection,On Roadway,,Dark - Lighted,Clear,0,0,2002.0,0,0,CLARK (3),LAS VEGAS
2016,20068,Nevada,1,1,1,October,16,Sunday,21,BRUCE ST,Local Street - Municipality,Urban,Minor Arterial,City or Municipal Highway Agency,0.0,36.18696667,-115.1249417,Pedestrian,Not a Collision with Motor Vehicle In-Transport,Not an Intersection,On Roadway,,Dark - Lighted,Clear,0,0,2012.0,0,0,CLARK (3),LAS VEGAS
2016,20069,Nevada,2,1,1,October,26,Wednesday,22,SR-159 CHARLESTON BLVD,State Highway,Urban,Principal Arterial - Other,State Highway Agency,76.36406779661017,36.15870833,-115.1472806,Wall,Not a Collision with Motor Vehicle In-Transport,Four-Way Intersection,Outside Trafficway,,Dark - Lighted,Clear,0,0,2000.0,0,0,CLARK (3),LAS VEGAS
2016,20069,Nevada,2,1,1,October,26,Wednesday,22,SR-159 CHARLESTON BLVD,State Highway,Urban,Principal Arterial - Other,State Highway Agency,76.36406779661017,36.15870833,-115.1472806,Wall,Not a Collision with Motor Vehicle In-Transport,Four-Way Intersection,Outside Trafficway,,Dark - Lighted,Clear,0,0,2008.0,1,1,CLARK (3),LAS VEGAS
2016,20070,Nevada,0,2,2,October,21,Friday,5,SR-592 FLAMINGO RD,State Highway,Urban,Minor Arterial,State Highway Agency,76.36406779661017,36.11553056,-115.190025,Motor Vehicle In-Transport,Angle,Four-Way Intersection,On Roadway,,Dark - Lighted,Clear,0,0,2008.0,0,1,CLARK (3),NOT APPLICABLE
2016,20070,Nevada,0,2,2,October,21,Friday,5,SR-592 FLAMINGO RD,State Highway,Urban,Minor Arterial,State Highway Agency,76.36406779661017,36.11553056,-115.190025,Motor Vehicle In-Transport,Angle,Four-Way Intersection,On Roadway,,Dark - Lighted,Clear,0,0,2015.0,1,1,CLARK (3),NOT APPLICABLE
2016,20071,Nevada,0,1,1,October,21,Friday,5,SR-228 JIGGS RD,State Highway,Rural,Major Collector,State Highway Agency,97.0,40.54653889,-115.6605,Rollover/Overturn,Not a Collision with Motor Vehicle In-Transport,Not an Intersection,On Roadside,,Dark - Not Lighted,Clear,0,0,2003.0,1,1,ELKO (7),NOT APPLICABLE
2016,20072,Nevada,0,2,3,October,22,Saturday,18,I-15,Interstate,Urban,Interstate,State Highway Agency,350.0,36.07252778,-115.1805472,Motor Vehicle In-Transport,Sideswipe - Same Direction,Not an Intersection,On Roadway,,Dark - Lighted,Clear,0,0,2004.0,1,1,CLARK (3),NOT APPLICABLE
2016,20073,Nevada,0,2,1,October,24,Monday,6,I-15,Interstate,Urban,Interstate,State Highway Agency,410.0,36.16460833,-115.1601278,Parked Motor Vehicle,Not a Collision with Motor Vehicle In-Transport,Not an Intersection,On Shoulder,,Dark - Lighted,Rain,0,0,1998.0,0,0,CLARK (3),LAS VEGAS
2016,20073,Nevada,0,2,1,October,24,Monday,6,I-15,Interstate,Urban,Interstate,State Highway Agency,410.0,36.16460833,-115.1601278,Parked Motor Vehicle,Not a Collision with Motor Vehicle In-Transport,Not an Intersection,On Shoulder,,Dark - Lighted,Rain,0,0,1978.0,1,0,CLARK (3),LAS VEGAS
2016,20074,Nevada,0,1,1,October,26,Wednesday,18,CAREY AVE,Local Street - Township,Urban,Minor Arterial,Town or Township Highway Agency,0.0,36.203275,-115.0529306,Fence,Not a Collision with Motor Vehicle In-Transport,T-Intersection,Outside Trafficway,,Dark - Not Lighted,Clear,0,0,1999.0,0,0,CLARK (3),NOT APPLICABLE
2016,20075,Nevada,1,1,2,October,31,Monday,18,SR-562 SUNSET RD,State Highway,Urban,Minor Arterial,State Highway Agency,76.36406779661017,36.0714,-115.1561556,Pedestrian,Not a Collision with Motor Vehicle In-Transport,Not an Intersection,On Roadway,,Dark - Lighted,Clear,0,0,2007.0,1,0,CLARK (3),NOT APPLICABLE
2016,20076,Nevada,1,1,1,October,31,Monday,15,LAMB BLVD,Local Street - Township,Urban,Minor Arterial,Town or Township Highway Agency,0.0,36.13899444,-115.0829306,Pedestrian,Not a Collision with Motor Vehicle In-Transport,T-Intersection,On Roadway,,Daylight,Clear,0,0,2006.0,0,0,CLARK (3),NOT APPLICABLE
2016,20077,Nevada,1,1,1,November,6,Sunday,23,I-15,Interstate,Rural,Interstate,State Highway Agency,72.0,35.72070278,-115.3629472,Pedestrian,Not a Collision with Motor Vehicle In-Transport,Not an Intersection,On Roadway,,Dark - Not Lighted,Clear,0,0,2009.0,1,0,CLARK (3),NOT APPLICABLE
2016,20077,Nevada,1,1,1,November,6,Sunday,23,I-15,Interstate,Rural,Interstate,State Highway Agency,72.0,35.72070278,-115.3629472,Pedestrian,Not a Collision with Motor Vehicle In-Transport,Not an Intersection,On Roadway,,Dark - Not Lighted,Clear,0,0,2004.0,0,0,CLARK (3),NOT APPLICABLE
2016,20078,Nevada,1,1,1,November,13,Sunday,18,I-15,Interstate,Urban,Interstate,State Highway Agency,476.0,36.23336667,-115.1105194,Pedestrian,Not a Collision with Motor Vehicle In-Transport,Not an Intersection,On Roadway,,Dark - Not Lighted,Clear,0,0,2005.0,1,0,CLARK (3),LAS VEGAS
2017,20001,Nevada,1,1,1,November,20,Monday,19,E DESERT INN RD,Local Street - Township,Urban,Minor Arterial,Not Reported,0.0,36.12982778,-115.115425,Non-Motorist on Personal Conveyance,Not a Collision with Motor Vehicle In-Transport,Not an Intersection,On Roadway,,Dark - Lighted,Clear,0,0,2005.0,0,0,CLARK (3),NOT APPLICABLE
2017,20002,Nevada,1,1,1,November,3,Friday,13,NONE,Other,Trafficway Not in State Inventory,Trafficway Not in State Inventory,Trafficway Not in State Inventory,0.0,36.03932778,-114.9776694,Pedestrian,Not a Collision with Motor Vehicle In-Transport,Not an Intersection,Outside Trafficway,,Daylight,Clear,0,0,2008.0,1,0,CLARK (3),HENDERSON
2017,20003,Nevada,1,1,1,November,14,Tuesday,18,SR-592 E FLAMINGO RD,State Highway,Urban,Minor Arterial,State Highway Agency,17.0,36.11488889,-115.1169667,Pedalcyclist,Not a Collision with Motor Vehicle In-Transport,T-Intersection,On Roadway,,Dark - Lighted,Clear,0,0,1999.0,0,0,CLARK (3),NOT APPLICABLE
2017,20003,Nevada,1,1,1,November,14,Tuesday,18,SR-592 E FLAMINGO RD,State Highway,Urban,Minor Arterial,State Highway Agency,17.0,36.11488889,-115.1169667,Pedalcyclist,Not a Collision with Motor Vehicle In-Transport,T-Intersection,On Roadway,,Dark - Lighted,Clear,0,0,2016.0,0,0,CLARK (3),NOT APPLICABLE
2017,20003,Nevada,1,1,1,November,14,Tuesday,18,SR-592 E FLAMINGO RD,State Highway,Urban,Minor Arterial,State Highway Agency,17.0,36.11488889,-115.1169667,Pedalcyclist,Not a Collision with Motor Vehicle In-Transport,T-Intersection,On Roadway,,Dark - Lighted,Clear,0,0,1998.0,2,0,CLARK (3),NOT APPLICABLE
2017,20004,Nevada,1,1,2,November,17,Friday,1,SR-160,State Highway,Rural,Principal Arterial - Other,State Highway Agency,80.0,36.23175556,-115.9977167,Pedestrian,Not a Collision with Motor Vehicle In-Transport,Not an Intersection,On Roadway,,Dark - Not Lighted,Clear,0,1,2013.0,0,0,NYE (23),NOT APPLICABLE
2017,20005,Nevada,1,2,3,November,10,Friday,5,I-15,Interstate,Urban,Interstate,State Highway Agency,1220.0,36.8113,-114.0668528,Pedestrian,Not a Collision with Motor Vehicle In-Transport,Not an Intersection,On Roadway,,Dark - Not Lighted,Cloudy,0,0,2003.0,1,0,CLARK (3),NOT APPLICABLE
2017,20005,Nevada,1,2,3,November,10,Friday,5,I-15,Interstate,Urban,Interstate,State Highway Agency,1220.0,36.8113,-114.0668528,Pedestrian,Not a Collision with Motor Vehicle In-Transport,Not an Intersection,On Roadway,,Dark - Not Lighted,Cloudy,0,0,2008.0,0,0,CLARK (3),NOT APPLICABLE
2017,20006,Nevada,0,2,6,November,19,Sunday,16,I-15,Interstate,Rural,Interstate,State Highway Agency,775.0,36.51840833,-114.7387167,Motor Vehicle In-Transport,Angle,Not an Intersection,On Roadway,,Daylight,Clear,0,0,2008.0,1,0,CLARK (3),NOT APPLICABLE
2017,20006,Nevada,0,2,6,November,19,Sunday,16,I-15,Interstate,Rural,Interstate,State Highway Agency,775.0,36.51840833,-114.7387167,Motor Vehicle In-Transport,Angle,Not an Intersection,On Roadway,,Daylight,Clear,0,0,2015.0,0,0,CLARK (3),NOT APPLICABLE
2017,20007,Nevada,0,2,5,October,21,Saturday,24,S LAMB BLVD,Local Street - Municipality,Urban,Minor Arterial,Other Local Agency,73.16086620262955,36.15824722,-115.0802472,Motor Vehicle In-Transport,Angle,Not an Intersection,On Roadway,,Dark - Lighted,Clear,0,0,2013.0,1,1,CLARK (3),NOT APPLICABLE
2017,20008,Nevada,0,1,1,August,14,Monday,22,FORT SUTTER BLVD,Local Street - Municipality,Urban,Local,Other Local Agency,73.16086620262955,39.59756944,-119.2083111,Rollover/Overturn,Not a Collision with Motor Vehicle In-Transport,T-Intersection,On Roadway,,Dark - Lighted,Clear,0,0,2008.0,0,0,LYON (19),NOT APPLICABLE
2017,20008,Nevada,0,1,1,August,14,Monday,22,FORT SUTTER BLVD,Local Street - Municipality,Urban,Local,Other Local Agency,73.16086620262955,39.59756944,-119.2083111,Rollover/Overturn,Not a Collision with Motor Vehicle In-Transport,T-Intersection,On Roadway,,Dark - Lighted,Clear,0,0,1992.0,1,0,LYON (19),NOT APPLICABLE
2017,20008,Nevada,0,1,1,August,14,Monday,22,FORT SUTTER BLVD,Local Street - Municipality,Urban,Local,Other Local Agency,73.16086620262955,39.59756944,-119.2083111,Rollover/Overturn,Not a Collision with Motor Vehicle In-Transport,T-Intersection,On Roadway,,Dark - Lighted,Clear,0,0,2008.0,0,0,LYON (19),NOT APPLICABLE
2017,20009,Nevada,0,1,3,April,20,Thursday,11,ANTELOPE VALLEY RD,Other,Trafficway Not in State Inventory,Trafficway Not in State Inventory,Trafficway Not in State Inventory,73.16086620262955,40.04806111,-117.2984556,Rollover/Overturn,Not a Collision with Motor Vehicle In-Transport,Not an Intersection,On Roadside,,Daylight,Clear,0,0,2002.0,0,0,LANDER (15),NOT APPLICABLE